<?xml version="1.0" encoding="UTF-8"?>
<kml xmlns="http://www.opengis.net/kml/2.2">
  <Document>
    <name>2026環島Day9</name>
    <description><![CDATA[長距離挑戰<br>台東→恆春]]></description>
    <Style id="icon-1899-DB4436-nodesc-normal">
      <IconStyle>
        <color>ff3644db</color>
        <scale>1</scale>
        <Icon>
          <href>https://www.gstatic.com/mapspro/images/stock/503-wht-blank_maps.png</href>
        </Icon>
        <hotSpot x="32" xunits="pixels" y="64" yunits="insetPixels"/>
      </IconStyle>
      <LabelStyle>
        <scale>0</scale>
      </LabelStyle>
      <BalloonStyle>
        <text><![CDATA[<h3>$[name]</h3>]]></text>
      </BalloonStyle>
    </Style>
    <Style id="icon-1899-DB4436-nodesc-highlight">
      <IconStyle>
        <color>ff3644db</color>
        <scale>1</scale>
        <Icon>
          <href>https://www.gstatic.com/mapspro/images/stock/503-wht-blank_maps.png</href>
        </Icon>
        <hotSpot x="32" xunits="pixels" y="64" yunits="insetPixels"/>
      </IconStyle>
      <LabelStyle>
        <scale>1</scale>
      </LabelStyle>
      <BalloonStyle>
        <text><![CDATA[<h3>$[name]</h3>]]></text>
      </BalloonStyle>
    </Style>
    <StyleMap id="icon-1899-DB4436-nodesc">
      <Pair>
        <key>normal</key>
        <styleUrl>#icon-1899-DB4436-nodesc-normal</styleUrl>
      </Pair>
      <Pair>
        <key>highlight</key>
        <styleUrl>#icon-1899-DB4436-nodesc-highlight</styleUrl>
      </Pair>
    </StyleMap>
    <Style id="line-1267FF-5000-nodesc-normal">
      <LineStyle>
        <color>ffff6712</color>
        <width>5</width>
      </LineStyle>
      <BalloonStyle>
        <text><![CDATA[<h3>$[name]</h3>]]></text>
      </BalloonStyle>
    </Style>
    <Style id="line-1267FF-5000-nodesc-highlight">
      <LineStyle>
        <color>ffff6712</color>
        <width>7.5</width>
      </LineStyle>
      <BalloonStyle>
        <text><![CDATA[<h3>$[name]</h3>]]></text>
      </BalloonStyle>
    </Style>
    <StyleMap id="line-1267FF-5000-nodesc">
      <Pair>
        <key>normal</key>
        <styleUrl>#line-1267FF-5000-nodesc-normal</styleUrl>
      </Pair>
      <Pair>
        <key>highlight</key>
        <styleUrl>#line-1267FF-5000-nodesc-highlight</styleUrl>
      </Pair>
    </StyleMap>
    <Folder>
      <name>臺東新生國中→恆春國小</name>
      <Placemark>
        <name>臺東新生國中→恆春國小</name>
        <styleUrl>#line-1267FF-5000-nodesc</styleUrl>
        <LineString>
          <tessellate>1</tessellate>
          <coordinates>
            121.13556,22.76188,0
            121.13558,22.76189,0
            121.13667,22.76279,0
            121.1368,22.76267,0
            121.13724,22.76219,0
            121.13799,22.76143,0
            121.13826,22.76112,0
            121.13833,22.7611,0
            121.13848,22.76091,0
            121.13891,22.76051,0
            121.13926,22.76012,0
            121.14009,22.75928,0
            121.14035,22.75908,0
            121.14119,22.75853,0
            121.14297,22.75723,0
            121.14358,22.75666,0
            121.14389,22.75641,0
            121.14523,22.75504,0
            121.14539,22.7549,0
            121.14594,22.75436,0
            121.14624,22.75414,0
            121.14656,22.75385,0
            121.14687,22.7536,0
            121.14692,22.75357,0
            121.14706,22.75346,0
            121.1471,22.75341,0
            121.14728,22.75328,0
            121.14769,22.75294,0
            121.14801,22.7527,0
            121.14995,22.75109,0
            121.14906,22.75018,0
            121.14899,22.75012,0
            121.14863,22.74975,0
            121.14811,22.74931,0
            121.14769,22.74903,0
            121.14712,22.74873,0
            121.14605,22.74822,0
            121.14456,22.74746,0
            121.14411,22.74727,0
            121.14388,22.74714,0
            121.14162,22.74605,0
            121.14161,22.74605,0
            121.14087,22.74569,0
            121.14073,22.74561,0
            121.13858,22.74458,0
            121.13824,22.74438,0
            121.13645,22.74352,0
            121.13613,22.74334,0
            121.13598,22.74328,0
            121.12874,22.73978,0
            121.12871,22.73976,0
            121.12627,22.73854,0
            121.1262,22.73852,0
            121.12465,22.73775,0
            121.12462,22.73774,0
            121.12459,22.73772,0
            121.12175,22.73632,0
            121.12171,22.73629,0
            121.12161,22.73625,0
            121.11555,22.73334,0
            121.11552,22.73332,0
            121.11549,22.73331,0
            121.11243,22.73181,0
            121.11233,22.73175,0
            121.11133,22.7313,0
            121.10611,22.7287,0
            121.10572,22.72857,0
            121.10542,22.72842,0
            121.10535,22.72836,0
            121.10532,22.72831,0
            121.10522,22.72797,0
            121.105,22.72797,0
            121.10458,22.72794,0
            121.10429,22.72787,0
            121.10381,22.72762,0
            121.10341,22.72745,0
            121.09953,22.72558,0
            121.0995,22.72556,0
            121.09419,22.72299,0
            121.09416,22.72297,0
            121.09413,22.72296,0
            121.09309,22.72242,0
            121.09239,22.72211,0
            121.09236,22.72209,0
            121.09226,22.72206,0
            121.09173,22.72195,0
            121.0912,22.72191,0
            121.09081,22.72191,0
            121.0884,22.72211,0
            121.08814,22.72211,0
            121.08784,22.72208,0
            121.08765,22.72204,0
            121.08715,22.7219,0
            121.08691,22.72181,0
            121.08642,22.72152,0
            121.08619,22.72136,0
            121.08525,22.72064,0
            121.08501,22.72049,0
            121.08408,22.71974,0
            121.07795,22.71525,0
            121.07743,22.71484,0
            121.07683,22.71443,0
            121.07631,22.71399,0
            121.07171,22.71057,0
            121.07153,22.71046,0
            121.07127,22.71034,0
            121.071,22.71028,0
            121.07079,22.71028,0
            121.07041,22.71033,0
            121.06874,22.71067,0
            121.06809,22.71069,0
            121.06777,22.71062,0
            121.06751,22.71054,0
            121.06315,22.70869,0
            121.06293,22.70858,0
            121.0592,22.70696,0
            121.05745,22.70624,0
            121.05717,22.70609,0
            121.05576,22.70503,0
            121.05479,22.70405,0
            121.05374,22.70286,0
            121.05373,22.70286,0
            121.05354,22.70261,0
            121.05318,22.70219,0
            121.05256,22.70138,0
            121.05214,22.70072,0
            121.04722,22.69122,0
            121.04509,22.68755,0
            121.04357,22.68474,0
            121.04332,22.68416,0
            121.04314,22.68357,0
            121.04264,22.68144,0
            121.04262,22.6813,0
            121.0422,22.67947,0
            121.04218,22.67934,0
            121.04159,22.67672,0
            121.04145,22.67626,0
            121.04136,22.6761,0
            121.04123,22.67591,0
            121.04108,22.67574,0
            121.03984,22.67447,0
            121.03906,22.67372,0
            121.03738,22.67189,0
            121.03603,22.67055,0
            121.0357,22.67026,0
            121.03549,22.67001,0
            121.03465,22.66921,0
            121.03264,22.66714,0
            121.03106,22.66534,0
            121.03031,22.66461,0
            121.0298,22.66419,0
            121.02943,22.6638,0
            121.02931,22.66365,0
            121.02902,22.66324,0
            121.02826,22.66192,0
            121.02758,22.66093,0
            121.02636,22.65935,0
            121.02566,22.65829,0
            121.02506,22.65724,0
            121.02505,22.65723,0
            121.02465,22.65651,0
            121.02192,22.65204,0
            121.02174,22.65178,0
            121.02097,22.65084,0
            121.02071,22.65044,0
            121.02021,22.64937,0
            121.02018,22.64926,0
            121.02009,22.64903,0
            121.02009,22.64902,0
            121.01989,22.64852,0
            121.01989,22.64851,0
            121.0197,22.64806,0
            121.0197,22.64805,0
            121.01957,22.64776,0
            121.01956,22.64767,0
            121.01954,22.64758,0
            121.01949,22.64746,0
            121.01945,22.64733,0
            121.01907,22.64671,0
            121.01855,22.64593,0
            121.01841,22.64563,0
            121.01833,22.64542,0
            121.01806,22.64441,0
            121.01788,22.64384,0
            121.0175,22.64306,0
            121.01717,22.64249,0
            121.01704,22.64222,0
            121.01698,22.64204,0
            121.01691,22.64177,0
            121.01681,22.64125,0
            121.01681,22.64121,0
            121.01645,22.6393,0
            121.0164,22.63913,0
            121.01624,22.63876,0
            121.01562,22.63747,0
            121.0141,22.63268,0
            121.01392,22.63205,0
            121.01392,22.63201,0
            121.01363,22.63034,0
            121.01255,22.62602,0
            121.01226,22.62498,0
            121.01206,22.62444,0
            121.01194,22.62416,0
            121.01045,22.62139,0
            121.01023,22.62088,0
            121.01019,22.62059,0
            121.01017,22.62014,0
            121.01019,22.61944,0
            121.01016,22.61902,0
            121.01009,22.61864,0
            121.01004,22.61846,0
            121.00983,22.61795,0
            121.00867,22.61607,0
            121.00862,22.61601,0
            121.00777,22.61456,0
            121.00769,22.61434,0
            121.00761,22.61369,0
            121.00761,22.61363,0
            121.00759,22.61345,0
            121.00754,22.61322,0
            121.00753,22.61311,0
            121.00746,22.61291,0
            121.00741,22.61282,0
            121.00728,22.61249,0
            121.00318,22.60487,0
            121.00274,22.60429,0
            121.00264,22.60419,0
            121.00225,22.60389,0
            121.00034,22.60281,0
            120.99827,22.60154,0
            120.99754,22.60112,0
            120.99739,22.60099,0
            120.99713,22.60073,0
            120.99628,22.59972,0
            120.99386,22.59659,0
            120.99381,22.59657,0
            120.99376,22.59654,0
            120.99328,22.59589,0
            120.99323,22.5958,0
            120.99312,22.59547,0
            120.9931,22.59538,0
            120.99309,22.59508,0
            120.99312,22.59477,0
            120.99368,22.59129,0
            120.99369,22.59118,0
            120.99384,22.59032,0
            120.99384,22.5903,0
            120.99396,22.58975,0
            120.99414,22.58907,0
            120.99418,22.58904,0
            120.9951,22.58576,0
            120.99516,22.58544,0
            120.99517,22.58532,0
            120.99517,22.58516,0
            120.99512,22.58483,0
            120.99507,22.58466,0
            120.99499,22.58447,0
            120.99493,22.58436,0
            120.99487,22.58422,0
            120.99037,22.57562,0
            120.99015,22.57528,0
            120.9895,22.57449,0
            120.98917,22.57416,0
            120.98864,22.5737,0
            120.98817,22.57336,0
            120.98761,22.57299,0
            120.98748,22.57292,0
            120.98736,22.57284,0
            120.98723,22.57278,0
            120.98694,22.57267,0
            120.98649,22.57255,0
            120.98566,22.57242,0
            120.98554,22.57241,0
            120.98518,22.57235,0
            120.98516,22.57234,0
            120.98503,22.57232,0
            120.9846,22.57219,0
            120.98459,22.57219,0
            120.98455,22.57218,0
            120.98442,22.57213,0
            120.98441,22.57213,0
            120.98425,22.57206,0
            120.98424,22.57206,0
            120.98418,22.57203,0
            120.98254,22.57069,0
            120.98243,22.57058,0
            120.98232,22.57044,0
            120.98216,22.57003,0
            120.98211,22.56981,0
            120.98207,22.56934,0
            120.98204,22.56917,0
            120.98192,22.56887,0
            120.98138,22.56806,0
            120.98113,22.56748,0
            120.98016,22.56458,0
            120.9801,22.56447,0
            120.98008,22.56442,0
            120.98,22.5643,0
            120.9799,22.56421,0
            120.9797,22.56408,0
            120.97958,22.56403,0
            120.97902,22.56387,0
            120.97878,22.56378,0
            120.97873,22.56374,0
            120.97866,22.5637,0
            120.97855,22.5636,0
            120.97845,22.56349,0
            120.97836,22.56332,0
            120.9783,22.56311,0
            120.97829,22.56295,0
            120.9783,22.56225,0
            120.97827,22.56206,0
            120.97827,22.56201,0
            120.97823,22.56183,0
            120.97791,22.56095,0
            120.97758,22.55957,0
            120.97718,22.55833,0
            120.9771,22.55814,0
            120.97705,22.55807,0
            120.97695,22.55798,0
            120.97678,22.55787,0
            120.97653,22.55778,0
            120.97633,22.55773,0
            120.97594,22.55759,0
            120.97584,22.55753,0
            120.97579,22.55749,0
            120.97577,22.55748,0
            120.9757,22.55735,0
            120.97563,22.55711,0
            120.97552,22.55662,0
            120.9754,22.55626,0
            120.97525,22.55571,0
            120.97525,22.5557,0
            120.97507,22.55509,0
            120.97485,22.55413,0
            120.97461,22.5535,0
            120.97448,22.55322,0
            120.97443,22.55304,0
            120.97441,22.55288,0
            120.97441,22.55281,0
            120.9744,22.5528,0
            120.97437,22.55247,0
            120.97435,22.5524,0
            120.97425,22.5522,0
            120.97414,22.55206,0
            120.97384,22.55181,0
            120.97349,22.55145,0
            120.97344,22.55137,0
            120.9734,22.55128,0
            120.97336,22.55115,0
            120.97336,22.55112,0
            120.97333,22.55098,0
            120.97336,22.55062,0
            120.97337,22.55058,0
            120.97341,22.55024,0
            120.97341,22.55009,0
            120.9734,22.55008,0
            120.97339,22.54997,0
            120.97335,22.54977,0
            120.97333,22.54974,0
            120.97327,22.54958,0
            120.97311,22.54932,0
            120.97296,22.54914,0
            120.97263,22.54881,0
            120.97195,22.54832,0
            120.97192,22.54829,0
            120.97192,22.54828,0
            120.97186,22.54822,0
            120.97179,22.54813,0
            120.97174,22.548,0
            120.97174,22.54797,0
            120.97173,22.54793,0
            120.97173,22.54779,0
            120.97177,22.54765,0
            120.97187,22.54747,0
            120.97188,22.54746,0
            120.9719,22.54741,0
            120.97214,22.54711,0
            120.9722,22.54701,0
            120.97222,22.54699,0
            120.97227,22.54689,0
            120.97233,22.54667,0
            120.97234,22.5465,0
            120.97233,22.54635,0
            120.9723,22.54624,0
            120.97224,22.5461,0
            120.97216,22.54596,0
            120.97179,22.54554,0
            120.97165,22.54534,0
            120.9716,22.54524,0
            120.97155,22.54508,0
            120.97138,22.5442,0
            120.97138,22.54417,0
            120.97122,22.54332,0
            120.97107,22.54295,0
            120.9707,22.54232,0
            120.97063,22.54216,0
            120.97053,22.54187,0
            120.97049,22.54168,0
            120.97034,22.54022,0
            120.97033,22.5402,0
            120.97023,22.53977,0
            120.96995,22.53888,0
            120.96987,22.53809,0
            120.96982,22.53781,0
            120.96979,22.53774,0
            120.96978,22.5377,0
            120.96939,22.53699,0
            120.9693,22.53674,0
            120.96928,22.53664,0
            120.96928,22.53651,0
            120.9694,22.53566,0
            120.96941,22.53543,0
            120.9694,22.53536,0
            120.96927,22.53499,0
            120.96914,22.53468,0
            120.96897,22.53441,0
            120.96887,22.53428,0
            120.96878,22.53408,0
            120.96865,22.53348,0
            120.96796,22.53086,0
            120.96762,22.52944,0
            120.96592,22.52296,0
            120.96586,22.52288,0
            120.96583,22.52282,0
            120.96578,22.52266,0
            120.96574,22.52257,0
            120.96555,22.52223,0
            120.96548,22.522,0
            120.96525,22.52142,0
            120.96519,22.52132,0
            120.96515,22.52122,0
            120.96495,22.52087,0
            120.96465,22.52045,0
            120.96455,22.52033,0
            120.96454,22.52031,0
            120.96443,22.52017,0
            120.96443,22.52016,0
            120.96433,22.52,0
            120.96433,22.51999,0
            120.96429,22.51994,0
            120.96423,22.51975,0
            120.96423,22.51966,0
            120.96422,22.51957,0
            120.96416,22.51929,0
            120.96411,22.51912,0
            120.96397,22.51876,0
            120.9638,22.51847,0
            120.9638,22.51845,0
            120.9634,22.51792,0
            120.96329,22.51775,0
            120.96291,22.51688,0
            120.96251,22.51587,0
            120.96235,22.51554,0
            120.962,22.5147,0
            120.96199,22.51466,0
            120.96171,22.51403,0
            120.9617,22.51399,0
            120.96164,22.51384,0
            120.96151,22.51337,0
            120.9614,22.51281,0
            120.96134,22.51264,0
            120.96114,22.51192,0
            120.96083,22.51103,0
            120.96072,22.51055,0
            120.96062,22.5102,0
            120.96025,22.50914,0
            120.95887,22.50654,0
            120.95821,22.50506,0
            120.95808,22.50469,0
            120.95797,22.50428,0
            120.95789,22.50386,0
            120.95784,22.50349,0
            120.95782,22.50317,0
            120.95782,22.50288,0
            120.95783,22.50284,0
            120.95785,22.50264,0
            120.9579,22.50234,0
            120.95791,22.50231,0
            120.95796,22.50194,0
            120.95796,22.50179,0
            120.95794,22.50162,0
            120.95774,22.50078,0
            120.95712,22.49882,0
            120.95689,22.49826,0
            120.95643,22.49729,0
            120.95625,22.49678,0
            120.95604,22.49601,0
            120.95595,22.49574,0
            120.95595,22.49573,0
            120.95582,22.49531,0
            120.95547,22.49437,0
            120.95532,22.49385,0
            120.95521,22.4936,0
            120.95495,22.4931,0
            120.95435,22.49149,0
            120.95414,22.49084,0
            120.95374,22.48935,0
            120.95373,22.48933,0
            120.95366,22.48911,0
            120.95364,22.48898,0
            120.95362,22.48891,0
            120.9534,22.48669,0
            120.9534,22.48633,0
            120.95336,22.48593,0
            120.95331,22.48563,0
            120.95326,22.48547,0
            120.95213,22.48299,0
            120.95213,22.48298,0
            120.95131,22.48077,0
            120.95117,22.4803,0
            120.95088,22.47906,0
            120.95085,22.47888,0
            120.95084,22.47885,0
            120.95075,22.47812,0
            120.95065,22.47757,0
            120.95059,22.47735,0
            120.95059,22.47733,0
            120.95043,22.47689,0
            120.9504,22.47684,0
            120.95033,22.47667,0
            120.95032,22.47666,0
            120.95009,22.47611,0
            120.94993,22.47564,0
            120.9497,22.47479,0
            120.94969,22.47477,0
            120.94965,22.4746,0
            120.94959,22.47423,0
            120.94956,22.47388,0
            120.94954,22.47382,0
            120.94948,22.47355,0
            120.94935,22.47321,0
            120.94925,22.47299,0
            120.94909,22.4727,0
            120.94898,22.47238,0
            120.94897,22.47237,0
            120.94893,22.4722,0
            120.94893,22.47219,0
            120.9488,22.47168,0
            120.9488,22.47165,0
            120.94859,22.47081,0
            120.94859,22.4708,0
            120.94835,22.46988,0
            120.94826,22.46939,0
            120.94826,22.46935,0
            120.94802,22.4684,0
            120.94799,22.46823,0
            120.94799,22.46821,0
            120.94795,22.46798,0
            120.94789,22.46745,0
            120.94788,22.46744,0
            120.94786,22.46729,0
            120.94783,22.46721,0
            120.94779,22.46713,0
            120.94778,22.4671,0
            120.94749,22.46657,0
            120.94745,22.46646,0
            120.94745,22.46645,0
            120.9474,22.46628,0
            120.94725,22.46538,0
            120.94724,22.46536,0
            120.94721,22.46521,0
            120.947,22.46452,0
            120.94699,22.46452,0
            120.94694,22.46435,0
            120.94694,22.46434,0
            120.94689,22.46417,0
            120.94688,22.46416,0
            120.94668,22.46349,0
            120.94668,22.46348,0
            120.94667,22.46348,0
            120.94663,22.46332,0
            120.94662,22.46331,0
            120.94661,22.46326,0
            120.94656,22.46314,0
            120.94656,22.46313,0
            120.94655,22.46309,0
            120.94649,22.46296,0
            120.94639,22.46281,0
            120.9463,22.46272,0
            120.94625,22.46268,0
            120.94618,22.46264,0
            120.94599,22.46256,0
            120.94515,22.46238,0
            120.94455,22.46222,0
            120.94401,22.462,0
            120.94385,22.46191,0
            120.94344,22.46163,0
            120.94304,22.46129,0
            120.94274,22.46093,0
            120.94229,22.46019,0
            120.94221,22.46014,0
            120.94198,22.45974,0
            120.94188,22.45959,0
            120.94111,22.45826,0
            120.9411,22.45823,0
            120.94096,22.458,0
            120.94082,22.45771,0
            120.94076,22.45749,0
            120.94077,22.45717,0
            120.9408,22.45705,0
            120.94089,22.45683,0
            120.94109,22.45658,0
            120.94116,22.45653,0
            120.94121,22.45648,0
            120.94134,22.45639,0
            120.94181,22.45614,0
            120.94187,22.4561,0
            120.94203,22.45605,0
            120.94281,22.45563,0
            120.94312,22.45543,0
            120.94335,22.45532,0
            120.94362,22.45517,0
            120.94373,22.45509,0
            120.94381,22.45499,0
            120.94387,22.45493,0
            120.94397,22.45478,0
            120.94397,22.45476,0
            120.944,22.4547,0
            120.94402,22.45462,0
            120.94403,22.45454,0
            120.94403,22.45447,0
            120.944,22.45421,0
            120.94398,22.45414,0
            120.94389,22.45361,0
            120.94359,22.45243,0
            120.9428,22.45097,0
            120.9428,22.45096,0
            120.94277,22.45092,0
            120.94244,22.45033,0
            120.94244,22.45032,0
            120.94235,22.45017,0
            120.94235,22.45016,0
            120.94212,22.44968,0
            120.94212,22.44967,0
            120.94171,22.44869,0
            120.94061,22.44633,0
            120.94016,22.44552,0
            120.94016,22.44551,0
            120.94014,22.44546,0
            120.9401,22.44539,0
            120.94003,22.44521,0
            120.93996,22.44486,0
            120.93994,22.44482,0
            120.93994,22.4448,0
            120.9399,22.44469,0
            120.93982,22.44452,0
            120.93981,22.44448,0
            120.93942,22.44366,0
            120.93844,22.44116,0
            120.93843,22.44112,0
            120.93812,22.44031,0
            120.93756,22.43861,0
            120.9366,22.43638,0
            120.93642,22.43586,0
            120.93633,22.43543,0
            120.93628,22.43527,0
            120.93621,22.43511,0
            120.93615,22.43502,0
            120.93614,22.43499,0
            120.93602,22.43486,0
            120.93563,22.43436,0
            120.93557,22.43424,0
            120.93551,22.43408,0
            120.93547,22.43394,0
            120.93546,22.43372,0
            120.93548,22.43339,0
            120.93548,22.4331,0
            120.93544,22.43296,0
            120.93539,22.43284,0
            120.93538,22.43283,0
            120.93528,22.43265,0
            120.9349,22.43213,0
            120.93482,22.43198,0
            120.93481,22.43193,0
            120.93475,22.43174,0
            120.93473,22.4317,0
            120.93465,22.43141,0
            120.93451,22.43074,0
            120.93436,22.43018,0
            120.93435,22.43012,0
            120.93433,22.43007,0
            120.93422,22.42965,0
            120.9339,22.42874,0
            120.93389,22.42873,0
            120.93377,22.42838,0
            120.93263,22.42549,0
            120.93242,22.42511,0
            120.93236,22.42502,0
            120.93228,22.42487,0
            120.9321,22.42441,0
            120.93153,22.42252,0
            120.93115,22.4216,0
            120.93051,22.42017,0
            120.93044,22.42008,0
            120.93038,22.41998,0
            120.93019,22.41975,0
            120.92968,22.41923,0
            120.92942,22.41894,0
            120.92939,22.41892,0
            120.92914,22.41865,0
            120.92901,22.41849,0
            120.92889,22.41837,0
            120.92803,22.41733,0
            120.92774,22.41694,0
            120.92768,22.41684,0
            120.92731,22.41642,0
            120.92701,22.41602,0
            120.92697,22.41594,0
            120.92691,22.41585,0
            120.92685,22.41573,0
            120.92679,22.41558,0
            120.92645,22.41442,0
            120.92616,22.41301,0
            120.926,22.41247,0
            120.92569,22.41181,0
            120.92559,22.41163,0
            120.92558,22.41162,0
            120.92548,22.41142,0
            120.92522,22.41098,0
            120.92487,22.41025,0
            120.92457,22.4095,0
            120.92454,22.40949,0
            120.92449,22.40944,0
            120.92448,22.40942,0
            120.92445,22.40939,0
            120.92423,22.40889,0
            120.92423,22.40887,0
            120.92387,22.40805,0
            120.92386,22.40804,0
            120.92368,22.40767,0
            120.9236,22.40746,0
            120.92333,22.40647,0
            120.92328,22.40635,0
            120.92326,22.40627,0
            120.9232,22.40613,0
            120.92313,22.40602,0
            120.92308,22.40592,0
            120.92306,22.40586,0
            120.92306,22.4058,0
            120.92307,22.40575,0
            120.92287,22.40548,0
            120.9228,22.40535,0
            120.92273,22.40516,0
            120.92266,22.40467,0
            120.92254,22.40438,0
            120.92232,22.40397,0
            120.92204,22.40339,0
            120.9218,22.40298,0
            120.92167,22.40271,0
            120.9216,22.4025,0
            120.92158,22.40239,0
            120.92156,22.40183,0
            120.92147,22.4006,0
            120.92142,22.40033,0
            120.92087,22.39862,0
            120.92073,22.39844,0
            120.92059,22.39829,0
            120.92042,22.39815,0
            120.92029,22.39802,0
            120.92021,22.39792,0
            120.92017,22.39783,0
            120.92017,22.39782,0
            120.92013,22.39765,0
            120.92011,22.39744,0
            120.92004,22.39707,0
            120.91995,22.3968,0
            120.9198,22.3965,0
            120.9198,22.39649,0
            120.91969,22.39633,0
            120.91956,22.39617,0
            120.91931,22.39591,0
            120.91918,22.3958,0
            120.91897,22.39558,0
            120.91891,22.3955,0
            120.91885,22.39536,0
            120.91879,22.39518,0
            120.91877,22.39504,0
            120.91877,22.39496,0
            120.91874,22.39465,0
            120.91872,22.39458,0
            120.91867,22.39446,0
            120.91855,22.39426,0
            120.91803,22.39371,0
            120.91769,22.39339,0
            120.91712,22.3928,0
            120.91702,22.39266,0
            120.91692,22.39249,0
            120.91681,22.39223,0
            120.91664,22.39174,0
            120.91652,22.39151,0
            120.91649,22.39143,0
            120.91645,22.39136,0
            120.91626,22.39091,0
            120.91626,22.3909,0
            120.91616,22.39062,0
            120.91568,22.38965,0
            120.91543,22.3892,0
            120.91542,22.38919,0
            120.91498,22.38855,0
            120.91487,22.38836,0
            120.91481,22.38822,0
            120.91476,22.38806,0
            120.9146,22.38771,0
            120.91453,22.38761,0
            120.91421,22.38728,0
            120.91418,22.38724,0
            120.914,22.38705,0
            120.91378,22.38673,0
            120.91332,22.38598,0
            120.91326,22.38584,0
            120.91314,22.38561,0
            120.91306,22.38542,0
            120.91292,22.38498,0
            120.91257,22.38335,0
            120.91255,22.3833,0
            120.91236,22.3821,0
            120.91209,22.37955,0
            120.91195,22.37882,0
            120.91161,22.37747,0
            120.91136,22.37665,0
            120.91102,22.3753,0
            120.91023,22.37058,0
            120.91014,22.37021,0
            120.90992,22.36945,0
            120.90936,22.36806,0
            120.90885,22.36657,0
            120.90877,22.36642,0
            120.90867,22.36619,0
            120.90784,22.36474,0
            120.90765,22.36432,0
            120.90738,22.36355,0
            120.90712,22.36199,0
            120.90711,22.36183,0
            120.90706,22.36144,0
            120.90706,22.36138,0
            120.90691,22.36025,0
            120.90685,22.35994,0
            120.90686,22.35979,0
            120.90706,22.35919,0
            120.90706,22.35918,0
            120.90713,22.35893,0
            120.90714,22.35886,0
            120.90716,22.3588,0
            120.90717,22.35849,0
            120.90714,22.35829,0
            120.90704,22.358,0
            120.90697,22.3579,0
            120.90684,22.35776,0
            120.9063,22.35729,0
            120.90585,22.35699,0
            120.90557,22.35685,0
            120.90505,22.35653,0
            120.90466,22.35624,0
            120.90461,22.35621,0
            120.90374,22.35553,0
            120.90286,22.35463,0
            120.90216,22.35376,0
            120.90201,22.35339,0
            120.90149,22.35195,0
            120.90085,22.35033,0
            120.9005,22.34933,0
            120.90038,22.34893,0
            120.90026,22.3486,0
            120.8998,22.34753,0
            120.89919,22.34635,0
            120.8989,22.34574,0
            120.8982,22.34457,0
            120.89707,22.34308,0
            120.897,22.34301,0
            120.8967,22.34279,0
            120.89597,22.3424,0
            120.89539,22.34216,0
            120.89426,22.34161,0
            120.89423,22.34159,0
            120.89384,22.34141,0
            120.89375,22.34134,0
            120.8936,22.34119,0
            120.89332,22.34082,0
            120.89328,22.34074,0
            120.89323,22.34061,0
            120.89322,22.34055,0
            120.89313,22.33923,0
            120.89313,22.33908,0
            120.89315,22.33894,0
            120.89323,22.33868,0
            120.89329,22.33856,0
            120.89341,22.33837,0
            120.89369,22.33805,0
            120.89375,22.33796,0
            120.8938,22.33791,0
            120.89395,22.33769,0
            120.89398,22.33763,0
            120.8941,22.3373,0
            120.89411,22.33729,0
            120.89414,22.33718,0
            120.89415,22.33696,0
            120.89403,22.33563,0
            120.89403,22.33557,0
            120.89399,22.33515,0
            120.89391,22.33465,0
            120.89376,22.33395,0
            120.89338,22.33252,0
            120.89325,22.33217,0
            120.8931,22.33188,0
            120.89309,22.33185,0
            120.89299,22.33173,0
            120.89298,22.33171,0
            120.89259,22.33121,0
            120.89233,22.33075,0
            120.89228,22.33062,0
            120.89221,22.3303,0
            120.8922,22.33019,0
            120.89218,22.32878,0
            120.89215,22.32825,0
            120.89213,22.32563,0
            120.89207,22.32464,0
            120.89201,22.32416,0
            120.89159,22.31946,0
            120.89118,22.31301,0
            120.89102,22.31126,0
            120.89092,22.31072,0
            120.89085,22.31044,0
            120.89019,22.30824,0
            120.89015,22.30802,0
            120.89012,22.30792,0
            120.89009,22.30774,0
            120.89009,22.30772,0
            120.89003,22.30739,0
            120.88997,22.30689,0
            120.88996,22.30671,0
            120.88982,22.30547,0
            120.88979,22.30532,0
            120.88976,22.30508,0
            120.8897,22.3049,0
            120.88969,22.30483,0
            120.88967,22.30476,0
            120.88964,22.30471,0
            120.88912,22.30361,0
            120.88896,22.30316,0
            120.88894,22.30307,0
            120.88874,22.29988,0
            120.88873,22.29927,0
            120.8888,22.2984,0
            120.88881,22.29768,0
            120.88878,22.29723,0
            120.88856,22.29574,0
            120.88847,22.2954,0
            120.88842,22.29527,0
            120.88837,22.29517,0
            120.88815,22.29497,0
            120.88789,22.29481,0
            120.88755,22.29473,0
            120.88702,22.29469,0
            120.88694,22.2947,0
            120.88459,22.29471,0
            120.88419,22.29465,0
            120.88394,22.29458,0
            120.88243,22.29394,0
            120.88235,22.29396,0
            120.88229,22.29395,0
            120.88217,22.29391,0
            120.8822,22.29382,0
            120.88226,22.29369,0
            120.88228,22.29362,0
            120.88229,22.29349,0
            120.88204,22.29308,0
            120.88114,22.29187,0
            120.88083,22.29152,0
            120.88048,22.29125,0
            120.88014,22.29106,0
            120.88005,22.29103,0
            120.87975,22.29089,0
            120.87971,22.29088,0
            120.87961,22.29084,0
            120.8796,22.29083,0
            120.87857,22.29055,0
            120.87811,22.29049,0
            120.87798,22.29049,0
            120.87793,22.29048,0
            120.87779,22.29048,0
            120.87736,22.29052,0
            120.87715,22.29052,0
            120.87699,22.2905,0
            120.87694,22.2905,0
            120.87662,22.29045,0
            120.87636,22.29035,0
            120.87635,22.29035,0
            120.87614,22.29029,0
            120.87547,22.29002,0
            120.87518,22.28997,0
            120.87489,22.28996,0
            120.87471,22.28997,0
            120.87442,22.28995,0
            120.87402,22.2899,0
            120.87377,22.28982,0
            120.87376,22.28981,0
            120.87373,22.2898,0
            120.87356,22.28968,0
            120.87353,22.28964,0
            120.87347,22.28958,0
            120.87345,22.28955,0
            120.87344,22.28951,0
            120.87334,22.28928,0
            120.87312,22.28865,0
            120.8731,22.28862,0
            120.87305,22.2885,0
            120.8726,22.28769,0
            120.87239,22.28726,0
            120.87238,22.2872,0
            120.87239,22.28697,0
            120.87241,22.28683,0
            120.87254,22.28634,0
            120.87253,22.28627,0
            120.87251,22.28621,0
            120.87245,22.28614,0
            120.87238,22.28609,0
            120.87227,22.28603,0
            120.87216,22.28599,0
            120.87185,22.28579,0
            120.87159,22.28553,0
            120.87154,22.28546,0
            120.87152,22.28536,0
            120.87162,22.28439,0
            120.87163,22.28407,0
            120.87161,22.28375,0
            120.87148,22.28331,0
            120.87148,22.28321,0
            120.87149,22.28316,0
            120.87155,22.28306,0
            120.8716,22.28303,0
            120.87163,22.28299,0
            120.87197,22.28272,0
            120.87204,22.28264,0
            120.87213,22.28246,0
            120.87218,22.28229,0
            120.87218,22.28225,0
            120.87219,22.28222,0
            120.87224,22.28214,0
            120.87227,22.28211,0
            120.87251,22.28177,0
            120.87254,22.28168,0
            120.87254,22.28161,0
            120.87252,22.28153,0
            120.87248,22.28146,0
            120.87245,22.28143,0
            120.87238,22.28139,0
            120.87228,22.28136,0
            120.87221,22.28135,0
            120.87211,22.28135,0
            120.87191,22.28138,0
            120.87154,22.28148,0
            120.87134,22.28166,0
            120.87119,22.28186,0
            120.87112,22.28198,0
            120.87099,22.28211,0
            120.87089,22.28216,0
            120.87075,22.28219,0
            120.87071,22.28219,0
            120.87061,22.28217,0
            120.87034,22.28205,0
            120.87,22.28186,0
            120.86993,22.2818,0
            120.86991,22.28177,0
            120.86988,22.28174,0
            120.86985,22.28166,0
            120.86979,22.28156,0
            120.86976,22.28145,0
            120.8697,22.28136,0
            120.86964,22.28131,0
            120.86957,22.28127,0
            120.86927,22.28117,0
            120.86917,22.28112,0
            120.8691,22.28107,0
            120.86904,22.28101,0
            120.869,22.28095,0
            120.86894,22.28075,0
            120.86894,22.28065,0
            120.86885,22.28025,0
            120.86881,22.27999,0
            120.86878,22.27994,0
            120.86874,22.2799,0
            120.86862,22.27981,0
            120.86845,22.27975,0
            120.86821,22.27972,0
            120.86813,22.27972,0
            120.868,22.27966,0
            120.86792,22.2796,0
            120.86787,22.27953,0
            120.86782,22.27938,0
            120.86781,22.27928,0
            120.86782,22.2792,0
            120.86783,22.27917,0
            120.86792,22.27908,0
            120.86795,22.27906,0
            120.86799,22.27905,0
            120.86802,22.27905,0
            120.86827,22.2791,0
            120.8684,22.27911,0
            120.86844,22.2791,0
            120.8685,22.27907,0
            120.86855,22.27903,0
            120.86868,22.27888,0
            120.86879,22.27868,0
            120.86883,22.27853,0
            120.86883,22.27849,0
            120.86882,22.27845,0
            120.86882,22.27843,0
            120.86879,22.27836,0
            120.86873,22.2783,0
            120.8687,22.27828,0
            120.8686,22.27826,0
            120.86852,22.27826,0
            120.86842,22.27828,0
            120.86835,22.27831,0
            120.86827,22.27839,0
            120.86813,22.27849,0
            120.86807,22.27851,0
            120.86785,22.27849,0
            120.86769,22.27845,0
            120.86753,22.27839,0
            120.8674,22.27831,0
            120.86738,22.27828,0
            120.86735,22.27825,0
            120.86729,22.27807,0
            120.86727,22.27793,0
            120.86726,22.27775,0
            120.86721,22.27754,0
            120.86711,22.27736,0
            120.86704,22.27727,0
            120.86701,22.27722,0
            120.86699,22.27717,0
            120.86699,22.27713,0
            120.86698,22.27708,0
            120.86699,22.27688,0
            120.86703,22.27658,0
            120.86702,22.2765,0
            120.86698,22.27643,0
            120.86695,22.2764,0
            120.86692,22.27638,0
            120.86679,22.27633,0
            120.86671,22.27632,0
            120.86666,22.27632,0
            120.86662,22.27633,0
            120.86649,22.27647,0
            120.86627,22.27679,0
            120.86614,22.27691,0
            120.86605,22.27702,0
            120.86595,22.2771,0
            120.86588,22.27714,0
            120.86566,22.27716,0
            120.86558,22.27719,0
            120.86542,22.27728,0
            120.86534,22.27736,0
            120.86522,22.2776,0
            120.86522,22.27761,0
            120.86516,22.27772,0
            120.86514,22.27774,0
            120.86511,22.27776,0
            120.86509,22.27778,0
            120.86506,22.2778,0
            120.86482,22.27788,0
            120.86459,22.27794,0
            120.8645,22.27795,0
            120.86435,22.27795,0
            120.86421,22.27791,0
            120.86415,22.27788,0
            120.86407,22.27782,0
            120.86385,22.27757,0
            120.8637,22.27735,0
            120.86368,22.2773,0
            120.86362,22.27721,0
            120.8636,22.27717,0
            120.86356,22.27714,0
            120.86344,22.27708,0
            120.8633,22.27708,0
            120.86326,22.27709,0
            120.86322,22.27711,0
            120.86317,22.27716,0
            120.86315,22.27721,0
            120.86313,22.27724,0
            120.86312,22.27729,0
            120.86309,22.27735,0
            120.86305,22.27748,0
            120.86303,22.27752,0
            120.86301,22.27754,0
            120.86299,22.27757,0
            120.86291,22.27765,0
            120.86287,22.27768,0
            120.86281,22.27771,0
            120.86267,22.27774,0
            120.8626,22.27774,0
            120.86255,22.27775,0
            120.86235,22.27775,0
            120.86227,22.27773,0
            120.86221,22.27769,0
            120.86218,22.27766,0
            120.86216,22.27763,0
            120.86214,22.27758,0
            120.86213,22.2775,0
            120.86213,22.27722,0
            120.86212,22.27717,0
            120.86196,22.27696,0
            120.86191,22.27691,0
            120.86188,22.27685,0
            120.86184,22.2768,0
            120.86178,22.27665,0
            120.86176,22.27658,0
            120.86174,22.27642,0
            120.86175,22.27619,0
            120.86181,22.27606,0
            120.8619,22.27591,0
            120.86199,22.2758,0
            120.86215,22.27564,0
            120.8623,22.27552,0
            120.86275,22.27522,0
            120.86282,22.27512,0
            120.86283,22.27509,0
            120.86285,22.27506,0
            120.86286,22.27503,0
            120.86288,22.275,0
            120.86295,22.27483,0
            120.86306,22.27449,0
            120.86307,22.27443,0
            120.86307,22.27434,0
            120.86306,22.27425,0
            120.863,22.27399,0
            120.86298,22.27395,0
            120.86295,22.27391,0
            120.86294,22.27391,0
            120.86292,22.27388,0
            120.8629,22.27386,0
            120.86283,22.27382,0
            120.86279,22.27381,0
            120.86267,22.27381,0
            120.86253,22.27387,0
            120.86249,22.27388,0
            120.86235,22.27394,0
            120.86232,22.27394,0
            120.86224,22.27392,0
            120.86223,22.27392,0
            120.86219,22.2739,0
            120.86208,22.27382,0
            120.86208,22.27381,0
            120.862,22.27375,0
            120.86194,22.27369,0
            120.86186,22.27353,0
            120.86183,22.27344,0
            120.86181,22.27333,0
            120.86181,22.27298,0
            120.86183,22.27275,0
            120.86185,22.27269,0
            120.86188,22.27263,0
            120.86215,22.27226,0
            120.86221,22.27213,0
            120.86235,22.27191,0
            120.86248,22.27166,0
            120.86248,22.27164,0
            120.8625,22.27156,0
            120.86252,22.27129,0
            120.86251,22.27118,0
            120.86252,22.27111,0
            120.86252,22.27099,0
            120.86255,22.27081,0
            120.86261,22.27057,0
            120.86261,22.27056,0
            120.86273,22.27017,0
            120.86273,22.27003,0
            120.86271,22.26996,0
            120.86271,22.26995,0
            120.8627,22.26991,0
            120.86265,22.26981,0
            120.86264,22.2698,0
            120.86262,22.26976,0
            120.86253,22.26965,0
            120.86237,22.2695,0
            120.86213,22.26936,0
            120.86191,22.26928,0
            120.86172,22.26923,0
            120.86146,22.26913,0
            120.8613,22.269,0
            120.8609,22.26849,0
            120.86075,22.26837,0
            120.86064,22.2683,0
            120.86045,22.26821,0
            120.86014,22.26811,0
            120.85996,22.26807,0
            120.85978,22.26808,0
            120.8594,22.26814,0
            120.85912,22.2682,0
            120.85904,22.26824,0
            120.859,22.26827,0
            120.85897,22.26832,0
            120.85879,22.26877,0
            120.85868,22.26896,0
            120.85856,22.26909,0
            120.85839,22.26933,0
            120.85824,22.26968,0
            120.85823,22.26969,0
            120.85817,22.26983,0
            120.85812,22.26986,0
            120.85808,22.2699,0
            120.85805,22.26992,0
            120.858,22.26994,0
            120.85794,22.26995,0
            120.85785,22.26995,0
            120.8578,22.26993,0
            120.85773,22.26988,0
            120.85768,22.26981,0
            120.85764,22.2697,0
            120.8576,22.26939,0
            120.8576,22.26931,0
            120.85761,22.26923,0
            120.85781,22.26868,0
            120.85783,22.26848,0
            120.8578,22.26824,0
            120.85753,22.26741,0
            120.85748,22.26732,0
            120.85741,22.26726,0
            120.85735,22.26723,0
            120.8573,22.26722,0
            120.85726,22.26722,0
            120.85721,22.26723,0
            120.85704,22.26729,0
            120.85695,22.26734,0
            120.85672,22.26756,0
            120.85666,22.26763,0
            120.85644,22.26804,0
            120.85636,22.26811,0
            120.85636,22.26812,0
            120.85629,22.26816,0
            120.85621,22.26819,0
            120.85614,22.26819,0
            120.85605,22.26818,0
            120.85599,22.26816,0
            120.85588,22.2681,0
            120.85572,22.26803,0
            120.85556,22.268,0
            120.8555,22.26801,0
            120.85546,22.26803,0
            120.85534,22.26815,0
            120.85528,22.26827,0
            120.85518,22.26841,0
            120.85511,22.26846,0
            120.85497,22.26851,0
            120.85495,22.26851,0
            120.85491,22.26852,0
            120.85481,22.26851,0
            120.85466,22.26842,0
            120.85457,22.26835,0
            120.8545,22.26828,0
            120.85449,22.26828,0
            120.85435,22.26818,0
            120.8543,22.26816,0
            120.85418,22.26818,0
            120.85407,22.26824,0
            120.85404,22.26827,0
            120.85398,22.26844,0
            120.85398,22.26858,0
            120.85397,22.26868,0
            120.85396,22.26917,0
            120.85395,22.26924,0
            120.85395,22.26937,0
            120.85393,22.26954,0
            120.8539,22.26961,0
            120.85383,22.26969,0
            120.85378,22.26973,0
            120.85371,22.26976,0
            120.85362,22.26976,0
            120.85356,22.26975,0
            120.8535,22.26973,0
            120.85345,22.2697,0
            120.85333,22.26959,0
            120.85329,22.26953,0
            120.85318,22.26944,0
            120.85311,22.26941,0
            120.85306,22.26938,0
            120.85298,22.26938,0
            120.85292,22.26939,0
            120.85286,22.26941,0
            120.85282,22.26945,0
            120.85279,22.26949,0
            120.85275,22.2696,0
            120.85275,22.26962,0
            120.85273,22.26967,0
            120.85272,22.26977,0
            120.8527,22.26983,0
            120.85267,22.26997,0
            120.85267,22.26999,0
            120.8526,22.27014,0
            120.85246,22.27036,0
            120.85238,22.27046,0
            120.85227,22.27057,0
            120.85191,22.27086,0
            120.85179,22.27093,0
            120.85162,22.27098,0
            120.85154,22.27099,0
            120.85146,22.27099,0
            120.85138,22.27098,0
            120.85128,22.27094,0
            120.85118,22.27088,0
            120.85105,22.27075,0
            120.85094,22.27054,0
            120.85085,22.2703,0
            120.85078,22.27003,0
            120.85077,22.26992,0
            120.85078,22.26983,0
            120.85081,22.26973,0
            120.85085,22.26964,0
            120.85096,22.26947,0
            120.85096,22.26945,0
            120.85104,22.26932,0
            120.8511,22.26917,0
            120.85112,22.2691,0
            120.85112,22.26873,0
            120.85113,22.26864,0
            120.85122,22.26822,0
            120.85123,22.26813,0
            120.85116,22.26772,0
            120.85112,22.26761,0
            120.85104,22.26749,0
            120.85102,22.26747,0
            120.85093,22.26742,0
            120.8509,22.26742,0
            120.85084,22.26741,0
            120.85079,22.26741,0
            120.85064,22.26745,0
            120.85052,22.2675,0
            120.85012,22.26762,0
            120.85006,22.26763,0
            120.85002,22.26762,0
            120.84998,22.26762,0
            120.84996,22.26761,0
            120.8499,22.26755,0
            120.84987,22.26751,0
            120.84982,22.26742,0
            120.84974,22.26722,0
            120.84971,22.26717,0
            120.84969,22.26711,0
            120.84966,22.26706,0
            120.84951,22.2667,0
            120.8493,22.2663,0
            120.84928,22.26625,0
            120.84928,22.26613,0
            120.84929,22.2661,0
            120.84929,22.26606,0
            120.8493,22.26602,0
            120.84936,22.26589,0
            120.84942,22.26572,0
            120.84965,22.26518,0
            120.8497,22.26502,0
            120.8497,22.265,0
            120.84976,22.26478,0
            120.8498,22.26457,0
            120.84982,22.26439,0
            120.84978,22.26388,0
            120.84978,22.26375,0
            120.84979,22.26374,0
            120.84984,22.26353,0
            120.8499,22.26336,0
            120.84992,22.26328,0
            120.84992,22.26327,0
            120.84993,22.26324,0
            120.84993,22.26311,0
            120.84982,22.26279,0
            120.84972,22.26257,0
            120.84957,22.2623,0
            120.84954,22.26227,0
            120.84945,22.26214,0
            120.84918,22.26189,0
            120.84876,22.26159,0
            120.84852,22.26148,0
            120.8484,22.26146,0
            120.84737,22.26168,0
            120.84736,22.26169,0
            120.84706,22.26176,0
            120.84687,22.26178,0
            120.84673,22.26176,0
            120.84665,22.26174,0
            120.84652,22.26169,0
            120.84628,22.26157,0
            120.84627,22.26156,0
            120.84616,22.26152,0
            120.84595,22.26149,0
            120.84558,22.26153,0
            120.84543,22.26151,0
            120.84531,22.26147,0
            120.8453,22.26146,0
            120.84525,22.26144,0
            120.8452,22.26141,0
            120.84513,22.26134,0
            120.84507,22.26123,0
            120.84503,22.26113,0
            120.84511,22.2606,0
            120.84512,22.26057,0
            120.84515,22.2603,0
            120.84515,22.26015,0
            120.84512,22.26007,0
            120.8451,22.26004,0
            120.84509,22.26001,0
            120.8449,22.25987,0
            120.8447,22.25979,0
            120.84461,22.25977,0
            120.84454,22.25978,0
            120.84448,22.2598,0
            120.84434,22.25983,0
            120.84429,22.25985,0
            120.84415,22.25985,0
            120.8441,22.25984,0
            120.84401,22.2598,0
            120.84396,22.25977,0
            120.8439,22.25971,0
            120.84386,22.25964,0
            120.8438,22.25958,0
            120.84376,22.25955,0
            120.84359,22.25949,0
            120.84354,22.25948,0
            120.84331,22.25948,0
            120.84326,22.25947,0
            120.84323,22.25945,0
            120.84306,22.2594,0
            120.84274,22.25934,0
            120.84262,22.25934,0
            120.84256,22.25935,0
            120.84247,22.25939,0
            120.84234,22.25948,0
            120.84227,22.25951,0
            120.84222,22.25952,0
            120.8421,22.25952,0
            120.84205,22.25951,0
            120.84198,22.25947,0
            120.84197,22.25947,0
            120.84194,22.25945,0
            120.84186,22.25936,0
            120.84181,22.25916,0
            120.84183,22.25895,0
            120.84199,22.25831,0
            120.842,22.2582,0
            120.842,22.25794,0
            120.84198,22.2578,0
            120.84185,22.25734,0
            120.84183,22.25716,0
            120.84183,22.25698,0
            120.84179,22.25677,0
            120.84157,22.25618,0
            120.8414,22.25591,0
            120.84131,22.2557,0
            120.8413,22.2557,0
            120.84118,22.25536,0
            120.84112,22.25513,0
            120.84108,22.25491,0
            120.84108,22.25475,0
            120.84111,22.25462,0
            120.84139,22.25411,0
            120.84141,22.25405,0
            120.84143,22.25401,0
            120.84145,22.25392,0
            120.84145,22.2538,0
            120.84143,22.25359,0
            120.84143,22.25325,0
            120.84147,22.25279,0
            120.84147,22.25259,0
            120.84146,22.25255,0
            120.84146,22.25251,0
            120.84145,22.25246,0
            120.84143,22.25241,0
            120.8414,22.25237,0
            120.8413,22.25227,0
            120.84085,22.25198,0
            120.84056,22.25183,0
            120.84035,22.2517,0
            120.83984,22.25144,0
            120.83983,22.25143,0
            120.83959,22.2513,0
            120.83952,22.25124,0
            120.83937,22.25106,0
            120.83929,22.25092,0
            120.83919,22.25081,0
            120.8389,22.2506,0
            120.83874,22.2505,0
            120.83851,22.2504,0
            120.83837,22.25032,0
            120.83814,22.25016,0
            120.83796,22.24999,0
            120.8378,22.24987,0
            120.83767,22.24973,0
            120.83766,22.24971,0
            120.83765,22.24971,0
            120.83763,22.24967,0
            120.83757,22.24958,0
            120.83757,22.24955,0
            120.83756,22.24955,0
            120.83755,22.2495,0
            120.83755,22.2494,0
            120.83756,22.24938,0
            120.83756,22.24936,0
            120.83763,22.24928,0
            120.83779,22.2492,0
            120.83825,22.24908,0
            120.83833,22.24905,0
            120.83847,22.24897,0
            120.83848,22.24895,0
            120.8385,22.24894,0
            120.83851,22.24891,0
            120.83853,22.24888,0
            120.83855,22.2488,0
            120.83852,22.24856,0
            120.83848,22.24838,0
            120.83847,22.24809,0
            120.83849,22.24791,0
            120.83849,22.2478,0
            120.83848,22.24771,0
            120.83846,22.24764,0
            120.83843,22.24757,0
            120.83838,22.24751,0
            120.83825,22.24742,0
            120.83809,22.24738,0
            120.83794,22.24736,0
            120.83787,22.24736,0
            120.83782,22.24737,0
            120.83778,22.24737,0
            120.83714,22.24745,0
            120.83701,22.24745,0
            120.83695,22.24744,0
            120.83687,22.24741,0
            120.83672,22.2473,0
            120.83667,22.24725,0
            120.83661,22.24716,0
            120.83644,22.24699,0
            120.8363,22.24689,0
            120.8361,22.24682,0
            120.83591,22.2468,0
            120.83582,22.2468,0
            120.83562,22.24684,0
            120.83554,22.24689,0
            120.83547,22.24695,0
            120.83536,22.24709,0
            120.83528,22.24717,0
            120.83523,22.24721,0
            120.83516,22.24724,0
            120.83512,22.24725,0
            120.8351,22.24726,0
            120.83498,22.24726,0
            120.83492,22.24725,0
            120.8348,22.24718,0
            120.83474,22.24711,0
            120.83471,22.24704,0
            120.8347,22.24697,0
            120.8347,22.24691,0
            120.83471,22.24686,0
            120.83481,22.24661,0
            120.8349,22.24644,0
            120.83491,22.24641,0
            120.83503,22.24623,0
            120.83516,22.24611,0
            120.83538,22.24596,0
            120.83548,22.24585,0
            120.83552,22.24578,0
            120.83555,22.24571,0
            120.83556,22.24563,0
            120.83556,22.24552,0
            120.83551,22.24532,0
            120.83557,22.24531,0
            120.83563,22.24531,0
            120.83573,22.24533,0
            120.83576,22.24533,0
            120.83585,22.24535,0
            120.83616,22.24546,0
            120.83625,22.24544,0
            120.83635,22.24536,0
            120.83647,22.24529,0
            120.83663,22.24517,0
            120.83664,22.24517,0
            120.83665,22.24515,0
            120.83673,22.2451,0
            120.83698,22.24487,0
            120.83707,22.2448,0
            120.83728,22.24468,0
            120.8376,22.24433,0
            120.83763,22.24431,0
            120.83771,22.24429,0
            120.83775,22.24429,0
            120.83778,22.2443,0
            120.83798,22.24441,0
            120.83816,22.24446,0
            120.83836,22.24449,0
            120.8387,22.24448,0
            120.83887,22.24444,0
            120.83901,22.24437,0
            120.83934,22.2441,0
            120.83943,22.24406,0
            120.83947,22.24406,0
            120.8395,22.24405,0
            120.83953,22.24405,0
            120.83958,22.24407,0
            120.83962,22.2441,0
            120.83967,22.24415,0
            120.83968,22.24415,0
            120.8398,22.2443,0
            120.83995,22.24441,0
            120.8403,22.24451,0
            120.84032,22.24452,0
            120.8407,22.24458,0
            120.84073,22.24459,0
            120.84082,22.24459,0
            120.84094,22.24456,0
            120.84107,22.24451,0
            120.84132,22.24438,0
            120.84162,22.24419,0
            120.84163,22.24419,0
            120.84234,22.24349,0
            120.84253,22.24336,0
            120.84261,22.24332,0
            120.84262,22.24332,0
            120.84274,22.24328,0
            120.8428,22.24328,0
            120.84284,22.24327,0
            120.84321,22.24331,0
            120.84325,22.24332,0
            120.84336,22.24332,0
            120.8435,22.24327,0
            120.84367,22.24323,0
            120.84411,22.24318,0
            120.84413,22.24317,0
            120.84417,22.24316,0
            120.84425,22.2431,0
            120.8445,22.24283,0
            120.84459,22.24276,0
            120.84477,22.24266,0
            120.8449,22.24261,0
            120.84503,22.24258,0
            120.84506,22.24258,0
            120.84507,22.24259,0
            120.84513,22.24261,0
            120.84516,22.24263,0
            120.84519,22.24266,0
            120.84536,22.24288,0
            120.8454,22.24292,0
            120.84543,22.24294,0
            120.84604,22.24322,0
            120.84615,22.24331,0
            120.8462,22.24334,0
            120.84627,22.24337,0
            120.84632,22.24338,0
            120.8464,22.24337,0
            120.84645,22.24335,0
            120.84646,22.24334,0
            120.84648,22.24333,0
            120.84655,22.24326,0
            120.84676,22.24295,0
            120.84681,22.24291,0
            120.84702,22.24278,0
            120.84719,22.24269,0
            120.84746,22.24258,0
            120.84773,22.24254,0
            120.84787,22.24256,0
            120.84795,22.24256,0
            120.84805,22.24262,0
            120.84807,22.24264,0
            120.84809,22.24265,0
            120.84826,22.24284,0
            120.84832,22.24288,0
            120.8486,22.24312,0
            120.84866,22.24315,0
            120.8488,22.24318,0
            120.84909,22.2432,0
            120.84941,22.24328,0
            120.84942,22.24329,0
            120.84946,22.2433,0
            120.84951,22.2433,0
            120.84956,22.24329,0
            120.8496,22.24327,0
            120.84974,22.24314,0
            120.84989,22.24302,0
            120.84998,22.24298,0
            120.85006,22.24296,0
            120.85021,22.24295,0
            120.85025,22.24296,0
            120.85028,22.24296,0
            120.8505,22.24302,0
            120.85057,22.24308,0
            120.85062,22.24311,0
            120.85064,22.24315,0
            120.85072,22.24327,0
            120.85082,22.24334,0
            120.85088,22.24336,0
            120.85097,22.24336,0
            120.85101,22.24335,0
            120.85102,22.24335,0
            120.85109,22.24331,0
            120.85128,22.24324,0
            120.85208,22.24303,0
            120.85269,22.24278,0
            120.85273,22.24277,0
            120.85283,22.24272,0
            120.85294,22.24265,0
            120.85312,22.24246,0
            120.85313,22.24244,0
            120.85319,22.24237,0
            120.85326,22.24232,0
            120.85335,22.24228,0
            120.85346,22.24226,0
            120.8536,22.24227,0
            120.85378,22.24234,0
            120.8538,22.24234,0
            120.85392,22.24239,0
            120.85401,22.24239,0
            120.85416,22.24235,0
            120.85422,22.24232,0
            120.85428,22.24228,0
            120.85439,22.24223,0
            120.85446,22.24217,0
            120.8545,22.2421,0
            120.85458,22.2419,0
            120.85468,22.24146,0
            120.85476,22.24092,0
            120.85476,22.24089,0
            120.85482,22.24062,0
            120.85487,22.24056,0
            120.85488,22.24056,0
            120.85495,22.24053,0
            120.85497,22.24054,0
            120.855,22.24054,0
            120.85507,22.24056,0
            120.85513,22.24059,0
            120.85521,22.24065,0
            120.85522,22.24067,0
            120.85538,22.24081,0
            120.85543,22.24087,0
            120.85552,22.24093,0
            120.85556,22.24095,0
            120.85569,22.24097,0
            120.85583,22.24094,0
            120.85595,22.24089,0
            120.856,22.24084,0
            120.85605,22.24076,0
            120.85605,22.24074,0
            120.85606,22.24071,0
            120.85607,22.24065,0
            120.85607,22.2406,0
            120.85614,22.24038,0
            120.85626,22.24013,0
            120.85626,22.24012,0
            120.85629,22.24008,0
            120.85632,22.24006,0
            120.85635,22.24005,0
            120.85639,22.24005,0
            120.85641,22.24004,0
            120.8565,22.24005,0
            120.85658,22.24008,0
            120.85665,22.24012,0
            120.8567,22.24017,0
            120.85676,22.24025,0
            120.85684,22.24033,0
            120.85686,22.24036,0
            120.85688,22.24038,0
            120.85696,22.24042,0
            120.85701,22.24043,0
            120.85703,22.24043,0
            120.85705,22.24042,0
            120.85708,22.24042,0
            120.85718,22.24036,0
            120.85723,22.24031,0
            120.85727,22.24022,0
            120.85732,22.24004,0
            120.85744,22.23984,0
            120.85749,22.2397,0
            120.85749,22.23968,0
            120.8575,22.23964,0
            120.85749,22.2396,0
            120.85747,22.23956,0
            120.85744,22.23952,0
            120.85739,22.23947,0
            120.85735,22.23945,0
            120.85733,22.23942,0
            120.8573,22.2394,0
            120.8573,22.23939,0
            120.85719,22.23925,0
            120.85715,22.23917,0
            120.85709,22.2391,0
            120.85708,22.23908,0
            120.85696,22.23896,0
            120.85691,22.23889,0
            120.85687,22.23881,0
            120.85687,22.2388,0
            120.85686,22.23879,0
            120.85686,22.23874,0
            120.85685,22.23873,0
            120.85685,22.23871,0
            120.85686,22.2387,0
            120.85686,22.23868,0
            120.85687,22.23864,0
            120.85688,22.23863,0
            120.85688,22.23862,0
            120.8569,22.23859,0
            120.85693,22.23856,0
            120.85697,22.23854,0
            120.85699,22.23854,0
            120.85705,22.23851,0
            120.85716,22.23851,0
            120.8572,22.23852,0
            120.85722,22.23852,0
            120.85738,22.2386,0
            120.85739,22.2386,0
            120.85751,22.23864,0
            120.85755,22.23864,0
            120.8576,22.23865,0
            120.85768,22.23864,0
            120.858,22.23855,0
            120.85805,22.23853,0
            120.85808,22.23851,0
            120.8581,22.23848,0
            120.85812,22.23847,0
            120.85813,22.23846,0
            120.85814,22.23844,0
            120.85818,22.2384,0
            120.85818,22.23835,0
            120.85817,22.23832,0
            120.85817,22.23829,0
            120.85809,22.23813,0
            120.85809,22.23804,0
            120.8581,22.23801,0
            120.85817,22.23794,0
            120.85829,22.23785,0
            120.85836,22.23783,0
            120.85849,22.23776,0
            120.85853,22.23772,0
            120.85855,22.23764,0
            120.85856,22.23762,0
            120.85856,22.23747,0
            120.85857,22.23746,0
            120.85857,22.23738,0
            120.85852,22.23729,0
            120.85851,22.23729,0
            120.85849,22.23727,0
            120.85829,22.23719,0
            120.8581,22.23713,0
            120.85801,22.23711,0
            120.85798,22.23709,0
            120.85791,22.23707,0
            120.85789,22.23707,0
            120.85782,22.23703,0
            120.85779,22.237,0
            120.85778,22.23698,0
            120.85776,22.23697,0
            120.85772,22.2369,0
            120.85771,22.23687,0
            120.85771,22.23681,0
            120.85772,22.23678,0
            120.85773,22.23677,0
            120.85773,22.23676,0
            120.85776,22.23673,0
            120.85777,22.23673,0
            120.85779,22.23672,0
            120.8578,22.23671,0
            120.85781,22.23671,0
            120.85788,22.23669,0
            120.85808,22.2367,0
            120.85813,22.23671,0
            120.85817,22.23673,0
            120.85833,22.23678,0
            120.85848,22.23678,0
            120.85853,22.23676,0
            120.85855,22.23676,0
            120.85865,22.23673,0
            120.85873,22.23672,0
            120.85874,22.23673,0
            120.85879,22.23673,0
            120.85894,22.2368,0
            120.85946,22.23712,0
            120.85955,22.2372,0
            120.85962,22.23725,0
            120.85966,22.23729,0
            120.8597,22.23732,0
            120.85973,22.23733,0
            120.85975,22.23735,0
            120.85977,22.23735,0
            120.85988,22.23738,0
            120.85997,22.23737,0
            120.86004,22.23733,0
            120.8601,22.23728,0
            120.86015,22.23721,0
            120.86018,22.23711,0
            120.86021,22.23693,0
            120.86026,22.23677,0
            120.86031,22.23666,0
            120.86033,22.23659,0
            120.86034,22.23651,0
            120.86033,22.23645,0
            120.86033,22.23639,0
            120.86032,22.23633,0
            120.86031,22.2363,0
            120.86031,22.23628,0
            120.86032,22.23624,0
            120.86035,22.2362,0
            120.86036,22.23618,0
            120.86041,22.23615,0
            120.86042,22.23615,0
            120.86056,22.2361,0
            120.86059,22.23608,0
            120.86077,22.23601,0
            120.86085,22.23599,0
            120.86096,22.23599,0
            120.86098,22.236,0
            120.86102,22.23601,0
            120.86104,22.23603,0
            120.86107,22.23605,0
            120.86112,22.2361,0
            120.86115,22.23614,0
            120.86118,22.23621,0
            120.86124,22.23641,0
            120.86126,22.23645,0
            120.86133,22.23655,0
            120.86136,22.23657,0
            120.86141,22.23662,0
            120.86144,22.23663,0
            120.86147,22.23663,0
            120.8615,22.23664,0
            120.86154,22.23664,0
            120.86162,22.23662,0
            120.86183,22.23642,0
            120.86195,22.23628,0
            120.86203,22.23622,0
            120.86243,22.23604,0
            120.86249,22.23602,0
            120.86261,22.23596,0
            120.86279,22.23576,0
            120.86289,22.23563,0
            120.86296,22.23552,0
            120.86298,22.23551,0
            120.8632,22.23521,0
            120.86328,22.23505,0
            120.86332,22.23494,0
            120.86334,22.23475,0
            120.8633,22.23452,0
            120.86329,22.23449,0
            120.86329,22.23433,0
            120.8633,22.23429,0
            120.86332,22.23426,0
            120.86339,22.23419,0
            120.86342,22.23419,0
            120.86345,22.23418,0
            120.86349,22.23418,0
            120.86353,22.23419,0
            120.86364,22.23426,0
            120.86373,22.23433,0
            120.86386,22.2344,0
            120.86389,22.23443,0
            120.86393,22.23444,0
            120.86404,22.23449,0
            120.86407,22.23451,0
            120.86412,22.23453,0
            120.86425,22.23461,0
            120.86446,22.23482,0
            120.86455,22.23486,0
            120.86461,22.23486,0
            120.86464,22.23485,0
            120.86466,22.23485,0
            120.86469,22.23483,0
            120.86473,22.23479,0
            120.86476,22.23468,0
            120.86477,22.23466,0
            120.86482,22.23449,0
            120.86482,22.23446,0
            120.86489,22.23424,0
            120.86499,22.23402,0
            120.86501,22.23395,0
            120.86502,22.23373,0
            120.86501,22.23368,0
            120.86501,22.2336,0
            120.86503,22.23354,0
            120.86503,22.23353,0
            120.86521,22.23332,0
            120.86522,22.23332,0
            120.8653,22.23321,0
            120.86534,22.23319,0
            120.86537,22.23316,0
            120.8654,22.23315,0
            120.86545,22.23315,0
            120.86576,22.23319,0
            120.86581,22.23319,0
            120.86585,22.2332,0
            120.86588,22.23319,0
            120.86592,22.23319,0
            120.86619,22.23309,0
            120.86625,22.23306,0
            120.86626,22.23305,0
            120.86642,22.23295,0
            120.86645,22.23294,0
            120.86657,22.23286,0
            120.8666,22.23283,0
            120.86663,22.23281,0
            120.86665,22.23278,0
            120.86667,22.23276,0
            120.86668,22.23273,0
            120.8667,22.23271,0
            120.8667,22.2327,0
            120.86673,22.23265,0
            120.86674,22.2326,0
            120.86673,22.23239,0
            120.86671,22.23228,0
            120.86671,22.23225,0
            120.8667,22.23222,0
            120.8667,22.23213,0
            120.86672,22.23211,0
            120.86675,22.23206,0
            120.86677,22.23204,0
            120.86679,22.23203,0
            120.86683,22.232,0
            120.8669,22.23198,0
            120.86698,22.23198,0
            120.867,22.23199,0
            120.86703,22.23199,0
            120.86707,22.23201,0
            120.86711,22.23202,0
            120.86729,22.23212,0
            120.86742,22.23216,0
            120.86756,22.23217,0
            120.86768,22.23215,0
            120.8677,22.23214,0
            120.86799,22.23205,0
            120.86816,22.23196,0
            120.86825,22.23188,0
            120.86836,22.23174,0
            120.86843,22.23161,0
            120.86849,22.23144,0
            120.86852,22.23139,0
            120.86857,22.23125,0
            120.86869,22.23056,0
            120.86871,22.23035,0
            120.86869,22.2302,0
            120.86864,22.23005,0
            120.86864,22.23003,0
            120.8686,22.22988,0
            120.86859,22.2298,0
            120.86861,22.22969,0
            120.86864,22.22935,0
            120.86858,22.22891,0
            120.86858,22.22878,0
            120.86857,22.22874,0
            120.86856,22.22864,0
            120.8685,22.22851,0
            120.86842,22.22842,0
            120.86826,22.22829,0
            120.86817,22.2282,0
            120.86812,22.22811,0
            120.8681,22.22805,0
            120.86807,22.22786,0
            120.86805,22.22756,0
            120.86801,22.22732,0
            120.86801,22.22729,0
            120.86795,22.22709,0
            120.86783,22.22687,0
            120.86782,22.22684,0
            120.86782,22.22681,0
            120.8678,22.22676,0
            120.86778,22.22667,0
            120.86779,22.22651,0
            120.86778,22.22644,0
            120.86775,22.22634,0
            120.86772,22.22629,0
            120.86756,22.22609,0
            120.86753,22.22601,0
            120.86746,22.22589,0
            120.86742,22.22577,0
            120.86742,22.22576,0
            120.8674,22.22569,0
            120.86735,22.22559,0
            120.86735,22.22558,0
            120.86728,22.22552,0
            120.86697,22.22537,0
            120.86687,22.22529,0
            120.86682,22.22522,0
            120.8668,22.22517,0
            120.86678,22.22508,0
            120.86678,22.22459,0
            120.86682,22.22433,0
            120.86691,22.22407,0
            120.86694,22.22402,0
            120.86698,22.22392,0
            120.86699,22.22391,0
            120.867,22.22388,0
            120.867,22.22376,0
            120.86698,22.22371,0
            120.86696,22.22358,0
            120.86696,22.22352,0
            120.867,22.22343,0
            120.86704,22.22339,0
            120.86711,22.22334,0
            120.86724,22.22327,0
            120.86736,22.22319,0
            120.86737,22.22318,0
            120.86752,22.22308,0
            120.8676,22.223,0
            120.86762,22.22297,0
            120.86763,22.22294,0
            120.86766,22.2229,0
            120.86787,22.22228,0
            120.86787,22.22226,0
            120.86794,22.22206,0
            120.86807,22.22156,0
            120.86808,22.22148,0
            120.86808,22.2214,0
            120.86804,22.2212,0
            120.86781,22.22072,0
            120.8678,22.22072,0
            120.86764,22.22044,0
            120.86739,22.22014,0
            120.86727,22.22004,0
            120.86724,22.22003,0
            120.86719,22.21999,0
            120.86715,22.21997,0
            120.86711,22.21996,0
            120.86701,22.21991,0
            120.86692,22.21982,0
            120.86683,22.2197,0
            120.86673,22.21959,0
            120.8666,22.21947,0
            120.86641,22.21932,0
            120.86635,22.21925,0
            120.86631,22.21918,0
            120.86631,22.21917,0
            120.8663,22.21915,0
            120.8663,22.21914,0
            120.86631,22.21911,0
            120.86631,22.21908,0
            120.86639,22.21896,0
            120.86645,22.21881,0
            120.86645,22.21875,0
            120.86643,22.21865,0
            120.86641,22.2186,0
            120.86636,22.21835,0
            120.86636,22.21825,0
            120.86639,22.21818,0
            120.86643,22.21812,0
            120.86653,22.21801,0
            120.8666,22.21795,0
            120.86665,22.21789,0
            120.86671,22.21779,0
            120.86677,22.21764,0
            120.86678,22.21758,0
            120.86673,22.21725,0
            120.86673,22.21721,0
            120.86675,22.21716,0
            120.86679,22.21709,0
            120.86689,22.21698,0
            120.86693,22.21692,0
            120.86696,22.21689,0
            120.86702,22.21676,0
            120.86706,22.21661,0
            120.86707,22.21648,0
            120.8671,22.21632,0
            120.86713,22.21624,0
            120.86717,22.21616,0
            120.8672,22.21612,0
            120.86727,22.21605,0
            120.86729,22.21605,0
            120.86732,22.21603,0
            120.86734,22.21603,0
            120.86737,22.21602,0
            120.86747,22.21602,0
            120.86788,22.21608,0
            120.86791,22.21609,0
            120.86799,22.21609,0
            120.868,22.21608,0
            120.86802,22.21608,0
            120.86806,22.21606,0
            120.86809,22.21603,0
            120.86812,22.21597,0
            120.86814,22.21595,0
            120.86815,22.21592,0
            120.86815,22.21585,0
            120.86814,22.21584,0
            120.86806,22.2157,0
            120.86802,22.21565,0
            120.86793,22.21557,0
            120.86787,22.21555,0
            120.86781,22.21554,0
            120.86766,22.21554,0
            120.8675,22.21558,0
            120.86743,22.21561,0
            120.8673,22.21564,0
            120.86728,22.21565,0
            120.86725,22.21565,0
            120.86724,22.21564,0
            120.86719,22.21564,0
            120.86717,22.21562,0
            120.86716,22.21562,0
            120.86713,22.21559,0
            120.86685,22.21485,0
            120.86682,22.2148,0
            120.86667,22.21448,0
            120.86662,22.21434,0
            120.86661,22.21428,0
            120.86662,22.21421,0
            120.86668,22.21401,0
            120.86668,22.214,0
            120.86702,22.21289,0
            120.86704,22.21274,0
            120.86703,22.21261,0
            120.86702,22.21258,0
            120.86702,22.21255,0
            120.867,22.21243,0
            120.867,22.21239,0
            120.86698,22.21231,0
            120.86682,22.21196,0
            120.86679,22.21191,0
            120.8667,22.21181,0
            120.86641,22.21153,0
            120.86626,22.21141,0
            120.86622,22.21137,0
            120.86602,22.21124,0
            120.86595,22.21121,0
            120.86588,22.21119,0
            120.86542,22.21115,0
            120.86509,22.21115,0
            120.86492,22.21113,0
            120.86489,22.21112,0
            120.86482,22.21111,0
            120.86479,22.2111,0
            120.86477,22.2111,0
            120.86471,22.21108,0
            120.86464,22.21104,0
            120.86462,22.21102,0
            120.8646,22.21101,0
            120.86458,22.21098,0
            120.86455,22.21091,0
            120.86455,22.21088,0
            120.86454,22.21084,0
            120.86455,22.21078,0
            120.86455,22.21072,0
            120.86458,22.21063,0
            120.8646,22.2106,0
            120.86462,22.21055,0
            120.86465,22.2105,0
            120.86467,22.21043,0
            120.86467,22.21039,0
            120.86468,22.21037,0
            120.86464,22.21027,0
            120.86452,22.21014,0
            120.86433,22.20983,0
            120.86427,22.20975,0
            120.86421,22.2097,0
            120.86412,22.20965,0
            120.86409,22.20965,0
            120.86405,22.20964,0
            120.86399,22.20964,0
            120.86376,22.20968,0
            120.86338,22.20972,0
            120.86287,22.20973,0
            120.86274,22.20972,0
            120.86264,22.2097,0
            120.86254,22.20969,0
            120.86253,22.20968,0
            120.86243,22.20966,0
            120.8623,22.20962,0
            120.86217,22.2096,0
            120.8619,22.2096,0
            120.86169,22.20957,0
            120.8616,22.20952,0
            120.86157,22.20949,0
            120.86148,22.20934,0
            120.8614,22.20923,0
            120.86127,22.20908,0
            120.86124,22.20906,0
            120.86112,22.20895,0
            120.8611,22.20892,0
            120.86108,22.20886,0
            120.86108,22.20883,0
            120.86107,22.2088,0
            120.86107,22.20869,0
            120.86102,22.20852,0
            120.86093,22.20828,0
            120.8609,22.20813,0
            120.8609,22.20809,0
            120.86087,22.20791,0
            120.86085,22.20784,0
            120.86085,22.20781,0
            120.86084,22.2078,0
            120.86084,22.20779,0
            120.8608,22.20775,0
            120.86076,22.20773,0
            120.86069,22.20771,0
            120.86062,22.2077,0
            120.85955,22.20787,0
            120.8594,22.20787,0
            120.85935,22.20785,0
            120.8593,22.20782,0
            120.85893,22.20749,0
            120.85882,22.20744,0
            120.85861,22.20737,0
            120.85856,22.20734,0
            120.85852,22.2073,0
            120.85851,22.2073,0
            120.8585,22.20728,0
            120.85848,22.20726,0
            120.85845,22.20713,0
            120.85845,22.2071,0
            120.85844,22.20705,0
            120.85845,22.207,0
            120.85845,22.20695,0
            120.85847,22.20686,0
            120.85853,22.20671,0
            120.85855,22.20668,0
            120.85869,22.20658,0
            120.85876,22.20654,0
            120.85885,22.20645,0
            120.85888,22.20639,0
            120.85888,22.20635,0
            120.85889,22.20634,0
            120.85889,22.20633,0
            120.85888,22.20632,0
            120.85888,22.20631,0
            120.85887,22.20629,0
            120.85884,22.20626,0
            120.85877,22.20623,0
            120.85873,22.20622,0
            120.85868,22.20622,0
            120.85861,22.20621,0
            120.8585,22.20621,0
            120.85805,22.20629,0
            120.85802,22.20629,0
            120.85797,22.2063,0
            120.85786,22.2063,0
            120.85783,22.20629,0
            120.8578,22.20629,0
            120.85778,22.20628,0
            120.85774,22.20625,0
            120.85768,22.20618,0
            120.85767,22.20616,0
            120.85766,22.20612,0
            120.85766,22.2061,0
            120.85765,22.20608,0
            120.85765,22.20606,0
            120.85766,22.20604,0
            120.85771,22.20587,0
            120.85772,22.20587,0
            120.85774,22.2058,0
            120.85774,22.20579,0
            120.85775,22.20576,0
            120.85775,22.20567,0
            120.85772,22.20561,0
            120.85765,22.20554,0
            120.85753,22.20547,0
            120.85739,22.20536,0
            120.85737,22.20533,0
            120.85735,22.20532,0
            120.85735,22.20531,0
            120.85731,22.20527,0
            120.85728,22.20526,0
            120.85727,22.20525,0
            120.85719,22.20523,0
            120.85717,22.20523,0
            120.85705,22.20521,0
            120.85697,22.20521,0
            120.85685,22.20523,0
            120.85683,22.20523,0
            120.85672,22.20527,0
            120.85669,22.20527,0
            120.85665,22.20528,0
            120.85656,22.20528,0
            120.8565,22.20526,0
            120.85637,22.20517,0
            120.85628,22.20512,0
            120.8561,22.20499,0
            120.85598,22.20492,0
            120.85585,22.20489,0
            120.85549,22.20486,0
            120.85542,22.20484,0
            120.85538,22.20484,0
            120.8553,22.2048,0
            120.85528,22.2048,0
            120.85525,22.20478,0
            120.85512,22.20475,0
            120.85504,22.20475,0
            120.85496,22.20478,0
            120.85494,22.2048,0
            120.85493,22.2048,0
            120.85484,22.20485,0
            120.85471,22.20494,0
            120.85465,22.205,0
            120.85462,22.20504,0
            120.85455,22.20524,0
            120.85452,22.20529,0
            120.85451,22.2053,0
            120.85446,22.20533,0
            120.85445,22.20534,0
            120.85418,22.20546,0
            120.85403,22.2055,0
            120.85298,22.20569,0
            120.85287,22.2057,0
            120.85279,22.20572,0
            120.85263,22.20572,0
            120.85239,22.20564,0
            120.85219,22.20555,0
            120.85192,22.20545,0
            120.85142,22.20534,0
            120.85125,22.20525,0
            120.85114,22.20516,0
            120.85107,22.20509,0
            120.85097,22.20495,0
            120.85095,22.2049,0
            120.85092,22.20485,0
            120.85084,22.20454,0
            120.85081,22.20437,0
            120.85074,22.20412,0
            120.85072,22.20408,0
            120.85069,22.20405,0
            120.85066,22.204,0
            120.84963,22.20305,0
            120.84953,22.20292,0
            120.84917,22.20174,0
            120.84907,22.20146,0
            120.84901,22.20133,0
            120.84874,22.20084,0
            120.84872,22.20079,0
            120.8487,22.20068,0
            120.84871,22.20053,0
            120.84883,22.19993,0
            120.84885,22.19975,0
            120.84886,22.19971,0
            120.84886,22.19967,0
            120.84887,22.19962,0
            120.84887,22.19949,0
            120.84883,22.19938,0
            120.84863,22.19915,0
            120.84825,22.19862,0
            120.84817,22.19848,0
            120.84814,22.19839,0
            120.84806,22.19729,0
            120.848,22.19682,0
            120.84798,22.19678,0
            120.84796,22.1967,0
            120.84788,22.19655,0
            120.84779,22.19647,0
            120.84734,22.19627,0
            120.84729,22.19624,0
            120.84724,22.19619,0
            120.84723,22.19617,0
            120.84721,22.19608,0
            120.84721,22.19604,0
            120.84738,22.19517,0
            120.84743,22.19498,0
            120.84749,22.19482,0
            120.84776,22.19443,0
            120.84805,22.1941,0
            120.84818,22.19392,0
            120.84818,22.1939,0
            120.8482,22.19386,0
            120.84807,22.19184,0
            120.84813,22.19143,0
            120.84815,22.19107,0
            120.84808,22.19037,0
            120.84805,22.18978,0
            120.84807,22.18959,0
            120.84809,22.18952,0
            120.84812,22.18945,0
            120.84825,22.18923,0
            120.8486,22.18879,0
            120.84864,22.1887,0
            120.84866,22.18867,0
            120.84866,22.18864,0
            120.84867,22.18861,0
            120.84866,22.18857,0
            120.84866,22.18853,0
            120.84865,22.18849,0
            120.84861,22.18841,0
            120.84854,22.18832,0
            120.84837,22.18815,0
            120.84829,22.18805,0
            120.84826,22.188,0
            120.84823,22.18793,0
            120.84821,22.18783,0
            120.84821,22.18767,0
            120.84828,22.18743,0
            120.84846,22.18698,0
            120.84853,22.18675,0
            120.84856,22.18657,0
            120.84856,22.18647,0
            120.84846,22.18602,0
            120.84786,22.18372,0
            120.84764,22.18307,0
            120.84761,22.18303,0
            120.84757,22.18299,0
            120.84704,22.18272,0
            120.84646,22.18239,0
            120.8464,22.18234,0
            120.84602,22.18181,0
            120.84593,22.18172,0
            120.84582,22.18164,0
            120.84581,22.18164,0
            120.84575,22.1816,0
            120.84553,22.18155,0
            120.84531,22.18154,0
            120.84525,22.18153,0
            120.84479,22.1815,0
            120.84452,22.18146,0
            120.84388,22.18124,0
            120.84363,22.18112,0
            120.84352,22.18105,0
            120.84346,22.18099,0
            120.84343,22.18095,0
            120.84341,22.18091,0
            120.84338,22.18076,0
            120.84338,22.18052,0
            120.84341,22.18038,0
            120.84345,22.1803,0
            120.84353,22.18019,0
            120.84361,22.1801,0
            120.84364,22.18005,0
            120.84368,22.18001,0
            120.84371,22.17996,0
            120.84371,22.17994,0
            120.84372,22.17992,0
            120.84372,22.17991,0
            120.84373,22.17989,0
            120.84373,22.17986,0
            120.84372,22.17984,0
            120.84372,22.17981,0
            120.8437,22.17976,0
            120.84367,22.17972,0
            120.84366,22.1797,0
            120.84359,22.17963,0
            120.84352,22.17959,0
            120.84351,22.17958,0
            120.84348,22.17957,0
            120.84324,22.17953,0
            120.84284,22.17952,0
            120.84275,22.17949,0
            120.84255,22.17938,0
            120.84246,22.17932,0
            120.84236,22.17928,0
            120.84221,22.17925,0
            120.84201,22.17923,0
            120.84178,22.17923,0
            120.84167,22.17925,0
            120.84141,22.17925,0
            120.84126,22.17919,0
            120.84123,22.17915,0
            120.84121,22.17914,0
            120.84118,22.17909,0
            120.84107,22.17885,0
            120.84097,22.17857,0
            120.84085,22.17798,0
            120.84085,22.17793,0
            120.84088,22.17778,0
            120.84104,22.17738,0
            120.84107,22.17725,0
            120.84107,22.17721,0
            120.84104,22.17714,0
            120.84102,22.17712,0
            120.84099,22.1771,0
            120.84093,22.17704,0
            120.84082,22.17698,0
            120.84062,22.17682,0
            120.84048,22.17665,0
            120.84038,22.1765,0
            120.84038,22.17649,0
            120.84024,22.1761,0
            120.84022,22.17608,0
            120.8402,22.17603,0
            120.84006,22.17595,0
            120.84001,22.17594,0
            120.83997,22.17594,0
            120.8399,22.17593,0
            120.83969,22.17593,0
            120.83931,22.17596,0
            120.83886,22.17603,0
            120.83874,22.17603,0
            120.83861,22.176,0
            120.83858,22.17598,0
            120.8378,22.17563,0
            120.8376,22.17593,0
            120.8378,22.17563,0
            120.8375,22.1755,0
            120.83736,22.17541,0
            120.83697,22.17506,0
            120.83663,22.17472,0
            120.8366,22.1747,0
            120.83658,22.17468,0
            120.83652,22.17465,0
            120.83649,22.17465,0
            120.83647,22.17464,0
            120.83643,22.17464,0
            120.83606,22.17471,0
            120.83581,22.17474,0
            120.83573,22.17474,0
            120.83566,22.17473,0
            120.83556,22.1747,0
            120.83551,22.17467,0
            120.83487,22.17402,0
            120.83478,22.1739,0
            120.83435,22.17348,0
            120.83419,22.1733,0
            120.83348,22.17267,0
            120.83287,22.17222,0
            120.83266,22.17217,0
            120.83254,22.17213,0
            120.83231,22.17199,0
            120.83215,22.17185,0
            120.83213,22.17182,0
            120.83213,22.17181,0
            120.83209,22.17173,0
            120.83209,22.17164,0
            120.83219,22.17104,0
            120.83219,22.1709,0
            120.83214,22.1708,0
            120.83189,22.17047,0
            120.83172,22.17018,0
            120.83141,22.16949,0
            120.83136,22.16941,0
            120.83128,22.16925,0
            120.83119,22.16912,0
            120.8311,22.16904,0
            120.83099,22.16897,0
            120.83013,22.16855,0
            120.82855,22.16753,0
            120.82845,22.16742,0
            120.82842,22.16735,0
            120.82842,22.16726,0
            120.82843,22.16723,0
            120.82843,22.1672,0
            120.82846,22.16713,0
            120.82847,22.16709,0
            120.82849,22.16705,0
            120.82849,22.16695,0
            120.82845,22.16678,0
            120.82825,22.16565,0
            120.8282,22.16548,0
            120.82814,22.16538,0
            120.82792,22.16513,0
            120.82779,22.16501,0
            120.82773,22.16494,0
            120.8277,22.16489,0
            120.82768,22.16482,0
            120.82766,22.1647,0
            120.82766,22.16463,0
            120.82774,22.16396,0
            120.82778,22.16378,0
            120.82784,22.16358,0
            120.82788,22.16351,0
            120.82792,22.16346,0
            120.82812,22.16328,0
            120.82816,22.16318,0
            120.82816,22.16313,0
            120.82815,22.16309,0
            120.82802,22.16291,0
            120.82733,22.16233,0
            120.82729,22.16232,0
            120.82727,22.1623,0
            120.82721,22.16227,0
            120.82713,22.16225,0
            120.82693,22.16223,0
            120.82665,22.16223,0
            120.82654,22.16226,0
            120.8264,22.16236,0
            120.82633,22.1624,0
            120.82626,22.16243,0
            120.82613,22.16247,0
            120.82597,22.16249,0
            120.82585,22.16248,0
            120.82543,22.16248,0
            120.82508,22.1625,0
            120.82468,22.16245,0
            120.82446,22.16238,0
            120.82444,22.16235,0
            120.82441,22.16233,0
            120.82412,22.16141,0
            120.82412,22.16139,0
            120.8241,22.16132,0
            120.82411,22.16115,0
            120.82422,22.16086,0
            120.82425,22.16075,0
            120.82427,22.1606,0
            120.82427,22.16025,0
            120.82428,22.16015,0
            120.82433,22.1599,0
            120.82432,22.15988,0
            120.82432,22.15986,0
            120.82431,22.15983,0
            120.82424,22.15972,0
            120.82417,22.15966,0
            120.82416,22.15964,0
            120.82404,22.15953,0
            120.82403,22.15951,0
            120.82398,22.15946,0
            120.82388,22.15931,0
            120.82387,22.15924,0
            120.82385,22.15886,0
            120.82385,22.15843,0
            120.82386,22.15834,0
            120.82387,22.15832,0
            120.82387,22.1583,0
            120.82389,22.15823,0
            120.8241,22.15775,0
            120.82417,22.15731,0
            120.82417,22.15726,0
            120.82418,22.15721,0
            120.82415,22.15711,0
            120.82415,22.15709,0
            120.82409,22.15702,0
            120.82405,22.15699,0
            120.82402,22.15698,0
            120.82395,22.15694,0
            120.82355,22.15681,0
            120.82327,22.15674,0
            120.8231,22.15671,0
            120.82308,22.1567,0
            120.82197,22.15647,0
            120.82197,22.15646,0
            120.82172,22.15637,0
            120.82165,22.15632,0
            120.82161,22.15628,0
            120.82159,22.15625,0
            120.82156,22.15617,0
            120.82146,22.1556,0
            120.82145,22.1555,0
            120.82146,22.1554,0
            120.82149,22.1553,0
            120.82166,22.15489,0
            120.82171,22.15472,0
            120.82171,22.15471,0
            120.8217,22.15467,0
            120.8217,22.15463,0
            120.82168,22.15458,0
            120.82166,22.15457,0
            120.82165,22.15455,0
            120.82161,22.15451,0
            120.82154,22.15448,0
            120.82151,22.15448,0
            120.82146,22.15447,0
            120.82121,22.1545,0
            120.821,22.15449,0
            120.82094,22.15448,0
            120.8208,22.15444,0
            120.82073,22.1544,0
            120.8207,22.15439,0
            120.82057,22.15431,0
            120.82055,22.15429,0
            120.82036,22.15416,0
            120.82028,22.15409,0
            120.81902,22.15319,0
            120.81878,22.15304,0
            120.8187,22.15296,0
            120.81861,22.15284,0
            120.81846,22.15258,0
            120.81843,22.15247,0
            120.8184,22.15223,0
            120.81841,22.15202,0
            120.8184,22.15176,0
            120.81838,22.15165,0
            120.81801,22.15089,0
            120.81799,22.15083,0
            120.81799,22.15071,0
            120.818,22.15068,0
            120.81821,22.15042,0
            120.81824,22.1503,0
            120.81824,22.15025,0
            120.81823,22.15017,0
            120.81817,22.15004,0
            120.81803,22.14986,0
            120.81794,22.14977,0
            120.81623,22.14853,0
            120.81614,22.1485,0
            120.81603,22.14845,0
            120.81557,22.14832,0
            120.81535,22.14823,0
            120.8153,22.1482,0
            120.81524,22.14814,0
            120.81512,22.14797,0
            120.81494,22.14776,0
            120.81486,22.14768,0
            120.81458,22.14744,0
            120.81458,22.14743,0
            120.81455,22.14742,0
            120.81451,22.14739,0
            120.81407,22.1472,0
            120.81371,22.14709,0
            120.81369,22.14708,0
            120.81355,22.14704,0
            120.81339,22.14703,0
            120.81328,22.14705,0
            120.81298,22.14723,0
            120.81296,22.14725,0
            120.81294,22.14726,0
            120.8129,22.14727,0
            120.81288,22.14728,0
            120.81284,22.14729,0
            120.81274,22.14729,0
            120.81271,22.14728,0
            120.81269,22.14728,0
            120.81264,22.14724,0
            120.81262,22.14723,0
            120.81256,22.14714,0
            120.81253,22.14707,0
            120.81253,22.147,0
            120.81279,22.14575,0
            120.81287,22.14547,0
            120.81289,22.14531,0
            120.81288,22.14506,0
            120.81278,22.14486,0
            120.81269,22.14473,0
            120.81252,22.14455,0
            120.81245,22.14449,0
            120.81239,22.14445,0
            120.81226,22.14439,0
            120.81213,22.14437,0
            120.81182,22.14435,0
            120.81162,22.14435,0
            120.81131,22.14437,0
            120.81125,22.14436,0
            120.81117,22.14432,0
            120.81116,22.14432,0
            120.81111,22.1443,0
            120.81107,22.14426,0
            120.81097,22.14418,0
            120.81081,22.14409,0
            120.81077,22.14408,0
            120.81075,22.14408,0
            120.8107,22.14407,0
            120.81067,22.14408,0
            120.81064,22.14408,0
            120.80922,22.14436,0
            120.80914,22.14436,0
            120.80911,22.14437,0
            120.80839,22.14437,0
            120.80836,22.14438,0
            120.80794,22.14443,0
            120.80777,22.14442,0
            120.80771,22.1444,0
            120.80764,22.14439,0
            120.80749,22.14432,0
            120.80745,22.14429,0
            120.80737,22.14421,0
            120.80733,22.1441,0
            120.80731,22.14398,0
            120.80732,22.14388,0
            120.80736,22.14373,0
            120.80749,22.14345,0
            120.80752,22.1434,0
            120.80758,22.14319,0
            120.80761,22.143,0
            120.80763,22.14276,0
            120.80762,22.14215,0
            120.80759,22.14197,0
            120.80757,22.14191,0
            120.80751,22.14185,0
            120.80738,22.14178,0
            120.80715,22.14169,0
            120.80678,22.14152,0
            120.80673,22.14149,0
            120.80662,22.14144,0
            120.80654,22.14138,0
            120.8065,22.14134,0
            120.80627,22.14103,0
            120.80625,22.14101,0
            120.80614,22.14086,0
            120.80604,22.14077,0
            120.80584,22.14064,0
            120.80582,22.14062,0
            120.80519,22.14029,0
            120.80486,22.14018,0
            120.8048,22.14018,0
            120.80477,22.14017,0
            120.80447,22.14016,0
            120.80444,22.14015,0
            120.80441,22.14015,0
            120.80441,22.14014,0
            120.80437,22.14013,0
            120.80433,22.14011,0
            120.80429,22.14007,0
            120.80428,22.14004,0
            120.80427,22.14003,0
            120.80425,22.1399,0
            120.80426,22.13974,0
            120.80425,22.13966,0
            120.80423,22.1396,0
            120.8042,22.13954,0
            120.80409,22.13937,0
            120.80407,22.13935,0
            120.80379,22.13893,0
            120.80374,22.13888,0
            120.80371,22.13886,0
            120.80369,22.13884,0
            120.80362,22.13882,0
            120.8036,22.13881,0
            120.80356,22.13881,0
            120.80353,22.13882,0
            120.8035,22.13882,0
            120.80346,22.13884,0
            120.80345,22.13885,0
            120.80343,22.13886,0
            120.80342,22.13887,0
            120.8034,22.13888,0
            120.80339,22.13889,0
            120.80336,22.13895,0
            120.80333,22.13908,0
            120.80329,22.13915,0
            120.80327,22.13916,0
            120.80326,22.13917,0
            120.80324,22.13918,0
            120.80323,22.13919,0
            120.80316,22.13919,0
            120.80313,22.13917,0
            120.80308,22.13915,0
            120.80298,22.13902,0
            120.80296,22.13898,0
            120.80296,22.13897,0
            120.80295,22.13896,0
            120.80294,22.13893,0
            120.80294,22.13886,0
            120.80299,22.13847,0
            120.80308,22.13808,0
            120.8031,22.13789,0
            120.8031,22.13781,0
            120.80308,22.13767,0
            120.80302,22.13752,0
            120.80286,22.1373,0
            120.80284,22.13726,0
            120.80284,22.13725,0
            120.80283,22.13721,0
            120.80283,22.13707,0
            120.80284,22.13705,0
            120.80286,22.13696,0
            120.80288,22.13691,0
            120.80294,22.13683,0
            120.80319,22.13655,0
            120.80324,22.13647,0
            120.80329,22.13641,0
            120.80332,22.13636,0
            120.80333,22.13633,0
            120.80333,22.13627,0
            120.80334,22.13623,0
            120.80332,22.13618,0
            120.80329,22.13614,0
            120.80325,22.13611,0
            120.80323,22.1361,0
            120.80319,22.13609,0
            120.80315,22.13609,0
            120.80264,22.13625,0
            120.80256,22.13626,0
            120.80253,22.13627,0
            120.80246,22.13628,0
            120.80226,22.13628,0
            120.80217,22.13627,0
            120.80196,22.13627,0
            120.80184,22.1363,0
            120.80177,22.13633,0
            120.80167,22.13641,0
            120.80151,22.13659,0
            120.80145,22.13664,0
            120.8014,22.13667,0
            120.80137,22.13668,0
            120.80129,22.13668,0
            120.80124,22.13667,0
            120.80104,22.1366,0
            120.80089,22.13651,0
            120.80024,22.13617,0
            120.80009,22.13612,0
            120.79997,22.1361,0
            120.79989,22.13611,0
            120.79974,22.13616,0
            120.79938,22.13632,0
            120.79925,22.13636,0
            120.79921,22.13635,0
            120.79916,22.13635,0
            120.79909,22.13632,0
            120.79906,22.1363,0
            120.79902,22.13626,0
            120.79901,22.13624,0
            120.79901,22.13623,0
            120.79899,22.13619,0
            120.79897,22.13597,0
            120.79898,22.1355,0
            120.799,22.13539,0
            120.79903,22.13531,0
            120.79914,22.13508,0
            120.79915,22.13507,0
            120.79922,22.13491,0
            120.79933,22.13471,0
            120.79939,22.13446,0
            120.79939,22.13434,0
            120.79935,22.1342,0
            120.79929,22.13409,0
            120.79877,22.1333,0
            120.79874,22.13327,0
            120.79828,22.13259,0
            120.79806,22.13236,0
            120.79783,22.13222,0
            120.79779,22.13221,0
            120.7977,22.13221,0
            120.79764,22.13223,0
            120.79756,22.13227,0
            120.79752,22.13231,0
            120.7975,22.13234,0
            120.79734,22.13248,0
            120.79721,22.13255,0
            120.79714,22.1326,0
            120.79702,22.13271,0
            120.79695,22.13274,0
            120.79687,22.13274,0
            120.79681,22.13273,0
            120.79673,22.1327,0
            120.79661,22.13261,0
            120.79648,22.13246,0
            120.79614,22.13191,0
            120.79611,22.13185,0
            120.79604,22.13176,0
            120.796,22.13173,0
            120.79596,22.13171,0
            120.7959,22.1317,0
            120.79557,22.1317,0
            120.79552,22.13171,0
            120.79541,22.13168,0
            120.79539,22.13166,0
            120.79534,22.13164,0
            120.79523,22.13155,0
            120.79516,22.13145,0
            120.79511,22.13132,0
            120.7951,22.13126,0
            120.79512,22.1306,0
            120.79511,22.13057,0
            120.79511,22.13054,0
            120.79509,22.13052,0
            120.79509,22.13051,0
            120.79507,22.13049,0
            120.79501,22.13049,0
            120.79497,22.1305,0
            120.79495,22.1305,0
            120.79491,22.13051,0
            120.7949,22.13051,0
            120.79479,22.13058,0
            120.79475,22.13062,0
            120.79475,22.13063,0
            120.7947,22.13069,0
            120.79465,22.13077,0
            120.79465,22.13078,0
            120.7946,22.13085,0
            120.79443,22.13115,0
            120.79438,22.13121,0
            120.7943,22.13126,0
            120.79428,22.13126,0
            120.7942,22.13128,0
            120.79416,22.13128,0
            120.79416,22.13127,0
            120.79413,22.13127,0
            120.79409,22.13126,0
            120.79399,22.13121,0
            120.79349,22.1308,0
            120.79346,22.13076,0
            120.79327,22.1306,0
            120.79317,22.1305,0
            120.79285,22.13023,0
            120.79276,22.13019,0
            120.79244,22.13013,0
            120.79228,22.13013,0
            120.79211,22.13016,0
            120.79141,22.13024,0
            120.79124,22.13022,0
            120.79101,22.13012,0
            120.7909,22.13003,0
            120.7908,22.12993,0
            120.79075,22.12986,0
            120.79073,22.12981,0
            120.7907,22.12976,0
            120.79064,22.12962,0
            120.79033,22.12865,0
            120.79026,22.12849,0
            120.79026,22.12848,0
            120.79003,22.12806,0
            120.79,22.12803,0
            120.78999,22.128,0
            120.78992,22.12791,0
            120.78982,22.12781,0
            120.78978,22.12779,0
            120.78968,22.12776,0
            120.78965,22.12776,0
            120.78962,22.12775,0
            120.78959,22.12775,0
            120.78956,22.12774,0
            120.7894,22.12774,0
            120.78925,22.1278,0
            120.78918,22.12787,0
            120.78917,22.12789,0
            120.78916,22.1279,0
            120.78914,22.12794,0
            120.78914,22.12796,0
            120.78913,22.12799,0
            120.78913,22.12809,0
            120.78925,22.12859,0
            120.7893,22.12888,0
            120.78931,22.12983,0
            120.78929,22.13022,0
            120.78923,22.13043,0
            120.78916,22.13055,0
            120.78909,22.13064,0
            120.78902,22.13071,0
            120.78888,22.13082,0
            120.78838,22.131,0
            120.78814,22.13111,0
            120.78801,22.13123,0
            120.78797,22.13128,0
            120.78791,22.13139,0
            120.78784,22.13149,0
            120.78782,22.13153,0
            120.78778,22.13157,0
            120.78774,22.1316,0
            120.78763,22.13163,0
            120.78754,22.13163,0
            120.78752,22.13162,0
            120.78745,22.1316,0
            120.78743,22.13158,0
            120.7874,22.13156,0
            120.78736,22.13152,0
            120.78733,22.13143,0
            120.78733,22.13132,0
            120.78735,22.13127,0
            120.7874,22.1312,0
            120.78744,22.13116,0
            120.78761,22.13093,0
            120.78765,22.1309,0
            120.7877,22.13084,0
            120.78849,22.1302,0
            120.78855,22.13014,0
            120.7886,22.13007,0
            120.78862,22.13002,0
            120.78863,22.12997,0
            120.78863,22.12989,0
            120.78861,22.12978,0
            120.78859,22.12975,0
            120.78859,22.12974,0
            120.78856,22.12968,0
            120.78847,22.12956,0
            120.78823,22.12917,0
            120.7882,22.1291,0
            120.78811,22.12894,0
            120.78807,22.12884,0
            120.78804,22.12871,0
            120.78802,22.12857,0
            120.78792,22.12818,0
            120.78784,22.12796,0
            120.78778,22.12785,0
            120.78766,22.12769,0
            120.78754,22.12757,0
            120.78739,22.12747,0
            120.78675,22.12719,0
            120.78673,22.12719,0
            120.78644,22.12705,0
            120.78632,22.12701,0
            120.78609,22.12691,0
            120.7859,22.1268,0
            120.78566,22.12664,0
            120.78552,22.12651,0
            120.7855,22.12648,0
            120.7854,22.12637,0
            120.78535,22.12634,0
            120.78533,22.12632,0
            120.78522,22.12625,0
            120.78516,22.12623,0
            120.78511,22.12623,0
            120.78508,22.12622,0
            120.78505,22.12622,0
            120.785,22.12623,0
            120.78497,22.12623,0
            120.78495,22.12624,0
            120.78492,22.12624,0
            120.78483,22.12628,0
            120.78474,22.12635,0
            120.78472,22.12635,0
            120.78467,22.12639,0
            120.78462,22.12642,0
            120.78458,22.12646,0
            120.78446,22.12654,0
            120.78436,22.12663,0
            120.78429,22.12671,0
            120.78425,22.12677,0
            120.78422,22.12685,0
            120.78422,22.12692,0
            120.78421,22.12693,0
            120.78421,22.12695,0
            120.78423,22.12699,0
            120.78423,22.127,0
            120.78427,22.12711,0
            120.78429,22.12713,0
            120.7843,22.12715,0
            120.78431,22.12715,0
            120.78432,22.12717,0
            120.78436,22.12719,0
            120.78438,22.12721,0
            120.78447,22.12724,0
            120.78448,22.12725,0
            120.78462,22.12729,0
            120.78485,22.12733,0
            120.78487,22.12733,0
            120.78523,22.12739,0
            120.78581,22.12755,0
            120.78585,22.12757,0
            120.78589,22.12758,0
            120.78604,22.12767,0
            120.78607,22.1277,0
            120.78611,22.12776,0
            120.78615,22.12786,0
            120.78615,22.1279,0
            120.78616,22.12794,0
            120.78616,22.12812,0
            120.78613,22.12821,0
            120.78603,22.12836,0
            120.78575,22.1287,0
            120.78568,22.12873,0
            120.78567,22.12874,0
            120.78565,22.12874,0
            120.78562,22.12876,0
            120.78558,22.12877,0
            120.78556,22.12878,0
            120.78545,22.12878,0
            120.78538,22.12875,0
            120.78534,22.12874,0
            120.78529,22.12871,0
            120.78447,22.12801,0
            120.78437,22.12791,0
            120.78423,22.12779,0
            120.78414,22.12774,0
            120.784,22.1277,0
            120.78397,22.1277,0
            120.78388,22.12767,0
            120.78372,22.12767,0
            120.78369,22.12768,0
            120.78358,22.12769,0
            120.7827,22.12788,0
            120.78266,22.12788,0
            120.78246,22.12792,0
            120.78127,22.12835,0
            120.78121,22.12836,0
            120.78117,22.12838,0
            120.78111,22.12839,0
            120.78106,22.12841,0
            120.78104,22.12841,0
            120.78091,22.12844,0
            120.78053,22.1285,0
            120.78007,22.12854,0
            120.77979,22.12859,0
            120.77907,22.12882,0
            120.77905,22.12883,0
            120.779,22.12884,0
            120.77884,22.1289,0
            120.77873,22.12893,0
            120.77853,22.12893,0
            120.77844,22.12891,0
            120.77833,22.12887,0
            120.77811,22.12874,0
            120.77807,22.12871,0
            120.77752,22.1284,0
            120.77596,22.12764,0
            120.77539,22.12722,0
            120.77499,22.12684,0
            120.77486,22.1267,0
            120.77474,22.12651,0
            120.77403,22.12563,0
            120.77359,22.12517,0
            120.77265,22.12428,0
            120.77263,22.12427,0
            120.77237,22.12404,0
            120.77206,22.12381,0
            120.77053,22.12283,0
            120.77048,22.12279,0
            120.77045,22.12275,0
            120.77033,22.12263,0
            120.7703,22.12261,0
            120.77027,22.12256,0
            120.77024,22.12253,0
            120.77022,22.12249,0
            120.77004,22.12222,0
            120.76998,22.12215,0
            120.76998,22.12214,0
            120.76992,22.12205,0
            120.76971,22.12184,0
            120.76928,22.12153,0
            120.76926,22.12151,0
            120.76905,22.12137,0
            120.76899,22.12135,0
            120.76876,22.12131,0
            120.76866,22.12131,0
            120.76859,22.12132,0
            120.76853,22.12132,0
            120.76833,22.12135,0
            120.76819,22.12139,0
            120.76804,22.12141,0
            120.76789,22.12141,0
            120.76784,22.1214,0
            120.76778,22.1214,0
            120.76773,22.12139,0
            120.7677,22.12139,0
            120.76754,22.12133,0
            120.76743,22.1213,0
            120.76688,22.12107,0
            120.76686,22.12107,0
            120.76682,22.12104,0
            120.76677,22.12102,0
            120.76671,22.12098,0
            120.76666,22.12096,0
            120.76639,22.12074,0
            120.76628,22.12062,0
            120.7658,22.12016,0
            120.76558,22.11991,0
            120.76547,22.11976,0
            120.76537,22.11955,0
            120.7653,22.11933,0
            120.76504,22.11811,0
            120.76493,22.11768,0
            120.76493,22.11765,0
            120.76492,22.11762,0
            120.76492,22.11729,0
            120.76524,22.116,0
            120.76531,22.11585,0
            120.76546,22.11568,0
            120.76555,22.11556,0
            120.7657,22.11532,0
            120.76576,22.11519,0
            120.76587,22.11485,0
            120.76588,22.11477,0
            120.76588,22.11452,0
            120.76585,22.1144,0
            120.76578,22.11426,0
            120.76572,22.11417,0
            120.7656,22.11404,0
            120.76549,22.11396,0
            120.76528,22.11386,0
            120.76511,22.11382,0
            120.76387,22.11379,0
            120.76348,22.1137,0
            120.76346,22.11369,0
            120.76317,22.11361,0
            120.76278,22.11343,0
            120.76278,22.11342,0
            120.76264,22.11331,0
            120.76262,22.1133,0
            120.76242,22.11309,0
            120.76232,22.113,0
            120.76227,22.11293,0
            120.76224,22.1129,0
            120.76222,22.11287,0
            120.7622,22.11285,0
            120.76215,22.11278,0
            120.762,22.11264,0
            120.76181,22.1125,0
            120.76179,22.11248,0
            120.76148,22.11229,0
            120.76126,22.11212,0
            120.76115,22.11198,0
            120.76107,22.11184,0
            120.76093,22.11164,0
            120.76092,22.1116,0
            120.76093,22.11151,0
            120.76099,22.11125,0
            120.76106,22.1111,0
            120.76113,22.11087,0
            120.76115,22.11083,0
            120.76119,22.11069,0
            120.7612,22.11048,0
            120.76119,22.11025,0
            120.7612,22.10996,0
            120.76114,22.10962,0
            120.76113,22.10935,0
            120.76126,22.10856,0
            120.76143,22.10797,0
            120.76153,22.10779,0
            120.76178,22.10744,0
            120.76198,22.1072,0
            120.76212,22.10707,0
            120.76247,22.10681,0
            120.76253,22.10678,0
            120.76266,22.10669,0
            120.76279,22.10656,0
            120.7629,22.10643,0
            120.76294,22.10636,0
            120.76298,22.10626,0
            120.76303,22.10617,0
            120.76308,22.10603,0
            120.76313,22.10594,0
            120.76321,22.10568,0
            120.76325,22.1054,0
            120.76336,22.10192,0
            120.76334,22.1018,0
            120.76334,22.10171,0
            120.76329,22.10158,0
            120.76327,22.10156,0
            120.76325,22.10151,0
            120.76316,22.10141,0
            120.76308,22.10134,0
            120.76306,22.10133,0
            120.76305,22.10131,0
            120.76302,22.1013,0
            120.76301,22.1013,0
            120.76299,22.10128,0
            120.76293,22.10126,0
            120.76285,22.10122,0
            120.76278,22.1012,0
            120.76275,22.1012,0
            120.76272,22.10119,0
            120.76262,22.10119,0
            120.76259,22.10118,0
            120.76247,22.10118,0
            120.76244,22.10119,0
            120.76236,22.10119,0
            120.76221,22.10124,0
            120.76196,22.10128,0
            120.76179,22.10128,0
            120.76174,22.10127,0
            120.76169,22.10127,0
            120.76166,22.10126,0
            120.76165,22.10126,0
            120.7615,22.10122,0
            120.76093,22.10099,0
            120.76049,22.10079,0
            120.75989,22.10057,0
            120.75972,22.10054,0
            120.75967,22.10054,0
            120.75957,22.10052,0
            120.75724,22.10044,0
            120.75715,22.10043,0
            120.75627,22.1004,0
            120.75588,22.10035,0
            120.75565,22.1003,0
            120.75533,22.10018,0
            120.75499,22.10001,0
            120.75362,22.09897,0
            120.75318,22.09866,0
            120.75286,22.09836,0
            120.75265,22.09812,0
            120.75167,22.09683,0
            120.75086,22.09583,0
            120.75084,22.09582,0
            120.75068,22.09568,0
            120.74907,22.09441,0
            120.74763,22.09321,0
            120.74762,22.09294,0
            120.74771,22.09126,0
            120.74769,22.09119,0
            120.74769,22.09118,0
            120.74767,22.0911,0
            120.74763,22.09103,0
            120.74752,22.0909,0
            120.74732,22.09079,0
            120.74647,22.09052,0
            120.74634,22.09045,0
            120.74633,22.09045,0
            120.74618,22.09036,0
            120.7456,22.08989,0
            120.74495,22.08918,0
            120.74468,22.08881,0
            120.74466,22.08879,0
            120.74462,22.08873,0
            120.74432,22.08842,0
            120.74399,22.08818,0
            120.74384,22.08801,0
            120.74372,22.08784,0
            120.74367,22.08773,0
            120.74362,22.08765,0
            120.74356,22.08753,0
            120.74352,22.0873,0
            120.74353,22.08707,0
            120.7435,22.08645,0
            120.74335,22.08604,0
            120.74325,22.08587,0
            120.74315,22.08576,0
            120.74296,22.0856,0
            120.74294,22.08559,0
            120.74269,22.08539,0
            120.74234,22.08521,0
            120.74211,22.08514,0
            120.74184,22.08509,0
            120.74173,22.08506,0
            120.74172,22.08506,0
            120.74147,22.08492,0
            120.74131,22.08485,0
            120.74102,22.08479,0
            120.74085,22.08477,0
            120.74058,22.08479,0
            120.74053,22.0848,0
            120.74047,22.0848,0
            120.74044,22.08481,0
            120.74041,22.08481,0
            120.74033,22.08483,0
            120.74022,22.08483,0
            120.74015,22.08484,0
            120.74009,22.08483,0
            120.74006,22.08483,0
            120.73996,22.08481,0
            120.73987,22.08478,0
            120.73986,22.08478,0
            120.73961,22.0847,0
            120.73942,22.08466,0
            120.73637,22.08425,0
            120.73565,22.08418,0
            120.73562,22.08417,0
            120.73519,22.08414,0
            120.73505,22.08412,0
            120.73485,22.08407,0
            120.73475,22.08403,0
            120.73458,22.08392,0
            120.73438,22.08375,0
            120.73414,22.0835,0
            120.73404,22.08335,0
            120.73395,22.08312,0
            120.73393,22.08303,0
            120.73391,22.0827,0
            120.73392,22.08234,0
            120.73396,22.08217,0
            120.73407,22.08184,0
            120.73407,22.08182,0
            120.73409,22.08178,0
            120.73409,22.08159,0
            120.73385,22.07986,0
            120.73383,22.07978,0
            120.73379,22.07951,0
            120.73378,22.07949,0
            120.73376,22.07939,0
            120.73051,22.07491,0
            120.73035,22.07474,0
            120.73001,22.07422,0
            120.72992,22.074,0
            120.72973,22.0732,0
            120.72968,22.07289,0
            120.72963,22.07276,0
            120.72959,22.0727,0
            120.72947,22.07257,0
            120.72946,22.07257,0
            120.72928,22.07247,0
            120.72917,22.07243,0
            120.72916,22.07243,0
            120.72906,22.07238,0
            120.72903,22.07237,0
            120.72899,22.07233,0
            120.72877,22.07223,0
            120.72843,22.07211,0
            120.72806,22.072,0
            120.72721,22.07193,0
            120.72766,22.07108,0
            120.72799,22.07056,0
            120.72851,22.06982,0
            120.72858,22.06969,0
            120.7286,22.06964,0
            120.72864,22.06948,0
            120.72864,22.06936,0
            120.72854,22.06857,0
            120.72854,22.06844,0
            120.72873,22.06785,0
            120.72878,22.0676,0
            120.72877,22.06746,0
            120.72859,22.06726,0
            120.72857,22.06721,0
            120.7285,22.06711,0
            120.72842,22.06693,0
            120.72831,22.06638,0
            120.72829,22.06612,0
            120.72828,22.06607,0
            120.72825,22.06601,0
            120.72823,22.06595,0
            120.7273,22.06465,0
            120.7272,22.06446,0
            120.72717,22.06437,0
            120.72714,22.06421,0
            120.72715,22.06407,0
            120.72732,22.06355,0
            120.73008,22.05748,0
            120.73032,22.05701,0
            120.73057,22.05664,0
            120.7308,22.05625,0
            120.73085,22.05612,0
            120.73089,22.05588,0
            120.7309,22.05574,0
            120.73095,22.05553,0
            120.73112,22.05441,0
            120.73217,22.05318,0
            120.73278,22.05271,0
            120.73272,22.05255,0
            120.73268,22.05235,0
            120.73264,22.05184,0
            120.73265,22.05135,0
            120.73263,22.05049,0
            120.73271,22.05014,0
            120.73315,22.04895,0
            120.73339,22.04789,0
            120.73342,22.0478,0
            120.73343,22.04775,0
            120.73437,22.04554,0
            120.73446,22.04536,0
            120.73455,22.04512,0
            120.73586,22.04212,0
            120.7359,22.04205,0
            120.7376,22.03817,0
            120.73764,22.03797,0
            120.7377,22.03779,0
            120.73773,22.03765,0
            120.73773,22.0376,0
            120.73763,22.03752,0
            120.73788,22.03713,0
            120.73817,22.03642,0
            120.73912,22.03387,0
            120.74019,22.03118,0
            120.74137,22.02839,0
            120.74138,22.02835,0
            120.7425,22.02563,0
            120.74258,22.0254,0
            120.74317,22.02399,0
            120.74374,22.02128,0
            120.74387,22.02012,0
            120.7439,22.01999,0
            120.74389,22.01991,0
            120.74391,22.0197,0
            120.74392,22.01857,0
            120.74413,22.01636,0
            120.74409,22.01573,0
            120.74419,22.01573,0
            120.74422,22.01568,0
            120.74422,22.01558,0
            120.74428,22.0151,0
            120.74434,22.01408,0
            120.74447,22.01261,0
            120.74447,22.01233,0
            120.74429,22.01146,0
            120.74393,22.01,0
            120.7452,22.0096,0
            120.74604,22.00937,0
            120.74619,22.00934,0
            120.74671,22.00917,0
            120.74762,22.00892,0
            120.7483,22.0087,0
            120.74816,22.00846,0
            120.74803,22.0082,0
            120.74785,22.00772,0
            120.74769,22.00716,0
            120.74751,22.00665,0
            120.74721,22.00554,0
            120.74647,22.00568,0
          </coordinates>
        </LineString>
      </Placemark>
      <Placemark>
        <name>臺東縣臺東市馬蘭里新生路641巷臺東縣立新生國民中學</name>
        <styleUrl>#icon-1899-DB4436-nodesc</styleUrl>
        <Point>
          <coordinates>
            121.1355646,22.7618763,0
          </coordinates>
        </Point>
      </Placemark>
      <Placemark>
        <name>臺東縣太麻里鄉泰和村外環路7-ELEVEN 新太麻里門市</name>
        <styleUrl>#icon-1899-DB4436-nodesc</styleUrl>
        <Point>
          <coordinates>
            121.0057972,22.609758,0
          </coordinates>
        </Point>
      </Placemark>
      <Placemark>
        <name>臺東縣大武鄉尚武村環港路7-ELEVEN 尚武門市</name>
        <styleUrl>#icon-1899-DB4436-nodesc</styleUrl>
        <Point>
          <coordinates>
            120.8931748,22.3398321,0
          </coordinates>
        </Point>
      </Placemark>
      <Placemark>
        <name>屏東縣獅子鄉壽卡鐵馬驛站壽卡鐵馬驛站</name>
        <styleUrl>#icon-1899-DB4436-nodesc</styleUrl>
        <Point>
          <coordinates>
            120.8357315,22.2453261,0
          </coordinates>
        </Point>
      </Placemark>
      <Placemark>
        <name>屏東縣牡丹鄉牡丹村牡丹路屏東縣牡丹鄉牡丹國民小學</name>
        <styleUrl>#icon-1899-DB4436-nodesc</styleUrl>
        <Point>
          <coordinates>
            120.8376019,22.1759317,0
          </coordinates>
        </Point>
      </Placemark>
      <Placemark>
        <name>944台灣屏東縣車城鄉保力村保力路35之1號</name>
        <styleUrl>#icon-1899-DB4436-nodesc</styleUrl>
        <Point>
          <coordinates>
            120.7307579,22.0563139,0
          </coordinates>
        </Point>
      </Placemark>
      <Placemark>
        <name>屏東縣恆春鎮城北里北門路39巷屏東縣恆春鎮恆春國民小學</name>
        <styleUrl>#icon-1899-DB4436-nodesc</styleUrl>
        <Point>
          <coordinates>
            120.746469,22.0056763,0
          </coordinates>
        </Point>
      </Placemark>
    </Folder>
  </Document>
</kml>
