<?xml version="1.0" encoding="UTF-8"?>
<kml xmlns="http://www.opengis.net/kml/2.2">
  <Document>
    <name>2026環島Day3</name>
    <description>新竹→新北</description>
    <Style id="icon-1899-DB4436-nodesc-normal">
      <IconStyle>
        <color>ff3644db</color>
        <scale>1</scale>
        <Icon>
          <href>https://www.gstatic.com/mapspro/images/stock/503-wht-blank_maps.png</href>
        </Icon>
        <hotSpot x="32" xunits="pixels" y="64" yunits="insetPixels"/>
      </IconStyle>
      <LabelStyle>
        <scale>0</scale>
      </LabelStyle>
      <BalloonStyle>
        <text><![CDATA[<h3>$[name]</h3>]]></text>
      </BalloonStyle>
    </Style>
    <Style id="icon-1899-DB4436-nodesc-highlight">
      <IconStyle>
        <color>ff3644db</color>
        <scale>1</scale>
        <Icon>
          <href>https://www.gstatic.com/mapspro/images/stock/503-wht-blank_maps.png</href>
        </Icon>
        <hotSpot x="32" xunits="pixels" y="64" yunits="insetPixels"/>
      </IconStyle>
      <LabelStyle>
        <scale>1</scale>
      </LabelStyle>
      <BalloonStyle>
        <text><![CDATA[<h3>$[name]</h3>]]></text>
      </BalloonStyle>
    </Style>
    <StyleMap id="icon-1899-DB4436-nodesc">
      <Pair>
        <key>normal</key>
        <styleUrl>#icon-1899-DB4436-nodesc-normal</styleUrl>
      </Pair>
      <Pair>
        <key>highlight</key>
        <styleUrl>#icon-1899-DB4436-nodesc-highlight</styleUrl>
      </Pair>
    </StyleMap>
    <Style id="line-1267FF-5000-nodesc-normal">
      <LineStyle>
        <color>ffff6712</color>
        <width>5</width>
      </LineStyle>
      <BalloonStyle>
        <text><![CDATA[<h3>$[name]</h3>]]></text>
      </BalloonStyle>
    </Style>
    <Style id="line-1267FF-5000-nodesc-highlight">
      <LineStyle>
        <color>ffff6712</color>
        <width>7.5</width>
      </LineStyle>
      <BalloonStyle>
        <text><![CDATA[<h3>$[name]</h3>]]></text>
      </BalloonStyle>
    </Style>
    <StyleMap id="line-1267FF-5000-nodesc">
      <Pair>
        <key>normal</key>
        <styleUrl>#line-1267FF-5000-nodesc-normal</styleUrl>
      </Pair>
      <Pair>
        <key>highlight</key>
        <styleUrl>#line-1267FF-5000-nodesc-highlight</styleUrl>
      </Pair>
    </StyleMap>
    <Folder>
      <name>(未命名的圖層)</name>
    </Folder>
    <Folder>
      <name>新竹→關西</name>
      <Placemark>
        <name>新竹→關西</name>
        <styleUrl>#line-1267FF-5000-nodesc</styleUrl>
        <LineString>
          <tessellate>1</tessellate>
          <coordinates>
            120.97812,24.79456,0
            120.97876,24.79479,0
            120.97892,24.79485,0
            120.97932,24.795,0
            120.97968,24.79513,0
            120.97996,24.79523,0
            120.98015,24.7953,0
            120.98054,24.79543,0
            120.98129,24.7957,0
            120.98189,24.79593,0
            120.98242,24.79612,0
            120.98345,24.7965,0
            120.98433,24.79681,0
            120.98451,24.79688,0
            120.98532,24.79716,0
            120.98541,24.79721,0
            120.98547,24.79728,0
            120.98561,24.79749,0
            120.9861,24.79872,0
            120.98626,24.7991,0
            120.9863,24.79921,0
            120.98636,24.79935,0
            120.98655,24.7998,0
            120.98677,24.80036,0
            120.98686,24.80054,0
            120.98691,24.80066,0
            120.98706,24.80101,0
            120.9879,24.80073,0
            120.98829,24.8006,0
            120.98852,24.80052,0
            120.9886,24.80049,0
            120.98885,24.80041,0
            120.98915,24.80031,0
            120.98963,24.80015,0
            120.98971,24.80024,0
            120.98976,24.80034,0
            120.98983,24.80046,0
            120.98997,24.80071,0
            120.99,24.80076,0
            120.99013,24.80098,0
            120.99022,24.80112,0
            120.99046,24.80155,0
            120.99082,24.80219,0
            120.99084,24.80223,0
            120.99084,24.80224,0
            120.99114,24.80274,0
            120.9916,24.80349,0
            120.99163,24.80355,0
            120.9917,24.80368,0
            120.99298,24.80319,0
            120.99337,24.80383,0
            120.99376,24.80446,0
            120.99388,24.80469,0
            120.99394,24.8048,0
            120.994,24.80491,0
            120.99404,24.80499,0
            120.9929,24.80552,0
            120.9928,24.80556,0
            120.99269,24.80561,0
            120.99199,24.80603,0
            120.99075,24.80678,0
            120.99072,24.8068,0
            120.99062,24.80685,0
            120.99051,24.80692,0
            120.98981,24.80733,0
            120.98913,24.80774,0
            120.98883,24.80792,0
            120.9887,24.80803,0
            120.98863,24.80796,0
            120.98848,24.80815,0
            120.98827,24.80841,0
            120.98816,24.80856,0
            120.98768,24.80913,0
            120.98766,24.80916,0
            120.98764,24.80919,0
            120.98754,24.80934,0
            120.98739,24.80949,0
            120.98727,24.80963,0
            120.98714,24.8098,0
            120.98703,24.80993,0
            120.98679,24.81024,0
            120.98662,24.81048,0
            120.98656,24.81056,0
            120.98651,24.81064,0
            120.98643,24.81073,0
            120.98642,24.81075,0
            120.98637,24.81083,0
            120.98635,24.81086,0
            120.98635,24.81087,0
            120.9863,24.81096,0
            120.98628,24.81103,0
            120.98626,24.81108,0
            120.98623,24.81122,0
            120.98622,24.81133,0
            120.98622,24.81136,0
            120.98621,24.81148,0
            120.98621,24.81208,0
            120.98622,24.81222,0
            120.98622,24.81236,0
            120.98622,24.81284,0
            120.9862,24.81311,0
            120.98617,24.81327,0
            120.98613,24.81344,0
            120.98603,24.81367,0
            120.98595,24.81385,0
            120.98592,24.81392,0
            120.98588,24.81402,0
            120.9858,24.81418,0
            120.98573,24.81435,0
            120.98569,24.81447,0
            120.98566,24.81458,0
            120.98549,24.81497,0
            120.98643,24.81507,0
            120.98734,24.81511,0
            120.98813,24.81516,0
            120.98894,24.81521,0
            120.9891,24.81522,0
            120.99154,24.81539,0
            120.99167,24.81541,0
            120.99184,24.81545,0
            120.99255,24.81569,0
            120.99277,24.81577,0
            120.99323,24.81595,0
            120.9934,24.81602,0
            120.99357,24.81608,0
            120.99361,24.81613,0
            120.99367,24.81619,0
            120.99377,24.81633,0
            120.99435,24.81716,0
            120.99435,24.81717,0
            120.99449,24.81736,0
            120.99456,24.81746,0
            120.99466,24.81761,0
            120.99477,24.8178,0
            120.99539,24.8188,0
            120.99551,24.81905,0
            120.99558,24.81924,0
            120.99562,24.81936,0
            120.99572,24.81972,0
            120.99575,24.81982,0
            120.9958,24.81999,0
            120.99586,24.82017,0
            120.99591,24.82034,0
            120.99597,24.82056,0
            120.99604,24.8208,0
            120.9962,24.8213,0
            120.99627,24.82151,0
            120.99628,24.82153,0
            120.99631,24.82163,0
            120.99636,24.8218,0
            120.99646,24.82216,0
            120.99668,24.82296,0
            120.99694,24.82383,0
            120.99698,24.82399,0
            120.99708,24.82435,0
            120.99723,24.82486,0
            120.99727,24.82501,0
            120.99728,24.82505,0
            120.99731,24.82517,0
            120.99732,24.82523,0
            120.99733,24.8253,0
            120.99734,24.82533,0
            120.99735,24.82538,0
            120.9974,24.82551,0
            120.9975,24.82546,0
            120.99792,24.82526,0
            120.99794,24.82525,0
            120.9981,24.82518,0
            120.99824,24.82513,0
            120.99837,24.82506,0
            120.99894,24.82482,0
            120.99907,24.82477,0
            120.99922,24.8247,0
            120.99982,24.82441,0
            121.00031,24.82421,0
            121.00052,24.82411,0
            121.0007,24.82402,0
            121.00094,24.8239,0
            121.00121,24.82375,0
            121.00212,24.82321,0
            121.00244,24.82302,0
            121.00272,24.82286,0
            121.003,24.82271,0
            121.00333,24.82252,0
            121.00411,24.82208,0
            121.00454,24.82183,0
            121.00489,24.82164,0
            121.00593,24.82106,0
            121.00594,24.82105,0
            121.00604,24.82099,0
            121.00665,24.82064,0
            121.0067,24.82061,0
            121.00759,24.82012,0
            121.00787,24.81995,0
            121.0083,24.81969,0
            121.00871,24.81943,0
            121.0091,24.81917,0
            121.00979,24.8187,0
            121.01014,24.81847,0
            121.0103,24.81836,0
            121.01061,24.81814,0
            121.01071,24.81807,0
            121.01074,24.81805,0
            121.01105,24.81785,0
            121.01114,24.81779,0
            121.01118,24.81785,0
            121.01193,24.81887,0
            121.01274,24.82003,0
            121.01279,24.82013,0
            121.01299,24.82055,0
            121.01324,24.82108,0
            121.01337,24.82134,0
            121.01341,24.82142,0
            121.01345,24.8215,0
            121.01358,24.82173,0
            121.01416,24.82288,0
            121.0142,24.82296,0
            121.0145,24.82367,0
            121.01461,24.82384,0
            121.0147,24.82404,0
            121.01476,24.82415,0
            121.0149,24.82445,0
            121.01497,24.82458,0
            121.01521,24.82509,0
            121.01528,24.82525,0
            121.01536,24.82542,0
            121.01539,24.82549,0
            121.01553,24.82575,0
            121.0157,24.82609,0
            121.016,24.82675,0
            121.01608,24.82691,0
            121.0165,24.82771,0
            121.01678,24.82827,0
            121.01741,24.82957,0
            121.01758,24.82993,0
            121.01787,24.83054,0
            121.01816,24.83114,0
            121.01846,24.83177,0
            121.0187,24.83227,0
            121.01896,24.83278,0
            121.01933,24.83353,0
            121.01952,24.83392,0
            121.01969,24.83427,0
            121.02011,24.83518,0
            121.02026,24.8355,0
            121.0203,24.83559,0
            121.02073,24.83537,0
            121.02183,24.83479,0
            121.02206,24.83466,0
            121.0221,24.83464,0
            121.02216,24.83462,0
            121.02225,24.83459,0
            121.02235,24.83457,0
            121.02282,24.8345,0
            121.02413,24.83433,0
            121.02418,24.83432,0
            121.02451,24.83428,0
            121.0255,24.83418,0
            121.02571,24.83417,0
            121.02645,24.83408,0
            121.0266,24.83405,0
            121.02678,24.83404,0
            121.02683,24.83404,0
            121.02696,24.83403,0
            121.02702,24.83402,0
            121.02724,24.83398,0
            121.02737,24.83395,0
            121.02751,24.83391,0
            121.02759,24.83388,0
            121.02766,24.83385,0
            121.02783,24.83377,0
            121.02801,24.83367,0
            121.02819,24.83356,0
            121.0283,24.83349,0
            121.02911,24.83303,0
            121.02928,24.83294,0
            121.0301,24.83249,0
            121.0305,24.83229,0
            121.03087,24.83207,0
            121.03104,24.83201,0
            121.03116,24.83195,0
            121.03137,24.83184,0
            121.03157,24.83173,0
            121.03185,24.83156,0
            121.03218,24.83138,0
            121.03236,24.83131,0
            121.03239,24.8313,0
            121.03241,24.83129,0
            121.03253,24.83125,0
            121.03265,24.83122,0
            121.0328,24.8312,0
            121.03296,24.83117,0
            121.03366,24.83109,0
            121.0338,24.83107,0
            121.0345,24.831,0
            121.03498,24.83095,0
            121.03632,24.83072,0
            121.03644,24.83071,0
            121.0367,24.83069,0
            121.03788,24.83048,0
            121.03819,24.83046,0
            121.03905,24.83033,0
            121.03976,24.83023,0
            121.04074,24.83005,0
            121.04208,24.82984,0
            121.04245,24.82976,0
            121.04261,24.82971,0
            121.04277,24.8296,0
            121.04287,24.82953,0
            121.04302,24.8294,0
            121.04326,24.82917,0
            121.04334,24.8291,0
            121.04335,24.82909,0
            121.04339,24.82904,0
            121.04342,24.82901,0
            121.04354,24.82892,0
            121.04359,24.82889,0
            121.04371,24.82883,0
            121.04399,24.82869,0
            121.04536,24.82822,0
            121.04539,24.82821,0
            121.0455,24.82817,0
            121.04554,24.82816,0
            121.0469,24.82772,0
            121.04697,24.8277,0
            121.04706,24.82766,0
            121.04768,24.82749,0
            121.04784,24.82745,0
            121.04809,24.82738,0
            121.0482,24.82735,0
            121.04835,24.82732,0
            121.04867,24.82726,0
            121.04936,24.82709,0
            121.05121,24.82669,0
            121.0517,24.82659,0
            121.05312,24.82624,0
            121.05348,24.8262,0
            121.05387,24.82612,0
            121.05407,24.82607,0
            121.05415,24.82604,0
            121.05434,24.826,0
            121.05524,24.82579,0
            121.05557,24.82573,0
            121.05633,24.82553,0
            121.05652,24.82548,0
            121.05678,24.82542,0
            121.05727,24.82532,0
            121.05741,24.82528,0
            121.05761,24.82524,0
            121.0578,24.8252,0
            121.05919,24.82489,0
            121.06064,24.82459,0
            121.06095,24.82452,0
            121.06109,24.82449,0
            121.06126,24.82446,0
            121.06141,24.82444,0
            121.06156,24.82442,0
            121.06172,24.82442,0
            121.06186,24.82444,0
            121.06214,24.8245,0
            121.06221,24.82452,0
            121.06296,24.82474,0
            121.06353,24.82491,0
            121.0641,24.82508,0
            121.06441,24.82517,0
            121.06447,24.82519,0
            121.06448,24.82519,0
            121.0646,24.82523,0
            121.06478,24.8253,0
            121.06486,24.82537,0
            121.06489,24.82539,0
            121.0651,24.82549,0
            121.06517,24.82553,0
            121.06534,24.82561,0
            121.06557,24.82572,0
            121.06604,24.82598,0
            121.06619,24.82607,0
            121.06634,24.82616,0
            121.06636,24.82617,0
            121.06651,24.82626,0
            121.06719,24.82665,0
            121.06736,24.82675,0
            121.06763,24.82691,0
            121.0677,24.82696,0
            121.06798,24.82713,0
            121.06831,24.82695,0
            121.06862,24.82684,0
            121.06873,24.82682,0
            121.06913,24.82672,0
            121.06965,24.8265,0
            121.07004,24.82636,0
            121.07059,24.82617,0
            121.0713,24.82594,0
            121.07179,24.82581,0
            121.07202,24.82574,0
            121.07221,24.8257,0
            121.07242,24.82567,0
            121.07279,24.82561,0
            121.07334,24.82554,0
            121.07437,24.8254,0
            121.07446,24.82538,0
            121.07477,24.82534,0
            121.07486,24.82532,0
            121.07516,24.82527,0
            121.07517,24.82526,0
            121.0753,24.82523,0
            121.07549,24.82519,0
            121.07571,24.82514,0
            121.07587,24.82509,0
            121.07639,24.82497,0
            121.07649,24.82495,0
            121.07653,24.82494,0
            121.07695,24.82484,0
            121.07718,24.8248,0
            121.07731,24.82479,0
            121.07746,24.82478,0
            121.07771,24.82477,0
            121.07806,24.82476,0
            121.07827,24.82473,0
            121.07856,24.8247,0
            121.07902,24.82463,0
            121.07933,24.8246,0
            121.08014,24.82456,0
            121.0806,24.82452,0
            121.08119,24.82445,0
            121.08146,24.82443,0
            121.08202,24.82444,0
            121.0823,24.82449,0
            121.08237,24.8245,0
            121.08241,24.8245,0
            121.08281,24.82455,0
            121.08299,24.82458,0
            121.08333,24.82465,0
            121.08355,24.82469,0
            121.08397,24.8248,0
            121.08449,24.82495,0
            121.08459,24.82498,0
            121.08535,24.82518,0
            121.08537,24.82518,0
            121.08553,24.82524,0
            121.08633,24.8256,0
            121.0865,24.82569,0
            121.08685,24.8255,0
            121.08735,24.82522,0
            121.08752,24.82513,0
            121.08784,24.82496,0
            121.0879,24.82493,0
            121.08824,24.82474,0
            121.08841,24.82464,0
            121.08857,24.82455,0
            121.08905,24.82429,0
            121.08931,24.82415,0
            121.08967,24.82395,0
            121.09024,24.82364,0
            121.09047,24.82351,0
            121.09087,24.82332,0
            121.091,24.82327,0
            121.09145,24.82307,0
            121.09172,24.82295,0
            121.09228,24.82272,0
            121.09246,24.82265,0
            121.09253,24.82263,0
            121.09344,24.82228,0
            121.09404,24.82205,0
            121.09441,24.82188,0
            121.09454,24.82183,0
            121.09483,24.82167,0
            121.09518,24.82148,0
            121.09572,24.82118,0
            121.09597,24.82103,0
            121.09648,24.82074,0
            121.0976,24.82013,0
            121.09766,24.8201,0
            121.09811,24.81986,0
            121.09891,24.81943,0
            121.09944,24.81915,0
            121.09969,24.81901,0
            121.10025,24.81874,0
            121.1014,24.81813,0
            121.10166,24.81801,0
            121.10269,24.81754,0
            121.10298,24.81742,0
            121.10324,24.81733,0
            121.10329,24.81731,0
            121.10364,24.81719,0
            121.10368,24.81719,0
            121.10437,24.81703,0
            121.10513,24.81687,0
            121.10619,24.81668,0
            121.1068,24.8166,0
            121.1071,24.81656,0
            121.10728,24.81654,0
            121.10748,24.81653,0
            121.10785,24.81651,0
            121.10821,24.81651,0
            121.10828,24.81651,0
            121.10908,24.81653,0
            121.10913,24.81652,0
            121.10959,24.81653,0
            121.11081,24.81653,0
            121.11165,24.81651,0
            121.11224,24.81645,0
            121.11287,24.81639,0
            121.1131,24.81636,0
            121.11353,24.81629,0
            121.11484,24.81608,0
            121.11502,24.81605,0
            121.11639,24.81585,0
            121.11715,24.81574,0
            121.11971,24.81536,0
            121.12026,24.8153,0
            121.12156,24.8151,0
            121.12165,24.81508,0
            121.12333,24.81482,0
            121.12438,24.8146,0
            121.12501,24.81447,0
            121.12517,24.81444,0
            121.12577,24.81429,0
            121.12706,24.814,0
            121.12765,24.81385,0
            121.12799,24.81376,0
            121.12816,24.8137,0
            121.12828,24.81366,0
            121.12839,24.8136,0
            121.12845,24.81356,0
            121.12889,24.81323,0
            121.1291,24.81306,0
            121.12931,24.81289,0
            121.12945,24.81279,0
            121.12954,24.81274,0
            121.12965,24.81267,0
            121.13011,24.8125,0
            121.13021,24.81246,0
            121.13031,24.81243,0
            121.13041,24.81239,0
            121.13056,24.81233,0
            121.1314,24.81201,0
            121.13157,24.81195,0
            121.13166,24.81192,0
            121.13194,24.81183,0
            121.13317,24.81141,0
            121.13337,24.81134,0
            121.13355,24.81127,0
            121.13392,24.81114,0
            121.13539,24.81064,0
            121.13566,24.81054,0
            121.13627,24.81033,0
            121.13661,24.81021,0
            121.1369,24.8101,0
            121.13709,24.81004,0
            121.13711,24.81003,0
            121.13737,24.80993,0
            121.13745,24.8099,0
            121.13981,24.80905,0
            121.13996,24.80899,0
            121.14009,24.80895,0
            121.14106,24.8086,0
            121.14143,24.80847,0
            121.14184,24.80831,0
            121.14197,24.80824,0
            121.14229,24.80809,0
            121.14301,24.80772,0
            121.14318,24.80763,0
            121.14353,24.80745,0
            121.1437,24.80736,0
            121.14404,24.80718,0
            121.14414,24.80713,0
            121.14444,24.80698,0
            121.145,24.8067,0
            121.14509,24.80665,0
            121.14518,24.80661,0
            121.14536,24.80652,0
            121.14561,24.80639,0
            121.14573,24.80634,0
            121.14583,24.80628,0
            121.14595,24.80622,0
            121.14641,24.806,0
            121.14667,24.80588,0
            121.14722,24.80558,0
            121.14725,24.80556,0
            121.14729,24.80549,0
            121.1473,24.80548,0
            121.14755,24.80533,0
            121.14781,24.80519,0
            121.14804,24.80509,0
            121.14821,24.80504,0
            121.14826,24.80503,0
            121.14833,24.80502,0
            121.14844,24.80501,0
            121.14855,24.80501,0
            121.14873,24.80503,0
            121.14888,24.80505,0
            121.14923,24.80514,0
            121.14974,24.80523,0
            121.15001,24.80524,0
            121.15021,24.80523,0
            121.15029,24.80522,0
            121.15053,24.80519,0
            121.15077,24.80515,0
            121.15162,24.80503,0
            121.15174,24.80502,0
            121.15202,24.80497,0
            121.15213,24.80495,0
            121.15234,24.80488,0
            121.15262,24.80479,0
            121.15333,24.80447,0
            121.15348,24.8044,0
            121.15364,24.80434,0
            121.15377,24.80429,0
            121.15389,24.80425,0
            121.1539,24.80425,0
            121.15396,24.80424,0
            121.15403,24.80423,0
            121.15409,24.80422,0
            121.15416,24.80422,0
            121.15418,24.80422,0
            121.15432,24.80423,0
            121.1544,24.80423,0
            121.15491,24.80437,0
            121.15503,24.80439,0
            121.15511,24.8044,0
            121.15517,24.80441,0
            121.15535,24.80442,0
            121.15555,24.80441,0
            121.15562,24.8044,0
            121.15598,24.80433,0
            121.15599,24.80433,0
            121.1561,24.80435,0
            121.15657,24.80426,0
            121.15699,24.80417,0
            121.15718,24.80413,0
            121.1574,24.80408,0
            121.15755,24.80406,0
            121.15762,24.80405,0
            121.15781,24.80404,0
            121.15794,24.80405,0
            121.15854,24.80408,0
            121.15908,24.80411,0
            121.15913,24.80412,0
            121.15955,24.80414,0
            121.15973,24.80414,0
            121.15991,24.80413,0
            121.1602,24.80412,0
            121.16021,24.80412,0
            121.16027,24.80411,0
            121.16074,24.80407,0
            121.16129,24.80402,0
            121.16148,24.80398,0
            121.16166,24.80394,0
            121.16191,24.80386,0
            121.16212,24.80378,0
            121.16229,24.80369,0
            121.16233,24.80368,0
            121.16246,24.8036,0
            121.16249,24.80358,0
            121.16262,24.80349,0
            121.16271,24.80343,0
            121.16286,24.80332,0
            121.16329,24.80301,0
            121.16359,24.80279,0
            121.1637,24.80271,0
            121.1637,24.8027,0
            121.16403,24.80247,0
            121.16421,24.80232,0
            121.16422,24.80231,0
            121.16425,24.80223,0
            121.16425,24.80222,0
            121.16425,24.80221,0
            121.16426,24.80221,0
            121.16432,24.80216,0
            121.16446,24.80203,0
            121.16458,24.80189,0
            121.16459,24.80189,0
            121.16503,24.8013,0
            121.16535,24.80081,0
            121.16553,24.80058,0
            121.16569,24.8004,0
            121.16572,24.80036,0
            121.16574,24.80033,0
            121.16586,24.80021,0
            121.16587,24.8002,0
            121.16603,24.80005,0
            121.1662,24.79991,0
            121.16634,24.7998,0
            121.16656,24.79961,0
            121.16678,24.79947,0
            121.16706,24.79929,0
            121.16729,24.79917,0
            121.16735,24.79914,0
            121.16769,24.79899,0
            121.16782,24.79894,0
            121.16792,24.79891,0
            121.16831,24.79881,0
            121.16865,24.79874,0
            121.16901,24.79866,0
            121.16925,24.79862,0
            121.16945,24.79857,0
            121.16965,24.79852,0
            121.16987,24.79846,0
            121.17023,24.79834,0
            121.17057,24.7982,0
            121.1707,24.79814,0
            121.1709,24.79803,0
            121.17101,24.79796,0
            121.17107,24.79793,0
            121.17111,24.79792,0
            121.1712,24.79791,0
            121.17136,24.7978,0
            121.17152,24.7977,0
            121.17168,24.7976,0
            121.17185,24.79749,0
            121.17224,24.79721,0
            121.17254,24.79701,0
            121.17279,24.79682,0
            121.1731,24.7966,0
            121.17352,24.79631,0
            121.17364,24.79623,0
            121.17393,24.79604,0
            121.17436,24.79573,0
            121.17455,24.79559,0
            121.17473,24.79547,0
            121.17547,24.79498,0
            121.17582,24.79472,0
            121.17596,24.7946,0
            121.17598,24.79458,0
            121.17605,24.79448,0
            121.17608,24.7944,0
            121.17609,24.79434,0
            121.1761,24.79424,0
            121.17611,24.79407,0
            121.17611,24.79404,0
            121.17606,24.79374,0
            121.17604,24.79355,0
            121.17619,24.79352,0
            121.17695,24.79334,0
            121.17702,24.79333,0
            121.17726,24.79327,0
            121.17738,24.79324,0
            121.1775,24.79319,0
            121.17768,24.79312,0
            121.1779,24.79301,0
            121.17877,24.79257,0
            121.17895,24.79248,0
            121.17903,24.79243,0
            121.17935,24.79275,0
            121.17974,24.79313,0
            121.18018,24.79352,0
            121.18031,24.79368,0
            121.18071,24.79404,0
            121.181,24.79428,0
            121.18116,24.79441,0
            121.18124,24.79447,0
            121.18136,24.79456,0
            121.18165,24.79472,0
            121.18206,24.79502,0
            121.18236,24.79523,0
            121.18268,24.79546,0
            121.18301,24.79571,0
            121.18326,24.7959,0
            121.1834,24.79602,0
            121.18352,24.79612,0
            121.18358,24.79618,0
            121.18365,24.79625,0
            121.1837,24.7963,0
            121.18374,24.79637,0
            121.18378,24.79644,0
            121.1838,24.79648,0
            121.18381,24.79653,0
            121.18385,24.79666,0
            121.18386,24.79668,0
            121.18391,24.79683,0
            121.18394,24.79694,0
            121.18396,24.79701,0
            121.18402,24.79718,0
            121.18406,24.79733,0
            121.18412,24.79753,0
            121.18417,24.79771,0
            121.18419,24.79778,0
            121.18424,24.79794,0
            121.1843,24.79808,0
            121.18442,24.79829,0
            121.18451,24.79842,0
            121.18459,24.79855,0
            121.18512,24.79933,0
            121.18517,24.79941,0
            121.18522,24.79949,0
            121.18539,24.79975,0
            121.18551,24.79993,0
            121.18553,24.79996,0
            121.18555,24.79998,0
            121.18561,24.80011,0
            121.18564,24.8002,0
            121.18568,24.80039,0
            121.18569,24.80054,0
            121.18572,24.80092,0
            121.18574,24.80106,0
            121.18577,24.80113,0
            121.18578,24.80117,0
            121.18581,24.8012,0
            121.18583,24.80122,0
            121.18586,24.80123,0
            121.18592,24.80125,0
            121.18599,24.80127,0
            121.18608,24.80128,0
            121.18618,24.80129,0
            121.18641,24.8013,0
            121.18658,24.80129,0
            121.18676,24.80129,0
            121.18689,24.80132,0
            121.187,24.80136,0
            121.18712,24.80142,0
            121.18749,24.80163,0
            121.18801,24.80194,0
            121.18831,24.80212,0
            121.18847,24.80221,0
            121.18857,24.80226,0
            121.18885,24.80241,0
            121.18915,24.80255,0
            121.18922,24.80258,0
            121.18927,24.80259,0
            121.18943,24.80261,0
            121.18952,24.8026,0
            121.18977,24.80279,0
            121.18991,24.80287,0
            121.19006,24.80297,0
            121.19008,24.80297,0
            121.19064,24.80324,0
            121.19079,24.80331,0
            121.19157,24.80366,0
            121.19171,24.80372,0
            121.19178,24.80376,0
            121.19214,24.80393,0
            121.19226,24.80399,0
            121.19246,24.8041,0
            121.19256,24.80416,0
            121.19266,24.80422,0
            121.1927,24.80425,0
            121.19338,24.80474,0
            121.19355,24.80486,0
            121.19415,24.80529,0
            121.19423,24.80534,0
            121.19488,24.8058,0
            121.19497,24.80588,0
            121.19504,24.80594,0
            121.19521,24.8061,0
            121.19537,24.80628,0
            121.19551,24.8065,0
            121.19562,24.80673,0
            121.19597,24.80748,0
            121.19614,24.80791,0
            121.19633,24.80829,0
            121.19644,24.80855,0
            121.19667,24.80893,0
            121.19677,24.80906,0
            121.19763,24.8103,0
            121.19779,24.8105,0
            121.19795,24.81069,0
            121.19806,24.81079,0
            121.19817,24.8109,0
            121.19847,24.81114,0
            121.19882,24.81145,0
            121.19907,24.81169,0
          </coordinates>
        </LineString>
      </Placemark>
      <Placemark>
        <name>300台灣新竹市東區建華里學府路6號</name>
        <styleUrl>#icon-1899-DB4436-nodesc</styleUrl>
        <Point>
          <coordinates>
            120.9781189,24.7945567,0
          </coordinates>
        </Point>
      </Placemark>
      <Placemark>
        <name>302台灣新竹縣竹北市中崙里興隆路一段307號</name>
        <styleUrl>#icon-1899-DB4436-nodesc</styleUrl>
        <Point>
          <coordinates>
            121.0033309,24.8225196,0
          </coordinates>
        </Point>
      </Placemark>
      <Placemark>
        <name>306台灣新竹縣關西鎮仁安里63-5號</name>
        <styleUrl>#icon-1899-DB4436-nodesc</styleUrl>
        <Point>
          <coordinates>
            121.199073,24.8116927,0
          </coordinates>
        </Point>
      </Placemark>
    </Folder>
    <Folder>
      <name>關西鎮→新北新店</name>
      <Placemark>
        <name>關西鎮→新北新店</name>
        <styleUrl>#line-1267FF-5000-nodesc</styleUrl>
        <LineString>
          <tessellate>1</tessellate>
          <coordinates>
            121.1993,24.81197,0
            121.19985,24.81286,0
            121.19987,24.81292,0
            121.20035,24.81369,0
            121.20041,24.81375,0
            121.20073,24.8142,0
            121.20108,24.81463,0
            121.20108,24.81464,0
            121.20116,24.81478,0
            121.20117,24.81479,0
            121.20124,24.81492,0
            121.20134,24.81525,0
            121.20153,24.81619,0
            121.20154,24.81619,0
            121.20179,24.81742,0
            121.20182,24.81744,0
            121.20183,24.81746,0
            121.20185,24.81748,0
            121.20187,24.81752,0
            121.2019,24.81761,0
            121.20192,24.81772,0
            121.20193,24.81774,0
            121.20193,24.81775,0
            121.20194,24.81775,0
            121.20194,24.81776,0
            121.20204,24.81776,0
            121.20212,24.81773,0
            121.20213,24.81773,0
            121.2023,24.81767,0
            121.20231,24.81767,0
            121.20285,24.81748,0
            121.20286,24.81747,0
            121.20287,24.81747,0
            121.20325,24.81731,0
            121.20338,24.81724,0
            121.20339,24.81724,0
            121.2034,24.81723,0
            121.2035,24.81717,0
            121.20352,24.81715,0
            121.20355,24.8171,0
            121.2035,24.81671,0
            121.2035,24.81658,0
            121.20351,24.81657,0
            121.20351,24.81653,0
            121.20352,24.8165,0
            121.20352,24.81647,0
            121.20353,24.81646,0
            121.20354,24.81644,0
            121.20356,24.81643,0
            121.20357,24.81642,0
            121.20358,24.81642,0
            121.20366,24.81639,0
            121.20374,24.81638,0
            121.20376,24.81637,0
            121.20377,24.81637,0
            121.20416,24.81626,0
            121.20422,24.81622,0
            121.20425,24.81619,0
            121.20425,24.81618,0
            121.20426,24.81618,0
            121.20426,24.81616,0
            121.20425,24.81614,0
            121.20425,24.81611,0
            121.20423,24.81606,0
            121.20418,24.816,0
            121.20416,24.81596,0
            121.20407,24.81585,0
            121.20405,24.81584,0
            121.20404,24.81582,0
            121.20383,24.81558,0
            121.20381,24.81557,0
            121.20379,24.81555,0
            121.20376,24.81553,0
            121.20343,24.81539,0
            121.20338,24.81536,0
            121.20336,24.81532,0
            121.20336,24.81519,0
            121.20338,24.81516,0
            121.20349,24.81511,0
            121.20358,24.81511,0
            121.20365,24.81514,0
            121.20369,24.81515,0
            121.20372,24.81517,0
            121.20377,24.81519,0
            121.20381,24.81522,0
            121.20382,24.81522,0
            121.20398,24.81532,0
            121.20399,24.81532,0
            121.20401,24.81535,0
            121.20406,24.81537,0
            121.20416,24.81539,0
            121.2042,24.81539,0
            121.20428,24.81537,0
            121.20447,24.81525,0
            121.20457,24.81516,0
            121.20467,24.81499,0
            121.20469,24.81492,0
            121.2047,24.8149,0
            121.2047,24.81482,0
            121.20467,24.81469,0
            121.20468,24.81462,0
            121.20471,24.81453,0
            121.2048,24.81441,0
            121.2048,24.8144,0
            121.20487,24.8143,0
            121.20506,24.81419,0
            121.20515,24.81415,0
            121.20517,24.81413,0
            121.20518,24.81411,0
            121.20528,24.81401,0
            121.2054,24.81391,0
            121.20549,24.81388,0
            121.20555,24.81381,0
            121.20561,24.8137,0
            121.20564,24.81368,0
            121.20566,24.81366,0
            121.20568,24.81365,0
            121.206,24.81356,0
            121.20603,24.81356,0
            121.20608,24.81357,0
            121.20611,24.81359,0
            121.20616,24.81361,0
            121.20619,24.81364,0
            121.20651,24.81374,0
            121.20674,24.81378,0
            121.20683,24.81382,0
            121.20687,24.81383,0
            121.20693,24.81386,0
            121.20719,24.8139,0
            121.20727,24.81394,0
            121.20753,24.81415,0
            121.2076,24.81418,0
            121.20801,24.81417,0
            121.20814,24.81415,0
            121.2083,24.8141,0
            121.20846,24.81411,0
            121.20853,24.81415,0
            121.20856,24.81418,0
            121.20858,24.81421,0
            121.20861,24.81423,0
            121.20862,24.81425,0
            121.20869,24.81428,0
            121.20872,24.81428,0
            121.20876,24.81427,0
            121.2088,24.81427,0
            121.20884,24.81426,0
            121.20897,24.81426,0
            121.20901,24.81429,0
            121.20904,24.81434,0
            121.20907,24.81436,0
            121.20909,24.81438,0
            121.20912,24.8144,0
            121.20927,24.8144,0
            121.20944,24.81443,0
            121.20949,24.81443,0
            121.20955,24.81444,0
            121.20962,24.81444,0
            121.20968,24.81445,0
            121.20977,24.81445,0
            121.20988,24.81442,0
            121.2099,24.81442,0
            121.20997,24.81439,0
            121.21006,24.81439,0
            121.2102,24.81436,0
            121.21026,24.81433,0
            121.21027,24.81432,0
            121.21037,24.81426,0
            121.21042,24.8142,0
            121.2106,24.8142,0
            121.21071,24.81425,0
            121.21073,24.81427,0
            121.21075,24.81431,0
            121.21076,24.81435,0
            121.21076,24.8144,0
            121.21078,24.81449,0
            121.21081,24.81454,0
            121.21081,24.81455,0
            121.21106,24.81488,0
            121.21111,24.81492,0
            121.21118,24.81495,0
            121.21149,24.81468,0
            121.21162,24.8146,0
            121.2117,24.81457,0
            121.21207,24.81454,0
            121.21217,24.8145,0
            121.21218,24.8145,0
            121.21236,24.81445,0
            121.21237,24.81444,0
            121.21256,24.81442,0
            121.21262,24.81455,0
            121.2127,24.81463,0
            121.21297,24.81478,0
            121.21322,24.81494,0
            121.21345,24.81514,0
            121.21362,24.81534,0
            121.21311,24.81628,0
            121.21309,24.81633,0
            121.21308,24.81639,0
            121.21308,24.81646,0
            121.21313,24.81672,0
            121.21316,24.81699,0
            121.21315,24.81716,0
            121.21305,24.81767,0
            121.21304,24.81799,0
            121.213,24.81814,0
            121.21293,24.81825,0
            121.21288,24.8183,0
            121.21221,24.81879,0
            121.21205,24.81898,0
            121.21198,24.81909,0
            121.21194,24.81925,0
            121.21194,24.81929,0
            121.21196,24.81938,0
            121.21204,24.81959,0
            121.21237,24.82064,0
            121.21259,24.82108,0
            121.213,24.82158,0
            121.21326,24.82168,0
            121.21334,24.82168,0
            121.21354,24.82173,0
            121.21361,24.82161,0
            121.2139,24.82135,0
            121.21486,24.82087,0
            121.21508,24.82084,0
            121.21533,24.82083,0
            121.21677,24.82098,0
            121.21704,24.82097,0
            121.21724,24.82086,0
            121.21734,24.82078,0
            121.21756,24.82053,0
            121.21759,24.82048,0
            121.21786,24.82018,0
            121.21797,24.82002,0
            121.21809,24.8198,0
            121.21823,24.81931,0
            121.21837,24.819,0
            121.2185,24.81884,0
            121.21851,24.81884,0
            121.21879,24.8186,0
            121.21904,24.81845,0
            121.21927,24.81836,0
            121.21953,24.81832,0
            121.21971,24.81834,0
            121.21978,24.81834,0
            121.2203,24.8184,0
            121.22055,24.8184,0
            121.22102,24.81829,0
            121.22215,24.81787,0
            121.22223,24.81783,0
            121.2223,24.81792,0
            121.22247,24.81805,0
            121.22264,24.81815,0
            121.22301,24.81843,0
            121.22311,24.81849,0
            121.22324,24.81854,0
            121.22325,24.81855,0
            121.22359,24.81871,0
            121.22391,24.81889,0
            121.22398,24.81892,0
            121.22408,24.81895,0
            121.22411,24.81897,0
            121.22413,24.81897,0
            121.2242,24.819,0
            121.22436,24.8191,0
            121.2244,24.81914,0
            121.22448,24.81926,0
            121.22453,24.81931,0
            121.22461,24.81937,0
            121.22468,24.81944,0
            121.2247,24.81945,0
            121.22477,24.81952,0
            121.22478,24.81955,0
            121.22478,24.81961,0
            121.22479,24.81962,0
            121.22479,24.81979,0
            121.22478,24.81982,0
            121.2248,24.8199,0
            121.22485,24.81995,0
            121.22486,24.81995,0
            121.22503,24.82006,0
            121.22512,24.8201,0
            121.22517,24.82013,0
            121.22518,24.82014,0
            121.22521,24.82015,0
            121.22525,24.82019,0
            121.2253,24.82028,0
            121.22531,24.82029,0
            121.22533,24.82035,0
            121.22535,24.82045,0
            121.22536,24.82045,0
            121.22537,24.82051,0
            121.22536,24.8207,0
            121.22535,24.82075,0
            121.22535,24.82087,0
            121.22537,24.82091,0
            121.22539,24.82099,0
            121.22541,24.82103,0
            121.22554,24.82119,0
            121.22561,24.82125,0
            121.2257,24.82137,0
            121.22601,24.82204,0
            121.22636,24.82254,0
            121.22669,24.82292,0
            121.22731,24.82351,0
            121.2277,24.82402,0
            121.22785,24.82418,0
            121.22796,24.82426,0
            121.22817,24.82448,0
            121.22826,24.82454,0
            121.22833,24.82461,0
            121.22839,24.82469,0
            121.2284,24.82473,0
            121.22843,24.82478,0
            121.22844,24.82483,0
            121.22844,24.82496,0
            121.22842,24.825,0
            121.22841,24.82504,0
            121.22836,24.82513,0
            121.22835,24.82517,0
            121.22834,24.82518,0
            121.22834,24.8252,0
            121.22833,24.82523,0
            121.22835,24.82531,0
            121.22837,24.82535,0
            121.22855,24.82561,0
            121.22869,24.82576,0
            121.22907,24.82611,0
            121.22931,24.82636,0
            121.2295,24.82662,0
            121.22966,24.82681,0
            121.22994,24.82689,0
            121.23023,24.82695,0
            121.2304,24.827,0
            121.23042,24.82701,0
            121.23046,24.82705,0
            121.2309,24.82766,0
            121.23098,24.82783,0
            121.23113,24.82834,0
            121.2312,24.82849,0
            121.23135,24.82867,0
            121.23154,24.8288,0
            121.2316,24.82882,0
            121.23182,24.82856,0
            121.23189,24.8285,0
            121.23195,24.82847,0
            121.232,24.82846,0
            121.2321,24.82846,0
            121.23233,24.82844,0
            121.23255,24.82844,0
            121.23261,24.82842,0
            121.23266,24.82837,0
            121.23268,24.82833,0
            121.23269,24.82828,0
            121.23269,24.82823,0
            121.23264,24.82812,0
            121.23258,24.82804,0
            121.23252,24.828,0
            121.23244,24.82791,0
            121.23233,24.82769,0
            121.23209,24.82729,0
            121.23192,24.82694,0
            121.23194,24.82693,0
            121.23195,24.82693,0
            121.23196,24.82694,0
            121.232,24.82696,0
            121.23209,24.82708,0
            121.23221,24.82719,0
            121.23248,24.8274,0
            121.23265,24.82755,0
            121.23271,24.82762,0
            121.23273,24.82768,0
            121.23274,24.82769,0
            121.23282,24.82774,0
            121.23285,24.82779,0
            121.23288,24.82788,0
            121.23297,24.82801,0
            121.23375,24.82851,0
            121.23376,24.82852,0
            121.23377,24.82852,0
            121.23387,24.82857,0
            121.23393,24.82859,0
            121.23395,24.82859,0
            121.23428,24.82874,0
            121.23459,24.82897,0
            121.23461,24.82898,0
            121.23464,24.82901,0
            121.23494,24.8292,0
            121.23525,24.82937,0
            121.23526,24.82937,0
            121.23527,24.82938,0
            121.23554,24.82953,0
            121.23561,24.82958,0
            121.2357,24.82963,0
            121.23596,24.82971,0
            121.23646,24.82975,0
            121.23652,24.82977,0
            121.23655,24.82977,0
            121.23668,24.8298,0
            121.23669,24.82981,0
            121.23672,24.82981,0
            121.23674,24.82982,0
            121.2368,24.82982,0
            121.2368,24.82981,0
            121.23681,24.8298,0
            121.23685,24.82972,0
            121.23693,24.82978,0
            121.23707,24.82982,0
            121.23708,24.82983,0
            121.23743,24.82992,0
            121.23759,24.83001,0
            121.23767,24.83008,0
            121.23771,24.83013,0
            121.23793,24.83026,0
            121.23798,24.83027,0
            121.23811,24.83027,0
            121.23824,24.83033,0
            121.23846,24.83051,0
            121.23853,24.83054,0
            121.23858,24.83055,0
            121.23873,24.8306,0
            121.23877,24.83062,0
            121.2388,24.83062,0
            121.23886,24.83064,0
            121.23895,24.83064,0
            121.23897,24.83063,0
            121.23901,24.83063,0
            121.23906,24.83061,0
            121.23907,24.8306,0
            121.23907,24.83059,0
            121.23908,24.83058,0
            121.23908,24.83056,0
            121.23909,24.83053,0
            121.2391,24.83053,0
            121.2391,24.8305,0
            121.23912,24.83047,0
            121.23912,24.83044,0
            121.23913,24.83042,0
            121.23915,24.8304,0
            121.23919,24.8304,0
            121.23923,24.83042,0
            121.23945,24.83048,0
            121.23965,24.83051,0
            121.23987,24.83058,0
            121.23992,24.83061,0
            121.24001,24.83061,0
            121.24004,24.8306,0
            121.24013,24.83055,0
            121.24011,24.83051,0
            121.24011,24.83049,0
            121.2401,24.83045,0
            121.24011,24.83017,0
            121.24022,24.82987,0
            121.24025,24.82969,0
            121.24027,24.82965,0
            121.24028,24.82964,0
            121.24031,24.82958,0
            121.24033,24.82956,0
            121.24034,24.82954,0
            121.24036,24.82952,0
            121.24041,24.82952,0
            121.24043,24.82953,0
            121.24055,24.82967,0
            121.24087,24.8299,0
            121.24118,24.82999,0
            121.24133,24.83,0
            121.24154,24.82996,0
            121.2416,24.82994,0
            121.24163,24.82992,0
            121.24181,24.82986,0
            121.24198,24.82984,0
            121.24221,24.82984,0
            121.24226,24.82985,0
            121.24233,24.82989,0
            121.24235,24.82991,0
            121.24245,24.82998,0
            121.24249,24.83002,0
            121.24253,24.83005,0
            121.24252,24.83009,0
            121.24252,24.83013,0
            121.24254,24.83015,0
            121.24264,24.83022,0
            121.24269,24.83031,0
            121.24281,24.83046,0
            121.24292,24.83057,0
            121.24296,24.8306,0
            121.243,24.83062,0
            121.24344,24.83064,0
            121.24353,24.83063,0
            121.24362,24.83061,0
            121.2437,24.83058,0
            121.24371,24.83057,0
            121.24375,24.83055,0
            121.24394,24.8304,0
            121.24398,24.83038,0
            121.24399,24.83039,0
            121.24401,24.83039,0
            121.24408,24.83051,0
            121.24411,24.83054,0
            121.24436,24.83042,0
            121.24455,24.83038,0
            121.24465,24.83041,0
            121.24472,24.83045,0
            121.24486,24.83056,0
            121.24493,24.83066,0
            121.24501,24.8308,0
            121.24503,24.83082,0
            121.24519,24.83107,0
            121.24526,24.83122,0
            121.24532,24.83132,0
            121.24537,24.83137,0
            121.24544,24.83142,0
            121.24544,24.83141,0
            121.24543,24.8314,0
            121.24543,24.83139,0
            121.24544,24.83139,0
            121.24544,24.83137,0
            121.24545,24.83137,0
            121.24546,24.83136,0
            121.24548,24.83137,0
            121.24563,24.83141,0
            121.24565,24.83141,0
            121.24578,24.83144,0
            121.24586,24.83145,0
            121.24596,24.83143,0
            121.2463,24.83132,0
            121.24635,24.83131,0
            121.24637,24.83131,0
            121.24639,24.83132,0
            121.2464,24.83132,0
            121.24644,24.83134,0
            121.24654,24.83134,0
            121.24674,24.83131,0
            121.24675,24.83132,0
            121.24676,24.83132,0
            121.24676,24.83133,0
            121.24678,24.83136,0
            121.24679,24.83142,0
            121.24684,24.83151,0
            121.2469,24.83154,0
            121.24696,24.83156,0
            121.24703,24.83157,0
            121.24711,24.83161,0
            121.24715,24.83164,0
            121.24717,24.83167,0
            121.24718,24.83167,0
            121.2472,24.83172,0
            121.24721,24.83177,0
            121.24721,24.83196,0
            121.24719,24.83207,0
            121.24719,24.83214,0
            121.24721,24.8322,0
            121.24731,24.83235,0
            121.24741,24.83247,0
            121.24803,24.83281,0
            121.24824,24.83289,0
            121.24835,24.83291,0
            121.24839,24.83291,0
            121.2484,24.8329,0
            121.24841,24.8329,0
            121.24842,24.83289,0
            121.24843,24.83287,0
            121.24843,24.83266,0
            121.24844,24.83264,0
            121.24845,24.83264,0
            121.24847,24.83263,0
            121.24855,24.83263,0
            121.24861,24.83265,0
            121.24864,24.83264,0
            121.24866,24.83264,0
            121.24871,24.83263,0
            121.24944,24.83236,0
            121.24957,24.83233,0
            121.2496,24.83233,0
            121.24963,24.83232,0
            121.24966,24.83233,0
            121.24969,24.83233,0
            121.24973,24.83235,0
            121.25004,24.83258,0
            121.25059,24.83293,0
            121.2506,24.83293,0
            121.25075,24.83305,0
            121.25116,24.8333,0
            121.25142,24.83342,0
            121.25162,24.83355,0
            121.25189,24.83367,0
            121.25194,24.83367,0
            121.25205,24.83369,0
            121.25217,24.83377,0
            121.25219,24.8338,0
            121.25222,24.83388,0
            121.25223,24.83389,0
            121.25225,24.83406,0
            121.25225,24.83436,0
            121.25227,24.83459,0
            121.25229,24.83469,0
            121.25233,24.8348,0
            121.25237,24.83501,0
            121.25233,24.83548,0
            121.2523,24.8356,0
            121.25227,24.83565,0
            121.25227,24.83572,0
            121.25231,24.83587,0
            121.2524,24.83607,0
            121.25246,24.83613,0
            121.25248,24.83613,0
            121.25253,24.83614,0
            121.25308,24.83612,0
            121.2534,24.83607,0
            121.25347,24.83607,0
            121.25354,24.8361,0
            121.25369,24.83622,0
            121.25374,24.83627,0
            121.25387,24.83636,0
            121.25408,24.83643,0
            121.25427,24.83645,0
            121.25439,24.83645,0
            121.25453,24.83642,0
            121.2546,24.83649,0
            121.25463,24.83651,0
            121.25518,24.8363,0
            121.25518,24.83629,0
            121.25524,24.83627,0
            121.25548,24.83623,0
            121.25555,24.83623,0
            121.25556,24.83635,0
            121.2556,24.83648,0
            121.25561,24.83649,0
            121.25562,24.83651,0
            121.2557,24.83659,0
            121.25592,24.83672,0
            121.25608,24.83679,0
            121.25612,24.8368,0
            121.25619,24.83683,0
            121.25623,24.83683,0
            121.25627,24.83684,0
            121.25635,24.83684,0
            121.25638,24.83685,0
            121.25652,24.83685,0
            121.25655,24.83686,0
            121.25658,24.83686,0
            121.25665,24.83688,0
            121.25687,24.83698,0
            121.25701,24.83718,0
            121.25706,24.83723,0
            121.25709,24.83725,0
            121.25711,24.83727,0
            121.25715,24.83729,0
            121.25719,24.83733,0
            121.25721,24.83737,0
            121.25721,24.83745,0
            121.25722,24.8375,0
            121.25722,24.83754,0
            121.25724,24.83759,0
            121.25724,24.8376,0
            121.25726,24.83761,0
            121.25728,24.83761,0
            121.25731,24.83762,0
            121.25734,24.83764,0
            121.25737,24.83765,0
            121.25739,24.83767,0
            121.25742,24.83769,0
            121.25744,24.83773,0
            121.25747,24.83784,0
            121.25747,24.83801,0
            121.25749,24.83807,0
            121.25751,24.8381,0
            121.25752,24.83813,0
            121.25753,24.83814,0
            121.25753,24.83818,0
            121.25752,24.8382,0
            121.2575,24.83821,0
            121.25749,24.83822,0
            121.25744,24.83825,0
            121.25729,24.83829,0
            121.25727,24.83828,0
            121.25725,24.83828,0
            121.25703,24.8381,0
            121.257,24.83809,0
            121.25694,24.83809,0
            121.25692,24.8381,0
            121.25691,24.83812,0
            121.2569,24.83813,0
            121.25689,24.83815,0
            121.25689,24.83821,0
            121.25688,24.83829,0
            121.25688,24.8384,0
            121.25687,24.83843,0
            121.25687,24.83849,0
            121.25691,24.83853,0
            121.25699,24.83856,0
            121.25713,24.83857,0
            121.25716,24.83858,0
            121.25719,24.8386,0
            121.25721,24.83862,0
            121.25723,24.83863,0
            121.25725,24.83865,0
            121.25735,24.8388,0
            121.25737,24.83882,0
            121.25744,24.83886,0
            121.25745,24.83887,0
            121.25748,24.83888,0
            121.25754,24.83894,0
            121.25762,24.83904,0
            121.2577,24.83897,0
            121.25787,24.83891,0
            121.25805,24.83889,0
            121.25819,24.83892,0
            121.25823,24.83972,0
            121.25832,24.84004,0
            121.25848,24.84038,0
            121.25876,24.84077,0
            121.25886,24.84086,0
            121.25903,24.84106,0
            121.25913,24.84122,0
            121.25919,24.84135,0
            121.2593,24.84167,0
            121.25938,24.84215,0
            121.25942,24.84228,0
            121.25951,24.84243,0
            121.25957,24.8425,0
            121.25958,24.84254,0
            121.25968,24.84254,0
            121.25975,24.84253,0
            121.25995,24.84274,0
            121.26008,24.84285,0
            121.26064,24.84317,0
            121.26075,24.84322,0
            121.26082,24.84328,0
            121.2616,24.84417,0
            121.26234,24.84495,0
            121.2627,24.8454,0
            121.26289,24.84571,0
            121.26355,24.84699,0
            121.26368,24.84719,0
            121.26397,24.84773,0
            121.26495,24.84912,0
            121.26528,24.84969,0
            121.26542,24.84997,0
            121.26568,24.85039,0
            121.26575,24.8506,0
            121.26625,24.85257,0
            121.26626,24.85264,0
            121.26626,24.85286,0
            121.2662,24.85322,0
            121.2662,24.85379,0
            121.26624,24.85403,0
            121.26627,24.85408,0
            121.26629,24.8541,0
            121.26637,24.85413,0
            121.26647,24.85421,0
            121.26655,24.85429,0
            121.26659,24.85435,0
            121.26663,24.85454,0
            121.26663,24.85473,0
            121.26657,24.8549,0
            121.26626,24.85556,0
            121.26618,24.85569,0
            121.26611,24.85575,0
            121.26579,24.85613,0
            121.26588,24.85627,0
            121.26607,24.85652,0
            121.26609,24.8566,0
            121.26609,24.8568,0
            121.26604,24.85708,0
            121.26596,24.85729,0
            121.26574,24.85777,0
            121.26564,24.85804,0
            121.26564,24.85811,0
            121.26565,24.85813,0
            121.26567,24.85815,0
            121.26588,24.85827,0
            121.26587,24.85838,0
            121.26592,24.85913,0
            121.26598,24.85926,0
            121.26605,24.85949,0
            121.2661,24.85989,0
            121.26611,24.86017,0
            121.26612,24.8602,0
            121.26612,24.86021,0
            121.26613,24.86024,0
            121.26613,24.86025,0
            121.26614,24.86026,0
            121.26615,24.86029,0
            121.26616,24.8603,0
            121.26621,24.86033,0
            121.26622,24.86033,0
            121.26628,24.86039,0
            121.26629,24.86041,0
            121.2663,24.86045,0
            121.26631,24.86076,0
            121.26634,24.8609,0
            121.26625,24.86097,0
            121.26621,24.86099,0
            121.26618,24.86102,0
            121.26618,24.86103,0
            121.26616,24.86106,0
            121.26615,24.8611,0
            121.2661,24.8612,0
            121.2661,24.86123,0
            121.26608,24.86126,0
            121.26606,24.86128,0
            121.26595,24.86136,0
            121.2659,24.86141,0
            121.26579,24.86157,0
            121.2657,24.86164,0
            121.26561,24.86169,0
            121.2656,24.8617,0
            121.2656,24.86171,0
            121.26559,24.86172,0
            121.26557,24.86176,0
            121.26557,24.86183,0
            121.26558,24.86184,0
            121.26568,24.8621,0
            121.26569,24.86211,0
            121.2658,24.86233,0
            121.266,24.86254,0
            121.2661,24.86269,0
            121.26611,24.86269,0
            121.26613,24.8627,0
            121.26614,24.86272,0
            121.26615,24.86273,0
            121.26616,24.86275,0
            121.26617,24.86276,0
            121.26617,24.86278,0
            121.2662,24.86285,0
            121.2662,24.86288,0
            121.26632,24.86306,0
            121.26635,24.86313,0
            121.26638,24.86323,0
            121.26639,24.86325,0
            121.26649,24.86336,0
            121.26654,24.8634,0
            121.2666,24.86348,0
            121.26668,24.86363,0
            121.2667,24.86372,0
            121.26671,24.86374,0
            121.26672,24.8638,0
            121.26674,24.86383,0
            121.26677,24.86385,0
            121.26679,24.86387,0
            121.26685,24.86389,0
            121.26692,24.86393,0
            121.26708,24.86398,0
            121.26714,24.86401,0
            121.26723,24.86408,0
            121.26725,24.86411,0
            121.26729,24.8642,0
            121.26732,24.86433,0
            121.26732,24.86435,0
            121.26729,24.86443,0
            121.26729,24.86444,0
            121.26726,24.86449,0
            121.26723,24.86451,0
            121.26713,24.86464,0
            121.26689,24.86477,0
            121.26688,24.86478,0
            121.26688,24.8648,0
            121.26687,24.86481,0
            121.26687,24.86483,0
            121.26696,24.86503,0
            121.26696,24.86509,0
            121.26695,24.86511,0
            121.26693,24.86513,0
            121.2669,24.86518,0
            121.26673,24.86537,0
            121.26663,24.86545,0
            121.26651,24.86552,0
            121.26637,24.86563,0
            121.26621,24.86581,0
            121.26604,24.86604,0
            121.26603,24.86608,0
            121.26602,24.86608,0
            121.26602,24.86614,0
            121.26612,24.86643,0
            121.26645,24.86704,0
            121.26672,24.86745,0
            121.26695,24.86775,0
            121.26695,24.86776,0
            121.26698,24.8678,0
            121.26697,24.86781,0
            121.26697,24.86783,0
            121.26695,24.86785,0
            121.26682,24.86793,0
            121.26647,24.86811,0
            121.26646,24.86811,0
            121.26643,24.86814,0
            121.2664,24.86821,0
            121.26639,24.86822,0
            121.26639,24.86824,0
            121.26636,24.86834,0
            121.26636,24.86846,0
            121.26638,24.86855,0
            121.26641,24.86861,0
            121.26667,24.86896,0
            121.26676,24.86906,0
            121.26685,24.86914,0
            121.26716,24.86946,0
            121.26754,24.86975,0
            121.26775,24.86989,0
            121.26813,24.87024,0
            121.2687,24.87053,0
            121.26892,24.87069,0
            121.26925,24.87087,0
            121.26981,24.87128,0
            121.27095,24.87223,0
            121.27109,24.87231,0
            121.27126,24.87238,0
            121.27166,24.87264,0
            121.27251,24.87328,0
            121.27288,24.87349,0
            121.273,24.87357,0
            121.27321,24.87377,0
            121.27354,24.874,0
            121.27364,24.87409,0
            121.27386,24.87388,0
            121.27379,24.87381,0
            121.2739,24.87371,0
            121.27421,24.87401,0
            121.27454,24.87443,0
            121.27457,24.87445,0
            121.27459,24.87448,0
            121.27466,24.87452,0
            121.27487,24.87467,0
            121.27518,24.87484,0
            121.27569,24.87498,0
            121.27592,24.87508,0
            121.27596,24.87509,0
            121.2761,24.8752,0
            121.27619,24.8753,0
            121.27622,24.87535,0
            121.27623,24.87538,0
            121.27625,24.87541,0
            121.27648,24.87604,0
            121.27656,24.87604,0
            121.27686,24.8761,0
            121.2773,24.87616,0
            121.27735,24.87618,0
            121.27738,24.8762,0
            121.2774,24.87624,0
            121.27742,24.8763,0
            121.27749,24.87643,0
            121.27756,24.87669,0
            121.27767,24.87691,0
            121.27767,24.87693,0
            121.27846,24.87857,0
            121.27875,24.879,0
            121.27934,24.87977,0
            121.2797,24.88019,0
            121.27992,24.88049,0
            121.28047,24.88164,0
            121.28067,24.88228,0
            121.28076,24.88281,0
            121.28077,24.88301,0
            121.28147,24.88304,0
            121.28155,24.88306,0
            121.28158,24.88308,0
            121.2816,24.8831,0
            121.28162,24.88317,0
            121.28159,24.88328,0
            121.28158,24.88329,0
            121.28158,24.88333,0
            121.28159,24.88336,0
            121.28166,24.88347,0
            121.28174,24.88355,0
            121.28174,24.88368,0
            121.28173,24.88372,0
            121.28173,24.88376,0
            121.28169,24.88404,0
            121.28169,24.88417,0
            121.28165,24.88443,0
            121.28164,24.88468,0
            121.28165,24.88472,0
            121.28165,24.88477,0
            121.28166,24.8848,0
            121.28166,24.88496,0
            121.28167,24.88496,0
            121.28167,24.88498,0
            121.28169,24.88499,0
            121.28175,24.88509,0
            121.28181,24.88507,0
            121.28213,24.88501,0
            121.28217,24.88501,0
            121.28221,24.88502,0
            121.28223,24.88503,0
            121.28225,24.88505,0
            121.28227,24.88505,0
            121.28229,24.88507,0
            121.28231,24.88508,0
            121.28239,24.88523,0
            121.28259,24.88588,0
            121.28259,24.88591,0
            121.28267,24.88628,0
            121.28271,24.88666,0
            121.28273,24.88706,0
            121.2828,24.88748,0
            121.28303,24.88826,0
            121.28316,24.88848,0
            121.28347,24.88936,0
            121.28347,24.88942,0
            121.28346,24.88948,0
            121.28343,24.88957,0
            121.28334,24.8897,0
            121.28326,24.88994,0
            121.2832,24.89023,0
            121.28318,24.89054,0
            121.28319,24.89061,0
            121.28324,24.89072,0
            121.28355,24.89116,0
            121.28372,24.89136,0
            121.28652,24.89388,0
            121.28652,24.89392,0
            121.2863,24.89414,0
            121.2862,24.89422,0
            121.28636,24.89432,0
            121.28664,24.89446,0
            121.28695,24.89464,0
            121.28714,24.89467,0
            121.28723,24.89471,0
            121.28733,24.89474,0
            121.28746,24.89488,0
            121.2877,24.89505,0
            121.28782,24.89511,0
            121.28813,24.89523,0
            121.28837,24.89535,0
            121.28854,24.89545,0
            121.28892,24.89571,0
            121.28941,24.89591,0
            121.28961,24.89597,0
            121.28963,24.89599,0
            121.28969,24.89601,0
            121.29065,24.89648,0
            121.2913,24.89676,0
            121.29214,24.89718,0
            121.29216,24.8972,0
            121.29252,24.89738,0
            121.29285,24.89759,0
            121.29471,24.89897,0
            121.29534,24.89953,0
            121.29537,24.89955,0
            121.29558,24.89974,0
            121.29559,24.89974,0
            121.29561,24.89973,0
            121.29562,24.89973,0
            121.29571,24.89964,0
            121.29572,24.89964,0
            121.29574,24.89963,0
            121.29576,24.89963,0
            121.29577,24.89964,0
            121.29579,24.89965,0
            121.29671,24.90053,0
            121.29683,24.90063,0
            121.29735,24.90097,0
            121.29756,24.90116,0
            121.29768,24.9013,0
            121.29805,24.90181,0
            121.29811,24.90194,0
            121.29813,24.902,0
            121.29815,24.90213,0
            121.29813,24.90241,0
            121.29815,24.90252,0
            121.29819,24.90259,0
            121.29822,24.90268,0
            121.29831,24.90284,0
            121.29831,24.9029,0
            121.2983,24.90292,0
            121.2983,24.90295,0
            121.29797,24.90382,0
            121.29797,24.90388,0
            121.29798,24.9039,0
            121.2986,24.90439,0
            121.29865,24.90442,0
            121.29868,24.90445,0
            121.29953,24.90557,0
            121.29955,24.90563,0
            121.29957,24.90577,0
            121.2996,24.90589,0
            121.2996,24.90592,0
            121.29962,24.90595,0
            121.29965,24.90597,0
            121.30003,24.90641,0
            121.30011,24.90646,0
            121.3004,24.90654,0
            121.30047,24.90657,0
            121.30052,24.9066,0
            121.30056,24.90665,0
            121.30071,24.90689,0
            121.30128,24.9075,0
            121.30241,24.90851,0
            121.30265,24.90868,0
            121.3028,24.90877,0
            121.30449,24.90955,0
            121.30469,24.90961,0
            121.30481,24.90966,0
            121.30482,24.90967,0
            121.30492,24.90972,0
            121.30499,24.90977,0
            121.30505,24.90983,0
            121.30528,24.91011,0
            121.30527,24.91014,0
            121.30537,24.91033,0
            121.30541,24.91039,0
            121.30546,24.91044,0
            121.3055,24.91047,0
            121.30556,24.91049,0
            121.30562,24.91052,0
            121.30563,24.91052,0
            121.30565,24.91053,0
            121.30568,24.91058,0
            121.30569,24.91061,0
            121.30579,24.91078,0
            121.30583,24.91082,0
            121.3064,24.91124,0
            121.30641,24.91126,0
            121.30642,24.91126,0
            121.30642,24.91129,0
            121.30636,24.9114,0
            121.30622,24.91181,0
            121.30622,24.91187,0
            121.30623,24.91191,0
            121.30656,24.91247,0
            121.3066,24.91251,0
            121.30667,24.91254,0
            121.30672,24.91255,0
            121.30677,24.91255,0
            121.3068,24.91254,0
            121.30682,24.91255,0
            121.30685,24.91255,0
            121.30687,24.91256,0
            121.30692,24.91261,0
            121.30695,24.91263,0
            121.30715,24.91288,0
            121.30748,24.91323,0
            121.30763,24.91343,0
            121.30769,24.91347,0
            121.30776,24.91349,0
            121.30778,24.9135,0
            121.30807,24.91383,0
            121.30825,24.91407,0
            121.30827,24.91412,0
            121.30828,24.91412,0
            121.30831,24.91416,0
            121.3086,24.91443,0
            121.30917,24.91488,0
            121.30958,24.91514,0
            121.31005,24.91536,0
            121.31044,24.91566,0
            121.31126,24.91638,0
            121.3116,24.91665,0
            121.31168,24.91673,0
            121.31169,24.91676,0
            121.31171,24.91678,0
            121.31172,24.9168,0
            121.3119,24.91701,0
            121.31247,24.9174,0
            121.31307,24.9177,0
            121.31368,24.91794,0
            121.31406,24.91812,0
            121.31443,24.91825,0
            121.31458,24.91828,0
            121.31485,24.91842,0
            121.31495,24.91845,0
            121.31499,24.91854,0
            121.31516,24.91919,0
            121.31523,24.91936,0
            121.31527,24.91943,0
            121.31524,24.91951,0
            121.31534,24.91971,0
            121.31543,24.91994,0
            121.31545,24.92004,0
            121.31545,24.92043,0
            121.31547,24.92053,0
            121.31557,24.92079,0
            121.3156,24.92084,0
            121.31561,24.92104,0
            121.31566,24.92124,0
            121.31573,24.92139,0
            121.31591,24.92168,0
            121.31621,24.92209,0
            121.31645,24.92249,0
            121.31663,24.92287,0
            121.31685,24.92354,0
            121.31688,24.92361,0
            121.31689,24.92369,0
            121.31691,24.92376,0
            121.31697,24.92387,0
            121.31697,24.92405,0
            121.31692,24.92438,0
            121.31684,24.92475,0
            121.31674,24.92507,0
            121.31665,24.92515,0
            121.31673,24.92521,0
            121.31676,24.92524,0
            121.317,24.92539,0
            121.3174,24.92561,0
            121.31777,24.92587,0
            121.31798,24.926,0
            121.31817,24.9261,0
            121.3195,24.92653,0
            121.31963,24.92659,0
            121.31969,24.92661,0
            121.32038,24.92696,0
            121.32045,24.92698,0
            121.32054,24.92704,0
            121.32067,24.92711,0
            121.32074,24.92716,0
            121.32078,24.92721,0
            121.3208,24.92721,0
            121.32097,24.92728,0
            121.32133,24.92739,0
            121.32183,24.9275,0
            121.32186,24.9275,0
            121.32191,24.92751,0
            121.32204,24.92756,0
            121.32207,24.92759,0
            121.32209,24.9276,0
            121.3221,24.92761,0
            121.32218,24.92766,0
            121.32236,24.92775,0
            121.32237,24.92775,0
            121.32246,24.9278,0
            121.32252,24.92782,0
            121.32255,24.92784,0
            121.32259,24.92785,0
            121.32274,24.92795,0
            121.32351,24.92854,0
            121.32411,24.9289,0
            121.32425,24.929,0
            121.32441,24.92908,0
            121.32484,24.92922,0
            121.32499,24.9293,0
            121.32531,24.92953,0
            121.32538,24.92957,0
            121.32543,24.92961,0
            121.32552,24.92965,0
            121.3257,24.92971,0
            121.32607,24.92979,0
            121.32643,24.92992,0
            121.32688,24.93014,0
            121.32698,24.9302,0
            121.32779,24.93088,0
            121.32788,24.93099,0
            121.32804,24.93124,0
            121.32807,24.93132,0
            121.32824,24.93167,0
            121.32848,24.93256,0
            121.3289,24.93239,0
            121.32941,24.93222,0
            121.32985,24.93214,0
            121.33086,24.93205,0
            121.33151,24.93191,0
            121.33243,24.93145,0
            121.33265,24.93131,0
            121.3333,24.93096,0
            121.33397,24.93066,0
            121.33472,24.93022,0
            121.33483,24.93014,0
            121.33493,24.93004,0
            121.33499,24.92996,0
            121.33533,24.92964,0
            121.33545,24.92959,0
            121.33564,24.92953,0
            121.3369,24.92938,0
            121.33696,24.92938,0
            121.33716,24.92942,0
            121.33834,24.92976,0
            121.33922,24.9301,0
            121.33988,24.93028,0
            121.34018,24.93041,0
            121.34023,24.93044,0
            121.34034,24.93056,0
            121.34038,24.93063,0
            121.34042,24.93068,0
            121.34044,24.93069,0
            121.3406,24.93081,0
            121.34077,24.93096,0
            121.34095,24.93109,0
            121.34098,24.93114,0
            121.34101,24.93123,0
            121.34109,24.93134,0
            121.34114,24.93139,0
            121.34124,24.93152,0
            121.34206,24.93226,0
            121.34227,24.93249,0
            121.34248,24.93263,0
            121.34282,24.93272,0
            121.343,24.93279,0
            121.34307,24.93283,0
            121.34331,24.93304,0
            121.34344,24.93298,0
            121.34409,24.93359,0
            121.34486,24.93418,0
            121.34552,24.93465,0
            121.34578,24.93486,0
            121.34592,24.93503,0
            121.34599,24.9352,0
            121.34606,24.93545,0
            121.34637,24.93583,0
            121.34637,24.93591,0
            121.34638,24.93592,0
            121.34638,24.93593,0
            121.34639,24.93593,0
            121.34644,24.93597,0
            121.34644,24.93598,0
            121.34645,24.93599,0
            121.34645,24.936,0
            121.34646,24.93601,0
            121.34646,24.93615,0
            121.34649,24.93623,0
            121.34652,24.93627,0
            121.34664,24.93676,0
            121.34664,24.93681,0
            121.34665,24.93684,0
            121.34664,24.93721,0
            121.34671,24.93759,0
            121.34672,24.93762,0
            121.34671,24.93787,0
            121.34672,24.93788,0
            121.34672,24.93789,0
            121.34673,24.93789,0
            121.34674,24.9379,0
            121.34675,24.93792,0
            121.34682,24.938,0
            121.34694,24.9383,0
            121.34694,24.93838,0
            121.34689,24.93843,0
            121.34689,24.93844,0
            121.34688,24.93846,0
            121.34686,24.93848,0
            121.34686,24.9385,0
            121.34685,24.93851,0
            121.34685,24.93852,0
            121.34686,24.93853,0
            121.34686,24.93856,0
            121.34688,24.9386,0
            121.3469,24.93861,0
            121.34692,24.93863,0
            121.34702,24.93867,0
            121.34704,24.93867,0
            121.34705,24.93868,0
            121.34707,24.93868,0
            121.34708,24.93869,0
            121.3471,24.9387,0
            121.34713,24.93873,0
            121.34713,24.93875,0
            121.34715,24.93876,0
            121.34715,24.93877,0
            121.34716,24.93878,0
            121.34716,24.93879,0
            121.34717,24.93879,0
            121.34717,24.9388,0
            121.34716,24.93881,0
            121.34716,24.93887,0
            121.34718,24.93889,0
            121.34719,24.93889,0
            121.3472,24.9389,0
            121.34724,24.9389,0
            121.34725,24.93891,0
            121.34727,24.93891,0
            121.34734,24.93896,0
            121.34753,24.93913,0
            121.34753,24.93924,0
            121.34754,24.93925,0
            121.34754,24.93926,0
            121.34755,24.93927,0
            121.34756,24.93927,0
            121.34757,24.93928,0
            121.34762,24.93928,0
            121.34764,24.93929,0
            121.34765,24.93929,0
            121.34767,24.9393,0
            121.34768,24.93931,0
            121.3477,24.93931,0
            121.34771,24.93932,0
            121.34771,24.93933,0
            121.34816,24.93991,0
            121.34817,24.93993,0
            121.34817,24.93994,0
            121.34818,24.93995,0
            121.34818,24.93996,0
            121.34819,24.93997,0
            121.34819,24.94001,0
            121.34821,24.94006,0
            121.34821,24.94007,0
            121.34822,24.94008,0
            121.34822,24.94009,0
            121.34824,24.9401,0
            121.34824,24.94011,0
            121.34825,24.94011,0
            121.34826,24.94012,0
            121.34827,24.94012,0
            121.34834,24.94014,0
            121.34836,24.94015,0
            121.34837,24.94015,0
            121.34838,24.94016,0
            121.34839,24.94016,0
            121.34839,24.94018,0
            121.34841,24.94024,0
            121.34842,24.94031,0
            121.34843,24.94032,0
            121.34843,24.94033,0
            121.34844,24.94033,0
            121.34844,24.94034,0
            121.34845,24.94034,0
            121.34853,24.94038,0
            121.34854,24.94039,0
            121.34855,24.94039,0
            121.34856,24.9404,0
            121.34857,24.94042,0
            121.34858,24.94042,0
            121.34858,24.94043,0
            121.34863,24.9406,0
            121.34864,24.94062,0
            121.34865,24.94063,0
            121.34866,24.94063,0
            121.34866,24.94064,0
            121.34867,24.94064,0
            121.34875,24.94066,0
            121.34877,24.94066,0
            121.34878,24.94067,0
            121.34879,24.94067,0
            121.34881,24.94069,0
            121.34881,24.94075,0
            121.34882,24.94077,0
            121.34883,24.94084,0
            121.34884,24.94085,0
            121.34884,24.94087,0
            121.34885,24.94087,0
            121.34886,24.94089,0
            121.34887,24.94089,0
            121.34888,24.9409,0
            121.3489,24.9409,0
            121.34896,24.94092,0
            121.34899,24.94092,0
            121.349,24.94093,0
            121.34901,24.94093,0
            121.34903,24.94095,0
            121.34903,24.94096,0
            121.34904,24.94096,0
            121.34904,24.94098,0
            121.34905,24.94099,0
            121.34905,24.94102,0
            121.34907,24.94106,0
            121.34915,24.94118,0
            121.34918,24.94121,0
            121.34919,24.94123,0
            121.34922,24.94126,0
            121.34924,24.94127,0
            121.34928,24.94131,0
            121.34934,24.9414,0
            121.34934,24.94143,0
            121.34938,24.94157,0
            121.34938,24.94159,0
            121.34939,24.94161,0
            121.34941,24.94163,0
            121.34942,24.94163,0
            121.34946,24.94165,0
            121.34953,24.94167,0
            121.3496,24.9417,0
            121.34967,24.94175,0
            121.35027,24.94242,0
            121.3503,24.94247,0
            121.3503,24.94248,0
            121.35031,24.94249,0
            121.35031,24.94251,0
            121.3503,24.94256,0
            121.3503,24.9426,0
            121.35031,24.94261,0
            121.35031,24.94262,0
            121.35032,24.94263,0
            121.35032,24.94264,0
            121.35036,24.94277,0
            121.35039,24.94282,0
            121.35132,24.94385,0
            121.35134,24.94388,0
            121.35322,24.9459,0
            121.35323,24.94592,0
            121.35324,24.94593,0
            121.35325,24.94595,0
            121.35325,24.94602,0
            121.35324,24.94607,0
            121.35324,24.94613,0
            121.35322,24.94618,0
            121.35321,24.94619,0
            121.3532,24.94621,0
            121.35319,24.94622,0
            121.35316,24.94627,0
            121.35322,24.94631,0
            121.35406,24.94718,0
            121.35407,24.94718,0
            121.35409,24.94721,0
            121.35575,24.94884,0
            121.35613,24.94917,0
            121.35615,24.9492,0
            121.35647,24.94957,0
            121.35658,24.94961,0
            121.35664,24.94966,0
            121.35666,24.94967,0
            121.35675,24.9498,0
            121.35678,24.94989,0
            121.35694,24.95089,0
            121.35706,24.95087,0
            121.35716,24.95087,0
            121.35729,24.9509,0
            121.35774,24.95094,0
            121.35821,24.95102,0
            121.35873,24.95114,0
            121.35914,24.9513,0
            121.35915,24.9513,0
            121.35915,24.95131,0
            121.3595,24.95147,0
            121.35981,24.95169,0
            121.35994,24.95182,0
            121.36027,24.95197,0
            121.36062,24.95222,0
            121.36069,24.95226,0
            121.36076,24.95232,0
            121.36193,24.9531,0
            121.36353,24.95423,0
            121.36501,24.95522,0
            121.36565,24.95561,0
            121.36624,24.95589,0
            121.36724,24.95627,0
            121.36828,24.95655,0
            121.36948,24.957,0
            121.36949,24.95701,0
            121.37076,24.95744,0
            121.37092,24.95753,0
            121.37094,24.95755,0
            121.37095,24.95755,0
            121.37132,24.95776,0
            121.37136,24.95779,0
            121.37146,24.95781,0
            121.37157,24.95782,0
            121.37184,24.95782,0
            121.3719,24.95785,0
            121.37459,24.95956,0
            121.37702,24.96123,0
            121.37704,24.96125,0
            121.37787,24.96182,0
            121.37919,24.96296,0
            121.37977,24.96342,0
            121.38004,24.96368,0
            121.38037,24.96392,0
            121.38055,24.96403,0
            121.38067,24.96408,0
            121.38069,24.9641,0
            121.38152,24.96444,0
            121.38224,24.96477,0
            121.3829,24.96511,0
            121.38387,24.96577,0
            121.38411,24.96596,0
            121.38457,24.96625,0
            121.385,24.96646,0
            121.38506,24.96647,0
            121.38514,24.96647,0
            121.38518,24.96646,0
            121.38531,24.9664,0
            121.38532,24.96639,0
            121.38543,24.96634,0
            121.38551,24.96632,0
            121.3856,24.96632,0
            121.38567,24.96634,0
            121.38575,24.96639,0
            121.38578,24.96642,0
            121.38583,24.96651,0
            121.38589,24.96666,0
            121.38606,24.9672,0
            121.38609,24.96726,0
            121.38616,24.96732,0
            121.38617,24.96732,0
            121.38645,24.96743,0
            121.38692,24.96751,0
            121.38731,24.96754,0
            121.38742,24.96751,0
            121.38799,24.96695,0
            121.38825,24.96667,0
            121.3883,24.96665,0
            121.38837,24.96667,0
            121.38844,24.9667,0
            121.38956,24.96698,0
            121.38959,24.96698,0
            121.38992,24.96706,0
            121.39002,24.9671,0
            121.39014,24.96719,0
            121.39018,24.96725,0
            121.39051,24.96736,0
            121.39127,24.96757,0
            121.39144,24.96763,0
            121.3915,24.96767,0
            121.3916,24.96782,0
            121.39163,24.96785,0
            121.39166,24.96787,0
            121.39213,24.96791,0
            121.39221,24.96793,0
            121.3923,24.96793,0
            121.39233,24.96794,0
            121.39237,24.96794,0
            121.39241,24.96795,0
            121.39288,24.96814,0
            121.39302,24.96822,0
            121.39303,24.96825,0
            121.39311,24.96823,0
            121.39329,24.96816,0
            121.39342,24.96809,0
            121.39371,24.96797,0
            121.39376,24.96796,0
            121.39409,24.96797,0
            121.39474,24.96806,0
            121.39479,24.96806,0
            121.39531,24.96821,0
            121.3972,24.96891,0
            121.39738,24.96895,0
            121.39754,24.96897,0
            121.40031,24.96907,0
            121.40368,24.96907,0
            121.40383,24.96906,0
            121.40566,24.96913,0
            121.40763,24.96934,0
            121.40882,24.96953,0
            121.40958,24.96969,0
            121.40978,24.96972,0
            121.41053,24.96989,0
            121.41198,24.97027,0
            121.41212,24.97029,0
            121.41256,24.9704,0
            121.41258,24.9704,0
            121.41512,24.97103,0
            121.41618,24.97135,0
            121.41619,24.97135,0
            121.4174,24.97179,0
            121.41841,24.97223,0
            121.41925,24.97266,0
            121.41934,24.97276,0
            121.41938,24.97282,0
            121.41945,24.97289,0
            121.41958,24.97297,0
            121.41986,24.97303,0
            121.41989,24.97303,0
            121.41995,24.97304,0
            121.42136,24.97392,0
            121.42142,24.97395,0
            121.4241,24.97564,0
            121.42411,24.97564,0
            121.42555,24.97663,0
            121.42662,24.97746,0
            121.42791,24.97855,0
            121.42925,24.97976,0
            121.4294,24.98005,0
            121.42941,24.98006,0
            121.42941,24.98007,0
            121.42944,24.98011,0
            121.42946,24.98012,0
            121.4295,24.98016,0
            121.42958,24.98022,0
            121.4299,24.98034,0
            121.43003,24.98045,0
            121.43087,24.98129,0
            121.43194,24.98252,0
            121.43258,24.98339,0
            121.43298,24.984,0
            121.43351,24.98491,0
            121.43377,24.98543,0
            121.4338,24.98547,0
            121.43406,24.98601,0
            121.43418,24.98631,0
            121.43419,24.98631,0
            121.43442,24.98688,0
            121.43491,24.98828,0
            121.43508,24.98892,0
            121.43522,24.98971,0
            121.43522,24.98977,0
            121.43525,24.98996,0
            121.4353,24.99067,0
            121.4353,24.99085,0
            121.43531,24.99095,0
            121.4353,24.99146,0
            121.43529,24.99151,0
            121.43526,24.99158,0
            121.43524,24.99166,0
            121.4352,24.99177,0
            121.43515,24.99197,0
            121.43514,24.99206,0
            121.43515,24.9922,0
            121.43517,24.99228,0
            121.43527,24.99256,0
            121.43529,24.99264,0
            121.43533,24.99273,0
            121.43533,24.9929,0
            121.43537,24.99349,0
            121.43552,24.9986,0
            121.43553,24.99869,0
            121.43555,24.9993,0
            121.43556,24.99932,0
            121.43565,25.00078,0
            121.43566,25.00083,0
            121.43571,25.00157,0
            121.4357,25.00189,0
            121.43585,25.0036,0
            121.43604,25.00391,0
            121.43605,25.00401,0
            121.43609,25.00416,0
            121.43619,25.00502,0
            121.43619,25.00509,0
            121.4362,25.0051,0
            121.43625,25.00556,0
            121.43625,25.00564,0
            121.4364,25.00702,0
            121.4364,25.00707,0
            121.43653,25.00815,0
            121.43654,25.00817,0
            121.43654,25.00824,0
            121.43659,25.00845,0
            121.43675,25.00891,0
            121.43686,25.00934,0
            121.43687,25.00936,0
            121.43709,25.01016,0
            121.43754,25.01143,0
            121.43836,25.01345,0
            121.43856,25.01404,0
            121.43867,25.01428,0
            121.43874,25.01438,0
            121.43878,25.01441,0
            121.43924,25.01447,0
            121.43932,25.01447,0
            121.43952,25.01454,0
            121.43966,25.01463,0
            121.4397,25.01467,0
            121.43978,25.01479,0
            121.43981,25.01485,0
            121.44003,25.01576,0
            121.44009,25.0159,0
            121.44012,25.01594,0
            121.44039,25.0162,0
            121.4406,25.01637,0
            121.44062,25.0164,0
            121.44063,25.0164,0
            121.44065,25.01642,0
            121.44067,25.01647,0
            121.4407,25.01662,0
            121.4407,25.01673,0
            121.44071,25.01674,0
            121.44071,25.01688,0
            121.44073,25.01694,0
            121.44075,25.01705,0
            121.44087,25.01728,0
            121.44094,25.01736,0
            121.44095,25.01738,0
            121.44096,25.01739,0
            121.44096,25.01741,0
            121.44095,25.01742,0
            121.44095,25.01743,0
            121.4409,25.0175,0
            121.44084,25.01756,0
            121.44072,25.01764,0
            121.44071,25.01764,0
            121.44069,25.01765,0
            121.44043,25.01766,0
            121.44035,25.01769,0
            121.44031,25.01773,0
            121.44031,25.01782,0
            121.44033,25.01796,0
            121.44036,25.01807,0
            121.44055,25.01847,0
            121.44074,25.01875,0
            121.44102,25.01911,0
            121.44109,25.01932,0
            121.44113,25.01948,0
            121.44121,25.01969,0
            121.4413,25.01987,0
            121.44142,25.02007,0
            121.44161,25.02028,0
            121.44175,25.0204,0
            121.44186,25.02047,0
            121.44194,25.02051,0
            121.44205,25.02055,0
            121.44219,25.02058,0
            121.44242,25.02058,0
            121.44244,25.02057,0
            121.44247,25.02057,0
            121.44249,25.02056,0
            121.44254,25.02056,0
            121.44264,25.02062,0
            121.44315,25.02087,0
            121.44319,25.0209,0
            121.44323,25.02092,0
            121.44337,25.02103,0
            121.44349,25.02119,0
            121.44357,25.02138,0
            121.44358,25.02139,0
            121.44361,25.02151,0
            121.44361,25.02156,0
            121.44363,25.02166,0
            121.44364,25.02179,0
            121.44369,25.02196,0
            121.44373,25.02204,0
            121.44376,25.02208,0
            121.44377,25.02213,0
            121.44385,25.02232,0
            121.44393,25.0224,0
            121.44422,25.02255,0
            121.44446,25.02271,0
            121.44457,25.0228,0
            121.44464,25.02288,0
            121.44474,25.02308,0
            121.44491,25.02369,0
            121.44503,25.02389,0
            121.44552,25.02449,0
            121.44555,25.02451,0
            121.44555,25.02452,0
            121.44567,25.02456,0
            121.4459,25.0246,0
            121.44595,25.02463,0
            121.446,25.02468,0
            121.44602,25.02471,0
            121.44604,25.02473,0
            121.44604,25.02476,0
            121.44605,25.02478,0
            121.44606,25.02519,0
            121.44608,25.02525,0
            121.44611,25.0253,0
            121.44613,25.02532,0
            121.44619,25.02545,0
            121.44623,25.0255,0
            121.44643,25.02567,0
            121.44658,25.02578,0
            121.44661,25.02581,0
            121.44663,25.02584,0
            121.44666,25.02587,0
            121.44669,25.02597,0
            121.44669,25.02602,0
            121.44667,25.02612,0
            121.44666,25.02632,0
            121.44669,25.02648,0
            121.44672,25.02655,0
            121.44674,25.02662,0
            121.44678,25.02669,0
            121.44686,25.02688,0
            121.44686,25.02691,0
            121.44694,25.02701,0
            121.44703,25.0272,0
            121.44717,25.02736,0
            121.44719,25.02739,0
            121.44802,25.02832,0
            121.44792,25.02842,0
            121.4479,25.02845,0
            121.44788,25.02851,0
            121.44788,25.0286,0
            121.44789,25.02861,0
            121.44792,25.02868,0
            121.44794,25.02871,0
            121.44796,25.02881,0
            121.44792,25.02892,0
            121.44784,25.029,0
            121.44778,25.02904,0
            121.44796,25.02927,0
            121.44798,25.02928,0
            121.4481,25.0294,0
            121.44812,25.02941,0
            121.44828,25.02953,0
            121.44839,25.02965,0
            121.44928,25.03046,0
            121.44923,25.0305,0
            121.45103,25.03213,0
            121.45126,25.03228,0
            121.45149,25.0324,0
            121.45335,25.03322,0
            121.45338,25.03317,0
            121.45302,25.03302,0
            121.453,25.03302,0
            121.45136,25.0323,0
            121.45099,25.03207,0
            121.4505,25.03163,0
            121.44922,25.0304,0
            121.44927,25.03038,0
            121.44931,25.03038,0
            121.44933,25.03039,0
            121.44934,25.03039,0
            121.44938,25.03042,0
            121.44948,25.03053,0
            121.45024,25.03126,0
            121.45025,25.03126,0
            121.45028,25.0313,0
            121.4503,25.03134,0
            121.45031,25.03142,0
            121.45034,25.03141,0
            121.45036,25.03141,0
            121.45037,25.0314,0
            121.45039,25.03139,0
            121.4504,25.03139,0
            121.45051,25.03126,0
            121.45054,25.03119,0
            121.45054,25.03116,0
            121.45055,25.03112,0
            121.45061,25.03099,0
            121.45061,25.03098,0
            121.45069,25.03082,0
            121.4507,25.03082,0
            121.45077,25.03072,0
            121.45078,25.03069,0
            121.45102,25.0304,0
            121.45116,25.03017,0
            121.45122,25.03009,0
            121.45122,25.03008,0
            121.4513,25.02996,0
            121.45131,25.02993,0
            121.45132,25.02993,0
            121.45134,25.02989,0
            121.45152,25.02965,0
            121.45153,25.02963,0
            121.45154,25.02963,0
            121.45164,25.02951,0
            121.45165,25.02949,0
            121.45167,25.02947,0
            121.45174,25.02935,0
            121.45176,25.02934,0
            121.45176,25.02933,0
            121.45206,25.02887,0
            121.45206,25.02886,0
            121.45215,25.02871,0
            121.45215,25.0287,0
            121.45253,25.02809,0
            121.45253,25.02808,0
            121.45262,25.02795,0
            121.45264,25.02793,0
            121.45284,25.02762,0
            121.45295,25.0275,0
            121.453,25.02747,0
            121.45302,25.02747,0
            121.45304,25.02746,0
            121.45307,25.02747,0
            121.4531,25.02747,0
            121.45315,25.02749,0
            121.45393,25.0281,0
            121.45397,25.02814,0
            121.45399,25.02815,0
            121.45403,25.02815,0
            121.45412,25.02813,0
            121.45418,25.02809,0
            121.45518,25.02878,0
            121.45533,25.02887,0
            121.45573,25.02918,0
            121.45616,25.02944,0
            121.45632,25.02952,0
            121.45651,25.02959,0
            121.45676,25.02973,0
            121.45682,25.02978,0
            121.4596,25.03139,0
            121.45978,25.03152,0
            121.46067,25.03204,0
            121.46083,25.03215,0
            121.46129,25.03239,0
            121.46172,25.03264,0
            121.4629,25.03326,0
            121.46438,25.03392,0
            121.46442,25.03393,0
            121.46646,25.03481,0
            121.46647,25.03482,0
            121.46915,25.03592,0
            121.46925,25.03595,0
            121.46938,25.03601,0
            121.4694,25.03604,0
            121.46952,25.03611,0
            121.46963,25.03619,0
            121.46986,25.03632,0
            121.47,25.03636,0
            121.47008,25.03637,0
            121.47015,25.03637,0
            121.47021,25.03636,0
            121.47032,25.03636,0
            121.4705,25.03641,0
            121.47063,25.03646,0
            121.47198,25.03682,0
            121.47363,25.03721,0
            121.47535,25.03787,0
            121.47562,25.03775,0
            121.47585,25.03768,0
            121.47592,25.03765,0
            121.47708,25.03786,0
            121.478,25.03793,0
            121.47887,25.03791,0
            121.47892,25.0379,0
            121.47907,25.03789,0
            121.4791,25.03788,0
            121.48024,25.03776,0
            121.48029,25.03776,0
            121.48034,25.03774,0
            121.48041,25.03773,0
            121.48052,25.03769,0
            121.48057,25.03768,0
            121.48062,25.03765,0
            121.48068,25.03763,0
            121.48077,25.03758,0
            121.4808,25.03757,0
            121.48087,25.03752,0
            121.48098,25.03746,0
            121.48105,25.0374,0
            121.4811,25.03737,0
            121.48125,25.03724,0
            121.48133,25.03715,0
            121.48137,25.03709,0
            121.4815,25.03684,0
            121.48166,25.03644,0
            121.48168,25.03624,0
            121.48163,25.0356,0
            121.48166,25.03559,0
            121.48171,25.03559,0
            121.48171,25.03557,0
            121.48172,25.03556,0
            121.48171,25.03552,0
            121.48171,25.03548,0
            121.48173,25.03546,0
            121.48175,25.03545,0
            121.48176,25.03544,0
            121.48183,25.03544,0
            121.48185,25.03545,0
            121.48186,25.03546,0
            121.48186,25.03547,0
            121.48188,25.0355,0
            121.48188,25.03554,0
            121.48187,25.03556,0
            121.48186,25.03557,0
            121.48186,25.03558,0
            121.48185,25.03559,0
            121.48184,25.03559,0
            121.48183,25.0356,0
            121.4818,25.03561,0
            121.4817,25.03561,0
            121.48166,25.03562,0
            121.48146,25.03562,0
            121.48147,25.03563,0
            121.48148,25.03563,0
            121.48152,25.03566,0
            121.4823,25.03565,0
            121.48242,25.03566,0
            121.48245,25.03565,0
            121.4838,25.03561,0
            121.48385,25.0356,0
            121.48438,25.03559,0
            121.4844,25.03558,0
            121.48543,25.03557,0
            121.48547,25.03556,0
            121.48552,25.03556,0
            121.48557,25.03555,0
            121.48588,25.03555,0
            121.48598,25.03554,0
            121.48775,25.0355,0
            121.48776,25.03549,0
            121.48777,25.03549,0
            121.48777,25.03548,0
            121.48778,25.03547,0
            121.48778,25.03546,0
            121.4878,25.03546,0
            121.48785,25.03544,0
            121.48797,25.03542,0
            121.48802,25.03542,0
            121.48856,25.03533,0
            121.48863,25.03531,0
            121.48865,25.03531,0
            121.48878,25.03526,0
            121.48881,25.03524,0
            121.48883,25.03522,0
            121.48885,25.03521,0
            121.48891,25.03516,0
            121.48901,25.03503,0
            121.48905,25.03494,0
            121.48906,25.03489,0
            121.48906,25.03475,0
            121.48905,25.03474,0
            121.48902,25.03468,0
            121.48889,25.03451,0
            121.48885,25.03444,0
            121.48884,25.03441,0
            121.48884,25.03438,0
            121.48883,25.03435,0
            121.48884,25.03432,0
            121.48884,25.03422,0
            121.48889,25.03396,0
            121.48889,25.03385,0
            121.48888,25.03385,0
            121.48877,25.03364,0
            121.4872,25.03437,0
            121.48714,25.03429,0
            121.48653,25.03458,0
            121.48647,25.03432,0
            121.48644,25.0341,0
            121.4864,25.03287,0
            121.48645,25.03247,0
            121.48656,25.03209,0
            121.48659,25.03205,0
            121.48664,25.03196,0
            121.48672,25.03188,0
            121.48734,25.03139,0
            121.48758,25.03122,0
            121.48748,25.03064,0
            121.48744,25.03023,0
            121.48743,25.0302,0
            121.48742,25.03019,0
            121.48742,25.03016,0
            121.4874,25.03012,0
            121.4874,25.03006,0
            121.48745,25.0299,0
            121.48745,25.02989,0
            121.4875,25.02978,0
            121.48751,25.02973,0
            121.48752,25.02972,0
            121.4876,25.02947,0
            121.48772,25.02917,0
            121.48776,25.02904,0
            121.48791,25.0287,0
            121.48805,25.02828,0
            121.48812,25.02802,0
            121.48812,25.02801,0
            121.4882,25.02781,0
            121.48827,25.02769,0
            121.48873,25.02712,0
            121.48874,25.0271,0
            121.489,25.02679,0
            121.48928,25.0264,0
            121.48968,25.02561,0
            121.49002,25.02505,0
            121.49005,25.02494,0
            121.49006,25.02492,0
            121.49008,25.02482,0
            121.49057,25.02361,0
            121.49065,25.02336,0
            121.49068,25.02321,0
            121.49064,25.02301,0
            121.49064,25.02295,0
            121.49068,25.02273,0
            121.49082,25.02216,0
            121.49086,25.02191,0
            121.49088,25.02159,0
            121.49087,25.02128,0
            121.49074,25.01962,0
            121.49071,25.01955,0
            121.49059,25.01836,0
            121.49059,25.01818,0
            121.49062,25.01799,0
            121.49073,25.01751,0
            121.49092,25.0171,0
            121.49092,25.01698,0
            121.49093,25.01693,0
            121.49095,25.01688,0
            121.49129,25.01651,0
            121.49136,25.01639,0
            121.49139,25.01636,0
            121.49142,25.01621,0
            121.49143,25.0156,0
            121.49144,25.01559,0
            121.49144,25.01557,0
            121.49158,25.01531,0
            121.49214,25.01442,0
            121.49216,25.0144,0
            121.49223,25.01437,0
            121.49226,25.01437,0
            121.49236,25.01434,0
            121.49264,25.01421,0
            121.49278,25.01412,0
            121.4928,25.01409,0
            121.49287,25.01402,0
            121.49287,25.01401,0
            121.49293,25.01394,0
            121.49304,25.01374,0
            121.49309,25.0136,0
            121.49311,25.01349,0
            121.49341,25.0134,0
            121.49348,25.01339,0
            121.49369,25.01339,0
            121.49386,25.01342,0
            121.49393,25.01345,0
            121.494,25.01347,0
            121.49411,25.01353,0
            121.49421,25.01362,0
            121.49423,25.01361,0
            121.49425,25.01359,0
            121.49427,25.01359,0
            121.49428,25.01358,0
            121.4943,25.01358,0
            121.49431,25.01357,0
            121.49439,25.01357,0
            121.4944,25.01358,0
            121.49443,25.01358,0
            121.49445,25.01359,0
            121.49447,25.01361,0
            121.49449,25.01361,0
            121.49451,25.01363,0
            121.49459,25.01356,0
            121.49465,25.01354,0
            121.4949,25.01354,0
            121.49521,25.01348,0
            121.4952,25.0128,0
            121.49759,25.01279,0
            121.49764,25.0128,0
            121.49768,25.0128,0
            121.49771,25.01281,0
            121.49782,25.01288,0
            121.49785,25.01293,0
            121.49787,25.01295,0
            121.49789,25.01299,0
            121.49792,25.01319,0
            121.49794,25.01325,0
            121.49796,25.01327,0
            121.49805,25.0134,0
            121.49808,25.01342,0
            121.49812,25.01346,0
            121.4982,25.01352,0
            121.49826,25.01358,0
            121.4983,25.01361,0
            121.49833,25.01365,0
            121.49837,25.01369,0
            121.49843,25.01378,0
            121.49847,25.01388,0
            121.49859,25.01386,0
            121.49864,25.01394,0
            121.49897,25.01436,0
            121.49943,25.01488,0
            121.49945,25.01489,0
            121.49947,25.01492,0
            121.49963,25.01507,0
            121.49965,25.0151,0
            121.50071,25.01572,0
            121.50078,25.0158,0
            121.50249,25.01679,0
            121.50256,25.01684,0
            121.50263,25.01685,0
            121.50269,25.01687,0
            121.50279,25.01693,0
            121.50288,25.01697,0
            121.50327,25.01721,0
            121.50346,25.01731,0
            121.50347,25.01732,0
            121.50354,25.01735,0
            121.50357,25.01743,0
            121.50357,25.01747,0
            121.50356,25.01752,0
            121.50346,25.01781,0
            121.50342,25.01802,0
            121.50342,25.01807,0
            121.50343,25.01811,0
            121.50344,25.01813,0
            121.50352,25.0182,0
            121.50441,25.0187,0
            121.50452,25.0188,0
            121.50503,25.01919,0
            121.50505,25.01922,0
            121.50507,25.01922,0
            121.50509,25.01924,0
            121.50533,25.01938,0
            121.50536,25.01941,0
            121.50567,25.01963,0
            121.50613,25.02004,0
            121.50643,25.02036,0
            121.50647,25.02042,0
            121.50652,25.02047,0
            121.50671,25.02071,0
            121.50754,25.02153,0
            121.50767,25.02164,0
            121.50777,25.02171,0
            121.5079,25.02182,0
            121.508,25.02189,0
            121.50805,25.02191,0
            121.50852,25.02218,0
            121.50886,25.02234,0
            121.50898,25.02241,0
            121.50907,25.02245,0
            121.50919,25.02252,0
            121.50929,25.02255,0
            121.50934,25.02255,0
            121.50936,25.02256,0
            121.5102,25.02255,0
            121.51094,25.02261,0
            121.51119,25.02266,0
            121.51134,25.02272,0
            121.51146,25.02274,0
            121.51229,25.02277,0
            121.51246,25.02274,0
            121.5131,25.02253,0
            121.51386,25.02233,0
            121.51391,25.02231,0
            121.51397,25.02231,0
            121.51417,25.02226,0
            121.5142,25.02226,0
            121.51423,25.02225,0
            121.51439,25.02223,0
            121.51485,25.02214,0
            121.51488,25.02214,0
            121.51552,25.02193,0
            121.51564,25.02188,0
            121.51595,25.02172,0
            121.51596,25.02171,0
            121.51598,25.0217,0
            121.51605,25.0217,0
            121.51611,25.02167,0
            121.51619,25.02165,0
            121.51646,25.02162,0
            121.51665,25.02155,0
            121.51688,25.02149,0
            121.51702,25.02144,0
            121.51703,25.02144,0
            121.51719,25.02139,0
            121.51721,25.02139,0
            121.51725,25.02137,0
            121.51844,25.02102,0
            121.51907,25.02088,0
            121.51931,25.02085,0
            121.51933,25.02084,0
            121.51982,25.02076,0
            121.51989,25.02072,0
            121.51996,25.0207,0
            121.52001,25.02067,0
            121.5201,25.02057,0
            121.5201,25.02052,0
            121.52011,25.02046,0
            121.52008,25.02028,0
            121.52009,25.02025,0
            121.52009,25.02022,0
            121.52011,25.0202,0
            121.52012,25.0202,0
            121.52015,25.02017,0
            121.52022,25.02013,0
            121.52024,25.02011,0
            121.52035,25.02007,0
            121.52049,25.01999,0
            121.52057,25.01993,0
            121.5206,25.01988,0
            121.52109,25.01955,0
            121.52113,25.01953,0
            121.52143,25.01953,0
            121.52149,25.01946,0
            121.5215,25.0194,0
            121.52157,25.01925,0
            121.52164,25.01914,0
            121.52171,25.01907,0
            121.52173,25.01904,0
            121.52176,25.01902,0
            121.5218,25.01898,0
            121.52181,25.01898,0
            121.52188,25.01893,0
            121.52231,25.01869,0
            121.52235,25.01868,0
            121.52253,25.01872,0
            121.52267,25.01878,0
            121.52358,25.018,0
            121.52401,25.01732,0
            121.524,25.01729,0
            121.524,25.01723,0
            121.52413,25.01678,0
            121.52401,25.01664,0
            121.52386,25.01649,0
            121.52383,25.01645,0
            121.52379,25.01641,0
            121.52377,25.01637,0
            121.52376,25.01636,0
            121.52375,25.01634,0
            121.52375,25.01632,0
            121.52374,25.01629,0
            121.52375,25.01627,0
            121.52375,25.01624,0
            121.52378,25.01615,0
            121.52407,25.01572,0
            121.52408,25.01572,0
            121.52554,25.01353,0
            121.52559,25.0135,0
            121.5256,25.01348,0
            121.52626,25.01267,0
            121.52628,25.01266,0
            121.52631,25.01261,0
            121.52643,25.0125,0
            121.52729,25.01185,0
            121.52755,25.01174,0
            121.52756,25.01172,0
            121.52758,25.01161,0
            121.52758,25.01153,0
            121.52759,25.01148,0
            121.52761,25.01144,0
            121.5277,25.01137,0
            121.52802,25.01119,0
            121.52803,25.01118,0
            121.52818,25.01109,0
            121.52823,25.01107,0
            121.52824,25.01106,0
            121.52875,25.01075,0
            121.52883,25.01068,0
            121.52884,25.01066,0
            121.529,25.0105,0
            121.5291,25.01042,0
            121.5291,25.01041,0
            121.52917,25.01037,0
            121.52923,25.01035,0
            121.52952,25.0103,0
            121.52957,25.0103,0
            121.52976,25.01034,0
            121.52986,25.01035,0
            121.52987,25.01036,0
            121.53005,25.01036,0
            121.53012,25.01035,0
            121.53034,25.01027,0
            121.5304,25.01024,0
            121.53044,25.01023,0
            121.53049,25.01023,0
            121.53054,25.01025,0
            121.53062,25.01035,0
            121.5308,25.01025,0
            121.53091,25.01017,0
            121.5311,25.01006,0
            121.53115,25.01002,0
            121.53157,25.00982,0
            121.5319,25.0096,0
            121.53251,25.00915,0
            121.53265,25.009,0
            121.53265,25.00899,0
            121.5327,25.00892,0
            121.53278,25.00883,0
            121.53284,25.00872,0
            121.53287,25.00869,0
            121.53287,25.00868,0
            121.53289,25.00864,0
            121.53292,25.00851,0
            121.53294,25.00846,0
            121.53295,25.00838,0
            121.533,25.00818,0
            121.53301,25.00816,0
            121.53304,25.00801,0
            121.53305,25.00799,0
            121.53319,25.00751,0
            121.5332,25.00749,0
            121.5332,25.00746,0
            121.53339,25.00704,0
            121.53346,25.00694,0
            121.53363,25.00665,0
            121.53364,25.00664,0
            121.53488,25.00461,0
            121.53488,25.0046,0
            121.53504,25.00425,0
            121.53516,25.00394,0
            121.53521,25.00376,0
            121.53529,25.00337,0
            121.53533,25.0028,0
            121.53533,25.00257,0
            121.53532,25.00246,0
            121.53532,25.00231,0
            121.53529,25.00191,0
            121.53529,25.00177,0
            121.53517,25.00046,0
            121.53515,24.99886,0
            121.53518,24.99834,0
            121.53534,24.99724,0
            121.53536,24.99696,0
            121.53535,24.99648,0
            121.53536,24.99642,0
            121.53542,24.99629,0
            121.53546,24.99617,0
            121.53568,24.99565,0
            121.53575,24.99554,0
            121.53575,24.99553,0
            121.53594,24.9953,0
            121.53669,24.99467,0
            121.53702,24.99431,0
            121.53715,24.99411,0
            121.53727,24.99386,0
            121.53735,24.99357,0
            121.53739,24.99337,0
            121.5374,24.99305,0
            121.53741,24.99298,0
            121.53737,24.99261,0
            121.53735,24.99256,0
            121.53733,24.99248,0
            121.53714,24.99195,0
            121.53712,24.99187,0
            121.53673,24.99082,0
            121.5367,24.99068,0
            121.53669,24.99066,0
            121.53665,24.99048,0
            121.53664,24.99033,0
            121.53666,24.98999,0
            121.53673,24.98972,0
            121.53686,24.98943,0
            121.53711,24.98909,0
            121.53719,24.98901,0
            121.53744,24.9888,0
            121.53772,24.98864,0
            121.53794,24.98855,0
            121.53827,24.98846,0
            121.53834,24.98846,0
            121.53843,24.98844,0
            121.53925,24.98837,0
            121.53978,24.98839,0
            121.54,24.98836,0
            121.54001,24.98833,0
            121.54001,24.98831,0
            121.54002,24.98829,0
            121.54002,24.98827,0
            121.54005,24.98824,0
            121.54007,24.98823,0
            121.54009,24.98821,0
            121.54011,24.9882,0
            121.54013,24.9882,0
            121.54017,24.98819,0
            121.54022,24.98819,0
            121.54025,24.98818,0
            121.54028,24.98818,0
            121.54067,24.98811,0
            121.54094,24.98811,0
            121.54215,24.98817,0
            121.54274,24.98827,0
            121.54282,24.98827,0
            121.54297,24.98829,0
            121.54319,24.98835,0
            121.54325,24.98838,0
            121.54336,24.9884,0
            121.54347,24.9884,0
            121.54377,24.98833,0
            121.5438,24.98833,0
            121.54384,24.98832,0
            121.54401,24.98832,0
            121.5441,24.9883,0
            121.54413,24.9883,0
            121.5442,24.98828,0
            121.54437,24.9882,0
            121.54443,24.98814,0
            121.54447,24.98811,0
            121.54452,24.98804,0
            121.54466,24.98775,0
            121.5448,24.98741,0
            121.54482,24.98734,0
            121.54487,24.98723,0
            121.545,24.98703,0
            121.54507,24.98694,0
            121.5451,24.98682,0
            121.5451,24.98672,0
            121.54508,24.98657,0
            121.54505,24.98646,0
            121.54507,24.98608,0
            121.54504,24.98592,0
            121.54504,24.98576,0
            121.54505,24.98571,0
            121.54505,24.98567,0
            121.54506,24.98562,0
            121.54506,24.98557,0
            121.54509,24.98551,0
            121.5451,24.9855,0
            121.54509,24.98535,0
            121.5451,24.9853,0
            121.54509,24.98472,0
            121.5451,24.98463,0
            121.54516,24.9844,0
            121.5452,24.98431,0
            121.54521,24.9843,0
            121.54523,24.98425,0
            121.54526,24.9842,0
            121.54531,24.98414,0
            121.54536,24.98406,0
            121.54548,24.98393,0
            121.54554,24.98388,0
            121.54584,24.98372,0
            121.54606,24.98365,0
            121.54609,24.98365,0
            121.54612,24.98364,0
            121.54616,24.98364,0
            121.5462,24.98363,0
            121.5464,24.98363,0
            121.54823,24.98382,0
            121.54855,24.98391,0
            121.54892,24.98404,0
            121.54943,24.9843,0
            121.54962,24.98443,0
            121.54999,24.98474,0
            121.55026,24.98503,0
            121.55047,24.98533,0
            121.55054,24.98545,0
            121.55059,24.98558,0
            121.55066,24.98583,0
            121.55068,24.98612,0
            121.55071,24.98626,0
            121.55075,24.98635,0
            121.55076,24.98639,0
            121.55077,24.98641,0
            121.55077,24.98645,0
            121.55075,24.98647,0
            121.55075,24.98648,0
            121.55073,24.98649,0
            121.55072,24.9865,0
            121.55071,24.9865,0
            121.55069,24.98651,0
            121.55072,24.98645,0
            121.55072,24.98644,0
            121.55073,24.98641,0
            121.55069,24.98631,0
            121.55064,24.98613,0
            121.55063,24.98586,0
            121.5506,24.98586,0
            121.5506,24.98613,0
            121.55058,24.98613,0
            121.55056,24.98614,0
            121.55056,24.98615,0
            121.55059,24.98622,0
            121.55059,24.98625,0
            121.55061,24.98631,0
            121.55061,24.98635,0
            121.5506,24.98637,0
            121.5506,24.98639,0
            121.55042,24.98655,0
            121.55037,24.98662,0
            121.55036,24.98665,0
            121.55033,24.9867,0
            121.55033,24.98673,0
            121.55031,24.9868,0
            121.55026,24.98712,0
            121.55016,24.98746,0
            121.5523,24.98779,0
            121.55236,24.98771,0
            121.5524,24.98741,0
            121.55243,24.98732,0
            121.55245,24.98729,0
            121.55246,24.98725,0
            121.55248,24.98722,0
            121.55258,24.98711,0
            121.553,24.98674,0
            121.55315,24.98658,0
            121.55319,24.98655,0
            121.55324,24.98646,0
            121.55346,24.9859,0
            121.55359,24.98572,0
            121.5538,24.98551,0
            121.55401,24.98523,0
            121.5541,24.98502,0
            121.55416,24.98491,0
            121.55425,24.98467,0
            121.55429,24.98453,0
            121.5543,24.98437,0
            121.55426,24.98415,0
            121.55405,24.98331,0
            121.55398,24.98336,0
            121.55399,24.98342,0
            121.554,24.98343,0
            121.55398,24.98344,0
            121.55396,24.98337,0
            121.55394,24.98338,0
            121.55394,24.98339,0
            121.55395,24.98342,0
            121.55395,24.98344,0
            121.55392,24.98345,0
            121.55387,24.98325,0
            121.55387,24.9832,0
            121.55386,24.98318,0
            121.55387,24.98313,0
            121.55387,24.9831,0
            121.55351,24.98168,0
            121.55348,24.98072,0
            121.55356,24.98017,0
            121.5536,24.97998,0
            121.55431,24.97767,0
            121.55442,24.97743,0
            121.55449,24.97732,0
            121.55461,24.97719,0
            121.55482,24.977,0
            121.55489,24.97696,0
            121.55491,24.97698,0
            121.55496,24.977,0
            121.5552,24.97691,0
            121.55553,24.97685,0
            121.55596,24.97687,0
            121.55596,24.97666,0
            121.55595,24.97655,0
            121.55597,24.97631,0
            121.55602,24.97611,0
            121.55602,24.97608,0
            121.55603,24.97605,0
            121.55603,24.97602,0
            121.55604,24.97596,0
            121.55605,24.97568,0
            121.55604,24.97565,0
            121.556,24.97559,0
            121.55597,24.97556,0
            121.55593,24.97554,0
            121.55589,24.97553,0
            121.55584,24.97553,0
            121.5558,24.97554,0
            121.55576,24.97556,0
            121.55573,24.97559,0
            121.55568,24.97568,0
            121.55568,24.97602,0
            121.55528,24.97604,0
            121.55456,24.97615,0
            121.55425,24.97627,0
            121.55407,24.97638,0
            121.55393,24.97644,0
            121.55389,24.97644,0
            121.55377,24.97646,0
            121.55364,24.97652,0
            121.55351,24.97664,0
            121.5533,24.97692,0
            121.55328,24.97694,0
            121.55323,24.97706,0
            121.55316,24.97719,0
            121.5531,24.97728,0
            121.55309,24.97731,0
            121.55307,24.97734,0
            121.55292,24.97748,0
            121.55286,24.97752,0
            121.55272,24.97765,0
            121.55266,24.97772,0
            121.55263,24.97774,0
            121.55251,24.97777,0
            121.55244,24.97777,0
            121.55216,24.97771,0
            121.55211,24.97769,0
            121.55201,24.97763,0
            121.55198,24.97762,0
            121.55196,24.97762,0
            121.55193,24.97761,0
            121.55191,24.97762,0
            121.55156,24.97762,0
            121.55131,24.97769,0
            121.55107,24.97768,0
            121.55104,24.97769,0
            121.55084,24.97793,0
            121.55052,24.97827,0
            121.54896,24.97727,0
            121.5489,24.97724,0
            121.54868,24.9771,0
            121.54866,24.97708,0
            121.54481,24.97464,0
            121.54407,24.97414,0
            121.54441,24.97367,0
            121.54461,24.97378,0
          </coordinates>
        </LineString>
      </Placemark>
      <Placemark>
        <name>新竹縣關西鎮仁安里牛欄河台灣中油 正新站</name>
        <styleUrl>#icon-1899-DB4436-nodesc</styleUrl>
        <Point>
          <coordinates>
            121.199305,24.8119682,0
          </coordinates>
        </Point>
      </Placemark>
      <Placemark>
        <name>桃園市龍潭區三坑里三坑自然生態公園</name>
        <styleUrl>#icon-1899-DB4436-nodesc</styleUrl>
        <Point>
          <coordinates>
            121.2574483,24.8388655,0
          </coordinates>
        </Point>
      </Placemark>
      <Placemark>
        <name>新北市鶯歌區二甲里二甲路鶯歌山水步道公園</name>
        <styleUrl>#icon-1899-DB4436-nodesc</styleUrl>
        <Point>
          <coordinates>
            121.3349902,24.9299629,0
          </coordinates>
        </Point>
      </Placemark>
      <Placemark>
        <name>新北市鶯歌區東鶯里大漢溪左岸自行車道18.8k</name>
        <styleUrl>#icon-1899-DB4436-nodesc</styleUrl>
        <Point>
          <coordinates>
            121.3612629,24.9526571,0
          </coordinates>
        </Point>
      </Placemark>
      <Placemark>
        <name>新月橋</name>
        <styleUrl>#icon-1899-DB4436-nodesc</styleUrl>
        <Point>
          <coordinates>
            121.4499514,25.0311571,0
          </coordinates>
        </Point>
      </Placemark>
      <Placemark>
        <name>臺北市萬華區華中里環河南北快速道路華中河濱公園 少棒場</name>
        <styleUrl>#icon-1899-DB4436-nodesc</styleUrl>
        <Point>
          <coordinates>
            121.4914302,25.0156681,0
          </coordinates>
        </Point>
      </Placemark>
      <Placemark>
        <name>116台灣臺北市文山區樟新里樟新街8巷7號六樓號</name>
        <styleUrl>#icon-1899-DB4436-nodesc</styleUrl>
        <Point>
          <coordinates>
            121.5537942,24.9793323,0
          </coordinates>
        </Point>
      </Placemark>
      <Placemark>
        <name>新北市新店區寶橋路新北市新店區北新國民小學</name>
        <styleUrl>#icon-1899-DB4436-nodesc</styleUrl>
        <Point>
          <coordinates>
            121.5446084,24.9737815,0
          </coordinates>
        </Point>
      </Placemark>
    </Folder>
  </Document>
</kml>
