<?xml version="1.0" encoding="UTF-8"?>
<kml xmlns="http://www.opengis.net/kml/2.2">
  <Document>
    <name>2026環島Day4</name>
    <description>新店→羅東</description>
    <Style id="icon-1899-DB4436-nodesc-normal">
      <IconStyle>
        <color>ff3644db</color>
        <scale>1</scale>
        <Icon>
          <href>https://www.gstatic.com/mapspro/images/stock/503-wht-blank_maps.png</href>
        </Icon>
        <hotSpot x="32" xunits="pixels" y="64" yunits="insetPixels"/>
      </IconStyle>
      <LabelStyle>
        <scale>0</scale>
      </LabelStyle>
      <BalloonStyle>
        <text><![CDATA[<h3>$[name]</h3>]]></text>
      </BalloonStyle>
    </Style>
    <Style id="icon-1899-DB4436-nodesc-highlight">
      <IconStyle>
        <color>ff3644db</color>
        <scale>1</scale>
        <Icon>
          <href>https://www.gstatic.com/mapspro/images/stock/503-wht-blank_maps.png</href>
        </Icon>
        <hotSpot x="32" xunits="pixels" y="64" yunits="insetPixels"/>
      </IconStyle>
      <LabelStyle>
        <scale>1</scale>
      </LabelStyle>
      <BalloonStyle>
        <text><![CDATA[<h3>$[name]</h3>]]></text>
      </BalloonStyle>
    </Style>
    <StyleMap id="icon-1899-DB4436-nodesc">
      <Pair>
        <key>normal</key>
        <styleUrl>#icon-1899-DB4436-nodesc-normal</styleUrl>
      </Pair>
      <Pair>
        <key>highlight</key>
        <styleUrl>#icon-1899-DB4436-nodesc-highlight</styleUrl>
      </Pair>
    </StyleMap>
    <Style id="line-1267FF-5000-nodesc-normal">
      <LineStyle>
        <color>ffff6712</color>
        <width>5</width>
      </LineStyle>
      <BalloonStyle>
        <text><![CDATA[<h3>$[name]</h3>]]></text>
      </BalloonStyle>
    </Style>
    <Style id="line-1267FF-5000-nodesc-highlight">
      <LineStyle>
        <color>ffff6712</color>
        <width>7.5</width>
      </LineStyle>
      <BalloonStyle>
        <text><![CDATA[<h3>$[name]</h3>]]></text>
      </BalloonStyle>
    </Style>
    <StyleMap id="line-1267FF-5000-nodesc">
      <Pair>
        <key>normal</key>
        <styleUrl>#line-1267FF-5000-nodesc-normal</styleUrl>
      </Pair>
      <Pair>
        <key>highlight</key>
        <styleUrl>#line-1267FF-5000-nodesc-highlight</styleUrl>
      </Pair>
    </StyleMap>
    <Folder>
      <name>北新國小→羅東國中</name>
      <Placemark>
        <name>北新國小→羅東國中</name>
        <styleUrl>#line-1267FF-5000-nodesc</styleUrl>
        <LineString>
          <tessellate>1</tessellate>
          <coordinates>
            121.54439,24.97407,0
            121.54421,24.97396,0
            121.54407,24.97414,0
            121.54314,24.97352,0
            121.54308,24.97349,0
            121.54286,24.97349,0
            121.54283,24.97209,0
            121.54281,24.97194,0
            121.54282,24.97185,0
            121.54274,24.97146,0
            121.54269,24.97129,0
            121.54246,24.97072,0
            121.54198,24.96932,0
            121.54187,24.96905,0
            121.5415,24.96791,0
            121.54141,24.96756,0
            121.54139,24.96752,0
            121.54131,24.96729,0
            121.54126,24.9672,0
            121.54107,24.96661,0
            121.54081,24.96598,0
            121.54046,24.96524,0
            121.54044,24.96511,0
            121.54039,24.96496,0
            121.53937,24.96255,0
            121.53917,24.96213,0
            121.53892,24.9615,0
            121.53883,24.96123,0
            121.5379,24.95896,0
            121.53801,24.95883,0
            121.53806,24.95853,0
            121.53806,24.95848,0
            121.53825,24.95717,0
            121.53851,24.95615,0
            121.53859,24.95592,0
            121.53869,24.95574,0
            121.5388,24.95558,0
            121.53968,24.95492,0
            121.53985,24.95476,0
            121.53992,24.95468,0
            121.54001,24.95454,0
            121.54019,24.95415,0
            121.54021,24.95407,0
            121.54053,24.95337,0
            121.54057,24.95324,0
            121.54057,24.95319,0
            121.54058,24.95317,0
            121.54058,24.95315,0
            121.54057,24.95314,0
            121.54057,24.95312,0
            121.5406,24.95303,0
            121.54093,24.95285,0
            121.54102,24.95283,0
            121.54257,24.95287,0
            121.54285,24.9529,0
            121.54388,24.95312,0
            121.54404,24.95314,0
            121.54436,24.95312,0
            121.54474,24.95307,0
            121.54526,24.95291,0
            121.54597,24.95274,0
            121.54654,24.95265,0
            121.5467,24.9526,0
            121.54682,24.95253,0
            121.54685,24.9525,0
            121.54751,24.95199,0
            121.54755,24.95195,0
            121.54757,24.95194,0
            121.54758,24.95193,0
            121.54764,24.95193,0
            121.54838,24.95145,0
            121.54852,24.95141,0
            121.54867,24.95141,0
            121.54923,24.95145,0
            121.54927,24.95146,0
            121.5494,24.95146,0
            121.54955,24.9515,0
            121.54969,24.95157,0
            121.54979,24.95166,0
            121.55055,24.95274,0
            121.55065,24.95286,0
            121.55078,24.95296,0
            121.55092,24.95303,0
            121.55117,24.95309,0
            121.55554,24.95365,0
            121.55559,24.95368,0
            121.5576,24.95393,0
            121.55953,24.9544,0
            121.55978,24.95444,0
            121.55992,24.95445,0
            121.55994,24.95446,0
            121.56025,24.95444,0
            121.5604,24.95441,0
            121.56046,24.95439,0
            121.56073,24.95434,0
            121.56403,24.95345,0
            121.56472,24.95331,0
            121.56487,24.95331,0
            121.56502,24.95333,0
            121.56534,24.95349,0
            121.56658,24.95431,0
            121.56689,24.9546,0
            121.56703,24.95478,0
            121.56731,24.95508,0
            121.56747,24.95522,0
            121.56799,24.95561,0
            121.56821,24.95575,0
            121.56854,24.95587,0
            121.56934,24.95608,0
            121.5694,24.95611,0
            121.56941,24.95611,0
            121.56957,24.9562,0
            121.56958,24.95621,0
            121.57007,24.9565,0
            121.57008,24.9565,0
            121.57024,24.95658,0
            121.57035,24.95659,0
            121.57054,24.95655,0
            121.57061,24.95652,0
            121.57069,24.95642,0
            121.57075,24.95629,0
            121.57075,24.9562,0
            121.57073,24.95615,0
            121.57068,24.95608,0
            121.56894,24.955,0
            121.56877,24.95486,0
            121.56861,24.95467,0
            121.56824,24.95428,0
            121.56794,24.95401,0
            121.56771,24.95377,0
            121.56761,24.95363,0
            121.56702,24.9526,0
            121.56702,24.95251,0
            121.56703,24.9525,0
            121.56703,24.95248,0
            121.5671,24.95234,0
            121.56729,24.95209,0
            121.56772,24.95159,0
            121.56782,24.95152,0
            121.56789,24.95149,0
            121.56809,24.95132,0
            121.5681,24.9513,0
            121.56814,24.95126,0
            121.56815,24.95124,0
            121.56817,24.95122,0
            121.56821,24.95113,0
            121.56822,24.95112,0
            121.56824,24.95108,0
            121.56824,24.95107,0
            121.56825,24.95104,0
            121.56832,24.95091,0
            121.56834,24.95089,0
            121.56835,24.95086,0
            121.56847,24.95074,0
            121.56854,24.95071,0
            121.56856,24.95069,0
            121.56863,24.95067,0
            121.56866,24.95065,0
            121.56869,24.95064,0
            121.56877,24.95059,0
            121.56881,24.95055,0
            121.56883,24.95052,0
            121.56885,24.9505,0
            121.56888,24.95045,0
            121.56915,24.95015,0
            121.56929,24.95003,0
            121.56942,24.94995,0
            121.56953,24.94991,0
            121.56962,24.94991,0
            121.56975,24.94996,0
            121.57011,24.95015,0
            121.57019,24.95018,0
            121.57021,24.9502,0
            121.57027,24.95023,0
            121.57038,24.95025,0
            121.5706,24.95024,0
            121.57082,24.9502,0
            121.571,24.95019,0
            121.57115,24.95022,0
            121.57125,24.95028,0
            121.57138,24.9504,0
            121.57146,24.95053,0
            121.57152,24.95059,0
            121.5716,24.95064,0
            121.57165,24.95066,0
            121.57174,24.95067,0
            121.57185,24.95067,0
            121.5721,24.95059,0
            121.57222,24.95057,0
            121.57229,24.95057,0
            121.57247,24.95063,0
            121.5725,24.95066,0
            121.57252,24.95067,0
            121.57256,24.95073,0
            121.57261,24.95083,0
            121.57266,24.95102,0
            121.57273,24.95114,0
            121.57286,24.95128,0
            121.5729,24.9513,0
            121.573,24.95138,0
            121.57302,24.95139,0
            121.57303,24.9514,0
            121.57307,24.95142,0
            121.5731,24.95145,0
            121.57314,24.95146,0
            121.57318,24.95148,0
            121.57332,24.9515,0
            121.57342,24.9515,0
            121.57352,24.95148,0
            121.57356,24.95146,0
            121.57357,24.95145,0
            121.57365,24.95142,0
            121.57382,24.95132,0
            121.57399,24.95125,0
            121.57402,24.95123,0
            121.57408,24.95121,0
            121.57418,24.95119,0
            121.5743,24.95119,0
            121.57449,24.95122,0
            121.57468,24.95127,0
            121.57518,24.95147,0
            121.57567,24.95162,0
            121.57615,24.9517,0
            121.5765,24.95173,0
            121.57684,24.95178,0
            121.57699,24.95179,0
            121.57704,24.9518,0
            121.57716,24.95178,0
            121.57729,24.95173,0
            121.57775,24.95144,0
            121.57818,24.95111,0
            121.5784,24.95103,0
            121.57849,24.95101,0
            121.57878,24.95098,0
            121.57904,24.95092,0
            121.57911,24.95089,0
            121.57926,24.9508,0
            121.57954,24.9506,0
            121.57958,24.95056,0
            121.57964,24.95052,0
            121.57978,24.95046,0
            121.58049,24.95032,0
            121.58083,24.95028,0
            121.58123,24.95033,0
            121.58145,24.95034,0
            121.58156,24.95033,0
            121.58183,24.95027,0
            121.58205,24.9502,0
            121.58215,24.95019,0
            121.58271,24.95019,0
            121.58294,24.95017,0
            121.5834,24.9501,0
            121.58381,24.94999,0
            121.58399,24.94996,0
            121.58413,24.94992,0
            121.58428,24.94992,0
            121.58462,24.94997,0
            121.58485,24.95002,0
            121.58486,24.95003,0
            121.58498,24.95007,0
            121.58507,24.95015,0
            121.58512,24.95023,0
            121.58521,24.95056,0
            121.58529,24.95069,0
            121.58538,24.95076,0
            121.58566,24.95088,0
            121.58572,24.95092,0
            121.5858,24.95099,0
            121.58592,24.95117,0
            121.58599,24.9513,0
            121.58603,24.9514,0
            121.58612,24.95148,0
            121.58642,24.95166,0
            121.58649,24.95174,0
            121.58654,24.95182,0
            121.5866,24.95198,0
            121.58668,24.95253,0
            121.58672,24.9526,0
            121.58679,24.95269,0
            121.58685,24.95275,0
            121.58695,24.95279,0
            121.58699,24.95279,0
            121.58703,24.95278,0
            121.58708,24.95278,0
            121.58715,24.95274,0
            121.58774,24.9523,0
            121.58781,24.95226,0
            121.58795,24.9522,0
            121.58833,24.95212,0
            121.58835,24.95211,0
            121.58871,24.95201,0
            121.58892,24.952,0
            121.5891,24.95204,0
            121.58919,24.95205,0
            121.5895,24.95213,0
            121.59027,24.95238,0
            121.59066,24.9526,0
            121.5912,24.95304,0
            121.59126,24.95307,0
            121.59137,24.9531,0
            121.59149,24.95312,0
            121.59246,24.95316,0
            121.59284,24.95315,0
            121.5929,24.95314,0
            121.59295,24.95314,0
            121.59306,24.95311,0
            121.59317,24.95305,0
            121.5934,24.95282,0
            121.59343,24.9528,0
            121.59346,24.95277,0
            121.59357,24.95272,0
            121.59407,24.95262,0
            121.59444,24.95246,0
            121.59448,24.95246,0
            121.59451,24.95245,0
            121.59463,24.95245,0
            121.59475,24.95247,0
            121.59536,24.95265,0
            121.5957,24.95268,0
            121.596,24.95268,0
            121.59613,24.9527,0
            121.59619,24.9527,0
            121.59656,24.9528,0
            121.59663,24.95281,0
            121.5968,24.95281,0
            121.5972,24.95269,0
            121.59731,24.95269,0
            121.59738,24.95271,0
            121.59822,24.9531,0
            121.59875,24.95338,0
            121.59878,24.95339,0
            121.59885,24.9534,0
            121.59914,24.95349,0
            121.60163,24.9546,0
            121.60172,24.95465,0
            121.60177,24.95469,0
            121.60181,24.95471,0
            121.60181,24.95472,0
            121.60185,24.95476,0
            121.6019,24.95483,0
            121.60191,24.95486,0
            121.60192,24.95487,0
            121.60197,24.95502,0
            121.60197,24.95504,0
            121.602,24.95516,0
            121.602,24.95519,0
            121.60204,24.95527,0
            121.60208,24.95533,0
            121.60217,24.95539,0
            121.60221,24.9554,0
            121.60225,24.95542,0
            121.60244,24.95545,0
            121.60253,24.95545,0
            121.6026,24.95546,0
            121.60273,24.95546,0
            121.60282,24.95544,0
            121.60293,24.95539,0
            121.60301,24.95533,0
            121.60304,24.95529,0
            121.60312,24.95521,0
            121.60315,24.95519,0
            121.60317,24.95516,0
            121.60322,24.95512,0
            121.60324,24.95511,0
            121.60327,24.95508,0
            121.60329,24.95508,0
            121.60332,24.95506,0
            121.60335,24.95506,0
            121.60339,24.95505,0
            121.60353,24.95505,0
            121.6036,24.95507,0
            121.60363,24.95509,0
            121.60371,24.95512,0
            121.60373,24.95514,0
            121.60376,24.95516,0
            121.6038,24.9552,0
            121.60388,24.95535,0
            121.60404,24.95575,0
            121.60408,24.95582,0
            121.60409,24.95585,0
            121.60412,24.9559,0
            121.60413,24.95593,0
            121.60415,24.95594,0
            121.60415,24.95596,0
            121.60417,24.95597,0
            121.60418,24.95599,0
            121.60422,24.95601,0
            121.60424,24.95603,0
            121.60432,24.95607,0
            121.60435,24.95607,0
            121.60437,24.95608,0
            121.60469,24.95607,0
            121.60533,24.956,0
            121.60535,24.95599,0
            121.60536,24.95599,0
            121.60542,24.95597,0
            121.6055,24.95593,0
            121.60588,24.95565,0
            121.60602,24.95562,0
            121.60607,24.95562,0
            121.60619,24.95565,0
            121.60624,24.95567,0
            121.60644,24.95585,0
            121.60651,24.95596,0
            121.60655,24.95621,0
            121.60664,24.95711,0
            121.60667,24.95721,0
            121.60676,24.95735,0
            121.60726,24.95776,0
            121.60765,24.95804,0
            121.6078,24.9581,0
            121.60787,24.9581,0
            121.60791,24.95811,0
            121.60802,24.95809,0
            121.60809,24.95806,0
            121.60813,24.95805,0
            121.60832,24.95794,0
            121.60842,24.95785,0
            121.60845,24.95781,0
            121.60852,24.95768,0
            121.60856,24.95754,0
            121.6086,24.95727,0
            121.60866,24.95707,0
            121.60869,24.95702,0
            121.60873,24.95698,0
            121.60891,24.95685,0
            121.60897,24.95683,0
            121.60919,24.9568,0
            121.60932,24.9568,0
            121.60945,24.95682,0
            121.60961,24.95687,0
            121.61078,24.95732,0
            121.61126,24.95748,0
            121.61177,24.9577,0
            121.61209,24.95788,0
            121.61223,24.95798,0
            121.61228,24.95803,0
            121.61231,24.95807,0
            121.61243,24.95828,0
            121.61248,24.9585,0
            121.61255,24.95984,0
            121.61259,24.96007,0
            121.61276,24.96034,0
            121.61291,24.96045,0
            121.61433,24.96121,0
            121.61444,24.96128,0
            121.61458,24.96132,0
            121.61461,24.96131,0
            121.61467,24.96131,0
            121.61481,24.96124,0
            121.61488,24.96118,0
            121.61491,24.96114,0
            121.61495,24.96106,0
            121.61495,24.96098,0
            121.61493,24.9609,0
            121.6149,24.96083,0
            121.61481,24.96074,0
            121.61374,24.95993,0
            121.61337,24.95959,0
            121.61328,24.95948,0
            121.61323,24.95938,0
            121.61322,24.95934,0
            121.61322,24.95924,0
            121.61323,24.95919,0
            121.6133,24.95905,0
            121.6134,24.95894,0
            121.61349,24.95889,0
            121.61371,24.95885,0
            121.61485,24.95882,0
            121.61503,24.95885,0
            121.61527,24.95893,0
            121.61563,24.95911,0
            121.61603,24.95923,0
            121.61672,24.95939,0
            121.61693,24.95947,0
            121.61712,24.95959,0
            121.61715,24.9596,0
            121.61745,24.95979,0
            121.61758,24.95984,0
            121.61771,24.95986,0
            121.61777,24.95986,0
            121.61792,24.95982,0
            121.61801,24.95977,0
            121.61808,24.95971,0
            121.61818,24.95959,0
            121.61832,24.95946,0
            121.61836,24.95944,0
            121.61839,24.95941,0
            121.61847,24.95937,0
            121.61856,24.95935,0
            121.61861,24.95933,0
            121.6188,24.95928,0
            121.61884,24.95928,0
            121.61917,24.9592,0
            121.61951,24.95916,0
            121.6206,24.95914,0
            121.62083,24.95911,0
            121.62095,24.95908,0
            121.62104,24.95904,0
            121.62111,24.95899,0
            121.62118,24.95891,0
            121.62123,24.95881,0
            121.62127,24.95868,0
            121.6213,24.95823,0
            121.62136,24.95801,0
            121.62149,24.95789,0
            121.62167,24.95779,0
            121.62174,24.95777,0
            121.62181,24.95776,0
            121.62189,24.95776,0
            121.62195,24.95775,0
            121.62273,24.95788,0
            121.62308,24.95787,0
            121.62313,24.95784,0
            121.62317,24.95783,0
            121.62332,24.95771,0
            121.62339,24.9576,0
            121.62344,24.95748,0
            121.62362,24.95687,0
            121.62386,24.95636,0
            121.62386,24.95635,0
            121.62388,24.95631,0
            121.62398,24.95537,0
            121.624,24.95528,0
            121.62405,24.95517,0
            121.62413,24.95506,0
            121.62428,24.95492,0
            121.62459,24.95471,0
            121.62507,24.95448,0
            121.6254,24.95439,0
            121.62567,24.95441,0
            121.62705,24.9548,0
            121.62737,24.95485,0
            121.62757,24.95481,0
            121.62786,24.95469,0
            121.63041,24.95333,0
            121.63042,24.95332,0
            121.63076,24.95314,0
            121.63091,24.95303,0
            121.63094,24.953,0
            121.63105,24.95284,0
            121.6311,24.95267,0
            121.63112,24.95239,0
            121.63114,24.95227,0
            121.63122,24.95213,0
            121.6313,24.95202,0
            121.63143,24.95189,0
            121.6315,24.95184,0
            121.6316,24.95179,0
            121.63168,24.95178,0
            121.63177,24.95178,0
            121.63194,24.9518,0
            121.63308,24.95251,0
            121.63388,24.95309,0
            121.63415,24.95317,0
            121.63473,24.95329,0
            121.63483,24.95332,0
            121.63487,24.95335,0
            121.63493,24.95338,0
            121.63506,24.95353,0
            121.6353,24.95393,0
            121.63536,24.954,0
            121.63543,24.95406,0
            121.63549,24.95409,0
            121.63562,24.95413,0
            121.63582,24.95417,0
            121.63602,24.95417,0
            121.63623,24.95414,0
            121.63668,24.95402,0
            121.63685,24.954,0
            121.63697,24.954,0
            121.63747,24.95413,0
            121.63773,24.95418,0
            121.6379,24.95413,0
            121.63799,24.95408,0
            121.63805,24.95402,0
            121.63807,24.95401,0
            121.63811,24.95396,0
            121.63915,24.95235,0
            121.63931,24.95214,0
            121.63951,24.95197,0
            121.6396,24.95191,0
            121.63972,24.95185,0
            121.64036,24.95142,0
            121.64054,24.95135,0
            121.64061,24.95134,0
            121.64163,24.95133,0
            121.64171,24.95134,0
            121.64192,24.95139,0
            121.64208,24.95146,0
            121.64225,24.95162,0
            121.6427,24.95231,0
            121.64286,24.95252,0
            121.6431,24.95274,0
            121.64324,24.9528,0
            121.64336,24.95282,0
            121.64342,24.95282,0
            121.64353,24.9528,0
            121.64514,24.95234,0
            121.64532,24.95227,0
            121.64546,24.9522,0
            121.64554,24.95213,0
            121.64557,24.95212,0
            121.64622,24.95168,0
            121.64729,24.95082,0
            121.64793,24.95019,0
            121.64865,24.94957,0
            121.64872,24.94952,0
            121.64885,24.94939,0
            121.64892,24.94929,0
            121.64895,24.94919,0
            121.64895,24.94911,0
            121.64893,24.94902,0
            121.64868,24.94853,0
            121.64863,24.94838,0
            121.64862,24.94831,0
            121.64862,24.94826,0
            121.64863,24.94819,0
            121.64866,24.9481,0
            121.64871,24.948,0
            121.64907,24.94763,0
            121.64914,24.9475,0
            121.64915,24.94735,0
            121.64901,24.94631,0
            121.64895,24.945,0
            121.64896,24.94488,0
            121.64902,24.94469,0
            121.64906,24.94462,0
            121.64909,24.94459,0
            121.64911,24.94456,0
            121.64931,24.94448,0
            121.6494,24.94446,0
            121.64953,24.94446,0
            121.64959,24.94447,0
            121.64967,24.94447,0
            121.64995,24.94461,0
            121.65011,24.94472,0
            121.65035,24.94494,0
            121.65037,24.94498,0
            121.65039,24.94507,0
            121.65039,24.9451,0
            121.65032,24.94526,0
            121.65026,24.94533,0
            121.65022,24.9454,0
            121.65011,24.94565,0
            121.65008,24.94583,0
            121.65005,24.94615,0
            121.65006,24.94634,0
            121.65008,24.94639,0
            121.65011,24.94644,0
            121.65015,24.94648,0
            121.65018,24.9465,0
            121.65026,24.94653,0
            121.65033,24.94654,0
            121.65035,24.94655,0
            121.65054,24.94658,0
            121.6507,24.94662,0
            121.65071,24.94663,0
            121.65079,24.94666,0
            121.65092,24.94676,0
            121.65104,24.94693,0
            121.65113,24.94703,0
            121.65117,24.94706,0
            121.6512,24.94707,0
            121.65123,24.94709,0
            121.65129,24.94709,0
            121.65129,24.9471,0
            121.65133,24.9471,0
            121.65139,24.94709,0
            121.65149,24.94706,0
            121.65168,24.94697,0
            121.65185,24.94691,0
            121.65198,24.94691,0
            121.65209,24.94693,0
            121.65242,24.94702,0
            121.65242,24.94703,0
            121.65256,24.94706,0
            121.65271,24.94706,0
            121.65283,24.94701,0
            121.65294,24.94694,0
            121.65304,24.94683,0
            121.65377,24.94568,0
            121.65386,24.94559,0
            121.65395,24.94552,0
            121.65402,24.9455,0
            121.65418,24.9455,0
            121.65444,24.94554,0
            121.65453,24.94554,0
            121.6546,24.94552,0
            121.65535,24.94516,0
            121.65602,24.94475,0
            121.65622,24.94473,0
            121.65632,24.94473,0
            121.65641,24.94476,0
            121.65647,24.94482,0
            121.6565,24.94486,0
            121.65653,24.94493,0
            121.65656,24.94497,0
            121.65659,24.94504,0
            121.65661,24.94512,0
            121.65662,24.94514,0
            121.65663,24.9452,0
            121.6567,24.9453,0
            121.65671,24.9453,0
            121.65676,24.94533,0
            121.65681,24.94535,0
            121.6569,24.94535,0
            121.65727,24.94527,0
            121.65744,24.94514,0
            121.65778,24.94496,0
            121.65806,24.94485,0
            121.65838,24.94478,0
            121.65859,24.94478,0
            121.65862,24.94479,0
            121.65875,24.94486,0
            121.65877,24.94488,0
            121.65878,24.9449,0
            121.6588,24.94497,0
            121.6588,24.9452,0
            121.65879,24.94524,0
            121.65879,24.94547,0
            121.6588,24.94552,0
            121.65882,24.94555,0
            121.65894,24.94566,0
            121.65905,24.94587,0
            121.65906,24.94593,0
            121.65903,24.94659,0
            121.65902,24.94665,0
            121.65899,24.94675,0
            121.65898,24.94676,0
            121.65889,24.94691,0
            121.65889,24.94692,0
            121.6588,24.94699,0
            121.65878,24.94702,0
            121.65852,24.9473,0
            121.65816,24.94759,0
            121.65787,24.9479,0
            121.65777,24.94799,0
            121.65776,24.94805,0
            121.65775,24.94806,0
            121.65772,24.94813,0
            121.6577,24.94825,0
            121.6577,24.9483,0
            121.65772,24.94841,0
            121.65774,24.94844,0
            121.6578,24.9485,0
            121.65887,24.94924,0
            121.65892,24.94922,0
            121.65902,24.9492,0
            121.65913,24.94916,0
            121.65941,24.94898,0
            121.65952,24.94893,0
            121.65969,24.94889,0
            121.6598,24.94888,0
            121.65993,24.9489,0
            121.66027,24.949,0
            121.66029,24.949,0
            121.66043,24.94904,0
            121.66061,24.94902,0
            121.66077,24.94898,0
            121.6619,24.94853,0
            121.66208,24.94849,0
            121.66215,24.94849,0
            121.66222,24.9485,0
            121.66241,24.94856,0
            121.66251,24.94867,0
            121.66259,24.94881,0
            121.66273,24.94915,0
            121.66297,24.94958,0
            121.66306,24.9497,0
            121.66359,24.95017,0
            121.66364,24.95019,0
            121.6637,24.95023,0
            121.66376,24.95024,0
            121.66382,24.95024,0
            121.66391,24.95021,0
            121.66397,24.95014,0
            121.66403,24.95004,0
            121.66407,24.94992,0
            121.66409,24.94973,0
            121.66412,24.94959,0
            121.66418,24.9494,0
            121.66427,24.9492,0
            121.66453,24.94899,0
            121.66459,24.94896,0
            121.66459,24.94895,0
            121.66467,24.94888,0
            121.66469,24.94881,0
            121.6647,24.9488,0
            121.66471,24.94875,0
            121.66471,24.94871,0
            121.66472,24.94866,0
            121.66468,24.94824,0
            121.66468,24.94804,0
            121.6647,24.94794,0
            121.66477,24.94775,0
            121.6648,24.94758,0
            121.6648,24.94727,0
            121.66478,24.94711,0
            121.66479,24.94699,0
            121.66482,24.94686,0
            121.66486,24.94678,0
            121.66492,24.94671,0
            121.66497,24.94667,0
            121.66513,24.94658,0
            121.66516,24.94655,0
            121.66519,24.9465,0
            121.66522,24.94647,0
            121.66523,24.9464,0
            121.66523,24.94633,0
            121.6652,24.94617,0
            121.66513,24.94605,0
            121.6651,24.94602,0
            121.66508,24.94599,0
            121.66476,24.94574,0
            121.66462,24.94561,0
            121.66456,24.94552,0
            121.66455,24.94548,0
            121.66455,24.94545,0
            121.66454,24.94542,0
            121.66454,24.94538,0
            121.66455,24.94535,0
            121.66455,24.94533,0
            121.66462,24.94523,0
            121.6647,24.94516,0
            121.66506,24.94498,0
            121.66515,24.94491,0
            121.66519,24.94485,0
            121.66522,24.94482,0
            121.66529,24.94465,0
            121.66531,24.94458,0
            121.66537,24.94448,0
            121.66545,24.94439,0
            121.6655,24.94435,0
            121.66588,24.94415,0
            121.66591,24.94412,0
            121.66594,24.9441,0
            121.66597,24.94407,0
            121.66601,24.94401,0
            121.66611,24.94381,0
            121.66617,24.94364,0
            121.66619,24.94346,0
            121.66617,24.94332,0
            121.66612,24.94318,0
            121.66607,24.94308,0
            121.66603,24.94293,0
            121.66603,24.94288,0
            121.66601,24.94277,0
            121.66601,24.94259,0
            121.66609,24.94242,0
            121.66613,24.94237,0
            121.66619,24.94232,0
            121.66635,24.94226,0
            121.66644,24.94225,0
            121.66654,24.94225,0
            121.66661,24.94226,0
            121.66669,24.94226,0
            121.66688,24.94229,0
            121.66713,24.94235,0
            121.66722,24.94241,0
            121.66726,24.94245,0
            121.66729,24.94251,0
            121.66732,24.94261,0
            121.66734,24.94279,0
            121.66733,24.943,0
            121.66729,24.94315,0
            121.66723,24.9433,0
            121.66721,24.94333,0
            121.66717,24.94347,0
            121.66719,24.94357,0
            121.66723,24.94366,0
            121.66725,24.94369,0
            121.66729,24.94372,0
            121.66737,24.94375,0
            121.66742,24.94376,0
            121.66752,24.94376,0
            121.66833,24.94357,0
            121.66844,24.94357,0
            121.66861,24.94361,0
            121.66868,24.94364,0
            121.66875,24.94366,0
            121.66883,24.9437,0
            121.66888,24.94374,0
            121.66889,24.94374,0
            121.66893,24.94378,0
            121.66898,24.94389,0
            121.66898,24.94393,0
            121.66895,24.94405,0
            121.66885,24.94417,0
            121.66867,24.94434,0
            121.66862,24.9444,0
            121.66858,24.94447,0
            121.66856,24.94452,0
            121.66855,24.94457,0
            121.66856,24.94466,0
            121.66857,24.94467,0
            121.66858,24.9447,0
            121.66866,24.94479,0
            121.66872,24.94483,0
            121.66886,24.94489,0
            121.66889,24.94491,0
            121.66904,24.94497,0
            121.66904,24.94498,0
            121.6691,24.94501,0
            121.66914,24.94506,0
            121.66919,24.94515,0
            121.66919,24.94532,0
            121.66914,24.94545,0
            121.66914,24.94546,0
            121.66907,24.94563,0
            121.66907,24.94564,0
            121.66899,24.94583,0
            121.66896,24.94586,0
            121.66885,24.94594,0
            121.66876,24.94598,0
            121.66841,24.94603,0
            121.66822,24.94609,0
            121.66819,24.94611,0
            121.66816,24.94615,0
            121.66814,24.94616,0
            121.6681,24.94625,0
            121.66809,24.94631,0
            121.66809,24.94637,0
            121.6681,24.9464,0
            121.66816,24.94646,0
            121.66822,24.9465,0
            121.6684,24.94658,0
            121.66873,24.94669,0
            121.66906,24.94677,0
            121.66912,24.94677,0
            121.66932,24.9468,0
            121.66938,24.94682,0
            121.66949,24.94689,0
            121.66957,24.947,0
            121.66966,24.94717,0
            121.66969,24.9472,0
            121.66972,24.94722,0
            121.6698,24.94724,0
            121.66989,24.94724,0
            121.66997,24.94721,0
            121.67007,24.94714,0
            121.6701,24.94708,0
            121.67013,24.94698,0
            121.67011,24.94685,0
            121.67007,24.94673,0
            121.67003,24.94665,0
            121.67,24.94649,0
            121.67,24.94635,0
            121.67006,24.94619,0
            121.67018,24.94602,0
            121.6703,24.94578,0
            121.67035,24.94556,0
            121.67041,24.94513,0
            121.67043,24.94505,0
            121.67048,24.94493,0
            121.67051,24.94489,0
            121.67058,24.94485,0
            121.67065,24.94483,0
            121.67071,24.94483,0
            121.67078,24.94484,0
            121.67089,24.94487,0
            121.6709,24.94487,0
            121.67096,24.94489,0
            121.67105,24.94489,0
            121.67112,24.94486,0
            121.67117,24.94482,0
            121.67119,24.94477,0
            121.67122,24.94472,0
            121.67124,24.94463,0
            121.67124,24.94455,0
            121.67122,24.94449,0
            121.67119,24.94443,0
            121.67117,24.94441,0
            121.67113,24.94435,0
            121.67106,24.94429,0
            121.67101,24.94426,0
            121.67086,24.94409,0
            121.67083,24.94401,0
            121.67082,24.94396,0
            121.67082,24.94383,0
            121.6709,24.94358,0
            121.67091,24.9435,0
            121.6709,24.94345,0
            121.6709,24.94334,0
            121.67087,24.94315,0
            121.67074,24.94277,0
            121.67072,24.94267,0
            121.67071,24.94265,0
            121.6707,24.94261,0
            121.6707,24.94239,0
            121.67071,24.94235,0
            121.67074,24.9423,0
            121.67076,24.94225,0
            121.6708,24.94218,0
            121.67121,24.94162,0
            121.67141,24.94144,0
            121.67164,24.94128,0
            121.67176,24.94122,0
            121.67195,24.94116,0
            121.6721,24.94114,0
            121.67219,24.94114,0
            121.67234,24.94116,0
            121.67237,24.94117,0
            121.6726,24.94121,0
            121.67326,24.94128,0
            121.67335,24.94133,0
            121.67341,24.9414,0
            121.67343,24.94144,0
            121.67346,24.94148,0
            121.6735,24.94158,0
            121.67356,24.94166,0
            121.67359,24.94169,0
            121.67362,24.94171,0
            121.67376,24.94176,0
            121.67381,24.94177,0
            121.67386,24.94177,0
            121.67393,24.94176,0
            121.67403,24.94173,0
            121.6743,24.94152,0
            121.67437,24.94148,0
            121.67442,24.94147,0
            121.67473,24.94148,0
            121.67504,24.94154,0
            121.67515,24.94154,0
            121.67527,24.94152,0
            121.67535,24.94147,0
            121.67541,24.94142,0
            121.67543,24.94141,0
            121.67549,24.94134,0
            121.67558,24.94118,0
            121.6756,24.94112,0
            121.67569,24.94095,0
            121.67572,24.94085,0
            121.67572,24.94081,0
            121.67565,24.94065,0
            121.67564,24.94061,0
            121.67564,24.94054,0
            121.67565,24.94047,0
            121.67568,24.9404,0
            121.67574,24.94031,0
            121.6758,24.94028,0
            121.67589,24.94026,0
            121.67593,24.94026,0
            121.67615,24.9402,0
            121.67627,24.94012,0
            121.67627,24.94011,0
            121.6763,24.94004,0
            121.67625,24.93984,0
            121.67623,24.93969,0
            121.67623,24.93963,0
            121.67624,24.93956,0
            121.67626,24.93949,0
            121.67628,24.93945,0
            121.6763,24.93937,0
            121.67632,24.93932,0
            121.67635,24.93927,0
            121.67649,24.93912,0
            121.67664,24.93893,0
            121.67687,24.9387,0
            121.6774,24.93808,0
            121.67752,24.93796,0
            121.67756,24.93793,0
            121.67764,24.93785,0
            121.67765,24.93785,0
            121.67765,24.93784,0
            121.67768,24.93783,0
            121.67771,24.93781,0
            121.67783,24.93778,0
            121.67803,24.93778,0
            121.67812,24.9378,0
            121.67819,24.93784,0
            121.67834,24.93788,0
            121.67871,24.93804,0
            121.67879,24.93811,0
            121.67892,24.93817,0
            121.67932,24.93832,0
            121.67935,24.93834,0
            121.67974,24.93852,0
            121.6798,24.93854,0
            121.67997,24.93865,0
            121.68004,24.93868,0
            121.68013,24.93874,0
            121.68026,24.9389,0
            121.6806,24.93922,0
            121.68069,24.93934,0
            121.68083,24.93946,0
            121.68085,24.93949,0
            121.68098,24.93963,0
            121.68109,24.93978,0
            121.6811,24.93983,0
            121.68112,24.93988,0
            121.68114,24.93996,0
            121.68114,24.94023,0
            121.68116,24.94034,0
            121.68117,24.9405,0
            121.68124,24.94073,0
            121.68135,24.94092,0
            121.68147,24.94106,0
            121.68172,24.94127,0
            121.68188,24.94138,0
            121.68194,24.94141,0
            121.6821,24.94144,0
            121.68222,24.94142,0
            121.68229,24.9414,0
            121.68245,24.94129,0
            121.68257,24.94105,0
            121.68268,24.94088,0
            121.68272,24.94085,0
            121.68281,24.9408,0
            121.68299,24.94077,0
            121.68312,24.94077,0
            121.68318,24.94078,0
            121.68331,24.94084,0
            121.68337,24.94088,0
            121.68396,24.94114,0
            121.68431,24.94127,0
            121.68439,24.94129,0
            121.68444,24.94129,0
            121.68448,24.9413,0
            121.68457,24.9413,0
            121.68466,24.94126,0
            121.68474,24.94119,0
            121.68475,24.94115,0
            121.68478,24.94109,0
            121.6848,24.94093,0
            121.6848,24.94076,0
            121.68475,24.94063,0
            121.68471,24.94057,0
            121.68443,24.94026,0
            121.68442,24.94026,0
            121.6843,24.9401,0
            121.6843,24.94009,0
            121.68425,24.94002,0
            121.68404,24.93963,0
            121.68396,24.93952,0
            121.68386,24.93931,0
            121.68386,24.9393,0
            121.68385,24.93929,0
            121.6837,24.93894,0
            121.68364,24.93867,0
            121.68362,24.93836,0
            121.68353,24.93805,0
            121.68321,24.93743,0
            121.6832,24.93739,0
            121.6832,24.93732,0
            121.68319,24.93726,0
            121.6832,24.93719,0
            121.68323,24.93712,0
            121.68328,24.93705,0
            121.68334,24.93699,0
            121.68341,24.93694,0
            121.68393,24.93673,0
            121.68416,24.93659,0
            121.68447,24.93634,0
            121.68454,24.93626,0
            121.68514,24.93572,0
            121.68528,24.93564,0
            121.68642,24.93518,0
            121.68652,24.93508,0
            121.68657,24.93501,0
            121.68669,24.93488,0
            121.68676,24.93482,0
            121.68681,24.93479,0
            121.68693,24.93476,0
            121.68698,24.93476,0
            121.68707,24.93478,0
            121.68737,24.9349,0
            121.68744,24.93492,0
            121.68753,24.93497,0
            121.68762,24.93499,0
            121.68799,24.93503,0
            121.6881,24.93506,0
            121.68825,24.93513,0
            121.68894,24.93554,0
            121.68906,24.93558,0
            121.68929,24.93573,0
            121.68932,24.93576,0
            121.68941,24.93581,0
            121.68957,24.93592,0
            121.69003,24.93619,0
            121.69007,24.93622,0
            121.69063,24.93647,0
            121.69069,24.93651,0
            121.69076,24.93657,0
            121.69081,24.93663,0
            121.69095,24.93674,0
            121.69107,24.93678,0
            121.6912,24.93681,0
            121.6913,24.93682,0
            121.69164,24.93682,0
            121.69227,24.93686,0
            121.6926,24.93686,0
            121.69269,24.93685,0
            121.69279,24.93682,0
            121.69283,24.9368,0
            121.69292,24.93677,0
            121.69309,24.93668,0
            121.69354,24.93636,0
            121.69361,24.93629,0
            121.69367,24.93621,0
            121.69382,24.93607,0
            121.69396,24.93598,0
            121.69409,24.93592,0
            121.69449,24.93578,0
            121.69459,24.93576,0
            121.69497,24.9356,0
            121.69555,24.93522,0
            121.69572,24.93509,0
            121.69573,24.93509,0
            121.69607,24.93484,0
            121.69622,24.93477,0
            121.69631,24.93475,0
            121.69641,24.93474,0
            121.69651,24.93476,0
            121.69657,24.93478,0
            121.69739,24.93522,0
            121.69826,24.93561,0
            121.6983,24.93562,0
            121.69898,24.93604,0
            121.69942,24.93627,0
            121.69998,24.93649,0
            121.70005,24.93653,0
            121.70029,24.93661,0
            121.70064,24.93665,0
            121.70131,24.93665,0
            121.70174,24.93662,0
            121.7021,24.93657,0
            121.70233,24.93652,0
            121.70248,24.9365,0
            121.70267,24.93643,0
            121.70657,24.93463,0
            121.70668,24.9346,0
            121.70675,24.93457,0
            121.70694,24.93453,0
            121.70712,24.93452,0
            121.70719,24.93453,0
            121.70729,24.93453,0
            121.70758,24.93459,0
            121.70935,24.93508,0
            121.71004,24.93524,0
            121.71012,24.93525,0
            121.71015,24.93526,0
            121.71032,24.93526,0
            121.71034,24.93527,0
            121.71049,24.93523,0
            121.71068,24.93513,0
            121.71077,24.93501,0
            121.71096,24.93423,0
            121.71098,24.9341,0
            121.71098,24.93405,0
            121.71097,24.93399,0
            121.71097,24.93392,0
            121.7109,24.93381,0
            121.71087,24.93378,0
            121.71084,24.93376,0
            121.7104,24.93359,0
            121.71017,24.93345,0
            121.71005,24.93335,0
            121.70996,24.93325,0
            121.70942,24.93239,0
            121.70934,24.93231,0
            121.70929,24.93228,0
            121.70922,24.93226,0
            121.70905,24.93226,0
            121.709,24.93227,0
            121.70864,24.93239,0
            121.70835,24.93246,0
            121.70805,24.93246,0
            121.70726,24.93241,0
            121.707,24.93237,0
            121.70693,24.93234,0
            121.7069,24.93232,0
            121.70687,24.93225,0
            121.70687,24.93215,0
            121.70691,24.93194,0
            121.70695,24.93182,0
            121.7073,24.93115,0
            121.70744,24.93097,0
            121.70756,24.93085,0
            121.70762,24.93081,0
            121.70768,24.93079,0
            121.70774,24.93078,0
            121.70796,24.93078,0
            121.70804,24.93077,0
            121.70811,24.93074,0
            121.70812,24.93073,0
            121.70816,24.93071,0
            121.70819,24.93068,0
            121.7082,24.93066,0
            121.70824,24.93061,0
            121.70848,24.92987,0
            121.70849,24.92976,0
            121.70847,24.92966,0
            121.70841,24.9295,0
            121.70825,24.92917,0
            121.70824,24.92916,0
            121.70822,24.92904,0
            121.70823,24.92883,0
            121.70828,24.92864,0
            121.70843,24.9284,0
            121.70846,24.92824,0
            121.70842,24.92805,0
            121.7083,24.92766,0
            121.70818,24.92711,0
            121.70818,24.92704,0
            121.7082,24.92695,0
            121.70829,24.92678,0
            121.70836,24.92669,0
            121.70865,24.92639,0
            121.70867,24.92635,0
            121.70867,24.92623,0
            121.70866,24.92618,0
            121.70863,24.92612,0
            121.70793,24.92524,0
            121.70783,24.92508,0
            121.70776,24.92488,0
            121.70769,24.92455,0
            121.70767,24.92449,0
            121.70765,24.92446,0
            121.70765,24.92445,0
            121.70757,24.92437,0
            121.70749,24.92432,0
            121.70742,24.9243,0
            121.70715,24.92427,0
            121.70708,24.92424,0
            121.70703,24.92421,0
            121.70701,24.92419,0
            121.70695,24.92409,0
            121.70691,24.92395,0
            121.70687,24.92359,0
            121.70684,24.92352,0
            121.70679,24.92347,0
            121.70669,24.92344,0
            121.70668,24.92343,0
            121.70663,24.92344,0
            121.70658,24.92344,0
            121.70653,24.92346,0
            121.70648,24.92349,0
            121.70638,24.92357,0
            121.70629,24.92367,0
            121.70625,24.92373,0
            121.70622,24.92376,0
            121.70619,24.92378,0
            121.70617,24.9238,0
            121.7061,24.92384,0
            121.70598,24.92388,0
            121.70587,24.9239,0
            121.70582,24.9239,0
            121.70579,24.92389,0
            121.70576,24.92389,0
            121.70574,24.92388,0
            121.70567,24.92386,0
            121.70565,24.92384,0
            121.70563,24.92383,0
            121.70557,24.92373,0
            121.70538,24.92275,0
            121.70538,24.92266,0
            121.70542,24.92246,0
            121.70547,24.92229,0
            121.70549,24.92226,0
            121.7055,24.92223,0
            121.7056,24.92211,0
            121.70573,24.92199,0
            121.70579,24.92195,0
            121.70585,24.92193,0
            121.70591,24.9219,0
            121.70646,24.92174,0
            121.70656,24.92168,0
            121.70661,24.9216,0
            121.70663,24.92154,0
            121.70662,24.92151,0
            121.70662,24.92148,0
            121.70657,24.92136,0
            121.70654,24.92134,0
            121.70646,24.92122,0
            121.70642,24.92118,0
            121.70638,24.92111,0
            121.70636,24.92105,0
            121.70634,24.92094,0
            121.70634,24.92078,0
            121.70637,24.9206,0
            121.70645,24.92027,0
            121.70648,24.9202,0
            121.70649,24.92016,0
            121.70655,24.92007,0
            121.70689,24.91964,0
            121.7071,24.91941,0
            121.70712,24.9194,0
            121.70714,24.91938,0
            121.70734,24.91926,0
            121.70755,24.91917,0
            121.7078,24.91912,0
            121.70789,24.91912,0
            121.70792,24.91913,0
            121.70796,24.91913,0
            121.70818,24.91921,0
            121.70821,24.91921,0
            121.70826,24.91922,0
            121.70829,24.91922,0
            121.70832,24.91921,0
            121.70835,24.91919,0
            121.70838,24.91915,0
            121.7084,24.9191,0
            121.70842,24.91898,0
            121.7084,24.91888,0
            121.70833,24.91869,0
            121.70833,24.91861,0
            121.70835,24.91857,0
            121.70837,24.91849,0
            121.70839,24.91844,0
            121.7085,24.91831,0
            121.70856,24.91827,0
            121.70878,24.91822,0
            121.70936,24.91817,0
            121.70974,24.91808,0
            121.70989,24.91803,0
            121.71002,24.91796,0
            121.71007,24.91788,0
            121.7101,24.91776,0
            121.7101,24.91774,0
            121.71007,24.91766,0
            121.71004,24.91761,0
            121.70998,24.91755,0
            121.70989,24.91748,0
            121.70986,24.91747,0
            121.70971,24.91735,0
            121.70967,24.91729,0
            121.70967,24.91725,0
            121.70966,24.9172,0
            121.70972,24.91708,0
            121.70976,24.91703,0
            121.70986,24.91696,0
            121.7101,24.91685,0
            121.71022,24.91678,0
            121.7103,24.91672,0
            121.71042,24.9166,0
            121.7105,24.91646,0
            121.71054,24.91637,0
            121.71055,24.91636,0
            121.7106,24.91617,0
            121.71064,24.91575,0
            121.71075,24.91549,0
            121.711,24.91513,0
            121.71103,24.91511,0
            121.71105,24.91509,0
            121.71122,24.91504,0
            121.71137,24.91502,0
            121.71183,24.91501,0
            121.71203,24.91504,0
            121.71212,24.91504,0
            121.71214,24.91503,0
            121.71218,24.91503,0
            121.71221,24.91502,0
            121.71237,24.91493,0
            121.71254,24.91481,0
            121.71268,24.91475,0
            121.71275,24.91471,0
            121.71313,24.91454,0
            121.71322,24.91447,0
            121.71333,24.91435,0
            121.71333,24.91434,0
            121.71383,24.91368,0
            121.71388,24.9136,0
            121.71461,24.91267,0
            121.71467,24.91258,0
            121.71493,24.91229,0
            121.71499,24.91221,0
            121.71499,24.91218,0
            121.71501,24.91212,0
            121.715,24.9121,0
            121.715,24.91207,0
            121.71497,24.912,0
            121.71479,24.91169,0
            121.71476,24.91162,0
            121.71473,24.91157,0
            121.71469,24.91146,0
            121.71469,24.91141,0
            121.71471,24.91131,0
            121.71476,24.91122,0
            121.71486,24.91111,0
            121.7149,24.91108,0
            121.71494,24.91106,0
            121.71498,24.91103,0
            121.71506,24.911,0
            121.71508,24.911,0
            121.71511,24.91099,0
            121.71529,24.91098,0
            121.71593,24.91108,0
            121.71613,24.91108,0
            121.71634,24.91105,0
            121.71642,24.91102,0
            121.71739,24.91078,0
            121.71773,24.91079,0
            121.71779,24.91077,0
            121.7178,24.91077,0
            121.71794,24.9107,0
            121.71796,24.91067,0
            121.71798,24.91066,0
            121.718,24.91059,0
            121.718,24.91054,0
            121.71796,24.91045,0
            121.71786,24.91036,0
            121.71786,24.91035,0
            121.71778,24.91025,0
            121.71774,24.91022,0
            121.71772,24.91019,0
            121.7177,24.91009,0
            121.71771,24.91003,0
            121.71773,24.90998,0
            121.71805,24.90958,0
            121.71817,24.90946,0
            121.71823,24.90943,0
            121.71824,24.90941,0
            121.71869,24.9092,0
            121.71877,24.90918,0
            121.71885,24.90917,0
            121.719,24.90917,0
            121.71907,24.90916,0
            121.72032,24.90863,0
            121.72042,24.90861,0
            121.7205,24.90861,0
            121.72063,24.90864,0
            121.72129,24.909,0
            121.72134,24.90902,0
            121.72148,24.90905,0
            121.72161,24.90905,0
            121.7217,24.90903,0
            121.72183,24.90898,0
            121.72193,24.90889,0
            121.72193,24.90888,0
            121.72196,24.90884,0
            121.72198,24.90877,0
            121.72199,24.90875,0
            121.72199,24.90855,0
            121.72194,24.90841,0
            121.72187,24.90831,0
            121.72172,24.90817,0
            121.72127,24.90787,0
            121.72042,24.90716,0
            121.72033,24.90711,0
            121.7202,24.90707,0
            121.72013,24.90706,0
            121.71982,24.90708,0
            121.71966,24.907,0
            121.71959,24.90694,0
            121.71959,24.90693,0
            121.71957,24.90689,0
            121.71952,24.90653,0
            121.71948,24.90642,0
            121.71942,24.90634,0
            121.71923,24.90619,0
            121.71918,24.90613,0
            121.71912,24.90602,0
            121.71911,24.90599,0
            121.71911,24.90592,0
            121.71913,24.90583,0
            121.71919,24.90569,0
            121.71924,24.90561,0
            121.71935,24.9055,0
            121.71959,24.90534,0
            121.71971,24.9053,0
            121.71977,24.9053,0
            121.72007,24.90534,0
            121.72018,24.90534,0
            121.72032,24.90531,0
            121.72053,24.90523,0
            121.72063,24.90522,0
            121.72066,24.90521,0
            121.72099,24.90517,0
            121.72125,24.90518,0
            121.72143,24.90516,0
            121.72153,24.90512,0
            121.72165,24.90505,0
            121.72173,24.90499,0
            121.72185,24.90495,0
            121.72197,24.90494,0
            121.72216,24.90495,0
            121.72218,24.90496,0
            121.72244,24.905,0
            121.72257,24.905,0
            121.72264,24.90499,0
            121.72276,24.90495,0
            121.72324,24.90472,0
            121.7233,24.90463,0
            121.72332,24.90456,0
            121.72329,24.90446,0
            121.72329,24.90445,0
            121.72327,24.9044,0
            121.72324,24.90437,0
            121.72304,24.90428,0
            121.72266,24.90416,0
            121.72174,24.90392,0
            121.72136,24.90375,0
            121.7213,24.90371,0
            121.72121,24.90363,0
            121.72119,24.9036,0
            121.72109,24.90349,0
            121.72107,24.90346,0
            121.72058,24.90321,0
            121.72029,24.90303,0
            121.72016,24.90293,0
            121.72007,24.90284,0
            121.72001,24.90276,0
            121.71997,24.90258,0
            121.71999,24.90246,0
            121.72002,24.90235,0
            121.72006,24.90225,0
            121.72015,24.90195,0
            121.72019,24.90186,0
            121.72025,24.90176,0
            121.72032,24.9017,0
            121.72038,24.90167,0
            121.72044,24.90165,0
            121.72068,24.90162,0
            121.72121,24.9017,0
            121.72142,24.9017,0
            121.72151,24.90168,0
            121.72172,24.90157,0
            121.72183,24.90143,0
            121.72252,24.90028,0
            121.72262,24.90008,0
            121.72294,24.8996,0
            121.72309,24.89933,0
            121.72322,24.89899,0
            121.72326,24.89879,0
            121.72324,24.89842,0
            121.72327,24.89833,0
            121.72333,24.89827,0
            121.72336,24.89826,0
            121.72337,24.89825,0
            121.72342,24.89823,0
            121.72348,24.89822,0
            121.72364,24.89822,0
            121.7238,24.89826,0
            121.72397,24.89833,0
            121.7241,24.89837,0
            121.72432,24.89846,0
            121.72439,24.89846,0
            121.72453,24.89841,0
            121.72461,24.89834,0
            121.72462,24.89829,0
            121.72462,24.89823,0
            121.72456,24.89803,0
            121.72456,24.89795,0
            121.72455,24.89791,0
            121.72455,24.89767,0
            121.7246,24.89741,0
            121.72462,24.89738,0
            121.72463,24.89735,0
            121.72468,24.89726,0
            121.72471,24.89723,0
            121.7248,24.89717,0
            121.72484,24.89716,0
            121.72489,24.89716,0
            121.72491,24.89715,0
            121.72515,24.89716,0
            121.72529,24.89718,0
            121.72538,24.89718,0
            121.72548,24.89714,0
            121.72553,24.89709,0
            121.72555,24.89705,0
            121.72559,24.89687,0
            121.72564,24.89677,0
            121.7257,24.8967,0
            121.72577,24.89664,0
            121.72593,24.89654,0
            121.72633,24.89623,0
            121.72638,24.89618,0
            121.72641,24.89613,0
            121.72643,24.89608,0
            121.72645,24.89606,0
            121.72646,24.89604,0
            121.72647,24.89598,0
            121.72678,24.89508,0
            121.72682,24.89501,0
            121.72692,24.89488,0
            121.72698,24.89484,0
            121.72705,24.89481,0
            121.7271,24.89481,0
            121.72716,24.89479,0
            121.72737,24.89479,0
            121.72773,24.89485,0
            121.72778,24.89484,0
            121.72782,24.89484,0
            121.72786,24.89482,0
            121.72789,24.89479,0
            121.72796,24.89468,0
            121.72803,24.89446,0
            121.72805,24.89442,0
            121.72815,24.89433,0
            121.72831,24.89424,0
            121.72832,24.89424,0
            121.72853,24.89417,0
            121.72923,24.89408,0
            121.72955,24.89399,0
            121.72959,24.89399,0
            121.72974,24.89402,0
            121.7298,24.89404,0
            121.72982,24.89404,0
            121.73005,24.89412,0
            121.73017,24.89418,0
            121.73067,24.89454,0
            121.73087,24.89464,0
            121.73098,24.89467,0
            121.73098,24.89468,0
            121.731,24.89468,0
            121.73119,24.89473,0
            121.73132,24.89475,0
            121.73146,24.89481,0
            121.73148,24.89483,0
            121.7315,24.89484,0
            121.73156,24.89494,0
            121.73156,24.89499,0
            121.73151,24.89518,0
            121.73141,24.89546,0
            121.7314,24.89547,0
            121.73138,24.89555,0
            121.73136,24.89584,0
            121.73139,24.89605,0
            121.73149,24.89633,0
            121.73151,24.89646,0
            121.73152,24.89666,0
            121.73153,24.8967,0
            121.73157,24.89676,0
            121.73162,24.89681,0
            121.73166,24.89682,0
            121.73168,24.89684,0
            121.73182,24.89685,0
            121.73188,24.89683,0
            121.73194,24.89679,0
            121.73199,24.89674,0
            121.73208,24.8966,0
            121.73219,24.89612,0
            121.73222,24.89605,0
            121.73224,24.89602,0
            121.73225,24.89599,0
            121.73233,24.89592,0
            121.73238,24.8959,0
            121.73255,24.89587,0
            121.73261,24.89585,0
            121.73285,24.8958,0
            121.73294,24.89577,0
            121.73311,24.89568,0
            121.73319,24.89562,0
            121.73335,24.89547,0
            121.7334,24.89544,0
            121.73341,24.89542,0
            121.73346,24.89539,0
            121.73351,24.89538,0
            121.73361,24.89538,0
            121.73374,24.8954,0
            121.73405,24.89549,0
            121.73451,24.89567,0
            121.73546,24.89616,0
            121.73562,24.89622,0
            121.73579,24.89622,0
            121.73604,24.89625,0
            121.73613,24.89625,0
            121.73614,24.89624,0
            121.73619,24.89623,0
            121.73625,24.8962,0
            121.73631,24.89612,0
            121.73634,24.89602,0
            121.73633,24.89584,0
            121.73631,24.89575,0
            121.73631,24.89571,0
            121.73632,24.89566,0
            121.73634,24.89562,0
            121.73634,24.89561,0
            121.73674,24.89503,0
            121.73692,24.89483,0
            121.73721,24.89471,0
            121.73722,24.8947,0
            121.7373,24.89465,0
            121.73735,24.89458,0
            121.73737,24.89453,0
            121.7374,24.89437,0
            121.73741,24.89423,0
            121.73742,24.89422,0
            121.73743,24.89418,0
            121.73747,24.89409,0
            121.73757,24.89404,0
            121.73773,24.89399,0
            121.73784,24.89397,0
            121.73797,24.89396,0
            121.7381,24.89397,0
            121.73815,24.894,0
            121.7382,24.89402,0
            121.73825,24.89406,0
            121.73825,24.89407,0
            121.73829,24.89412,0
            121.7383,24.89415,0
            121.73829,24.89445,0
            121.73831,24.8946,0
            121.73836,24.89477,0
            121.73845,24.89493,0
            121.73846,24.89493,0
            121.73855,24.89502,0
            121.73904,24.89541,0
            121.73933,24.89556,0
            121.74016,24.89583,0
            121.74052,24.89592,0
            121.74054,24.89592,0
            121.74077,24.89598,0
            121.74096,24.89601,0
            121.7411,24.89601,0
            121.74123,24.89599,0
            121.7413,24.89597,0
            121.74154,24.89593,0
            121.74182,24.89583,0
            121.74205,24.89564,0
            121.74245,24.89538,0
            121.74282,24.89486,0
            121.74289,24.89472,0
            121.7431,24.8942,0
            121.7432,24.89383,0
            121.74321,24.89366,0
            121.74319,24.89353,0
            121.74325,24.89311,0
            121.74325,24.89291,0
            121.7432,24.8927,0
            121.74316,24.89263,0
            121.74295,24.89236,0
            121.74291,24.89227,0
            121.7429,24.89223,0
            121.7429,24.89216,0
            121.74292,24.89209,0
            121.74295,24.89206,0
            121.74307,24.89198,0
            121.74315,24.89195,0
            121.74317,24.89195,0
            121.74326,24.89192,0
            121.74394,24.89179,0
            121.74416,24.89169,0
            121.74424,24.89164,0
            121.74435,24.89155,0
            121.74451,24.89137,0
            121.74472,24.89121,0
            121.74479,24.89112,0
            121.74483,24.89102,0
            121.74485,24.89092,0
            121.74477,24.89065,0
            121.74476,24.89058,0
            121.74477,24.89037,0
            121.74488,24.89014,0
            121.74507,24.88964,0
            121.74511,24.88949,0
            121.74512,24.88933,0
            121.7451,24.88918,0
            121.74505,24.889,0
            121.74492,24.88883,0
            121.74481,24.88871,0
            121.74446,24.88842,0
            121.74364,24.88814,0
            121.74344,24.88804,0
            121.74332,24.88796,0
            121.74329,24.88793,0
            121.74327,24.88789,0
            121.74327,24.88785,0
            121.74331,24.88775,0
            121.74333,24.88772,0
            121.74396,24.88706,0
            121.74403,24.88696,0
            121.74418,24.88667,0
            121.74429,24.88627,0
            121.74433,24.88618,0
            121.74438,24.8861,0
            121.74463,24.88582,0
            121.74465,24.88579,0
            121.74466,24.88579,0
            121.74469,24.88569,0
            121.74469,24.8856,0
            121.74468,24.88553,0
            121.74462,24.8854,0
            121.74446,24.88523,0
            121.74437,24.88517,0
            121.74408,24.88506,0
            121.744,24.88501,0
            121.74393,24.88494,0
            121.74392,24.88492,0
            121.74392,24.88486,0
            121.74405,24.88449,0
            121.74405,24.88447,0
            121.74407,24.8844,0
            121.74408,24.88429,0
            121.74408,24.88388,0
            121.74409,24.88379,0
            121.7441,24.88376,0
            121.7441,24.88375,0
            121.74412,24.88371,0
            121.74415,24.88368,0
            121.74417,24.88367,0
            121.74418,24.88366,0
            121.74423,24.88364,0
            121.74429,24.88363,0
            121.74441,24.88363,0
            121.74455,24.88365,0
            121.74478,24.88374,0
            121.74483,24.88377,0
            121.74485,24.8838,0
            121.74488,24.88383,0
            121.74494,24.88395,0
            121.74495,24.88399,0
            121.74496,24.88401,0
            121.74496,24.8843,0
            121.74497,24.88435,0
            121.74503,24.88447,0
            121.74511,24.88455,0
            121.74526,24.88462,0
            121.74545,24.88465,0
            121.74583,24.88466,0
            121.74603,24.88462,0
            121.74635,24.8844,0
            121.74674,24.88426,0
            121.74679,24.88423,0
            121.74686,24.88416,0
            121.74696,24.884,0
            121.74698,24.88394,0
            121.74704,24.88386,0
            121.74705,24.88384,0
            121.74707,24.88383,0
            121.74709,24.88383,0
            121.74713,24.88382,0
            121.74718,24.88382,0
            121.74732,24.88384,0
            121.74738,24.88387,0
            121.74768,24.88398,0
            121.74818,24.88427,0
            121.74831,24.8843,0
            121.74848,24.8843,0
            121.7485,24.88429,0
            121.74858,24.88429,0
            121.74877,24.88424,0
            121.74882,24.88422,0
            121.74883,24.88421,0
            121.74887,24.88419,0
            121.74888,24.88419,0
            121.74909,24.88404,0
            121.74924,24.88391,0
            121.74937,24.88375,0
            121.74963,24.88308,0
            121.74969,24.88298,0
            121.74972,24.88295,0
            121.74995,24.88279,0
            121.74997,24.88276,0
            121.75,24.88269,0
            121.75,24.88259,0
            121.74999,24.88254,0
            121.74996,24.88248,0
            121.74994,24.88236,0
            121.74994,24.8823,0
            121.74995,24.88228,0
            121.74996,24.88222,0
            121.74998,24.88219,0
            121.75028,24.88201,0
            121.75029,24.88201,0
            121.75033,24.88198,0
            121.75041,24.88194,0
            121.75045,24.88191,0
            121.75046,24.88191,0
            121.75047,24.8819,0
            121.75052,24.88187,0
            121.75055,24.88184,0
            121.75064,24.8817,0
            121.75098,24.88125,0
            121.75104,24.88119,0
            121.75108,24.88113,0
            121.75124,24.88098,0
            121.75148,24.8808,0
            121.75152,24.88075,0
            121.75159,24.88069,0
            121.75159,24.88068,0
            121.75162,24.88061,0
            121.75161,24.88058,0
            121.75161,24.88055,0
            121.7516,24.8805,0
            121.75158,24.88045,0
            121.75135,24.88019,0
            121.75129,24.88009,0
            121.75128,24.88006,0
            121.75127,24.88005,0
            121.7511,24.87974,0
            121.75088,24.87944,0
            121.7508,24.87936,0
            121.75074,24.87933,0
            121.75073,24.87933,0
            121.75066,24.8793,0
            121.75013,24.87918,0
            121.74998,24.8791,0
            121.7497,24.87892,0
            121.74895,24.87852,0
            121.74879,24.87846,0
            121.74878,24.87846,0
            121.74867,24.87842,0
            121.74866,24.87842,0
            121.74829,24.87831,0
            121.74828,24.87831,0
            121.74821,24.87827,0
            121.74816,24.87823,0
            121.74812,24.87817,0
            121.74811,24.87814,0
            121.7481,24.87813,0
            121.74809,24.87809,0
            121.74809,24.87785,0
            121.7481,24.87779,0
            121.74811,24.87778,0
            121.74812,24.87767,0
            121.74815,24.87756,0
            121.74826,24.87729,0
            121.7484,24.87702,0
            121.74844,24.87697,0
            121.74851,24.87692,0
            121.74856,24.8769,0
            121.74861,24.87689,0
            121.74863,24.87688,0
            121.74869,24.87688,0
            121.74889,24.87692,0
            121.74902,24.87696,0
            121.74903,24.87696,0
            121.74914,24.87701,0
            121.74931,24.87712,0
            121.74948,24.87719,0
            121.7495,24.87719,0
            121.74959,24.87721,0
            121.74967,24.87721,0
            121.74974,24.87722,0
            121.75046,24.87722,0
            121.75066,24.87726,0
            121.75115,24.87747,0
            121.75127,24.8775,0
            121.75185,24.87759,0
            121.75193,24.87759,0
            121.752,24.8776,0
            121.75241,24.87755,0
            121.75265,24.87758,0
            121.75314,24.87769,0
            121.75322,24.8777,0
            121.75323,24.87771,0
            121.75376,24.8778,0
            121.75381,24.8778,0
            121.7545,24.87788,0
            121.75496,24.87789,0
            121.75507,24.87786,0
            121.75516,24.87779,0
            121.75518,24.87778,0
            121.75528,24.87764,0
            121.75543,24.87735,0
            121.75546,24.87724,0
            121.75547,24.87716,0
            121.75546,24.87685,0
            121.75545,24.87679,0
            121.75546,24.87659,0
            121.75562,24.87612,0
            121.7557,24.87595,0
            121.756,24.87546,0
            121.75618,24.87529,0
            121.75623,24.87527,0
            121.75626,24.87525,0
            121.75633,24.87525,0
            121.75661,24.87529,0
            121.75706,24.87545,0
            121.75726,24.87554,0
            121.7574,24.87562,0
            121.75756,24.87574,0
            121.75768,24.87587,0
            121.7579,24.87616,0
            121.758,24.87635,0
            121.75821,24.87658,0
            121.75838,24.87668,0
            121.75858,24.87676,0
            121.75908,24.87691,0
            121.75937,24.87694,0
            121.75951,24.87694,0
            121.75961,24.87693,0
            121.75972,24.87689,0
            121.76,24.87673,0
            121.76006,24.87671,0
            121.76017,24.87671,0
            121.7603,24.87673,0
            121.76041,24.87679,0
            121.76046,24.87683,0
            121.76058,24.87696,0
            121.76066,24.87708,0
            121.7607,24.87712,0
            121.76071,24.87712,0
            121.76075,24.87715,0
            121.76079,24.87717,0
            121.76088,24.87719,0
            121.76093,24.87719,0
            121.76102,24.87717,0
            121.76111,24.87713,0
            121.76156,24.87685,0
            121.76228,24.87621,0
            121.76238,24.87609,0
            121.76243,24.87598,0
            121.76244,24.87591,0
            121.76235,24.8755,0
            121.76235,24.87538,0
            121.76242,24.87495,0
            121.76242,24.87486,0
            121.76239,24.87466,0
            121.76231,24.87433,0
            121.76235,24.87404,0
            121.76244,24.87371,0
            121.7625,24.87355,0
            121.76251,24.87354,0
            121.76259,24.87338,0
            121.76307,24.87263,0
            121.76317,24.87244,0
            121.76331,24.8721,0
            121.76334,24.87205,0
            121.76352,24.87164,0
            121.76359,24.87142,0
            121.76363,24.87121,0
            121.76363,24.87114,0
            121.76367,24.87102,0
            121.76373,24.87093,0
            121.76376,24.87091,0
            121.76379,24.8709,0
            121.76382,24.87088,0
            121.76393,24.87086,0
            121.76413,24.87085,0
            121.76473,24.87086,0
            121.7649,24.87088,0
            121.765,24.87091,0
            121.7652,24.87101,0
            121.76573,24.87118,0
            121.76592,24.87127,0
            121.76599,24.87133,0
            121.766,24.87133,0
            121.76601,24.87135,0
            121.76603,24.87137,0
            121.76604,24.87142,0
            121.76604,24.87148,0
            121.766,24.87156,0
            121.7659,24.87168,0
            121.76568,24.87185,0
            121.76564,24.8719,0
            121.7656,24.87202,0
            121.76557,24.87258,0
            121.7656,24.87286,0
            121.7657,24.87311,0
            121.76582,24.8733,0
            121.76589,24.87337,0
            121.76596,24.8734,0
            121.76602,24.8734,0
            121.76612,24.87338,0
            121.76623,24.87328,0
            121.76625,24.87324,0
            121.76628,24.8732,0
            121.7663,24.87313,0
            121.7663,24.8729,0
            121.76627,24.87261,0
            121.76627,24.87253,0
            121.7663,24.87243,0
            121.76633,24.87237,0
            121.76636,24.87233,0
            121.76643,24.87227,0
            121.76649,24.87223,0
            121.76651,24.87223,0
            121.76686,24.87209,0
            121.76697,24.87203,0
            121.7671,24.87191,0
            121.76718,24.87175,0
            121.76721,24.87164,0
            121.7673,24.87102,0
            121.76736,24.87092,0
            121.7674,24.87089,0
            121.76754,24.87081,0
            121.76768,24.87079,0
            121.76784,24.87075,0
            121.76791,24.87072,0
            121.76804,24.87062,0
            121.76824,24.8704,0
            121.76827,24.87038,0
            121.76836,24.87034,0
            121.76841,24.87034,0
            121.76847,24.87033,0
            121.76852,24.87034,0
            121.76854,24.87035,0
            121.76858,24.87036,0
            121.76862,24.87038,0
            121.76869,24.87046,0
            121.76906,24.8714,0
            121.76908,24.87176,0
            121.76908,24.8722,0
            121.76909,24.87233,0
            121.76911,24.87242,0
            121.76916,24.87254,0
            121.76916,24.87255,0
            121.76922,24.87261,0
            121.7693,24.87267,0
            121.7694,24.8727,0
            121.76961,24.8727,0
            121.76984,24.87268,0
            121.77117,24.87239,0
            121.77153,24.87234,0
            121.77164,24.87234,0
            121.77173,24.87235,0
            121.77209,24.87246,0
            121.77254,24.87255,0
            121.77299,24.87248,0
            121.77339,24.87239,0
            121.77359,24.87231,0
            121.77369,24.87223,0
            121.77383,24.87206,0
            121.77385,24.87201,0
            121.77389,24.87195,0
            121.77392,24.87184,0
            121.774,24.87126,0
            121.77405,24.86997,0
            121.77409,24.86975,0
            121.77411,24.86951,0
            121.77411,24.86938,0
            121.77409,24.86932,0
            121.77408,24.86925,0
            121.77401,24.86911,0
            121.77396,24.86907,0
            121.77396,24.86906,0
            121.77386,24.86901,0
            121.77359,24.86893,0
            121.77313,24.86888,0
            121.77298,24.86888,0
            121.77276,24.86895,0
            121.77234,24.86918,0
            121.77216,24.86923,0
            121.77211,24.86922,0
            121.77206,24.8692,0
            121.77201,24.86917,0
            121.77197,24.86913,0
            121.77193,24.86905,0
            121.77193,24.86892,0
            121.77194,24.86887,0
            121.77201,24.86875,0
            121.77272,24.86797,0
            121.77298,24.86773,0
            121.77337,24.86747,0
            121.77337,24.86746,0
            121.77342,24.86743,0
            121.77347,24.86738,0
            121.77352,24.86729,0
            121.7738,24.86651,0
            121.77388,24.86637,0
            121.77397,24.86624,0
            121.77428,24.86589,0
            121.7746,24.86561,0
            121.77492,24.86538,0
            121.77526,24.86518,0
            121.77532,24.86516,0
            121.77529,24.86503,0
            121.77523,24.86502,0
            121.77529,24.86503,0
            121.77532,24.86516,0
            121.77549,24.86515,0
            121.77565,24.86518,0
            121.7757,24.8652,0
            121.77587,24.86531,0
            121.77587,24.86532,0
            121.77619,24.86564,0
            121.7766,24.86591,0
            121.77686,24.86636,0
            121.77697,24.86649,0
            121.77715,24.86666,0
            121.7773,24.86678,0
            121.77751,24.86691,0
            121.77777,24.86704,0
            121.77785,24.86707,0
            121.77801,24.8671,0
            121.77807,24.8671,0
            121.77853,24.867,0
            121.77853,24.86699,0
            121.77884,24.86696,0
            121.77932,24.86699,0
            121.78077,24.86724,0
            121.78116,24.86735,0
            121.7819,24.86764,0
            121.78208,24.86769,0
            121.78217,24.8677,0
            121.78238,24.86769,0
            121.78254,24.86762,0
            121.78278,24.86746,0
            121.78319,24.86704,0
            121.78332,24.86694,0
            121.78334,24.86693,0
            121.7835,24.86681,0
            121.78392,24.86656,0
            121.78403,24.86646,0
            121.78406,24.86641,0
            121.78411,24.86628,0
            121.78411,24.86624,0
            121.78412,24.86618,0
            121.78409,24.86606,0
            121.78399,24.8659,0
            121.78396,24.86587,0
            121.7839,24.86583,0
            121.78382,24.86579,0
            121.78366,24.86577,0
            121.78296,24.86579,0
            121.7829,24.8658,0
            121.78278,24.86584,0
            121.78277,24.86585,0
            121.78275,24.86585,0
            121.78199,24.86632,0
            121.78162,24.86652,0
            121.7815,24.86657,0
            121.78144,24.86658,0
            121.78131,24.86658,0
            121.78076,24.86649,0
            121.78029,24.86637,0
            121.77951,24.86609,0
            121.7795,24.86608,0
            121.77941,24.86603,0
            121.77933,24.86596,0
            121.77909,24.86579,0
            121.77896,24.86562,0
            121.77853,24.86516,0
            121.77821,24.86498,0
            121.77808,24.86489,0
            121.77799,24.86481,0
            121.7779,24.86461,0
            121.77787,24.86445,0
            121.77782,24.86375,0
            121.77783,24.86367,0
            121.77791,24.86336,0
            121.77797,24.86323,0
            121.77837,24.86217,0
            121.77841,24.86196,0
            121.77842,24.86157,0
            121.77845,24.86142,0
            121.77862,24.86112,0
            121.77868,24.86104,0
            121.77884,24.86087,0
            121.77897,24.86079,0
            121.7791,24.86074,0
            121.77928,24.86072,0
            121.77939,24.86072,0
            121.77953,24.86076,0
            121.77954,24.86076,0
            121.77964,24.8608,0
            121.77977,24.86087,0
            121.78011,24.8611,0
            121.78026,24.86117,0
            121.78049,24.86119,0
            121.78069,24.86119,0
            121.78077,24.86118,0
            121.78089,24.86118,0
            121.78102,24.86121,0
            121.78116,24.86128,0
            121.7813,24.86138,0
            121.78187,24.86199,0
            121.78192,24.86206,0
            121.78201,24.86226,0
            121.78202,24.86227,0
            121.78204,24.86241,0
            121.78204,24.8626,0
            121.782,24.86312,0
            121.782,24.86335,0
            121.78201,24.86341,0
            121.78206,24.86351,0
            121.7821,24.86357,0
            121.7822,24.86364,0
            121.78226,24.86367,0
            121.78235,24.86369,0
            121.78245,24.8637,0
            121.78258,24.86369,0
            121.78272,24.86366,0
            121.78282,24.86361,0
            121.78293,24.86354,0
            121.78298,24.86352,0
            121.7831,24.86345,0
            121.78327,24.86339,0
            121.78349,24.86329,0
            121.7848,24.86297,0
            121.78491,24.86296,0
            121.7851,24.86292,0
            121.78569,24.86284,0
            121.78617,24.8628,0
            121.78631,24.86281,0
            121.78654,24.86288,0
            121.78692,24.86305,0
            121.78717,24.86321,0
            121.78731,24.86333,0
            121.7876,24.86362,0
            121.7877,24.86369,0
            121.78777,24.86372,0
            121.78787,24.86374,0
            121.78798,24.86374,0
            121.78804,24.86373,0
            121.78817,24.86368,0
            121.78841,24.86355,0
            121.78869,24.86337,0
            121.78876,24.86331,0
            121.78886,24.8632,0
            121.78891,24.86309,0
            121.78895,24.86293,0
            121.78899,24.8626,0
            121.78904,24.8624,0
            121.78905,24.86239,0
            121.78921,24.86208,0
            121.78922,24.86207,0
            121.78929,24.86195,0
            121.78931,24.86185,0
            121.78933,24.86137,0
            121.78939,24.86119,0
            121.78947,24.86104,0
            121.78952,24.86097,0
            121.78957,24.86088,0
            121.78957,24.86087,0
            121.7896,24.86082,0
            121.78961,24.86077,0
            121.78961,24.8607,0
            121.78953,24.86054,0
            121.78953,24.86053,0
            121.78949,24.86045,0
            121.78945,24.86034,0
            121.78944,24.86029,0
            121.78944,24.86013,0
            121.78946,24.86007,0
            121.78948,24.85997,0
            121.78953,24.85989,0
            121.78957,24.85985,0
            121.78957,24.85984,0
            121.78962,24.8598,0
            121.78997,24.85962,0
            121.79007,24.85953,0
            121.7901,24.85949,0
            121.7905,24.85834,0
            121.79051,24.85833,0
            121.79072,24.8579,0
            121.79076,24.85777,0
            121.79076,24.85765,0
            121.79062,24.85725,0
            121.79053,24.85707,0
            121.79038,24.85682,0
            121.79032,24.85667,0
            121.79032,24.85661,0
            121.79036,24.85654,0
            121.79037,24.85654,0
            121.79041,24.85652,0
            121.79048,24.8565,0
            121.79051,24.8565,0
            121.79053,24.85651,0
            121.79058,24.85652,0
            121.79061,24.85654,0
            121.79065,24.85658,0
            121.7907,24.85665,0
            121.7907,24.85666,0
            121.79072,24.8567,0
            121.79082,24.857,0
            121.79088,24.85712,0
            121.79107,24.8573,0
            121.79158,24.85769,0
            121.79193,24.85789,0
            121.79235,24.85803,0
            121.79243,24.85808,0
            121.79252,24.85818,0
            121.7926,24.85832,0
            121.79262,24.85844,0
            121.79265,24.85849,0
            121.79268,24.85852,0
            121.79271,24.85858,0
            121.79274,24.8586,0
            121.79287,24.85863,0
            121.79306,24.85864,0
            121.79313,24.8586,0
            121.79325,24.8585,0
            121.79327,24.85846,0
            121.7933,24.85835,0
            121.79329,24.85827,0
            121.79328,24.85824,0
            121.79312,24.85802,0
            121.79275,24.85761,0
            121.79257,24.85734,0
            121.79255,24.8573,0
            121.7924,24.85708,0
            121.7923,24.8569,0
            121.79202,24.85657,0
            121.79187,24.85643,0
            121.79178,24.85632,0
            121.7915,24.85588,0
            121.79134,24.85574,0
            121.79123,24.85562,0
            121.79112,24.85552,0
            121.79086,24.85514,0
            121.79074,24.85501,0
            121.79064,24.85494,0
            121.79046,24.85486,0
            121.79034,24.85482,0
            121.79022,24.85474,0
            121.7902,24.85472,0
            121.79018,24.85469,0
            121.79017,24.85466,0
            121.79017,24.8546,0
            121.79018,24.85457,0
            121.79021,24.85452,0
            121.79025,24.85448,0
            121.79025,24.85447,0
            121.79026,24.85447,0
            121.79032,24.85445,0
            121.79039,24.85446,0
            121.7905,24.85453,0
            121.79106,24.85511,0
            121.79151,24.85545,0
            121.7916,24.85553,0
            121.79244,24.85606,0
            121.79253,24.85613,0
            121.79259,24.85622,0
            121.79271,24.85658,0
            121.79278,24.85671,0
            121.79289,24.85685,0
            121.7929,24.85687,0
            121.7936,24.85746,0
            121.79387,24.85765,0
            121.7941,24.85773,0
            121.79412,24.85773,0
            121.7942,24.85775,0
            121.79435,24.85777,0
            121.79453,24.85783,0
            121.79469,24.8579,0
            121.79495,24.85807,0
            121.79514,24.85824,0
            121.79516,24.85828,0
            121.79517,24.85832,0
            121.79517,24.85836,0
            121.79516,24.85838,0
            121.79516,24.8584,0
            121.79514,24.85846,0
            121.79508,24.85855,0
            121.79502,24.85861,0
            121.79496,24.85864,0
            121.79494,24.85866,0
            121.79489,24.85868,0
            121.79482,24.85872,0
            121.79479,24.85873,0
            121.79443,24.85894,0
            121.79438,24.85896,0
            121.7943,24.85902,0
            121.79428,24.85905,0
            121.79427,24.85911,0
            121.79427,24.85917,0
            121.79429,24.85924,0
            121.79431,24.85926,0
            121.79437,24.8593,0
            121.79441,24.85931,0
            121.79445,24.85931,0
            121.79457,24.85928,0
            121.79485,24.85894,0
            121.79491,24.8589,0
            121.7953,24.85873,0
            121.7954,24.85867,0
            121.79542,24.85864,0
            121.79545,24.85861,0
            121.79547,24.85856,0
            121.79548,24.8585,0
            121.79548,24.85844,0
            121.79545,24.85832,0
            121.79533,24.8581,0
            121.79527,24.85802,0
            121.79507,24.8578,0
            121.79491,24.85769,0
            121.79481,24.85764,0
            121.7944,24.85751,0
            121.79418,24.8574,0
            121.79391,24.85716,0
            121.79369,24.85693,0
            121.79347,24.85664,0
            121.79341,24.85643,0
            121.79329,24.85573,0
            121.79326,24.8554,0
            121.79322,24.85524,0
            121.79318,24.85513,0
            121.79288,24.85473,0
            121.79262,24.85445,0
            121.79261,24.85445,0
            121.79256,24.85439,0
            121.79252,24.85437,0
            121.79247,24.85432,0
            121.79223,24.85414,0
            121.79163,24.85357,0
            121.79149,24.85341,0
            121.79139,24.85325,0
            121.79138,24.85324,0
            121.79129,24.85309,0
            121.79107,24.85249,0
            121.79085,24.85174,0
            121.79075,24.85156,0
            121.79066,24.85145,0
            121.79059,24.85141,0
            121.79052,24.85135,0
            121.79026,24.8512,0
            121.79009,24.85113,0
            121.79008,24.85112,0
            121.79004,24.8511,0
            121.79002,24.85108,0
            121.78998,24.85102,0
            121.78998,24.85097,0
            121.79,24.85092,0
            121.79003,24.85089,0
            121.7901,24.85086,0
            121.79015,24.85086,0
            121.79022,24.85088,0
            121.79035,24.85095,0
            121.79067,24.85117,0
            121.79076,24.85125,0
            121.79092,24.85145,0
            121.7911,24.85174,0
            121.79177,24.85266,0
            121.79187,24.85274,0
            121.79203,24.85283,0
            121.79225,24.85285,0
            121.79245,24.85285,0
            121.79258,24.85287,0
            121.79269,24.85291,0
            121.79275,24.85295,0
            121.79301,24.85326,0
            121.79323,24.8536,0
            121.7933,24.85367,0
            121.79339,24.85372,0
            121.7936,24.85378,0
            121.79375,24.85384,0
            121.79388,24.85392,0
            121.79422,24.85435,0
            121.79435,24.85469,0
            121.79437,24.85478,0
            121.79437,24.85506,0
            121.79434,24.85534,0
            121.7943,24.85552,0
            121.7943,24.85575,0
            121.79431,24.85579,0
            121.79433,24.85583,0
            121.79436,24.85586,0
            121.7945,24.85596,0
            121.79499,24.85622,0
            121.79557,24.85638,0
            121.79587,24.85651,0
            121.79599,24.85658,0
            121.79625,24.8568,0
            121.79638,24.85693,0
            121.79644,24.85701,0
            121.79661,24.85729,0
            121.79668,24.85733,0
            121.79672,24.85734,0
            121.79679,24.85734,0
            121.79683,24.85731,0
            121.79686,24.85725,0
            121.79687,24.8572,0
            121.79687,24.85717,0
            121.79684,24.85706,0
            121.79644,24.8566,0
            121.79629,24.85648,0
            121.79603,24.85635,0
            121.79595,24.8563,0
            121.79573,24.85607,0
            121.79566,24.85598,0
            121.79551,24.85586,0
            121.79518,24.85571,0
            121.79505,24.85562,0
            121.79505,24.85561,0
            121.79503,24.8556,0
            121.79498,24.85555,0
            121.79495,24.8555,0
            121.79493,24.85548,0
            121.79493,24.85547,0
            121.79483,24.85529,0
            121.79481,24.85521,0
            121.79481,24.85514,0
            121.79482,24.85511,0
            121.79487,24.85503,0
            121.79509,24.85475,0
            121.79519,24.8546,0
            121.79525,24.85448,0
            121.79527,24.85436,0
            121.79524,24.85422,0
            121.79487,24.85342,0
            121.79464,24.85305,0
            121.79409,24.8523,0
            121.79332,24.85148,0
            121.79325,24.85138,0
            121.79318,24.85123,0
            121.79309,24.85099,0
            121.79309,24.85097,0
            121.79296,24.85063,0
            121.7929,24.85054,0
            121.79286,24.8505,0
            121.79275,24.85035,0
            121.79243,24.85001,0
            121.79226,24.84988,0
            121.79221,24.84983,0
            121.79198,24.84965,0
            121.79192,24.84959,0
            121.79191,24.84955,0
            121.79191,24.8495,0
            121.79192,24.84948,0
            121.79193,24.84947,0
            121.79194,24.84945,0
            121.79197,24.84943,0
            121.79199,24.84943,0
            121.79201,24.84942,0
            121.79203,24.84942,0
            121.79206,24.84943,0
            121.79211,24.84946,0
            121.79214,24.84949,0
            121.79219,24.84957,0
            121.79225,24.84964,0
            121.79232,24.84975,0
            121.79241,24.84986,0
            121.79274,24.8501,0
            121.79284,24.85019,0
            121.79294,24.8503,0
            121.79314,24.85058,0
            121.79338,24.85107,0
            121.7934,24.85113,0
            121.79344,24.85118,0
            121.7936,24.85134,0
            121.79393,24.85161,0
            121.79395,24.85162,0
            121.79449,24.85212,0
            121.7945,24.85214,0
            121.79474,24.85237,0
            121.79492,24.85247,0
            121.79493,24.85248,0
            121.79522,24.85261,0
            121.79534,24.85269,0
            121.7956,24.85303,0
            121.79568,24.8531,0
            121.79573,24.85313,0
            121.79578,24.85315,0
            121.79612,24.85321,0
            121.79622,24.85324,0
            121.79629,24.85328,0
            121.79635,24.85334,0
            121.79635,24.85335,0
            121.79638,24.85339,0
            121.7965,24.85369,0
            121.79653,24.85374,0
            121.79668,24.85391,0
            121.79698,24.85417,0
            121.79705,24.85422,0
            121.79741,24.85456,0
            121.79766,24.85505,0
            121.79779,24.85539,0
            121.7978,24.85539,0
            121.79786,24.85555,0
            121.79786,24.85556,0
            121.79797,24.85573,0
            121.79802,24.85579,0
            121.79826,24.85602,0
            121.79832,24.8561,0
            121.79833,24.85613,0
            121.79835,24.85616,0
            121.79841,24.85641,0
            121.79842,24.85651,0
            121.79845,24.85665,0
            121.79848,24.85673,0
            121.79881,24.85735,0
            121.79883,24.85737,0
            121.79887,24.85739,0
            121.79895,24.85739,0
            121.799,24.85737,0
            121.79901,24.85735,0
            121.79903,24.85734,0
            121.79904,24.85731,0
            121.79904,24.85725,0
            121.79902,24.8572,0
            121.79871,24.85664,0
            121.79863,24.85645,0
            121.79849,24.85596,0
            121.79833,24.85564,0
            121.79821,24.85546,0
            121.798,24.85504,0
            121.79799,24.85499,0
            121.79799,24.85484,0
            121.79805,24.85472,0
            121.79823,24.85448,0
            121.79831,24.85432,0
            121.79835,24.85419,0
            121.79835,24.8541,0
            121.79832,24.85401,0
            121.79826,24.85394,0
            121.79817,24.85389,0
            121.79797,24.85383,0
            121.79744,24.85375,0
            121.79728,24.8537,0
            121.79727,24.8537,0
            121.79721,24.85366,0
            121.79717,24.85362,0
            121.79687,24.85311,0
            121.79671,24.85287,0
            121.79656,24.85271,0
            121.79631,24.85251,0
            121.79621,24.85239,0
            121.79586,24.85174,0
            121.7957,24.85152,0
            121.79533,24.8511,0
            121.7947,24.85013,0
            121.79425,24.84954,0
            121.79403,24.84937,0
            121.79388,24.84917,0
            121.79371,24.84885,0
            121.79365,24.84864,0
            121.79362,24.84848,0
            121.7935,24.84728,0
            121.79349,24.84726,0
            121.79344,24.84706,0
            121.79324,24.84663,0
            121.79025,24.8417,0
            121.79016,24.84152,0
            121.79012,24.84139,0
            121.79012,24.8412,0
            121.79026,24.84053,0
            121.79073,24.83886,0
            121.79071,24.83871,0
            121.79065,24.83855,0
            121.79057,24.83839,0
            121.79044,24.83824,0
            121.79038,24.83819,0
            121.79012,24.83808,0
            121.78613,24.83676,0
            121.78597,24.83669,0
            121.78529,24.83645,0
            121.78527,24.83645,0
            121.78341,24.83586,0
            121.78317,24.83576,0
            121.78224,24.83543,0
            121.78199,24.83532,0
            121.78152,24.835,0
            121.78138,24.83489,0
            121.78057,24.83416,0
            121.77905,24.83233,0
            121.77675,24.82934,0
            121.77659,24.82926,0
            121.77636,24.8291,0
            121.77603,24.829,0
            121.77572,24.82897,0
            121.7757,24.82896,0
            121.77498,24.82892,0
            121.77451,24.82886,0
            121.77385,24.82869,0
            121.77358,24.82858,0
            121.7732,24.82837,0
            121.7726,24.82789,0
            121.77214,24.82742,0
            121.77188,24.82707,0
            121.77175,24.82687,0
            121.76967,24.82143,0
            121.76946,24.82081,0
            121.76902,24.81967,0
            121.76884,24.81909,0
            121.76799,24.81668,0
            121.76793,24.81661,0
            121.76769,24.81593,0
            121.76757,24.81523,0
            121.76715,24.81051,0
            121.76699,24.80912,0
            121.76654,24.80775,0
            121.76652,24.80771,0
            121.76646,24.80753,0
            121.76605,24.80663,0
            121.76604,24.80663,0
            121.7658,24.80603,0
            121.76566,24.80559,0
            121.7656,24.80533,0
            121.76547,24.8045,0
            121.76518,24.80301,0
            121.76515,24.80272,0
            121.76368,24.79661,0
            121.76349,24.79666,0
            121.76368,24.79661,0
            121.7619,24.79019,0
            121.76183,24.78972,0
            121.76168,24.7883,0
            121.76167,24.78806,0
            121.76154,24.78688,0
            121.7613,24.78551,0
            121.76111,24.78479,0
            121.75914,24.77822,0
            121.75925,24.77815,0
            121.76841,24.7699,0
            121.76907,24.76924,0
            121.76915,24.76912,0
            121.76941,24.76882,0
            121.76996,24.76807,0
            121.77028,24.76749,0
            121.77037,24.76728,0
            121.77046,24.76713,0
            121.77071,24.76657,0
            121.7709,24.76604,0
            121.77109,24.7653,0
            121.7712,24.76465,0
            121.77125,24.76406,0
            121.77125,24.76235,0
            121.77134,24.7606,0
            121.77138,24.75888,0
            121.77137,24.75688,0
            121.77138,24.75681,0
            121.77149,24.75323,0
            121.77148,24.75282,0
            121.77149,24.7527,0
            121.77148,24.75209,0
            121.7717,24.74077,0
            121.77168,24.74069,0
            121.77166,24.74053,0
            121.77166,24.74044,0
            121.77167,24.74038,0
            121.77167,24.73985,0
            121.77168,24.73975,0
            121.77169,24.73629,0
            121.77187,24.72895,0
            121.772,24.7273,0
            121.7721,24.72654,0
            121.77215,24.72586,0
            121.77217,24.72573,0
            121.77216,24.72548,0
            121.77211,24.72512,0
            121.77207,24.72495,0
            121.77197,24.72469,0
            121.77178,24.72435,0
            121.77157,24.72408,0
            121.77128,24.72378,0
            121.77116,24.72368,0
            121.77079,24.72343,0
            121.77017,24.7231,0
            121.76993,24.723,0
            121.76988,24.72297,0
            121.76976,24.72293,0
            121.76925,24.72271,0
            121.7693,24.72263,0
            121.76943,24.72237,0
            121.77029,24.72093,0
            121.77046,24.72055,0
            121.77057,24.72024,0
            121.77089,24.7189,0
            121.77092,24.71881,0
            121.77254,24.71164,0
            121.77262,24.71118,0
            121.77265,24.71071,0
            121.77264,24.71054,0
            121.77256,24.71023,0
            121.77224,24.70935,0
            121.77173,24.70763,0
            121.77132,24.70639,0
            121.77108,24.70575,0
            121.76947,24.70095,0
            121.76878,24.69905,0
            121.76881,24.69891,0
            121.7688,24.69862,0
            121.76906,24.69677,0
            121.76908,24.6967,0
            121.76919,24.69603,0
            121.76933,24.69544,0
            121.76942,24.69479,0
            121.76945,24.69467,0
            121.77006,24.69095,0
            121.77013,24.69062,0
            121.77057,24.6876,0
            121.76886,24.68674,0
            121.76876,24.68667,0
            121.76799,24.68627,0
            121.76782,24.68616,0
            121.76745,24.68584,0
            121.76715,24.68554,0
            121.76744,24.68507,0
            121.76758,24.68466,0
            121.76764,24.68454,0
            121.76785,24.68423,0
            121.7679,24.68417,0
            121.7681,24.68377,0
            121.76852,24.68283,0
            121.7684,24.68247,0
            121.76774,24.68264,0
          </coordinates>
        </LineString>
      </Placemark>
      <Placemark>
        <name>新北市新店區寶橋路新北市新店區北新國民小學</name>
        <styleUrl>#icon-1899-DB4436-nodesc</styleUrl>
        <Point>
          <coordinates>
            121.5443867,24.9740701,0
          </coordinates>
        </Point>
      </Placemark>
      <Placemark>
        <name>新北市石碇區格頭里北宜路五段海倫咖啡</name>
        <styleUrl>#icon-1899-DB4436-nodesc</styleUrl>
        <Point>
          <coordinates>
            121.6461066,24.951754,0
          </coordinates>
        </Point>
      </Placemark>
      <Placemark>
        <name>新北市坪林區坪林里北宜路八段全家便利商店 坪林順益店</name>
        <styleUrl>#icon-1899-DB4436-nodesc</styleUrl>
        <Point>
          <coordinates>
            121.7087672,24.9349106,0
          </coordinates>
        </Point>
      </Placemark>
      <Placemark>
        <name>宜蘭縣坪林區石牌縣界公園</name>
        <styleUrl>#icon-1899-DB4436-nodesc</styleUrl>
        <Point>
          <coordinates>
            121.7752273,24.8650159,0
          </coordinates>
        </Point>
      </Placemark>
      <Placemark>
        <name>宜蘭縣頭城鎮二城里青雲路一段全家便利商店 頭城省道店</name>
        <styleUrl>#icon-1899-DB4436-nodesc</styleUrl>
        <Point>
          <coordinates>
            121.7887854,24.837626,0
          </coordinates>
        </Point>
      </Placemark>
      <Placemark>
        <name>宜蘭縣礁溪鄉白鵝村礁溪路二段7-ELEVEN 韌性門市</name>
        <styleUrl>#icon-1899-DB4436-nodesc</styleUrl>
        <Point>
          <coordinates>
            121.7634893,24.79666,0
          </coordinates>
        </Point>
      </Placemark>
      <Placemark>
        <name>宜蘭縣五結鄉二結村中正路三段麥當勞-宜蘭五結餐廳－設有得來速</name>
        <styleUrl>#icon-1899-DB4436-nodesc</styleUrl>
        <Point>
          <coordinates>
            121.7703729,24.7036476,0
          </coordinates>
        </Point>
      </Placemark>
      <Placemark>
        <name>宜蘭縣羅東鎮信義里中華路宜蘭縣立羅東國民中學</name>
        <styleUrl>#icon-1899-DB4436-nodesc</styleUrl>
        <Point>
          <coordinates>
            121.7677361,24.6826366,0
          </coordinates>
        </Point>
      </Placemark>
    </Folder>
  </Document>
</kml>
