<?xml version="1.0" encoding="UTF-8"?>
<gpx version="1.1" creator="2026-routes" xmlns="http://www.topografix.com/GPX/1/1">
  <metadata>
    <name>苗栗到培英國中</name>
    <desc>苗栗→台13→竹南→苗栗濱海自行車道→南寮→南寮-頭前溪自行車道→培英國中</desc>
  </metadata>
  <trk>
    <name>Day 2 苗栗到培英國中</name>
    <trkseg>
      <trkpt lat="24.558790" lon="120.816460"></trkpt>
      <trkpt lat="24.559330" lon="120.817080"></trkpt>
      <trkpt lat="24.559230" lon="120.817180"></trkpt>
      <trkpt lat="24.558000" lon="120.818070"></trkpt>
      <trkpt lat="24.557930" lon="120.818140"></trkpt>
      <trkpt lat="24.557810" lon="120.818330"></trkpt>
      <trkpt lat="24.556940" lon="120.820230"></trkpt>
      <trkpt lat="24.560280" lon="120.822060"></trkpt>
      <trkpt lat="24.560690" lon="120.822310"></trkpt>
      <trkpt lat="24.562330" lon="120.823220"></trkpt>
      <trkpt lat="24.562540" lon="120.823300"></trkpt>
      <trkpt lat="24.562910" lon="120.823500"></trkpt>
      <trkpt lat="24.563340" lon="120.823780"></trkpt>
      <trkpt lat="24.563680" lon="120.823980"></trkpt>
      <trkpt lat="24.563750" lon="120.824010"></trkpt>
      <trkpt lat="24.563800" lon="120.824020"></trkpt>
      <trkpt lat="24.563880" lon="120.824020"></trkpt>
      <trkpt lat="24.564810" lon="120.824110"></trkpt>
      <trkpt lat="24.564850" lon="120.824120"></trkpt>
      <trkpt lat="24.568590" lon="120.824390"></trkpt>
      <trkpt lat="24.569970" lon="120.824530"></trkpt>
      <trkpt lat="24.570240" lon="120.825020"></trkpt>
      <trkpt lat="24.570310" lon="120.825270"></trkpt>
      <trkpt lat="24.570350" lon="120.825570"></trkpt>
      <trkpt lat="24.571010" lon="120.828040"></trkpt>
      <trkpt lat="24.571100" lon="120.828260"></trkpt>
      <trkpt lat="24.571580" lon="120.829920"></trkpt>
      <trkpt lat="24.572050" lon="120.831920"></trkpt>
      <trkpt lat="24.572340" lon="120.832930"></trkpt>
      <trkpt lat="24.572470" lon="120.833320"></trkpt>
      <trkpt lat="24.572780" lon="120.834450"></trkpt>
      <trkpt lat="24.572800" lon="120.834560"></trkpt>
      <trkpt lat="24.573070" lon="120.835490"></trkpt>
      <trkpt lat="24.573090" lon="120.835540"></trkpt>
      <trkpt lat="24.573170" lon="120.835890"></trkpt>
      <trkpt lat="24.573760" lon="120.837880"></trkpt>
      <trkpt lat="24.573820" lon="120.838150"></trkpt>
      <trkpt lat="24.574010" lon="120.838790"></trkpt>
      <trkpt lat="24.574350" lon="120.840080"></trkpt>
      <trkpt lat="24.574390" lon="120.840200"></trkpt>
      <trkpt lat="24.574720" lon="120.841450"></trkpt>
      <trkpt lat="24.574730" lon="120.841540"></trkpt>
      <trkpt lat="24.574780" lon="120.841690"></trkpt>
      <trkpt lat="24.574820" lon="120.841890"></trkpt>
      <trkpt lat="24.574760" lon="120.842030"></trkpt>
      <trkpt lat="24.574760" lon="120.842380"></trkpt>
      <trkpt lat="24.574750" lon="120.842460"></trkpt>
      <trkpt lat="24.574650" lon="120.844610"></trkpt>
      <trkpt lat="24.574570" lon="120.845050"></trkpt>
      <trkpt lat="24.574440" lon="120.846480"></trkpt>
      <trkpt lat="24.574440" lon="120.846870"></trkpt>
      <trkpt lat="24.574380" lon="120.848280"></trkpt>
      <trkpt lat="24.574390" lon="120.848390"></trkpt>
      <trkpt lat="24.574260" lon="120.849570"></trkpt>
      <trkpt lat="24.574240" lon="120.849920"></trkpt>
      <trkpt lat="24.574260" lon="120.850200"></trkpt>
      <trkpt lat="24.574280" lon="120.850260"></trkpt>
      <trkpt lat="24.574300" lon="120.850360"></trkpt>
      <trkpt lat="24.574410" lon="120.850550"></trkpt>
      <trkpt lat="24.574700" lon="120.850970"></trkpt>
      <trkpt lat="24.575060" lon="120.851590"></trkpt>
      <trkpt lat="24.576090" lon="120.853510"></trkpt>
      <trkpt lat="24.576710" lon="120.854740"></trkpt>
      <trkpt lat="24.576730" lon="120.854770"></trkpt>
      <trkpt lat="24.576820" lon="120.855010"></trkpt>
      <trkpt lat="24.576830" lon="120.855070"></trkpt>
      <trkpt lat="24.576860" lon="120.855150"></trkpt>
      <trkpt lat="24.577140" lon="120.856110"></trkpt>
      <trkpt lat="24.577430" lon="120.856690"></trkpt>
      <trkpt lat="24.577690" lon="120.857270"></trkpt>
      <trkpt lat="24.578430" lon="120.858700"></trkpt>
      <trkpt lat="24.578950" lon="120.859580"></trkpt>
      <trkpt lat="24.579170" lon="120.860010"></trkpt>
      <trkpt lat="24.579360" lon="120.860450"></trkpt>
      <trkpt lat="24.579360" lon="120.860460"></trkpt>
      <trkpt lat="24.579540" lon="120.860970"></trkpt>
      <trkpt lat="24.579760" lon="120.861850"></trkpt>
      <trkpt lat="24.579810" lon="120.862250"></trkpt>
      <trkpt lat="24.579820" lon="120.862750"></trkpt>
      <trkpt lat="24.579790" lon="120.863250"></trkpt>
      <trkpt lat="24.579800" lon="120.863500"></trkpt>
      <trkpt lat="24.579820" lon="120.863650"></trkpt>
      <trkpt lat="24.579850" lon="120.863780"></trkpt>
      <trkpt lat="24.579870" lon="120.863830"></trkpt>
      <trkpt lat="24.579890" lon="120.863920"></trkpt>
      <trkpt lat="24.579950" lon="120.864050"></trkpt>
      <trkpt lat="24.580830" lon="120.865600"></trkpt>
      <trkpt lat="24.580900" lon="120.865930"></trkpt>
      <trkpt lat="24.580890" lon="120.866200"></trkpt>
      <trkpt lat="24.580880" lon="120.866260"></trkpt>
      <trkpt lat="24.580850" lon="120.866330"></trkpt>
      <trkpt lat="24.580840" lon="120.866370"></trkpt>
      <trkpt lat="24.580800" lon="120.866460"></trkpt>
      <trkpt lat="24.580740" lon="120.866560"></trkpt>
      <trkpt lat="24.580230" lon="120.867180"></trkpt>
      <trkpt lat="24.580040" lon="120.867480"></trkpt>
      <trkpt lat="24.579920" lon="120.867760"></trkpt>
      <trkpt lat="24.579850" lon="120.868010"></trkpt>
      <trkpt lat="24.579840" lon="120.868080"></trkpt>
      <trkpt lat="24.579840" lon="120.868190"></trkpt>
      <trkpt lat="24.579830" lon="120.868300"></trkpt>
      <trkpt lat="24.579850" lon="120.868540"></trkpt>
      <trkpt lat="24.579920" lon="120.868790"></trkpt>
      <trkpt lat="24.580480" lon="120.870030"></trkpt>
      <trkpt lat="24.580940" lon="120.871210"></trkpt>
      <trkpt lat="24.581440" lon="120.872620"></trkpt>
      <trkpt lat="24.581830" lon="120.873890"></trkpt>
      <trkpt lat="24.582070" lon="120.874570"></trkpt>
      <trkpt lat="24.582190" lon="120.875010"></trkpt>
      <trkpt lat="24.582210" lon="120.875330"></trkpt>
      <trkpt lat="24.582210" lon="120.875620"></trkpt>
      <trkpt lat="24.582190" lon="120.875860"></trkpt>
      <trkpt lat="24.582150" lon="120.876040"></trkpt>
      <trkpt lat="24.582100" lon="120.876450"></trkpt>
      <trkpt lat="24.582100" lon="120.876840"></trkpt>
      <trkpt lat="24.582130" lon="120.877060"></trkpt>
      <trkpt lat="24.582220" lon="120.877350"></trkpt>
      <trkpt lat="24.582330" lon="120.877550"></trkpt>
      <trkpt lat="24.582480" lon="120.877670"></trkpt>
      <trkpt lat="24.582610" lon="120.877740"></trkpt>
      <trkpt lat="24.582730" lon="120.877790"></trkpt>
      <trkpt lat="24.583510" lon="120.878030"></trkpt>
      <trkpt lat="24.583740" lon="120.878120"></trkpt>
      <trkpt lat="24.583810" lon="120.878160"></trkpt>
      <trkpt lat="24.583910" lon="120.878200"></trkpt>
      <trkpt lat="24.584330" lon="120.878490"></trkpt>
      <trkpt lat="24.584560" lon="120.878680"></trkpt>
      <trkpt lat="24.584710" lon="120.878820"></trkpt>
      <trkpt lat="24.585190" lon="120.879350"></trkpt>
      <trkpt lat="24.585300" lon="120.879520"></trkpt>
      <trkpt lat="24.585410" lon="120.879760"></trkpt>
      <trkpt lat="24.585470" lon="120.880060"></trkpt>
      <trkpt lat="24.585590" lon="120.881380"></trkpt>
      <trkpt lat="24.585610" lon="120.881500"></trkpt>
      <trkpt lat="24.585650" lon="120.881620"></trkpt>
      <trkpt lat="24.585700" lon="120.881730"></trkpt>
      <trkpt lat="24.585790" lon="120.881880"></trkpt>
      <trkpt lat="24.585890" lon="120.881990"></trkpt>
      <trkpt lat="24.586020" lon="120.882090"></trkpt>
      <trkpt lat="24.586110" lon="120.882130"></trkpt>
      <trkpt lat="24.586320" lon="120.882160"></trkpt>
      <trkpt lat="24.586690" lon="120.882160"></trkpt>
      <trkpt lat="24.587020" lon="120.882140"></trkpt>
      <trkpt lat="24.587170" lon="120.882120"></trkpt>
      <trkpt lat="24.587580" lon="120.881960"></trkpt>
      <trkpt lat="24.587840" lon="120.881840"></trkpt>
      <trkpt lat="24.588070" lon="120.881770"></trkpt>
      <trkpt lat="24.588180" lon="120.881770"></trkpt>
      <trkpt lat="24.588370" lon="120.881800"></trkpt>
      <trkpt lat="24.588980" lon="120.881940"></trkpt>
      <trkpt lat="24.589110" lon="120.881980"></trkpt>
      <trkpt lat="24.589210" lon="120.881990"></trkpt>
      <trkpt lat="24.589380" lon="120.881990"></trkpt>
      <trkpt lat="24.589450" lon="120.881970"></trkpt>
      <trkpt lat="24.589520" lon="120.881940"></trkpt>
      <trkpt lat="24.590150" lon="120.881520"></trkpt>
      <trkpt lat="24.590590" lon="120.881350"></trkpt>
      <trkpt lat="24.590740" lon="120.881310"></trkpt>
      <trkpt lat="24.590760" lon="120.881300"></trkpt>
      <trkpt lat="24.590860" lon="120.881270"></trkpt>
      <trkpt lat="24.590940" lon="120.881260"></trkpt>
      <trkpt lat="24.591010" lon="120.881260"></trkpt>
      <trkpt lat="24.591030" lon="120.881270"></trkpt>
      <trkpt lat="24.591060" lon="120.881270"></trkpt>
      <trkpt lat="24.591070" lon="120.881280"></trkpt>
      <trkpt lat="24.591130" lon="120.881300"></trkpt>
      <trkpt lat="24.591660" lon="120.881670"></trkpt>
      <trkpt lat="24.592770" lon="120.882350"></trkpt>
      <trkpt lat="24.593020" lon="120.882480"></trkpt>
      <trkpt lat="24.593820" lon="120.882810"></trkpt>
      <trkpt lat="24.594170" lon="120.882930"></trkpt>
      <trkpt lat="24.594310" lon="120.882950"></trkpt>
      <trkpt lat="24.594380" lon="120.882950"></trkpt>
      <trkpt lat="24.594420" lon="120.882940"></trkpt>
      <trkpt lat="24.594450" lon="120.882940"></trkpt>
      <trkpt lat="24.594550" lon="120.882880"></trkpt>
      <trkpt lat="24.594640" lon="120.882810"></trkpt>
      <trkpt lat="24.594670" lon="120.882770"></trkpt>
      <trkpt lat="24.594750" lon="120.882690"></trkpt>
      <trkpt lat="24.594900" lon="120.882480"></trkpt>
      <trkpt lat="24.595030" lon="120.882320"></trkpt>
      <trkpt lat="24.595100" lon="120.882250"></trkpt>
      <trkpt lat="24.595220" lon="120.882160"></trkpt>
      <trkpt lat="24.595330" lon="120.882110"></trkpt>
      <trkpt lat="24.595390" lon="120.882090"></trkpt>
      <trkpt lat="24.595400" lon="120.882090"></trkpt>
      <trkpt lat="24.595430" lon="120.882080"></trkpt>
      <trkpt lat="24.595470" lon="120.882080"></trkpt>
      <trkpt lat="24.595530" lon="120.882070"></trkpt>
      <trkpt lat="24.595590" lon="120.882080"></trkpt>
      <trkpt lat="24.595650" lon="120.882080"></trkpt>
      <trkpt lat="24.595710" lon="120.882090"></trkpt>
      <trkpt lat="24.595770" lon="120.882110"></trkpt>
      <trkpt lat="24.595830" lon="120.882120"></trkpt>
      <trkpt lat="24.595970" lon="120.882180"></trkpt>
      <trkpt lat="24.596430" lon="120.882460"></trkpt>
      <trkpt lat="24.597080" lon="120.882910"></trkpt>
      <trkpt lat="24.597240" lon="120.883050"></trkpt>
      <trkpt lat="24.597560" lon="120.883390"></trkpt>
      <trkpt lat="24.597720" lon="120.883620"></trkpt>
      <trkpt lat="24.598650" lon="120.885200"></trkpt>
      <trkpt lat="24.599430" lon="120.886420"></trkpt>
      <trkpt lat="24.599780" lon="120.886920"></trkpt>
      <trkpt lat="24.600860" lon="120.888240"></trkpt>
      <trkpt lat="24.600870" lon="120.888260"></trkpt>
      <trkpt lat="24.600950" lon="120.888350"></trkpt>
      <trkpt lat="24.601030" lon="120.888480"></trkpt>
      <trkpt lat="24.601150" lon="120.888710"></trkpt>
      <trkpt lat="24.601230" lon="120.888910"></trkpt>
      <trkpt lat="24.601230" lon="120.888940"></trkpt>
      <trkpt lat="24.601290" lon="120.889190"></trkpt>
      <trkpt lat="24.601310" lon="120.889450"></trkpt>
      <trkpt lat="24.601310" lon="120.889710"></trkpt>
      <trkpt lat="24.601320" lon="120.889830"></trkpt>
      <trkpt lat="24.601350" lon="120.889960"></trkpt>
      <trkpt lat="24.601380" lon="120.890040"></trkpt>
      <trkpt lat="24.601470" lon="120.890160"></trkpt>
      <trkpt lat="24.601600" lon="120.890260"></trkpt>
      <trkpt lat="24.601690" lon="120.890300"></trkpt>
      <trkpt lat="24.601760" lon="120.890310"></trkpt>
      <trkpt lat="24.602100" lon="120.890300"></trkpt>
      <trkpt lat="24.602450" lon="120.890240"></trkpt>
      <trkpt lat="24.602490" lon="120.890210"></trkpt>
      <trkpt lat="24.602520" lon="120.890200"></trkpt>
      <trkpt lat="24.602540" lon="120.890180"></trkpt>
      <trkpt lat="24.602560" lon="120.890150"></trkpt>
      <trkpt lat="24.602590" lon="120.890120"></trkpt>
      <trkpt lat="24.602650" lon="120.890040"></trkpt>
      <trkpt lat="24.602680" lon="120.889980"></trkpt>
      <trkpt lat="24.602700" lon="120.889900"></trkpt>
      <trkpt lat="24.602720" lon="120.889850"></trkpt>
      <trkpt lat="24.602720" lon="120.889810"></trkpt>
      <trkpt lat="24.602730" lon="120.889770"></trkpt>
      <trkpt lat="24.602730" lon="120.889650"></trkpt>
      <trkpt lat="24.602740" lon="120.889590"></trkpt>
      <trkpt lat="24.602730" lon="120.889420"></trkpt>
      <trkpt lat="24.602700" lon="120.889320"></trkpt>
      <trkpt lat="24.602520" lon="120.889040"></trkpt>
      <trkpt lat="24.602520" lon="120.889010"></trkpt>
      <trkpt lat="24.602510" lon="120.888950"></trkpt>
      <trkpt lat="24.602510" lon="120.888870"></trkpt>
      <trkpt lat="24.602520" lon="120.888830"></trkpt>
      <trkpt lat="24.602520" lon="120.888800"></trkpt>
      <trkpt lat="24.602550" lon="120.888710"></trkpt>
      <trkpt lat="24.602570" lon="120.888690"></trkpt>
      <trkpt lat="24.602740" lon="120.888460"></trkpt>
      <trkpt lat="24.603020" lon="120.888130"></trkpt>
      <trkpt lat="24.603060" lon="120.888060"></trkpt>
      <trkpt lat="24.603080" lon="120.887990"></trkpt>
      <trkpt lat="24.603090" lon="120.887970"></trkpt>
      <trkpt lat="24.603090" lon="120.887930"></trkpt>
      <trkpt lat="24.603100" lon="120.887900"></trkpt>
      <trkpt lat="24.603100" lon="120.887770"></trkpt>
      <trkpt lat="24.603080" lon="120.887660"></trkpt>
      <trkpt lat="24.602820" lon="120.887010"></trkpt>
      <trkpt lat="24.602740" lon="120.886750"></trkpt>
      <trkpt lat="24.602740" lon="120.886660"></trkpt>
      <trkpt lat="24.602750" lon="120.886600"></trkpt>
      <trkpt lat="24.602780" lon="120.886530"></trkpt>
      <trkpt lat="24.602800" lon="120.886450"></trkpt>
      <trkpt lat="24.602840" lon="120.886380"></trkpt>
      <trkpt lat="24.602870" lon="120.886350"></trkpt>
      <trkpt lat="24.603340" lon="120.885710"></trkpt>
      <trkpt lat="24.603450" lon="120.885600"></trkpt>
      <trkpt lat="24.603510" lon="120.885560"></trkpt>
      <trkpt lat="24.603610" lon="120.885520"></trkpt>
      <trkpt lat="24.603640" lon="120.885520"></trkpt>
      <trkpt lat="24.603660" lon="120.885510"></trkpt>
      <trkpt lat="24.603710" lon="120.885510"></trkpt>
      <trkpt lat="24.603740" lon="120.885520"></trkpt>
      <trkpt lat="24.603760" lon="120.885520"></trkpt>
      <trkpt lat="24.603860" lon="120.885570"></trkpt>
      <trkpt lat="24.603920" lon="120.885620"></trkpt>
      <trkpt lat="24.603980" lon="120.885690"></trkpt>
      <trkpt lat="24.604620" lon="120.886760"></trkpt>
      <trkpt lat="24.604620" lon="120.886770"></trkpt>
      <trkpt lat="24.605090" lon="120.887610"></trkpt>
      <trkpt lat="24.605180" lon="120.887840"></trkpt>
      <trkpt lat="24.605180" lon="120.887870"></trkpt>
      <trkpt lat="24.605240" lon="120.888020"></trkpt>
      <trkpt lat="24.605240" lon="120.888030"></trkpt>
      <trkpt lat="24.605270" lon="120.888140"></trkpt>
      <trkpt lat="24.605420" lon="120.888570"></trkpt>
      <trkpt lat="24.605440" lon="120.888650"></trkpt>
      <trkpt lat="24.605560" lon="120.888980"></trkpt>
      <trkpt lat="24.605590" lon="120.889120"></trkpt>
      <trkpt lat="24.605590" lon="120.889140"></trkpt>
      <trkpt lat="24.605620" lon="120.889320"></trkpt>
      <trkpt lat="24.605620" lon="120.889350"></trkpt>
      <trkpt lat="24.605650" lon="120.889550"></trkpt>
      <trkpt lat="24.605730" lon="120.889860"></trkpt>
      <trkpt lat="24.605890" lon="120.890200"></trkpt>
      <trkpt lat="24.605920" lon="120.890240"></trkpt>
      <trkpt lat="24.605990" lon="120.890370"></trkpt>
      <trkpt lat="24.606050" lon="120.890460"></trkpt>
      <trkpt lat="24.606080" lon="120.890480"></trkpt>
      <trkpt lat="24.606100" lon="120.890500"></trkpt>
      <trkpt lat="24.606170" lon="120.890540"></trkpt>
      <trkpt lat="24.606270" lon="120.890570"></trkpt>
      <trkpt lat="24.606320" lon="120.890570"></trkpt>
      <trkpt lat="24.606360" lon="120.890580"></trkpt>
      <trkpt lat="24.608440" lon="120.890580"></trkpt>
      <trkpt lat="24.608900" lon="120.890600"></trkpt>
      <trkpt lat="24.609180" lon="120.890660"></trkpt>
      <trkpt lat="24.609210" lon="120.890680"></trkpt>
      <trkpt lat="24.609220" lon="120.890680"></trkpt>
      <trkpt lat="24.609240" lon="120.890690"></trkpt>
      <trkpt lat="24.609400" lon="120.890810"></trkpt>
      <trkpt lat="24.610020" lon="120.891470"></trkpt>
      <trkpt lat="24.610120" lon="120.891540"></trkpt>
      <trkpt lat="24.610290" lon="120.891630"></trkpt>
      <trkpt lat="24.610450" lon="120.891680"></trkpt>
      <trkpt lat="24.610520" lon="120.891690"></trkpt>
      <trkpt lat="24.610560" lon="120.891690"></trkpt>
      <trkpt lat="24.610670" lon="120.891710"></trkpt>
      <trkpt lat="24.611370" lon="120.891780"></trkpt>
      <trkpt lat="24.611420" lon="120.891780"></trkpt>
      <trkpt lat="24.611590" lon="120.891800"></trkpt>
      <trkpt lat="24.611590" lon="120.891810"></trkpt>
      <trkpt lat="24.611670" lon="120.891820"></trkpt>
      <trkpt lat="24.611770" lon="120.891860"></trkpt>
      <trkpt lat="24.611850" lon="120.891880"></trkpt>
      <trkpt lat="24.611970" lon="120.891930"></trkpt>
      <trkpt lat="24.612620" lon="120.892270"></trkpt>
      <trkpt lat="24.612820" lon="120.892330"></trkpt>
      <trkpt lat="24.612990" lon="120.892350"></trkpt>
      <trkpt lat="24.613090" lon="120.892340"></trkpt>
      <trkpt lat="24.613670" lon="120.892190"></trkpt>
      <trkpt lat="24.614490" lon="120.892020"></trkpt>
      <trkpt lat="24.615120" lon="120.891960"></trkpt>
      <trkpt lat="24.616140" lon="120.891980"></trkpt>
      <trkpt lat="24.616500" lon="120.891960"></trkpt>
      <trkpt lat="24.617770" lon="120.891820"></trkpt>
      <trkpt lat="24.618160" lon="120.891830"></trkpt>
      <trkpt lat="24.619490" lon="120.891970"></trkpt>
      <trkpt lat="24.619860" lon="120.891960"></trkpt>
      <trkpt lat="24.620120" lon="120.891910"></trkpt>
      <trkpt lat="24.620170" lon="120.891890"></trkpt>
      <trkpt lat="24.621270" lon="120.891580"></trkpt>
      <trkpt lat="24.621370" lon="120.891540"></trkpt>
      <trkpt lat="24.621430" lon="120.891530"></trkpt>
      <trkpt lat="24.622450" lon="120.891240"></trkpt>
      <trkpt lat="24.622720" lon="120.891200"></trkpt>
      <trkpt lat="24.623020" lon="120.891210"></trkpt>
      <trkpt lat="24.623790" lon="120.891420"></trkpt>
      <trkpt lat="24.623950" lon="120.891480"></trkpt>
      <trkpt lat="24.624220" lon="120.891560"></trkpt>
      <trkpt lat="24.624240" lon="120.891560"></trkpt>
      <trkpt lat="24.624290" lon="120.891580"></trkpt>
      <trkpt lat="24.624570" lon="120.891590"></trkpt>
      <trkpt lat="24.624820" lon="120.891560"></trkpt>
      <trkpt lat="24.625430" lon="120.891400"></trkpt>
      <trkpt lat="24.625560" lon="120.891350"></trkpt>
      <trkpt lat="24.625770" lon="120.891290"></trkpt>
      <trkpt lat="24.625900" lon="120.891240"></trkpt>
      <trkpt lat="24.625920" lon="120.891220"></trkpt>
      <trkpt lat="24.626010" lon="120.891170"></trkpt>
      <trkpt lat="24.626190" lon="120.891000"></trkpt>
      <trkpt lat="24.626260" lon="120.890910"></trkpt>
      <trkpt lat="24.626280" lon="120.890860"></trkpt>
      <trkpt lat="24.626310" lon="120.890810"></trkpt>
      <trkpt lat="24.626710" lon="120.889860"></trkpt>
      <trkpt lat="24.626770" lon="120.889740"></trkpt>
      <trkpt lat="24.626790" lon="120.889680"></trkpt>
      <trkpt lat="24.627030" lon="120.889190"></trkpt>
      <trkpt lat="24.627380" lon="120.888650"></trkpt>
      <trkpt lat="24.627590" lon="120.888360"></trkpt>
      <trkpt lat="24.627710" lon="120.888160"></trkpt>
      <trkpt lat="24.627810" lon="120.888020"></trkpt>
      <trkpt lat="24.629140" lon="120.885820"></trkpt>
      <trkpt lat="24.629260" lon="120.885650"></trkpt>
      <trkpt lat="24.629460" lon="120.885440"></trkpt>
      <trkpt lat="24.629690" lon="120.885250"></trkpt>
      <trkpt lat="24.629870" lon="120.885140"></trkpt>
      <trkpt lat="24.631880" lon="120.884330"></trkpt>
      <trkpt lat="24.632700" lon="120.884100"></trkpt>
      <trkpt lat="24.634430" lon="120.883690"></trkpt>
      <trkpt lat="24.634520" lon="120.883660"></trkpt>
      <trkpt lat="24.636160" lon="120.883270"></trkpt>
      <trkpt lat="24.637400" lon="120.882770"></trkpt>
      <trkpt lat="24.637920" lon="120.882530"></trkpt>
      <trkpt lat="24.638270" lon="120.882400"></trkpt>
      <trkpt lat="24.638420" lon="120.882360"></trkpt>
      <trkpt lat="24.638540" lon="120.882350"></trkpt>
      <trkpt lat="24.638690" lon="120.882350"></trkpt>
      <trkpt lat="24.638840" lon="120.882370"></trkpt>
      <trkpt lat="24.640870" lon="120.883010"></trkpt>
      <trkpt lat="24.641520" lon="120.883170"></trkpt>
      <trkpt lat="24.641920" lon="120.883210"></trkpt>
      <trkpt lat="24.643620" lon="120.883290"></trkpt>
      <trkpt lat="24.644240" lon="120.883360"></trkpt>
      <trkpt lat="24.644660" lon="120.883440"></trkpt>
      <trkpt lat="24.645180" lon="120.883570"></trkpt>
      <trkpt lat="24.645190" lon="120.883570"></trkpt>
      <trkpt lat="24.645350" lon="120.883620"></trkpt>
      <trkpt lat="24.645360" lon="120.883620"></trkpt>
      <trkpt lat="24.645370" lon="120.883630"></trkpt>
      <trkpt lat="24.646370" lon="120.883890"></trkpt>
      <trkpt lat="24.647120" lon="120.884140"></trkpt>
      <trkpt lat="24.647850" lon="120.884420"></trkpt>
      <trkpt lat="24.648430" lon="120.884590"></trkpt>
      <trkpt lat="24.648610" lon="120.884630"></trkpt>
      <trkpt lat="24.648700" lon="120.884640"></trkpt>
      <trkpt lat="24.648810" lon="120.884640"></trkpt>
      <trkpt lat="24.648840" lon="120.884630"></trkpt>
      <trkpt lat="24.648900" lon="120.884630"></trkpt>
      <trkpt lat="24.649070" lon="120.884580"></trkpt>
      <trkpt lat="24.649270" lon="120.884500"></trkpt>
      <trkpt lat="24.650720" lon="120.883820"></trkpt>
      <trkpt lat="24.650910" lon="120.883710"></trkpt>
      <trkpt lat="24.651970" lon="120.883220"></trkpt>
      <trkpt lat="24.652570" lon="120.883050"></trkpt>
      <trkpt lat="24.652740" lon="120.883020"></trkpt>
      <trkpt lat="24.653070" lon="120.882940"></trkpt>
      <trkpt lat="24.656170" lon="120.882370"></trkpt>
      <trkpt lat="24.657640" lon="120.882010"></trkpt>
      <trkpt lat="24.658230" lon="120.881890"></trkpt>
      <trkpt lat="24.658520" lon="120.881860"></trkpt>
      <trkpt lat="24.661020" lon="120.881710"></trkpt>
      <trkpt lat="24.661200" lon="120.881660"></trkpt>
      <trkpt lat="24.661320" lon="120.881640"></trkpt>
      <trkpt lat="24.662140" lon="120.881410"></trkpt>
      <trkpt lat="24.662350" lon="120.881330"></trkpt>
      <trkpt lat="24.662430" lon="120.881540"></trkpt>
      <trkpt lat="24.662530" lon="120.881710"></trkpt>
      <trkpt lat="24.662540" lon="120.881720"></trkpt>
      <trkpt lat="24.662600" lon="120.881810"></trkpt>
      <trkpt lat="24.662640" lon="120.881830"></trkpt>
      <trkpt lat="24.662650" lon="120.881830"></trkpt>
      <trkpt lat="24.662690" lon="120.881850"></trkpt>
      <trkpt lat="24.662780" lon="120.881910"></trkpt>
      <trkpt lat="24.662800" lon="120.881940"></trkpt>
      <trkpt lat="24.662820" lon="120.881950"></trkpt>
      <trkpt lat="24.662980" lon="120.882120"></trkpt>
      <trkpt lat="24.663000" lon="120.882130"></trkpt>
      <trkpt lat="24.663010" lon="120.882130"></trkpt>
      <trkpt lat="24.663020" lon="120.882140"></trkpt>
      <trkpt lat="24.663060" lon="120.882140"></trkpt>
      <trkpt lat="24.663120" lon="120.882120"></trkpt>
      <trkpt lat="24.663290" lon="120.882350"></trkpt>
      <trkpt lat="24.663480" lon="120.882520"></trkpt>
      <trkpt lat="24.663620" lon="120.882630"></trkpt>
      <trkpt lat="24.663780" lon="120.882720"></trkpt>
      <trkpt lat="24.664030" lon="120.882840"></trkpt>
      <trkpt lat="24.664400" lon="120.882890"></trkpt>
      <trkpt lat="24.664430" lon="120.882900"></trkpt>
      <trkpt lat="24.664690" lon="120.882900"></trkpt>
      <trkpt lat="24.664970" lon="120.882880"></trkpt>
      <trkpt lat="24.666690" lon="120.882600"></trkpt>
      <trkpt lat="24.668210" lon="120.882460"></trkpt>
      <trkpt lat="24.668340" lon="120.882440"></trkpt>
      <trkpt lat="24.668840" lon="120.882430"></trkpt>
      <trkpt lat="24.670030" lon="120.882300"></trkpt>
      <trkpt lat="24.670410" lon="120.882310"></trkpt>
      <trkpt lat="24.671180" lon="120.882550"></trkpt>
      <trkpt lat="24.671210" lon="120.882450"></trkpt>
      <trkpt lat="24.671130" lon="120.882420"></trkpt>
      <trkpt lat="24.671840" lon="120.879790"></trkpt>
      <trkpt lat="24.672160" lon="120.878370"></trkpt>
      <trkpt lat="24.672250" lon="120.877830"></trkpt>
      <trkpt lat="24.672320" lon="120.877200"></trkpt>
      <trkpt lat="24.672440" lon="120.877260"></trkpt>
      <trkpt lat="24.672480" lon="120.876930"></trkpt>
      <trkpt lat="24.672510" lon="120.876450"></trkpt>
      <trkpt lat="24.672520" lon="120.875690"></trkpt>
      <trkpt lat="24.672500" lon="120.875460"></trkpt>
      <trkpt lat="24.672480" lon="120.874650"></trkpt>
      <trkpt lat="24.672430" lon="120.874050"></trkpt>
      <trkpt lat="24.672240" lon="120.872900"></trkpt>
      <trkpt lat="24.672150" lon="120.872460"></trkpt>
      <trkpt lat="24.671760" lon="120.871200"></trkpt>
      <trkpt lat="24.670920" lon="120.868730"></trkpt>
      <trkpt lat="24.670610" lon="120.867730"></trkpt>
      <trkpt lat="24.670350" lon="120.866450"></trkpt>
      <trkpt lat="24.670180" lon="120.864870"></trkpt>
      <trkpt lat="24.670110" lon="120.863270"></trkpt>
      <trkpt lat="24.670120" lon="120.862780"></trkpt>
      <trkpt lat="24.670240" lon="120.861590"></trkpt>
      <trkpt lat="24.670450" lon="120.860180"></trkpt>
      <trkpt lat="24.670780" lon="120.858680"></trkpt>
      <trkpt lat="24.671260" lon="120.857120"></trkpt>
      <trkpt lat="24.672920" lon="120.858160"></trkpt>
      <trkpt lat="24.672920" lon="120.858190"></trkpt>
      <trkpt lat="24.673130" lon="120.858710"></trkpt>
      <trkpt lat="24.673190" lon="120.858990"></trkpt>
      <trkpt lat="24.673230" lon="120.859130"></trkpt>
      <trkpt lat="24.673190" lon="120.858990"></trkpt>
      <trkpt lat="24.673130" lon="120.858710"></trkpt>
      <trkpt lat="24.672920" lon="120.858190"></trkpt>
      <trkpt lat="24.672920" lon="120.858160"></trkpt>
      <trkpt lat="24.672240" lon="120.856100"></trkpt>
      <trkpt lat="24.671970" lon="120.855190"></trkpt>
      <trkpt lat="24.672070" lon="120.854910"></trkpt>
      <trkpt lat="24.672540" lon="120.853860"></trkpt>
      <trkpt lat="24.673220" lon="120.852450"></trkpt>
      <trkpt lat="24.673600" lon="120.851740"></trkpt>
      <trkpt lat="24.674180" lon="120.850430"></trkpt>
      <trkpt lat="24.674340" lon="120.850190"></trkpt>
      <trkpt lat="24.675870" lon="120.847170"></trkpt>
      <trkpt lat="24.675980" lon="120.846850"></trkpt>
      <trkpt lat="24.676230" lon="120.846290"></trkpt>
      <trkpt lat="24.677060" lon="120.844650"></trkpt>
      <trkpt lat="24.677500" lon="120.843710"></trkpt>
      <trkpt lat="24.677640" lon="120.843560"></trkpt>
      <trkpt lat="24.677690" lon="120.843470"></trkpt>
      <trkpt lat="24.677720" lon="120.843340"></trkpt>
      <trkpt lat="24.679080" lon="120.840720"></trkpt>
      <trkpt lat="24.679160" lon="120.840540"></trkpt>
      <trkpt lat="24.679330" lon="120.840230"></trkpt>
      <trkpt lat="24.679450" lon="120.839700"></trkpt>
      <trkpt lat="24.679490" lon="120.839600"></trkpt>
      <trkpt lat="24.679580" lon="120.839420"></trkpt>
      <trkpt lat="24.679620" lon="120.839260"></trkpt>
      <trkpt lat="24.679620" lon="120.839160"></trkpt>
      <trkpt lat="24.679560" lon="120.838490"></trkpt>
      <trkpt lat="24.679550" lon="120.838440"></trkpt>
      <trkpt lat="24.679550" lon="120.838270"></trkpt>
      <trkpt lat="24.679620" lon="120.837910"></trkpt>
      <trkpt lat="24.680250" lon="120.838180"></trkpt>
      <trkpt lat="24.680580" lon="120.838500"></trkpt>
      <trkpt lat="24.681050" lon="120.838880"></trkpt>
      <trkpt lat="24.681110" lon="120.838970"></trkpt>
      <trkpt lat="24.681330" lon="120.839210"></trkpt>
      <trkpt lat="24.681370" lon="120.839230"></trkpt>
      <trkpt lat="24.681370" lon="120.839240"></trkpt>
      <trkpt lat="24.681490" lon="120.839300"></trkpt>
      <trkpt lat="24.681620" lon="120.839420"></trkpt>
      <trkpt lat="24.681680" lon="120.839500"></trkpt>
      <trkpt lat="24.681730" lon="120.839650"></trkpt>
      <trkpt lat="24.681740" lon="120.839660"></trkpt>
      <trkpt lat="24.681890" lon="120.839920"></trkpt>
      <trkpt lat="24.681940" lon="120.839970"></trkpt>
      <trkpt lat="24.682120" lon="120.840090"></trkpt>
      <trkpt lat="24.682300" lon="120.840270"></trkpt>
      <trkpt lat="24.682360" lon="120.840310"></trkpt>
      <trkpt lat="24.682370" lon="120.840330"></trkpt>
      <trkpt lat="24.682380" lon="120.840340"></trkpt>
      <trkpt lat="24.682400" lon="120.840420"></trkpt>
      <trkpt lat="24.682390" lon="120.840490"></trkpt>
      <trkpt lat="24.682370" lon="120.840560"></trkpt>
      <trkpt lat="24.682370" lon="120.840700"></trkpt>
      <trkpt lat="24.682380" lon="120.840710"></trkpt>
      <trkpt lat="24.682390" lon="120.840760"></trkpt>
      <trkpt lat="24.682430" lon="120.840870"></trkpt>
      <trkpt lat="24.682450" lon="120.840890"></trkpt>
      <trkpt lat="24.682570" lon="120.841060"></trkpt>
      <trkpt lat="24.682590" lon="120.841080"></trkpt>
      <trkpt lat="24.682640" lon="120.841110"></trkpt>
      <trkpt lat="24.682760" lon="120.841130"></trkpt>
      <trkpt lat="24.682900" lon="120.841130"></trkpt>
      <trkpt lat="24.683000" lon="120.841120"></trkpt>
      <trkpt lat="24.683070" lon="120.841100"></trkpt>
      <trkpt lat="24.683160" lon="120.841100"></trkpt>
      <trkpt lat="24.683230" lon="120.841170"></trkpt>
      <trkpt lat="24.683250" lon="120.841200"></trkpt>
      <trkpt lat="24.683310" lon="120.841320"></trkpt>
      <trkpt lat="24.683310" lon="120.841340"></trkpt>
      <trkpt lat="24.683350" lon="120.841440"></trkpt>
      <trkpt lat="24.683400" lon="120.841510"></trkpt>
      <trkpt lat="24.683430" lon="120.841540"></trkpt>
      <trkpt lat="24.683500" lon="120.841560"></trkpt>
      <trkpt lat="24.683590" lon="120.841560"></trkpt>
      <trkpt lat="24.683680" lon="120.841550"></trkpt>
      <trkpt lat="24.683730" lon="120.841580"></trkpt>
      <trkpt lat="24.683740" lon="120.841580"></trkpt>
      <trkpt lat="24.683820" lon="120.841640"></trkpt>
      <trkpt lat="24.683890" lon="120.841830"></trkpt>
      <trkpt lat="24.683950" lon="120.841910"></trkpt>
      <trkpt lat="24.684050" lon="120.842100"></trkpt>
      <trkpt lat="24.684470" lon="120.842620"></trkpt>
      <trkpt lat="24.684520" lon="120.842650"></trkpt>
      <trkpt lat="24.684560" lon="120.842690"></trkpt>
      <trkpt lat="24.684670" lon="120.842750"></trkpt>
      <trkpt lat="24.684740" lon="120.842800"></trkpt>
      <trkpt lat="24.684790" lon="120.842850"></trkpt>
      <trkpt lat="24.684850" lon="120.842950"></trkpt>
      <trkpt lat="24.684870" lon="120.843000"></trkpt>
      <trkpt lat="24.684880" lon="120.843070"></trkpt>
      <trkpt lat="24.684870" lon="120.843240"></trkpt>
      <trkpt lat="24.684730" lon="120.843560"></trkpt>
      <trkpt lat="24.684660" lon="120.843690"></trkpt>
      <trkpt lat="24.684650" lon="120.843730"></trkpt>
      <trkpt lat="24.684630" lon="120.843770"></trkpt>
      <trkpt lat="24.684630" lon="120.843850"></trkpt>
      <trkpt lat="24.684640" lon="120.843860"></trkpt>
      <trkpt lat="24.684650" lon="120.843880"></trkpt>
      <trkpt lat="24.684660" lon="120.843890"></trkpt>
      <trkpt lat="24.684680" lon="120.843900"></trkpt>
      <trkpt lat="24.684690" lon="120.843910"></trkpt>
      <trkpt lat="24.684700" lon="120.843910"></trkpt>
      <trkpt lat="24.684730" lon="120.843920"></trkpt>
      <trkpt lat="24.684810" lon="120.843920"></trkpt>
      <trkpt lat="24.684990" lon="120.843890"></trkpt>
      <trkpt lat="24.685040" lon="120.843870"></trkpt>
      <trkpt lat="24.685090" lon="120.843870"></trkpt>
      <trkpt lat="24.685100" lon="120.843860"></trkpt>
      <trkpt lat="24.685160" lon="120.843860"></trkpt>
      <trkpt lat="24.685180" lon="120.843870"></trkpt>
      <trkpt lat="24.685190" lon="120.843880"></trkpt>
      <trkpt lat="24.685200" lon="120.843880"></trkpt>
      <trkpt lat="24.685230" lon="120.843930"></trkpt>
      <trkpt lat="24.685230" lon="120.843940"></trkpt>
      <trkpt lat="24.685250" lon="120.844010"></trkpt>
      <trkpt lat="24.685330" lon="120.844180"></trkpt>
      <trkpt lat="24.685340" lon="120.844190"></trkpt>
      <trkpt lat="24.685360" lon="120.844200"></trkpt>
      <trkpt lat="24.685390" lon="120.844230"></trkpt>
      <trkpt lat="24.685510" lon="120.844280"></trkpt>
      <trkpt lat="24.685530" lon="120.844300"></trkpt>
      <trkpt lat="24.685530" lon="120.844360"></trkpt>
      <trkpt lat="24.685520" lon="120.844380"></trkpt>
      <trkpt lat="24.685520" lon="120.844400"></trkpt>
      <trkpt lat="24.685490" lon="120.844470"></trkpt>
      <trkpt lat="24.685490" lon="120.844490"></trkpt>
      <trkpt lat="24.685480" lon="120.844500"></trkpt>
      <trkpt lat="24.685490" lon="120.844510"></trkpt>
      <trkpt lat="24.685490" lon="120.844540"></trkpt>
      <trkpt lat="24.685520" lon="120.844600"></trkpt>
      <trkpt lat="24.685570" lon="120.844650"></trkpt>
      <trkpt lat="24.685770" lon="120.844780"></trkpt>
      <trkpt lat="24.685820" lon="120.844830"></trkpt>
      <trkpt lat="24.685910" lon="120.844890"></trkpt>
      <trkpt lat="24.685970" lon="120.844980"></trkpt>
      <trkpt lat="24.685990" lon="120.845090"></trkpt>
      <trkpt lat="24.685990" lon="120.845140"></trkpt>
      <trkpt lat="24.685920" lon="120.845470"></trkpt>
      <trkpt lat="24.685900" lon="120.845680"></trkpt>
      <trkpt lat="24.685910" lon="120.845780"></trkpt>
      <trkpt lat="24.685910" lon="120.845870"></trkpt>
      <trkpt lat="24.685980" lon="120.846080"></trkpt>
      <trkpt lat="24.686030" lon="120.846180"></trkpt>
      <trkpt lat="24.686080" lon="120.846230"></trkpt>
      <trkpt lat="24.686140" lon="120.846250"></trkpt>
      <trkpt lat="24.686150" lon="120.846260"></trkpt>
      <trkpt lat="24.686220" lon="120.846270"></trkpt>
      <trkpt lat="24.686360" lon="120.846310"></trkpt>
      <trkpt lat="24.686420" lon="120.846340"></trkpt>
      <trkpt lat="24.686460" lon="120.846350"></trkpt>
      <trkpt lat="24.686690" lon="120.846470"></trkpt>
      <trkpt lat="24.686750" lon="120.846510"></trkpt>
      <trkpt lat="24.686770" lon="120.846530"></trkpt>
      <trkpt lat="24.686810" lon="120.846550"></trkpt>
      <trkpt lat="24.686850" lon="120.846580"></trkpt>
      <trkpt lat="24.686910" lon="120.846590"></trkpt>
      <trkpt lat="24.686960" lon="120.846610"></trkpt>
      <trkpt lat="24.687140" lon="120.846610"></trkpt>
      <trkpt lat="24.687260" lon="120.846620"></trkpt>
      <trkpt lat="24.687420" lon="120.846510"></trkpt>
      <trkpt lat="24.687480" lon="120.846360"></trkpt>
      <trkpt lat="24.687500" lon="120.846330"></trkpt>
      <trkpt lat="24.687510" lon="120.846300"></trkpt>
      <trkpt lat="24.687530" lon="120.846270"></trkpt>
      <trkpt lat="24.687570" lon="120.846240"></trkpt>
      <trkpt lat="24.687620" lon="120.846180"></trkpt>
      <trkpt lat="24.687720" lon="120.846090"></trkpt>
      <trkpt lat="24.687740" lon="120.846090"></trkpt>
      <trkpt lat="24.687760" lon="120.846080"></trkpt>
      <trkpt lat="24.687790" lon="120.846080"></trkpt>
      <trkpt lat="24.687810" lon="120.846100"></trkpt>
      <trkpt lat="24.687820" lon="120.846100"></trkpt>
      <trkpt lat="24.687830" lon="120.846120"></trkpt>
      <trkpt lat="24.687840" lon="120.846130"></trkpt>
      <trkpt lat="24.688100" lon="120.846640"></trkpt>
      <trkpt lat="24.688100" lon="120.846650"></trkpt>
      <trkpt lat="24.688400" lon="120.847380"></trkpt>
      <trkpt lat="24.688410" lon="120.847420"></trkpt>
      <trkpt lat="24.688520" lon="120.847680"></trkpt>
      <trkpt lat="24.688550" lon="120.847840"></trkpt>
      <trkpt lat="24.688550" lon="120.847940"></trkpt>
      <trkpt lat="24.688560" lon="120.848020"></trkpt>
      <trkpt lat="24.688560" lon="120.848230"></trkpt>
      <trkpt lat="24.688590" lon="120.848510"></trkpt>
      <trkpt lat="24.688620" lon="120.848590"></trkpt>
      <trkpt lat="24.688690" lon="120.848660"></trkpt>
      <trkpt lat="24.689100" lon="120.848980"></trkpt>
      <trkpt lat="24.689270" lon="120.849070"></trkpt>
      <trkpt lat="24.689300" lon="120.849080"></trkpt>
      <trkpt lat="24.689310" lon="120.849100"></trkpt>
      <trkpt lat="24.689320" lon="120.849100"></trkpt>
      <trkpt lat="24.689330" lon="120.849110"></trkpt>
      <trkpt lat="24.689330" lon="120.849120"></trkpt>
      <trkpt lat="24.689340" lon="120.849130"></trkpt>
      <trkpt lat="24.689520" lon="120.849470"></trkpt>
      <trkpt lat="24.689550" lon="120.849540"></trkpt>
      <trkpt lat="24.689570" lon="120.849570"></trkpt>
      <trkpt lat="24.689610" lon="120.849610"></trkpt>
      <trkpt lat="24.689840" lon="120.849730"></trkpt>
      <trkpt lat="24.690270" lon="120.849890"></trkpt>
      <trkpt lat="24.690960" lon="120.850050"></trkpt>
      <trkpt lat="24.691170" lon="120.850130"></trkpt>
      <trkpt lat="24.691370" lon="120.850270"></trkpt>
      <trkpt lat="24.691480" lon="120.850370"></trkpt>
      <trkpt lat="24.691500" lon="120.850400"></trkpt>
      <trkpt lat="24.691630" lon="120.850540"></trkpt>
      <trkpt lat="24.691720" lon="120.850660"></trkpt>
      <trkpt lat="24.691850" lon="120.850810"></trkpt>
      <trkpt lat="24.691970" lon="120.850930"></trkpt>
      <trkpt lat="24.692140" lon="120.851060"></trkpt>
      <trkpt lat="24.692370" lon="120.851200"></trkpt>
      <trkpt lat="24.692500" lon="120.851310"></trkpt>
      <trkpt lat="24.692650" lon="120.851490"></trkpt>
      <trkpt lat="24.692810" lon="120.851780"></trkpt>
      <trkpt lat="24.693140" lon="120.852300"></trkpt>
      <trkpt lat="24.693300" lon="120.852450"></trkpt>
      <trkpt lat="24.693360" lon="120.852490"></trkpt>
      <trkpt lat="24.693370" lon="120.852500"></trkpt>
      <trkpt lat="24.693600" lon="120.852620"></trkpt>
      <trkpt lat="24.693700" lon="120.852710"></trkpt>
      <trkpt lat="24.693860" lon="120.852930"></trkpt>
      <trkpt lat="24.694350" lon="120.853360"></trkpt>
      <trkpt lat="24.694610" lon="120.853690"></trkpt>
      <trkpt lat="24.694690" lon="120.853730"></trkpt>
      <trkpt lat="24.694730" lon="120.853740"></trkpt>
      <trkpt lat="24.694860" lon="120.853530"></trkpt>
      <trkpt lat="24.695020" lon="120.853440"></trkpt>
      <trkpt lat="24.695050" lon="120.853410"></trkpt>
      <trkpt lat="24.695080" lon="120.853370"></trkpt>
      <trkpt lat="24.695090" lon="120.853330"></trkpt>
      <trkpt lat="24.695100" lon="120.853310"></trkpt>
      <trkpt lat="24.695110" lon="120.853300"></trkpt>
      <trkpt lat="24.695120" lon="120.853300"></trkpt>
      <trkpt lat="24.695130" lon="120.853290"></trkpt>
      <trkpt lat="24.695150" lon="120.853280"></trkpt>
      <trkpt lat="24.695180" lon="120.853280"></trkpt>
      <trkpt lat="24.695220" lon="120.853290"></trkpt>
      <trkpt lat="24.695290" lon="120.853320"></trkpt>
      <trkpt lat="24.695320" lon="120.853340"></trkpt>
      <trkpt lat="24.695440" lon="120.853460"></trkpt>
      <trkpt lat="24.695680" lon="120.853760"></trkpt>
      <trkpt lat="24.695810" lon="120.853880"></trkpt>
      <trkpt lat="24.695810" lon="120.853890"></trkpt>
      <trkpt lat="24.695840" lon="120.853960"></trkpt>
      <trkpt lat="24.695860" lon="120.853980"></trkpt>
      <trkpt lat="24.695880" lon="120.854030"></trkpt>
      <trkpt lat="24.695900" lon="120.854060"></trkpt>
      <trkpt lat="24.695910" lon="120.854100"></trkpt>
      <trkpt lat="24.695960" lon="120.854190"></trkpt>
      <trkpt lat="24.695980" lon="120.854210"></trkpt>
      <trkpt lat="24.696040" lon="120.854340"></trkpt>
      <trkpt lat="24.696090" lon="120.854390"></trkpt>
      <trkpt lat="24.696100" lon="120.854410"></trkpt>
      <trkpt lat="24.696220" lon="120.854510"></trkpt>
      <trkpt lat="24.696220" lon="120.854520"></trkpt>
      <trkpt lat="24.696260" lon="120.854580"></trkpt>
      <trkpt lat="24.696280" lon="120.854620"></trkpt>
      <trkpt lat="24.696300" lon="120.854690"></trkpt>
      <trkpt lat="24.696350" lon="120.854740"></trkpt>
      <trkpt lat="24.696390" lon="120.854750"></trkpt>
      <trkpt lat="24.696420" lon="120.854750"></trkpt>
      <trkpt lat="24.696470" lon="120.854770"></trkpt>
      <trkpt lat="24.696480" lon="120.854770"></trkpt>
      <trkpt lat="24.696500" lon="120.854780"></trkpt>
      <trkpt lat="24.697130" lon="120.855650"></trkpt>
      <trkpt lat="24.697160" lon="120.855680"></trkpt>
      <trkpt lat="24.697190" lon="120.855720"></trkpt>
      <trkpt lat="24.697230" lon="120.855740"></trkpt>
      <trkpt lat="24.697440" lon="120.855740"></trkpt>
      <trkpt lat="24.697480" lon="120.855730"></trkpt>
      <trkpt lat="24.697520" lon="120.855730"></trkpt>
      <trkpt lat="24.697530" lon="120.855740"></trkpt>
      <trkpt lat="24.697540" lon="120.855740"></trkpt>
      <trkpt lat="24.697540" lon="120.855760"></trkpt>
      <trkpt lat="24.697790" lon="120.856180"></trkpt>
      <trkpt lat="24.697840" lon="120.856300"></trkpt>
      <trkpt lat="24.697870" lon="120.856350"></trkpt>
      <trkpt lat="24.697890" lon="120.856490"></trkpt>
      <trkpt lat="24.697900" lon="120.856510"></trkpt>
      <trkpt lat="24.697880" lon="120.856700"></trkpt>
      <trkpt lat="24.697880" lon="120.857010"></trkpt>
      <trkpt lat="24.697900" lon="120.857160"></trkpt>
      <trkpt lat="24.697940" lon="120.857320"></trkpt>
      <trkpt lat="24.697970" lon="120.857520"></trkpt>
      <trkpt lat="24.698010" lon="120.857630"></trkpt>
      <trkpt lat="24.698080" lon="120.857760"></trkpt>
      <trkpt lat="24.698100" lon="120.857820"></trkpt>
      <trkpt lat="24.698110" lon="120.857870"></trkpt>
      <trkpt lat="24.698080" lon="120.858020"></trkpt>
      <trkpt lat="24.698060" lon="120.858220"></trkpt>
      <trkpt lat="24.698070" lon="120.858240"></trkpt>
      <trkpt lat="24.698090" lon="120.858250"></trkpt>
      <trkpt lat="24.698170" lon="120.858320"></trkpt>
      <trkpt lat="24.699620" lon="120.855960"></trkpt>
      <trkpt lat="24.698380" lon="120.858000"></trkpt>
      <trkpt lat="24.698820" lon="120.858340"></trkpt>
      <trkpt lat="24.698890" lon="120.858380"></trkpt>
      <trkpt lat="24.698940" lon="120.858380"></trkpt>
      <trkpt lat="24.698950" lon="120.858370"></trkpt>
      <trkpt lat="24.698960" lon="120.858370"></trkpt>
      <trkpt lat="24.699070" lon="120.858200"></trkpt>
      <trkpt lat="24.699350" lon="120.858450"></trkpt>
      <trkpt lat="24.699850" lon="120.858850"></trkpt>
      <trkpt lat="24.700030" lon="120.858560"></trkpt>
      <trkpt lat="24.700060" lon="120.858590"></trkpt>
      <trkpt lat="24.700290" lon="120.858740"></trkpt>
      <trkpt lat="24.700990" lon="120.859320"></trkpt>
      <trkpt lat="24.701030" lon="120.859330"></trkpt>
      <trkpt lat="24.701040" lon="120.859340"></trkpt>
      <trkpt lat="24.701070" lon="120.859340"></trkpt>
      <trkpt lat="24.701800" lon="120.859510"></trkpt>
      <trkpt lat="24.701840" lon="120.859510"></trkpt>
      <trkpt lat="24.701840" lon="120.859500"></trkpt>
      <trkpt lat="24.701860" lon="120.859500"></trkpt>
      <trkpt lat="24.701870" lon="120.859490"></trkpt>
      <trkpt lat="24.701870" lon="120.859480"></trkpt>
      <trkpt lat="24.701900" lon="120.859440"></trkpt>
      <trkpt lat="24.701950" lon="120.859350"></trkpt>
      <trkpt lat="24.701970" lon="120.859330"></trkpt>
      <trkpt lat="24.701990" lon="120.859320"></trkpt>
      <trkpt lat="24.702000" lon="120.859310"></trkpt>
      <trkpt lat="24.702020" lon="120.859300"></trkpt>
      <trkpt lat="24.702200" lon="120.859310"></trkpt>
      <trkpt lat="24.702310" lon="120.859350"></trkpt>
      <trkpt lat="24.702620" lon="120.859490"></trkpt>
      <trkpt lat="24.704130" lon="120.860250"></trkpt>
      <trkpt lat="24.704140" lon="120.860250"></trkpt>
      <trkpt lat="24.704170" lon="120.860270"></trkpt>
      <trkpt lat="24.704190" lon="120.860290"></trkpt>
      <trkpt lat="24.704200" lon="120.860290"></trkpt>
      <trkpt lat="24.704200" lon="120.860330"></trkpt>
      <trkpt lat="24.704030" lon="120.860830"></trkpt>
      <trkpt lat="24.704020" lon="120.860950"></trkpt>
      <trkpt lat="24.704030" lon="120.860960"></trkpt>
      <trkpt lat="24.704040" lon="120.860960"></trkpt>
      <trkpt lat="24.704040" lon="120.860970"></trkpt>
      <trkpt lat="24.704050" lon="120.860970"></trkpt>
      <trkpt lat="24.704060" lon="120.860980"></trkpt>
      <trkpt lat="24.704770" lon="120.861240"></trkpt>
      <trkpt lat="24.704850" lon="120.861250"></trkpt>
      <trkpt lat="24.704910" lon="120.861250"></trkpt>
      <trkpt lat="24.704960" lon="120.861270"></trkpt>
      <trkpt lat="24.705000" lon="120.861280"></trkpt>
      <trkpt lat="24.705070" lon="120.861340"></trkpt>
      <trkpt lat="24.705110" lon="120.861400"></trkpt>
      <trkpt lat="24.705210" lon="120.861520"></trkpt>
      <trkpt lat="24.705210" lon="120.861540"></trkpt>
      <trkpt lat="24.705240" lon="120.861570"></trkpt>
      <trkpt lat="24.705260" lon="120.861580"></trkpt>
      <trkpt lat="24.705280" lon="120.861600"></trkpt>
      <trkpt lat="24.705350" lon="120.861630"></trkpt>
      <trkpt lat="24.705740" lon="120.861710"></trkpt>
      <trkpt lat="24.705830" lon="120.861750"></trkpt>
      <trkpt lat="24.706030" lon="120.861900"></trkpt>
      <trkpt lat="24.706070" lon="120.861920"></trkpt>
      <trkpt lat="24.706600" lon="120.862110"></trkpt>
      <trkpt lat="24.706640" lon="120.862110"></trkpt>
      <trkpt lat="24.706680" lon="120.862120"></trkpt>
      <trkpt lat="24.706780" lon="120.862100"></trkpt>
      <trkpt lat="24.706800" lon="120.862100"></trkpt>
      <trkpt lat="24.706870" lon="120.862130"></trkpt>
      <trkpt lat="24.706890" lon="120.862150"></trkpt>
      <trkpt lat="24.706890" lon="120.862160"></trkpt>
      <trkpt lat="24.707100" lon="120.862430"></trkpt>
      <trkpt lat="24.707270" lon="120.862580"></trkpt>
      <trkpt lat="24.707540" lon="120.862680"></trkpt>
      <trkpt lat="24.708200" lon="120.862990"></trkpt>
      <trkpt lat="24.708250" lon="120.863020"></trkpt>
      <trkpt lat="24.708270" lon="120.863020"></trkpt>
      <trkpt lat="24.708300" lon="120.863030"></trkpt>
      <trkpt lat="24.708520" lon="120.863040"></trkpt>
      <trkpt lat="24.708540" lon="120.863050"></trkpt>
      <trkpt lat="24.708610" lon="120.863070"></trkpt>
      <trkpt lat="24.708620" lon="120.863080"></trkpt>
      <trkpt lat="24.708790" lon="120.863170"></trkpt>
      <trkpt lat="24.708800" lon="120.863180"></trkpt>
      <trkpt lat="24.708820" lon="120.863180"></trkpt>
      <trkpt lat="24.708850" lon="120.863190"></trkpt>
      <trkpt lat="24.708920" lon="120.863190"></trkpt>
      <trkpt lat="24.709640" lon="120.863100"></trkpt>
      <trkpt lat="24.709890" lon="120.863050"></trkpt>
      <trkpt lat="24.710010" lon="120.863050"></trkpt>
      <trkpt lat="24.710290" lon="120.863100"></trkpt>
      <trkpt lat="24.710330" lon="120.863100"></trkpt>
      <trkpt lat="24.710350" lon="120.863090"></trkpt>
      <trkpt lat="24.710390" lon="120.863090"></trkpt>
      <trkpt lat="24.710480" lon="120.863060"></trkpt>
      <trkpt lat="24.710530" lon="120.863060"></trkpt>
      <trkpt lat="24.710580" lon="120.863070"></trkpt>
      <trkpt lat="24.710730" lon="120.863130"></trkpt>
      <trkpt lat="24.711180" lon="120.863250"></trkpt>
      <trkpt lat="24.711230" lon="120.863270"></trkpt>
      <trkpt lat="24.711240" lon="120.863270"></trkpt>
      <trkpt lat="24.711340" lon="120.863340"></trkpt>
      <trkpt lat="24.711380" lon="120.863350"></trkpt>
      <trkpt lat="24.711390" lon="120.863360"></trkpt>
      <trkpt lat="24.711390" lon="120.863370"></trkpt>
      <trkpt lat="24.711430" lon="120.863370"></trkpt>
      <trkpt lat="24.711540" lon="120.863390"></trkpt>
      <trkpt lat="24.711680" lon="120.863450"></trkpt>
      <trkpt lat="24.711740" lon="120.863490"></trkpt>
      <trkpt lat="24.711900" lon="120.863630"></trkpt>
      <trkpt lat="24.711970" lon="120.863680"></trkpt>
      <trkpt lat="24.712050" lon="120.863760"></trkpt>
      <trkpt lat="24.712090" lon="120.863780"></trkpt>
      <trkpt lat="24.712170" lon="120.863780"></trkpt>
      <trkpt lat="24.712190" lon="120.863770"></trkpt>
      <trkpt lat="24.712210" lon="120.863770"></trkpt>
      <trkpt lat="24.712250" lon="120.863750"></trkpt>
      <trkpt lat="24.712260" lon="120.863750"></trkpt>
      <trkpt lat="24.712470" lon="120.863640"></trkpt>
      <trkpt lat="24.712510" lon="120.863630"></trkpt>
      <trkpt lat="24.712630" lon="120.863630"></trkpt>
      <trkpt lat="24.712710" lon="120.863650"></trkpt>
      <trkpt lat="24.713080" lon="120.863800"></trkpt>
      <trkpt lat="24.713090" lon="120.863810"></trkpt>
      <trkpt lat="24.713180" lon="120.863850"></trkpt>
      <trkpt lat="24.713250" lon="120.863890"></trkpt>
      <trkpt lat="24.713260" lon="120.863890"></trkpt>
      <trkpt lat="24.713570" lon="120.864010"></trkpt>
      <trkpt lat="24.713940" lon="120.864090"></trkpt>
      <trkpt lat="24.714010" lon="120.864020"></trkpt>
      <trkpt lat="24.714080" lon="120.863980"></trkpt>
      <trkpt lat="24.714120" lon="120.863970"></trkpt>
      <trkpt lat="24.714140" lon="120.863960"></trkpt>
      <trkpt lat="24.714250" lon="120.863980"></trkpt>
      <trkpt lat="24.714570" lon="120.864090"></trkpt>
      <trkpt lat="24.715050" lon="120.864200"></trkpt>
      <trkpt lat="24.715060" lon="120.864210"></trkpt>
      <trkpt lat="24.715110" lon="120.864220"></trkpt>
      <trkpt lat="24.715590" lon="120.864490"></trkpt>
      <trkpt lat="24.715710" lon="120.864540"></trkpt>
      <trkpt lat="24.715850" lon="120.864580"></trkpt>
      <trkpt lat="24.716010" lon="120.864610"></trkpt>
      <trkpt lat="24.716130" lon="120.864650"></trkpt>
      <trkpt lat="24.716200" lon="120.864690"></trkpt>
      <trkpt lat="24.716380" lon="120.864770"></trkpt>
      <trkpt lat="24.716410" lon="120.864700"></trkpt>
      <trkpt lat="24.716420" lon="120.864640"></trkpt>
      <trkpt lat="24.716450" lon="120.864540"></trkpt>
      <trkpt lat="24.716770" lon="120.864560"></trkpt>
      <trkpt lat="24.716970" lon="120.864560"></trkpt>
      <trkpt lat="24.717710" lon="120.864630"></trkpt>
      <trkpt lat="24.717730" lon="120.864640"></trkpt>
      <trkpt lat="24.717980" lon="120.864690"></trkpt>
      <trkpt lat="24.718080" lon="120.864720"></trkpt>
      <trkpt lat="24.718500" lon="120.864800"></trkpt>
      <trkpt lat="24.718750" lon="120.864800"></trkpt>
      <trkpt lat="24.718870" lon="120.864820"></trkpt>
      <trkpt lat="24.719250" lon="120.864970"></trkpt>
      <trkpt lat="24.719550" lon="120.865120"></trkpt>
      <trkpt lat="24.719980" lon="120.865280"></trkpt>
      <trkpt lat="24.720080" lon="120.865280"></trkpt>
      <trkpt lat="24.720150" lon="120.865240"></trkpt>
      <trkpt lat="24.720190" lon="120.865190"></trkpt>
      <trkpt lat="24.720200" lon="120.865170"></trkpt>
      <trkpt lat="24.720200" lon="120.865160"></trkpt>
      <trkpt lat="24.720240" lon="120.865160"></trkpt>
      <trkpt lat="24.720250" lon="120.865170"></trkpt>
      <trkpt lat="24.720300" lon="120.865200"></trkpt>
      <trkpt lat="24.720340" lon="120.865250"></trkpt>
      <trkpt lat="24.720380" lon="120.865270"></trkpt>
      <trkpt lat="24.720390" lon="120.865280"></trkpt>
      <trkpt lat="24.720430" lon="120.865280"></trkpt>
      <trkpt lat="24.720440" lon="120.865270"></trkpt>
      <trkpt lat="24.720480" lon="120.865250"></trkpt>
      <trkpt lat="24.720490" lon="120.865240"></trkpt>
      <trkpt lat="24.720520" lon="120.865230"></trkpt>
      <trkpt lat="24.720920" lon="120.865230"></trkpt>
      <trkpt lat="24.720970" lon="120.865220"></trkpt>
      <trkpt lat="24.721050" lon="120.865220"></trkpt>
      <trkpt lat="24.721070" lon="120.865230"></trkpt>
      <trkpt lat="24.721090" lon="120.865230"></trkpt>
      <trkpt lat="24.721100" lon="120.865240"></trkpt>
      <trkpt lat="24.721160" lon="120.865270"></trkpt>
      <trkpt lat="24.721220" lon="120.865320"></trkpt>
      <trkpt lat="24.721310" lon="120.865370"></trkpt>
      <trkpt lat="24.721340" lon="120.865400"></trkpt>
      <trkpt lat="24.721340" lon="120.865410"></trkpt>
      <trkpt lat="24.721360" lon="120.865430"></trkpt>
      <trkpt lat="24.721360" lon="120.865450"></trkpt>
      <trkpt lat="24.721370" lon="120.865470"></trkpt>
      <trkpt lat="24.721370" lon="120.865840"></trkpt>
      <trkpt lat="24.721350" lon="120.865950"></trkpt>
      <trkpt lat="24.721350" lon="120.866050"></trkpt>
      <trkpt lat="24.721380" lon="120.866290"></trkpt>
      <trkpt lat="24.721380" lon="120.866350"></trkpt>
      <trkpt lat="24.721430" lon="120.866680"></trkpt>
      <trkpt lat="24.721650" lon="120.867030"></trkpt>
      <trkpt lat="24.721700" lon="120.867080"></trkpt>
      <trkpt lat="24.721730" lon="120.867120"></trkpt>
      <trkpt lat="24.721950" lon="120.867260"></trkpt>
      <trkpt lat="24.721990" lon="120.867270"></trkpt>
      <trkpt lat="24.721840" lon="120.867920"></trkpt>
      <trkpt lat="24.721800" lon="120.868040"></trkpt>
      <trkpt lat="24.721800" lon="120.868090"></trkpt>
      <trkpt lat="24.721820" lon="120.868130"></trkpt>
      <trkpt lat="24.721870" lon="120.868190"></trkpt>
      <trkpt lat="24.721970" lon="120.868270"></trkpt>
      <trkpt lat="24.722020" lon="120.868290"></trkpt>
      <trkpt lat="24.722050" lon="120.868290"></trkpt>
      <trkpt lat="24.722100" lon="120.868310"></trkpt>
      <trkpt lat="24.722010" lon="120.868770"></trkpt>
      <trkpt lat="24.721980" lon="120.868850"></trkpt>
      <trkpt lat="24.722420" lon="120.869010"></trkpt>
      <trkpt lat="24.723420" lon="120.869470"></trkpt>
      <trkpt lat="24.724020" lon="120.869830"></trkpt>
      <trkpt lat="24.724310" lon="120.870040"></trkpt>
      <trkpt lat="24.724370" lon="120.870100"></trkpt>
      <trkpt lat="24.724710" lon="120.870330"></trkpt>
      <trkpt lat="24.725200" lon="120.870740"></trkpt>
      <trkpt lat="24.725830" lon="120.871340"></trkpt>
      <trkpt lat="24.726330" lon="120.871870"></trkpt>
      <trkpt lat="24.726910" lon="120.872540"></trkpt>
      <trkpt lat="24.729870" lon="120.876390"></trkpt>
      <trkpt lat="24.729860" lon="120.876430"></trkpt>
      <trkpt lat="24.729860" lon="120.876480"></trkpt>
      <trkpt lat="24.729870" lon="120.876500"></trkpt>
      <trkpt lat="24.731520" lon="120.878640"></trkpt>
      <trkpt lat="24.731650" lon="120.878710"></trkpt>
      <trkpt lat="24.732380" lon="120.879700"></trkpt>
      <trkpt lat="24.733130" lon="120.880780"></trkpt>
      <trkpt lat="24.735170" lon="120.883900"></trkpt>
      <trkpt lat="24.735310" lon="120.884090"></trkpt>
      <trkpt lat="24.735920" lon="120.885010"></trkpt>
      <trkpt lat="24.736490" lon="120.885950"></trkpt>
      <trkpt lat="24.736540" lon="120.886050"></trkpt>
      <trkpt lat="24.736830" lon="120.886510"></trkpt>
      <trkpt lat="24.739800" lon="120.891900"></trkpt>
      <trkpt lat="24.741200" lon="120.894280"></trkpt>
      <trkpt lat="24.741780" lon="120.895150"></trkpt>
      <trkpt lat="24.741920" lon="120.895020"></trkpt>
      <trkpt lat="24.742290" lon="120.894860"></trkpt>
      <trkpt lat="24.742480" lon="120.894750"></trkpt>
      <trkpt lat="24.742500" lon="120.894730"></trkpt>
      <trkpt lat="24.742540" lon="120.894710"></trkpt>
      <trkpt lat="24.743020" lon="120.894370"></trkpt>
      <trkpt lat="24.743270" lon="120.894160"></trkpt>
      <trkpt lat="24.743330" lon="120.894250"></trkpt>
      <trkpt lat="24.743520" lon="120.894590"></trkpt>
      <trkpt lat="24.743630" lon="120.894760"></trkpt>
      <trkpt lat="24.743780" lon="120.895030"></trkpt>
      <trkpt lat="24.743790" lon="120.895030"></trkpt>
      <trkpt lat="24.743880" lon="120.895200"></trkpt>
      <trkpt lat="24.745960" lon="120.898670"></trkpt>
      <trkpt lat="24.745970" lon="120.898700"></trkpt>
      <trkpt lat="24.746150" lon="120.899070"></trkpt>
      <trkpt lat="24.746180" lon="120.899270"></trkpt>
      <trkpt lat="24.746180" lon="120.899390"></trkpt>
      <trkpt lat="24.746150" lon="120.899590"></trkpt>
      <trkpt lat="24.746050" lon="120.899780"></trkpt>
      <trkpt lat="24.745940" lon="120.899930"></trkpt>
      <trkpt lat="24.745910" lon="120.899960"></trkpt>
      <trkpt lat="24.745910" lon="120.899970"></trkpt>
      <trkpt lat="24.745900" lon="120.899980"></trkpt>
      <trkpt lat="24.745900" lon="120.900050"></trkpt>
      <trkpt lat="24.746370" lon="120.901220"></trkpt>
      <trkpt lat="24.746600" lon="120.901680"></trkpt>
      <trkpt lat="24.746770" lon="120.901980"></trkpt>
      <trkpt lat="24.746970" lon="120.902290"></trkpt>
      <trkpt lat="24.747170" lon="120.902550"></trkpt>
      <trkpt lat="24.747550" lon="120.902940"></trkpt>
      <trkpt lat="24.747570" lon="120.902950"></trkpt>
      <trkpt lat="24.747660" lon="120.903040"></trkpt>
      <trkpt lat="24.747970" lon="120.903280"></trkpt>
      <trkpt lat="24.748330" lon="120.903510"></trkpt>
      <trkpt lat="24.748690" lon="120.903700"></trkpt>
      <trkpt lat="24.749250" lon="120.903950"></trkpt>
      <trkpt lat="24.749280" lon="120.903980"></trkpt>
      <trkpt lat="24.749310" lon="120.903990"></trkpt>
      <trkpt lat="24.749410" lon="120.904050"></trkpt>
      <trkpt lat="24.750090" lon="120.904280"></trkpt>
      <trkpt lat="24.750180" lon="120.904320"></trkpt>
      <trkpt lat="24.750260" lon="120.904340"></trkpt>
      <trkpt lat="24.751690" lon="120.904840"></trkpt>
      <trkpt lat="24.751770" lon="120.904860"></trkpt>
      <trkpt lat="24.752700" lon="120.905180"></trkpt>
      <trkpt lat="24.752740" lon="120.905200"></trkpt>
      <trkpt lat="24.753530" lon="120.905450"></trkpt>
      <trkpt lat="24.753800" lon="120.905550"></trkpt>
      <trkpt lat="24.754150" lon="120.905640"></trkpt>
      <trkpt lat="24.754590" lon="120.905730"></trkpt>
      <trkpt lat="24.755000" lon="120.905780"></trkpt>
      <trkpt lat="24.755520" lon="120.905810"></trkpt>
      <trkpt lat="24.756260" lon="120.905820"></trkpt>
      <trkpt lat="24.757100" lon="120.905870"></trkpt>
      <trkpt lat="24.757520" lon="120.905930"></trkpt>
      <trkpt lat="24.757700" lon="120.905970"></trkpt>
      <trkpt lat="24.757730" lon="120.905970"></trkpt>
      <trkpt lat="24.758310" lon="120.906120"></trkpt>
      <trkpt lat="24.758490" lon="120.906180"></trkpt>
      <trkpt lat="24.758530" lon="120.906200"></trkpt>
      <trkpt lat="24.758570" lon="120.906200"></trkpt>
      <trkpt lat="24.758600" lon="120.906210"></trkpt>
      <trkpt lat="24.760150" lon="120.906270"></trkpt>
      <trkpt lat="24.760180" lon="120.906260"></trkpt>
      <trkpt lat="24.760190" lon="120.906260"></trkpt>
      <trkpt lat="24.760210" lon="120.906250"></trkpt>
      <trkpt lat="24.760250" lon="120.906220"></trkpt>
      <trkpt lat="24.760290" lon="120.906180"></trkpt>
      <trkpt lat="24.760300" lon="120.906180"></trkpt>
      <trkpt lat="24.760590" lon="120.905910"></trkpt>
      <trkpt lat="24.760610" lon="120.905880"></trkpt>
      <trkpt lat="24.760650" lon="120.905840"></trkpt>
      <trkpt lat="24.760650" lon="120.905820"></trkpt>
      <trkpt lat="24.760690" lon="120.905700"></trkpt>
      <trkpt lat="24.760720" lon="120.905560"></trkpt>
      <trkpt lat="24.760880" lon="120.905100"></trkpt>
      <trkpt lat="24.761020" lon="120.904860"></trkpt>
      <trkpt lat="24.761020" lon="120.904850"></trkpt>
      <trkpt lat="24.761430" lon="120.904150"></trkpt>
      <trkpt lat="24.761440" lon="120.904140"></trkpt>
      <trkpt lat="24.761440" lon="120.904130"></trkpt>
      <trkpt lat="24.761470" lon="120.904130"></trkpt>
      <trkpt lat="24.763530" lon="120.905310"></trkpt>
      <trkpt lat="24.764050" lon="120.905710"></trkpt>
      <trkpt lat="24.763710" lon="120.906200"></trkpt>
      <trkpt lat="24.763660" lon="120.906310"></trkpt>
      <trkpt lat="24.763620" lon="120.906480"></trkpt>
      <trkpt lat="24.763770" lon="120.906620"></trkpt>
      <trkpt lat="24.764090" lon="120.906990"></trkpt>
      <trkpt lat="24.764200" lon="120.907150"></trkpt>
      <trkpt lat="24.764200" lon="120.907160"></trkpt>
      <trkpt lat="24.764300" lon="120.907390"></trkpt>
      <trkpt lat="24.764420" lon="120.907810"></trkpt>
      <trkpt lat="24.764510" lon="120.908310"></trkpt>
      <trkpt lat="24.764550" lon="120.908870"></trkpt>
      <trkpt lat="24.764600" lon="120.909200"></trkpt>
      <trkpt lat="24.764820" lon="120.910090"></trkpt>
      <trkpt lat="24.764950" lon="120.910480"></trkpt>
      <trkpt lat="24.765000" lon="120.910570"></trkpt>
      <trkpt lat="24.765000" lon="120.910580"></trkpt>
      <trkpt lat="24.765550" lon="120.911360"></trkpt>
      <trkpt lat="24.765560" lon="120.911380"></trkpt>
      <trkpt lat="24.765750" lon="120.911630"></trkpt>
      <trkpt lat="24.766120" lon="120.912020"></trkpt>
      <trkpt lat="24.766450" lon="120.912280"></trkpt>
      <trkpt lat="24.766470" lon="120.912290"></trkpt>
      <trkpt lat="24.766580" lon="120.912370"></trkpt>
      <trkpt lat="24.766780" lon="120.912480"></trkpt>
      <trkpt lat="24.766790" lon="120.912490"></trkpt>
      <trkpt lat="24.766990" lon="120.912580"></trkpt>
      <trkpt lat="24.767320" lon="120.912700"></trkpt>
      <trkpt lat="24.769290" lon="120.913180"></trkpt>
      <trkpt lat="24.769310" lon="120.913190"></trkpt>
      <trkpt lat="24.770740" lon="120.913530"></trkpt>
      <trkpt lat="24.770770" lon="120.913530"></trkpt>
      <trkpt lat="24.771200" lon="120.913600"></trkpt>
      <trkpt lat="24.771680" lon="120.913650"></trkpt>
      <trkpt lat="24.771700" lon="120.913660"></trkpt>
      <trkpt lat="24.772430" lon="120.913720"></trkpt>
      <trkpt lat="24.773010" lon="120.913730"></trkpt>
      <trkpt lat="24.774530" lon="120.913810"></trkpt>
      <trkpt lat="24.775820" lon="120.913950"></trkpt>
      <trkpt lat="24.775960" lon="120.913980"></trkpt>
      <trkpt lat="24.776500" lon="120.914050"></trkpt>
      <trkpt lat="24.777030" lon="120.914150"></trkpt>
      <trkpt lat="24.777050" lon="120.914150"></trkpt>
      <trkpt lat="24.778310" lon="120.914400"></trkpt>
      <trkpt lat="24.778540" lon="120.914420"></trkpt>
      <trkpt lat="24.778810" lon="120.914420"></trkpt>
      <trkpt lat="24.779310" lon="120.914470"></trkpt>
      <trkpt lat="24.780580" lon="120.914690"></trkpt>
      <trkpt lat="24.780820" lon="120.914700"></trkpt>
      <trkpt lat="24.781960" lon="120.914830"></trkpt>
      <trkpt lat="24.781980" lon="120.914840"></trkpt>
      <trkpt lat="24.782150" lon="120.914850"></trkpt>
      <trkpt lat="24.782570" lon="120.914900"></trkpt>
      <trkpt lat="24.782880" lon="120.914920"></trkpt>
      <trkpt lat="24.783250" lon="120.914970"></trkpt>
      <trkpt lat="24.783390" lon="120.915000"></trkpt>
      <trkpt lat="24.783410" lon="120.915000"></trkpt>
      <trkpt lat="24.783560" lon="120.915030"></trkpt>
      <trkpt lat="24.783780" lon="120.915040"></trkpt>
      <trkpt lat="24.784170" lon="120.915030"></trkpt>
      <trkpt lat="24.785890" lon="120.915210"></trkpt>
      <trkpt lat="24.786030" lon="120.915210"></trkpt>
      <trkpt lat="24.786040" lon="120.915060"></trkpt>
      <trkpt lat="24.786110" lon="120.914690"></trkpt>
      <trkpt lat="24.786210" lon="120.914310"></trkpt>
      <trkpt lat="24.786320" lon="120.913980"></trkpt>
      <trkpt lat="24.786400" lon="120.913830"></trkpt>
      <trkpt lat="24.786440" lon="120.913780"></trkpt>
      <trkpt lat="24.786490" lon="120.913740"></trkpt>
      <trkpt lat="24.786670" lon="120.913670"></trkpt>
      <trkpt lat="24.787030" lon="120.913580"></trkpt>
      <trkpt lat="24.787290" lon="120.913580"></trkpt>
      <trkpt lat="24.787370" lon="120.913600"></trkpt>
      <trkpt lat="24.787400" lon="120.913600"></trkpt>
      <trkpt lat="24.787700" lon="120.913660"></trkpt>
      <trkpt lat="24.787730" lon="120.913660"></trkpt>
      <trkpt lat="24.787820" lon="120.913680"></trkpt>
      <trkpt lat="24.788080" lon="120.913680"></trkpt>
      <trkpt lat="24.788200" lon="120.913670"></trkpt>
      <trkpt lat="24.788260" lon="120.913680"></trkpt>
      <trkpt lat="24.788310" lon="120.913680"></trkpt>
      <trkpt lat="24.788460" lon="120.913700"></trkpt>
      <trkpt lat="24.788620" lon="120.913750"></trkpt>
      <trkpt lat="24.788630" lon="120.913760"></trkpt>
      <trkpt lat="24.788790" lon="120.913810"></trkpt>
      <trkpt lat="24.788960" lon="120.913880"></trkpt>
      <trkpt lat="24.789300" lon="120.913980"></trkpt>
      <trkpt lat="24.789310" lon="120.913990"></trkpt>
      <trkpt lat="24.789480" lon="120.914040"></trkpt>
      <trkpt lat="24.789490" lon="120.914040"></trkpt>
      <trkpt lat="24.790080" lon="120.914210"></trkpt>
      <trkpt lat="24.791060" lon="120.914440"></trkpt>
      <trkpt lat="24.793950" lon="120.915000"></trkpt>
      <trkpt lat="24.794470" lon="120.915140"></trkpt>
      <trkpt lat="24.794750" lon="120.915250"></trkpt>
      <trkpt lat="24.794800" lon="120.915300"></trkpt>
      <trkpt lat="24.794850" lon="120.915400"></trkpt>
      <trkpt lat="24.794860" lon="120.915510"></trkpt>
      <trkpt lat="24.794800" lon="120.916360"></trkpt>
      <trkpt lat="24.794800" lon="120.916590"></trkpt>
      <trkpt lat="24.794810" lon="120.916620"></trkpt>
      <trkpt lat="24.794810" lon="120.916640"></trkpt>
      <trkpt lat="24.794840" lon="120.916740"></trkpt>
      <trkpt lat="24.794840" lon="120.916820"></trkpt>
      <trkpt lat="24.794860" lon="120.916950"></trkpt>
      <trkpt lat="24.794900" lon="120.917080"></trkpt>
      <trkpt lat="24.794940" lon="120.917130"></trkpt>
      <trkpt lat="24.795010" lon="120.917180"></trkpt>
      <trkpt lat="24.795050" lon="120.917190"></trkpt>
      <trkpt lat="24.795080" lon="120.917210"></trkpt>
      <trkpt lat="24.795200" lon="120.917260"></trkpt>
      <trkpt lat="24.795250" lon="120.917260"></trkpt>
      <trkpt lat="24.795350" lon="120.917240"></trkpt>
      <trkpt lat="24.795390" lon="120.917210"></trkpt>
      <trkpt lat="24.795440" lon="120.917190"></trkpt>
      <trkpt lat="24.795500" lon="120.917190"></trkpt>
      <trkpt lat="24.795570" lon="120.917170"></trkpt>
      <trkpt lat="24.795600" lon="120.917140"></trkpt>
      <trkpt lat="24.795610" lon="120.917080"></trkpt>
      <trkpt lat="24.795610" lon="120.917030"></trkpt>
      <trkpt lat="24.795600" lon="120.916950"></trkpt>
      <trkpt lat="24.795600" lon="120.916890"></trkpt>
      <trkpt lat="24.795560" lon="120.916460"></trkpt>
      <trkpt lat="24.795560" lon="120.916260"></trkpt>
      <trkpt lat="24.795550" lon="120.916170"></trkpt>
      <trkpt lat="24.795550" lon="120.915780"></trkpt>
      <trkpt lat="24.795580" lon="120.915560"></trkpt>
      <trkpt lat="24.795580" lon="120.915510"></trkpt>
      <trkpt lat="24.795650" lon="120.915200"></trkpt>
      <trkpt lat="24.795730" lon="120.915010"></trkpt>
      <trkpt lat="24.795870" lon="120.914750"></trkpt>
      <trkpt lat="24.796040" lon="120.914510"></trkpt>
      <trkpt lat="24.796400" lon="120.914200"></trkpt>
      <trkpt lat="24.796790" lon="120.913970"></trkpt>
      <trkpt lat="24.796960" lon="120.913890"></trkpt>
      <trkpt lat="24.797540" lon="120.913700"></trkpt>
      <trkpt lat="24.797920" lon="120.913640"></trkpt>
      <trkpt lat="24.798340" lon="120.913620"></trkpt>
      <trkpt lat="24.798670" lon="120.913670"></trkpt>
      <trkpt lat="24.799130" lon="120.913800"></trkpt>
      <trkpt lat="24.799270" lon="120.913870"></trkpt>
      <trkpt lat="24.799520" lon="120.914060"></trkpt>
      <trkpt lat="24.799760" lon="120.914340"></trkpt>
      <trkpt lat="24.799830" lon="120.914440"></trkpt>
      <trkpt lat="24.800020" lon="120.914770"></trkpt>
      <trkpt lat="24.800260" lon="120.915350"></trkpt>
      <trkpt lat="24.800270" lon="120.915410"></trkpt>
      <trkpt lat="24.800410" lon="120.915850"></trkpt>
      <trkpt lat="24.800490" lon="120.916240"></trkpt>
      <trkpt lat="24.800550" lon="120.916460"></trkpt>
      <trkpt lat="24.800620" lon="120.916480"></trkpt>
      <trkpt lat="24.801040" lon="120.916540"></trkpt>
      <trkpt lat="24.801110" lon="120.916560"></trkpt>
      <trkpt lat="24.801150" lon="120.916580"></trkpt>
      <trkpt lat="24.802150" lon="120.916960"></trkpt>
      <trkpt lat="24.802330" lon="120.917060"></trkpt>
      <trkpt lat="24.802380" lon="120.917080"></trkpt>
      <trkpt lat="24.802440" lon="120.917090"></trkpt>
      <trkpt lat="24.802510" lon="120.917090"></trkpt>
      <trkpt lat="24.802570" lon="120.917100"></trkpt>
      <trkpt lat="24.802700" lon="120.917100"></trkpt>
      <trkpt lat="24.802750" lon="120.917110"></trkpt>
      <trkpt lat="24.802840" lon="120.917150"></trkpt>
      <trkpt lat="24.802920" lon="120.917210"></trkpt>
      <trkpt lat="24.802960" lon="120.917250"></trkpt>
      <trkpt lat="24.803260" lon="120.917400"></trkpt>
      <trkpt lat="24.803350" lon="120.917460"></trkpt>
      <trkpt lat="24.803430" lon="120.917500"></trkpt>
      <trkpt lat="24.803530" lon="120.917530"></trkpt>
      <trkpt lat="24.804070" lon="120.917510"></trkpt>
      <trkpt lat="24.805600" lon="120.917550"></trkpt>
      <trkpt lat="24.805730" lon="120.917570"></trkpt>
      <trkpt lat="24.806180" lon="120.917790"></trkpt>
      <trkpt lat="24.806240" lon="120.917830"></trkpt>
      <trkpt lat="24.806670" lon="120.918010"></trkpt>
      <trkpt lat="24.806680" lon="120.918010"></trkpt>
      <trkpt lat="24.806710" lon="120.918020"></trkpt>
      <trkpt lat="24.806740" lon="120.918010"></trkpt>
      <trkpt lat="24.806750" lon="120.918000"></trkpt>
      <trkpt lat="24.806760" lon="120.918000"></trkpt>
      <trkpt lat="24.806790" lon="120.917970"></trkpt>
      <trkpt lat="24.806800" lon="120.917950"></trkpt>
      <trkpt lat="24.806820" lon="120.917930"></trkpt>
      <trkpt lat="24.806820" lon="120.917920"></trkpt>
      <trkpt lat="24.806840" lon="120.917870"></trkpt>
      <trkpt lat="24.806900" lon="120.917760"></trkpt>
      <trkpt lat="24.806930" lon="120.917730"></trkpt>
      <trkpt lat="24.806970" lon="120.917700"></trkpt>
      <trkpt lat="24.807010" lon="120.917680"></trkpt>
      <trkpt lat="24.807070" lon="120.917660"></trkpt>
      <trkpt lat="24.807290" lon="120.917610"></trkpt>
      <trkpt lat="24.807380" lon="120.917600"></trkpt>
      <trkpt lat="24.807420" lon="120.917590"></trkpt>
      <trkpt lat="24.808140" lon="120.917560"></trkpt>
      <trkpt lat="24.808300" lon="120.917600"></trkpt>
      <trkpt lat="24.808350" lon="120.917630"></trkpt>
      <trkpt lat="24.808400" lon="120.917680"></trkpt>
      <trkpt lat="24.808990" lon="120.918460"></trkpt>
      <trkpt lat="24.809370" lon="120.918910"></trkpt>
      <trkpt lat="24.809400" lon="120.918930"></trkpt>
      <trkpt lat="24.810030" lon="120.919130"></trkpt>
      <trkpt lat="24.810050" lon="120.919140"></trkpt>
      <trkpt lat="24.810090" lon="120.919140"></trkpt>
      <trkpt lat="24.810090" lon="120.919130"></trkpt>
      <trkpt lat="24.810100" lon="120.919120"></trkpt>
      <trkpt lat="24.810140" lon="120.918900"></trkpt>
      <trkpt lat="24.810590" lon="120.917230"></trkpt>
      <trkpt lat="24.810720" lon="120.916670"></trkpt>
      <trkpt lat="24.810750" lon="120.916580"></trkpt>
      <trkpt lat="24.810770" lon="120.916470"></trkpt>
      <trkpt lat="24.810840" lon="120.916250"></trkpt>
      <trkpt lat="24.810870" lon="120.916200"></trkpt>
      <trkpt lat="24.810930" lon="120.916130"></trkpt>
      <trkpt lat="24.810930" lon="120.916120"></trkpt>
      <trkpt lat="24.811070" lon="120.916020"></trkpt>
      <trkpt lat="24.811120" lon="120.916000"></trkpt>
      <trkpt lat="24.811170" lon="120.915990"></trkpt>
      <trkpt lat="24.811210" lon="120.915970"></trkpt>
      <trkpt lat="24.811210" lon="120.915960"></trkpt>
      <trkpt lat="24.811230" lon="120.915940"></trkpt>
      <trkpt lat="24.811230" lon="120.915930"></trkpt>
      <trkpt lat="24.811240" lon="120.915910"></trkpt>
      <trkpt lat="24.811240" lon="120.915900"></trkpt>
      <trkpt lat="24.811250" lon="120.915880"></trkpt>
      <trkpt lat="24.811360" lon="120.915450"></trkpt>
      <trkpt lat="24.811360" lon="120.915430"></trkpt>
      <trkpt lat="24.811350" lon="120.915420"></trkpt>
      <trkpt lat="24.811350" lon="120.915400"></trkpt>
      <trkpt lat="24.811340" lon="120.915390"></trkpt>
      <trkpt lat="24.811290" lon="120.915370"></trkpt>
      <trkpt lat="24.811280" lon="120.915360"></trkpt>
      <trkpt lat="24.811230" lon="120.915330"></trkpt>
      <trkpt lat="24.811070" lon="120.915180"></trkpt>
      <trkpt lat="24.811000" lon="120.915090"></trkpt>
      <trkpt lat="24.810990" lon="120.915090"></trkpt>
      <trkpt lat="24.810870" lon="120.914870"></trkpt>
      <trkpt lat="24.809740" lon="120.911090"></trkpt>
      <trkpt lat="24.809720" lon="120.910970"></trkpt>
      <trkpt lat="24.809710" lon="120.910940"></trkpt>
      <trkpt lat="24.809700" lon="120.910880"></trkpt>
      <trkpt lat="24.809700" lon="120.910650"></trkpt>
      <trkpt lat="24.809710" lon="120.910530"></trkpt>
      <trkpt lat="24.809710" lon="120.910380"></trkpt>
      <trkpt lat="24.809720" lon="120.910360"></trkpt>
      <trkpt lat="24.809750" lon="120.910190"></trkpt>
      <trkpt lat="24.809830" lon="120.910000"></trkpt>
      <trkpt lat="24.809850" lon="120.909930"></trkpt>
      <trkpt lat="24.809980" lon="120.909640"></trkpt>
      <trkpt lat="24.810220" lon="120.909300"></trkpt>
      <trkpt lat="24.810450" lon="120.909080"></trkpt>
      <trkpt lat="24.810940" lon="120.908780"></trkpt>
      <trkpt lat="24.811160" lon="120.908660"></trkpt>
      <trkpt lat="24.811960" lon="120.908150"></trkpt>
      <trkpt lat="24.812170" lon="120.908000"></trkpt>
      <trkpt lat="24.812270" lon="120.907940"></trkpt>
      <trkpt lat="24.812350" lon="120.907910"></trkpt>
      <trkpt lat="24.812780" lon="120.907710"></trkpt>
      <trkpt lat="24.812850" lon="120.907690"></trkpt>
      <trkpt lat="24.813360" lon="120.907490"></trkpt>
      <trkpt lat="24.813540" lon="120.907440"></trkpt>
      <trkpt lat="24.813690" lon="120.907420"></trkpt>
      <trkpt lat="24.813830" lon="120.907420"></trkpt>
      <trkpt lat="24.813860" lon="120.907430"></trkpt>
      <trkpt lat="24.813890" lon="120.907450"></trkpt>
      <trkpt lat="24.814600" lon="120.907350"></trkpt>
      <trkpt lat="24.816930" lon="120.907190"></trkpt>
      <trkpt lat="24.817290" lon="120.907200"></trkpt>
      <trkpt lat="24.817600" lon="120.907270"></trkpt>
      <trkpt lat="24.818030" lon="120.907340"></trkpt>
      <trkpt lat="24.818300" lon="120.907420"></trkpt>
      <trkpt lat="24.821990" lon="120.908930"></trkpt>
      <trkpt lat="24.822090" lon="120.908980"></trkpt>
      <trkpt lat="24.822180" lon="120.909010"></trkpt>
      <trkpt lat="24.822620" lon="120.909200"></trkpt>
      <trkpt lat="24.822850" lon="120.909280"></trkpt>
      <trkpt lat="24.822730" lon="120.909630"></trkpt>
      <trkpt lat="24.822650" lon="120.909930"></trkpt>
      <trkpt lat="24.822300" lon="120.909810"></trkpt>
      <trkpt lat="24.822270" lon="120.909810"></trkpt>
      <trkpt lat="24.822250" lon="120.909820"></trkpt>
      <trkpt lat="24.822250" lon="120.909830"></trkpt>
      <trkpt lat="24.822230" lon="120.909870"></trkpt>
      <trkpt lat="24.822220" lon="120.909930"></trkpt>
      <trkpt lat="24.822210" lon="120.909950"></trkpt>
      <trkpt lat="24.822150" lon="120.910140"></trkpt>
      <trkpt lat="24.822150" lon="120.910170"></trkpt>
      <trkpt lat="24.822130" lon="120.910230"></trkpt>
      <trkpt lat="24.822130" lon="120.910280"></trkpt>
      <trkpt lat="24.822150" lon="120.910340"></trkpt>
      <trkpt lat="24.822180" lon="120.910370"></trkpt>
      <trkpt lat="24.822230" lon="120.910400"></trkpt>
      <trkpt lat="24.822780" lon="120.910590"></trkpt>
      <trkpt lat="24.822230" lon="120.910400"></trkpt>
      <trkpt lat="24.822180" lon="120.910370"></trkpt>
      <trkpt lat="24.822150" lon="120.910340"></trkpt>
      <trkpt lat="24.822130" lon="120.910280"></trkpt>
      <trkpt lat="24.822130" lon="120.910230"></trkpt>
      <trkpt lat="24.822150" lon="120.910170"></trkpt>
      <trkpt lat="24.822150" lon="120.910140"></trkpt>
      <trkpt lat="24.822210" lon="120.909950"></trkpt>
      <trkpt lat="24.822220" lon="120.909930"></trkpt>
      <trkpt lat="24.822230" lon="120.909870"></trkpt>
      <trkpt lat="24.822250" lon="120.909830"></trkpt>
      <trkpt lat="24.822250" lon="120.909820"></trkpt>
      <trkpt lat="24.822270" lon="120.909810"></trkpt>
      <trkpt lat="24.822300" lon="120.909810"></trkpt>
      <trkpt lat="24.822650" lon="120.909930"></trkpt>
      <trkpt lat="24.822730" lon="120.909630"></trkpt>
      <trkpt lat="24.822850" lon="120.909280"></trkpt>
      <trkpt lat="24.823270" lon="120.909470"></trkpt>
      <trkpt lat="24.823460" lon="120.909580"></trkpt>
      <trkpt lat="24.823490" lon="120.909590"></trkpt>
      <trkpt lat="24.823650" lon="120.909710"></trkpt>
      <trkpt lat="24.826820" lon="120.911710"></trkpt>
      <trkpt lat="24.826930" lon="120.911770"></trkpt>
      <trkpt lat="24.827380" lon="120.912060"></trkpt>
      <trkpt lat="24.827530" lon="120.912130"></trkpt>
      <trkpt lat="24.827920" lon="120.912270"></trkpt>
      <trkpt lat="24.828100" lon="120.912320"></trkpt>
      <trkpt lat="24.828450" lon="120.912370"></trkpt>
      <trkpt lat="24.828520" lon="120.912390"></trkpt>
      <trkpt lat="24.828580" lon="120.912390"></trkpt>
      <trkpt lat="24.828630" lon="120.912410"></trkpt>
      <trkpt lat="24.828680" lon="120.912450"></trkpt>
      <trkpt lat="24.828690" lon="120.912450"></trkpt>
      <trkpt lat="24.829150" lon="120.912850"></trkpt>
      <trkpt lat="24.829410" lon="120.913030"></trkpt>
      <trkpt lat="24.829730" lon="120.913220"></trkpt>
      <trkpt lat="24.830430" lon="120.913810"></trkpt>
      <trkpt lat="24.830520" lon="120.913870"></trkpt>
      <trkpt lat="24.830600" lon="120.913910"></trkpt>
      <trkpt lat="24.830830" lon="120.913990"></trkpt>
      <trkpt lat="24.831130" lon="120.914280"></trkpt>
      <trkpt lat="24.831240" lon="120.914360"></trkpt>
      <trkpt lat="24.831440" lon="120.914460"></trkpt>
      <trkpt lat="24.831570" lon="120.914560"></trkpt>
      <trkpt lat="24.831630" lon="120.914560"></trkpt>
      <trkpt lat="24.831660" lon="120.914530"></trkpt>
      <trkpt lat="24.831750" lon="120.914360"></trkpt>
      <trkpt lat="24.831830" lon="120.914280"></trkpt>
      <trkpt lat="24.831900" lon="120.914240"></trkpt>
      <trkpt lat="24.831960" lon="120.914220"></trkpt>
      <trkpt lat="24.832010" lon="120.914220"></trkpt>
      <trkpt lat="24.832070" lon="120.914230"></trkpt>
      <trkpt lat="24.832130" lon="120.914250"></trkpt>
      <trkpt lat="24.832400" lon="120.914390"></trkpt>
      <trkpt lat="24.833290" lon="120.914930"></trkpt>
      <trkpt lat="24.834410" lon="120.915680"></trkpt>
      <trkpt lat="24.834440" lon="120.915710"></trkpt>
      <trkpt lat="24.834520" lon="120.915820"></trkpt>
      <trkpt lat="24.835850" lon="120.916810"></trkpt>
      <trkpt lat="24.835890" lon="120.916820"></trkpt>
      <trkpt lat="24.835990" lon="120.916870"></trkpt>
      <trkpt lat="24.837050" lon="120.917660"></trkpt>
      <trkpt lat="24.837080" lon="120.917690"></trkpt>
      <trkpt lat="24.837090" lon="120.917710"></trkpt>
      <trkpt lat="24.837090" lon="120.917780"></trkpt>
      <trkpt lat="24.837100" lon="120.917790"></trkpt>
      <trkpt lat="24.837100" lon="120.917800"></trkpt>
      <trkpt lat="24.837140" lon="120.917820"></trkpt>
      <trkpt lat="24.837450" lon="120.918030"></trkpt>
      <trkpt lat="24.837510" lon="120.918090"></trkpt>
      <trkpt lat="24.837520" lon="120.918140"></trkpt>
      <trkpt lat="24.837520" lon="120.918170"></trkpt>
      <trkpt lat="24.837510" lon="120.918220"></trkpt>
      <trkpt lat="24.836830" lon="120.919510"></trkpt>
      <trkpt lat="24.836740" lon="120.919760"></trkpt>
      <trkpt lat="24.836640" lon="120.919980"></trkpt>
      <trkpt lat="24.836590" lon="120.920060"></trkpt>
      <trkpt lat="24.836560" lon="120.920090"></trkpt>
      <trkpt lat="24.836530" lon="120.920130"></trkpt>
      <trkpt lat="24.836500" lon="120.920150"></trkpt>
      <trkpt lat="24.836480" lon="120.920170"></trkpt>
      <trkpt lat="24.835640" lon="120.920560"></trkpt>
      <trkpt lat="24.835600" lon="120.920560"></trkpt>
      <trkpt lat="24.835560" lon="120.920570"></trkpt>
      <trkpt lat="24.835490" lon="120.920550"></trkpt>
      <trkpt lat="24.835350" lon="120.920490"></trkpt>
      <trkpt lat="24.835310" lon="120.920480"></trkpt>
      <trkpt lat="24.835160" lon="120.920510"></trkpt>
      <trkpt lat="24.835250" lon="120.920660"></trkpt>
      <trkpt lat="24.835340" lon="120.920720"></trkpt>
      <trkpt lat="24.839190" lon="120.922600"></trkpt>
      <trkpt lat="24.839420" lon="120.921990"></trkpt>
      <trkpt lat="24.839700" lon="120.921420"></trkpt>
      <trkpt lat="24.839730" lon="120.921320"></trkpt>
      <trkpt lat="24.839760" lon="120.921060"></trkpt>
      <trkpt lat="24.839830" lon="120.920680"></trkpt>
      <trkpt lat="24.839810" lon="120.920610"></trkpt>
      <trkpt lat="24.839810" lon="120.920600"></trkpt>
      <trkpt lat="24.839790" lon="120.920560"></trkpt>
      <trkpt lat="24.839540" lon="120.920290"></trkpt>
      <trkpt lat="24.839460" lon="120.920240"></trkpt>
      <trkpt lat="24.839370" lon="120.920200"></trkpt>
      <trkpt lat="24.839190" lon="120.920090"></trkpt>
      <trkpt lat="24.839140" lon="120.920040"></trkpt>
      <trkpt lat="24.839120" lon="120.920010"></trkpt>
      <trkpt lat="24.839130" lon="120.919800"></trkpt>
      <trkpt lat="24.839210" lon="120.919360"></trkpt>
      <trkpt lat="24.839550" lon="120.919590"></trkpt>
      <trkpt lat="24.839550" lon="120.919660"></trkpt>
      <trkpt lat="24.839560" lon="120.919690"></trkpt>
      <trkpt lat="24.839560" lon="120.919720"></trkpt>
      <trkpt lat="24.839580" lon="120.919760"></trkpt>
      <trkpt lat="24.839610" lon="120.919800"></trkpt>
      <trkpt lat="24.839830" lon="120.919950"></trkpt>
      <trkpt lat="24.839930" lon="120.920050"></trkpt>
      <trkpt lat="24.839960" lon="120.920090"></trkpt>
      <trkpt lat="24.840000" lon="120.920130"></trkpt>
      <trkpt lat="24.840350" lon="120.920410"></trkpt>
      <trkpt lat="24.840530" lon="120.920530"></trkpt>
      <trkpt lat="24.842910" lon="120.922310"></trkpt>
      <trkpt lat="24.842780" lon="120.922470"></trkpt>
      <trkpt lat="24.842770" lon="120.922470"></trkpt>
      <trkpt lat="24.842760" lon="120.922480"></trkpt>
      <trkpt lat="24.842750" lon="120.922480"></trkpt>
      <trkpt lat="24.842730" lon="120.922500"></trkpt>
      <trkpt lat="24.842620" lon="120.922680"></trkpt>
      <trkpt lat="24.842610" lon="120.922690"></trkpt>
      <trkpt lat="24.842570" lon="120.922770"></trkpt>
      <trkpt lat="24.842570" lon="120.922780"></trkpt>
      <trkpt lat="24.842560" lon="120.922800"></trkpt>
      <trkpt lat="24.842560" lon="120.922820"></trkpt>
      <trkpt lat="24.842570" lon="120.922830"></trkpt>
      <trkpt lat="24.842570" lon="120.922850"></trkpt>
      <trkpt lat="24.842580" lon="120.922860"></trkpt>
      <trkpt lat="24.842590" lon="120.922880"></trkpt>
      <trkpt lat="24.842600" lon="120.922890"></trkpt>
      <trkpt lat="24.842910" lon="120.923100"></trkpt>
      <trkpt lat="24.842810" lon="120.923250"></trkpt>
      <trkpt lat="24.842900" lon="120.923300"></trkpt>
      <trkpt lat="24.842930" lon="120.923200"></trkpt>
      <trkpt lat="24.843060" lon="120.923300"></trkpt>
      <trkpt lat="24.843230" lon="120.923410"></trkpt>
      <trkpt lat="24.845450" lon="120.925060"></trkpt>
      <trkpt lat="24.846490" lon="120.925740"></trkpt>
      <trkpt lat="24.846450" lon="120.925840"></trkpt>
      <trkpt lat="24.846400" lon="120.925930"></trkpt>
      <trkpt lat="24.846490" lon="120.925980"></trkpt>
      <trkpt lat="24.846590" lon="120.925790"></trkpt>
      <trkpt lat="24.846850" lon="120.925190"></trkpt>
      <trkpt lat="24.847810" lon="120.925570"></trkpt>
      <trkpt lat="24.849920" lon="120.926300"></trkpt>
      <trkpt lat="24.849740" lon="120.926960"></trkpt>
      <trkpt lat="24.851030" lon="120.927470"></trkpt>
      <trkpt lat="24.851120" lon="120.927520"></trkpt>
      <trkpt lat="24.851220" lon="120.927590"></trkpt>
      <trkpt lat="24.851270" lon="120.927680"></trkpt>
      <trkpt lat="24.851290" lon="120.927750"></trkpt>
      <trkpt lat="24.851300" lon="120.927830"></trkpt>
      <trkpt lat="24.851310" lon="120.928240"></trkpt>
      <trkpt lat="24.851260" lon="120.928760"></trkpt>
      <trkpt lat="24.851200" lon="120.929040"></trkpt>
      <trkpt lat="24.850690" lon="120.929700"></trkpt>
      <trkpt lat="24.850610" lon="120.929790"></trkpt>
      <trkpt lat="24.850530" lon="120.929900"></trkpt>
      <trkpt lat="24.850310" lon="120.930140"></trkpt>
      <trkpt lat="24.849970" lon="120.930370"></trkpt>
      <trkpt lat="24.849880" lon="120.930410"></trkpt>
      <trkpt lat="24.849720" lon="120.930460"></trkpt>
      <trkpt lat="24.849490" lon="120.930500"></trkpt>
      <trkpt lat="24.849470" lon="120.930500"></trkpt>
      <trkpt lat="24.848460" lon="120.930680"></trkpt>
      <trkpt lat="24.848030" lon="120.930860"></trkpt>
      <trkpt lat="24.847630" lon="120.931060"></trkpt>
      <trkpt lat="24.847610" lon="120.931110"></trkpt>
      <trkpt lat="24.847560" lon="120.931170"></trkpt>
      <trkpt lat="24.847120" lon="120.931460"></trkpt>
      <trkpt lat="24.847020" lon="120.931540"></trkpt>
      <trkpt lat="24.846770" lon="120.931770"></trkpt>
      <trkpt lat="24.846520" lon="120.932030"></trkpt>
      <trkpt lat="24.846030" lon="120.932690"></trkpt>
      <trkpt lat="24.845760" lon="120.933100"></trkpt>
      <trkpt lat="24.845750" lon="120.933130"></trkpt>
      <trkpt lat="24.845230" lon="120.933880"></trkpt>
      <trkpt lat="24.845230" lon="120.933890"></trkpt>
      <trkpt lat="24.844830" lon="120.934550"></trkpt>
      <trkpt lat="24.844650" lon="120.934910"></trkpt>
      <trkpt lat="24.844370" lon="120.935630"></trkpt>
      <trkpt lat="24.844040" lon="120.936310"></trkpt>
      <trkpt lat="24.844030" lon="120.936310"></trkpt>
      <trkpt lat="24.843870" lon="120.936650"></trkpt>
      <trkpt lat="24.843870" lon="120.936660"></trkpt>
      <trkpt lat="24.843860" lon="120.936660"></trkpt>
      <trkpt lat="24.843700" lon="120.937010"></trkpt>
      <trkpt lat="24.843690" lon="120.937010"></trkpt>
      <trkpt lat="24.843530" lon="120.937360"></trkpt>
      <trkpt lat="24.843520" lon="120.937360"></trkpt>
      <trkpt lat="24.843370" lon="120.937690"></trkpt>
      <trkpt lat="24.843350" lon="120.937710"></trkpt>
      <trkpt lat="24.842650" lon="120.938990"></trkpt>
      <trkpt lat="24.842340" lon="120.939620"></trkpt>
      <trkpt lat="24.842280" lon="120.939790"></trkpt>
      <trkpt lat="24.842230" lon="120.940000"></trkpt>
      <trkpt lat="24.842170" lon="120.940350"></trkpt>
      <trkpt lat="24.842160" lon="120.940460"></trkpt>
      <trkpt lat="24.842190" lon="120.940530"></trkpt>
      <trkpt lat="24.842180" lon="120.940560"></trkpt>
      <trkpt lat="24.842180" lon="120.940590"></trkpt>
      <trkpt lat="24.842170" lon="120.940600"></trkpt>
      <trkpt lat="24.842150" lon="120.940650"></trkpt>
      <trkpt lat="24.842150" lon="120.940660"></trkpt>
      <trkpt lat="24.842090" lon="120.940720"></trkpt>
      <trkpt lat="24.842060" lon="120.940730"></trkpt>
      <trkpt lat="24.841980" lon="120.940720"></trkpt>
      <trkpt lat="24.841890" lon="120.940680"></trkpt>
      <trkpt lat="24.841800" lon="120.940610"></trkpt>
      <trkpt lat="24.841730" lon="120.940570"></trkpt>
      <trkpt lat="24.841720" lon="120.940560"></trkpt>
      <trkpt lat="24.841640" lon="120.940510"></trkpt>
      <trkpt lat="24.841600" lon="120.940500"></trkpt>
      <trkpt lat="24.841590" lon="120.940500"></trkpt>
      <trkpt lat="24.841570" lon="120.940490"></trkpt>
      <trkpt lat="24.841380" lon="120.940490"></trkpt>
      <trkpt lat="24.841290" lon="120.940510"></trkpt>
      <trkpt lat="24.841230" lon="120.940540"></trkpt>
      <trkpt lat="24.841040" lon="120.940720"></trkpt>
      <trkpt lat="24.840910" lon="120.940800"></trkpt>
      <trkpt lat="24.840890" lon="120.940820"></trkpt>
      <trkpt lat="24.840860" lon="120.940840"></trkpt>
      <trkpt lat="24.840830" lon="120.940870"></trkpt>
      <trkpt lat="24.840810" lon="120.940900"></trkpt>
      <trkpt lat="24.840490" lon="120.941250"></trkpt>
      <trkpt lat="24.840430" lon="120.941340"></trkpt>
      <trkpt lat="24.840400" lon="120.941400"></trkpt>
      <trkpt lat="24.840380" lon="120.941460"></trkpt>
      <trkpt lat="24.840370" lon="120.941510"></trkpt>
      <trkpt lat="24.840370" lon="120.941710"></trkpt>
      <trkpt lat="24.840360" lon="120.941730"></trkpt>
      <trkpt lat="24.840360" lon="120.941900"></trkpt>
      <trkpt lat="24.840330" lon="120.941990"></trkpt>
      <trkpt lat="24.840240" lon="120.942170"></trkpt>
      <trkpt lat="24.840210" lon="120.942200"></trkpt>
      <trkpt lat="24.840210" lon="120.942250"></trkpt>
      <trkpt lat="24.840600" lon="120.942850"></trkpt>
      <trkpt lat="24.840640" lon="120.942950"></trkpt>
      <trkpt lat="24.840620" lon="120.943000"></trkpt>
      <trkpt lat="24.840530" lon="120.943110"></trkpt>
      <trkpt lat="24.840240" lon="120.943290"></trkpt>
      <trkpt lat="24.840190" lon="120.943330"></trkpt>
      <trkpt lat="24.840120" lon="120.943360"></trkpt>
      <trkpt lat="24.840090" lon="120.943380"></trkpt>
      <trkpt lat="24.840050" lon="120.943390"></trkpt>
      <trkpt lat="24.840010" lon="120.943410"></trkpt>
      <trkpt lat="24.839920" lon="120.943410"></trkpt>
      <trkpt lat="24.839860" lon="120.943380"></trkpt>
      <trkpt lat="24.839840" lon="120.943380"></trkpt>
      <trkpt lat="24.839790" lon="120.943350"></trkpt>
      <trkpt lat="24.839770" lon="120.943330"></trkpt>
      <trkpt lat="24.839680" lon="120.943280"></trkpt>
      <trkpt lat="24.839650" lon="120.943280"></trkpt>
      <trkpt lat="24.839610" lon="120.943300"></trkpt>
      <trkpt lat="24.839590" lon="120.943320"></trkpt>
      <trkpt lat="24.839540" lon="120.943350"></trkpt>
      <trkpt lat="24.839530" lon="120.943350"></trkpt>
      <trkpt lat="24.839520" lon="120.943360"></trkpt>
      <trkpt lat="24.839480" lon="120.943380"></trkpt>
      <trkpt lat="24.839460" lon="120.943380"></trkpt>
      <trkpt lat="24.839430" lon="120.943390"></trkpt>
      <trkpt lat="24.839230" lon="120.943390"></trkpt>
      <trkpt lat="24.839200" lon="120.943400"></trkpt>
      <trkpt lat="24.839180" lon="120.943400"></trkpt>
      <trkpt lat="24.839160" lon="120.943410"></trkpt>
      <trkpt lat="24.838940" lon="120.943650"></trkpt>
      <trkpt lat="24.837780" lon="120.945120"></trkpt>
      <trkpt lat="24.837670" lon="120.945240"></trkpt>
      <trkpt lat="24.837430" lon="120.945570"></trkpt>
      <trkpt lat="24.837420" lon="120.945590"></trkpt>
      <trkpt lat="24.837340" lon="120.945700"></trkpt>
      <trkpt lat="24.837320" lon="120.945760"></trkpt>
      <trkpt lat="24.837320" lon="120.945780"></trkpt>
      <trkpt lat="24.837290" lon="120.945850"></trkpt>
      <trkpt lat="24.837280" lon="120.945890"></trkpt>
      <trkpt lat="24.837210" lon="120.946050"></trkpt>
      <trkpt lat="24.837190" lon="120.946070"></trkpt>
      <trkpt lat="24.837180" lon="120.946090"></trkpt>
      <trkpt lat="24.837180" lon="120.946100"></trkpt>
      <trkpt lat="24.837150" lon="120.946140"></trkpt>
      <trkpt lat="24.837080" lon="120.946190"></trkpt>
      <trkpt lat="24.837050" lon="120.946230"></trkpt>
      <trkpt lat="24.836980" lon="120.946300"></trkpt>
      <trkpt lat="24.836940" lon="120.946350"></trkpt>
      <trkpt lat="24.836860" lon="120.946480"></trkpt>
      <trkpt lat="24.836840" lon="120.946500"></trkpt>
      <trkpt lat="24.836790" lon="120.946570"></trkpt>
      <trkpt lat="24.836670" lon="120.946700"></trkpt>
      <trkpt lat="24.836540" lon="120.946890"></trkpt>
      <trkpt lat="24.836510" lon="120.946960"></trkpt>
      <trkpt lat="24.836460" lon="120.947040"></trkpt>
      <trkpt lat="24.836390" lon="120.947180"></trkpt>
      <trkpt lat="24.835980" lon="120.947820"></trkpt>
      <trkpt lat="24.835970" lon="120.947830"></trkpt>
      <trkpt lat="24.835720" lon="120.948220"></trkpt>
      <trkpt lat="24.835490" lon="120.948640"></trkpt>
      <trkpt lat="24.834970" lon="120.949500"></trkpt>
      <trkpt lat="24.832030" lon="120.955120"></trkpt>
      <trkpt lat="24.831970" lon="120.955260"></trkpt>
      <trkpt lat="24.831950" lon="120.955330"></trkpt>
      <trkpt lat="24.831940" lon="120.955350"></trkpt>
      <trkpt lat="24.831930" lon="120.955390"></trkpt>
      <trkpt lat="24.831910" lon="120.955440"></trkpt>
      <trkpt lat="24.831910" lon="120.955450"></trkpt>
      <trkpt lat="24.831890" lon="120.955500"></trkpt>
      <trkpt lat="24.831850" lon="120.955570"></trkpt>
      <trkpt lat="24.831850" lon="120.955600"></trkpt>
      <trkpt lat="24.831830" lon="120.955650"></trkpt>
      <trkpt lat="24.831830" lon="120.955680"></trkpt>
      <trkpt lat="24.831820" lon="120.955720"></trkpt>
      <trkpt lat="24.831820" lon="120.955800"></trkpt>
      <trkpt lat="24.831830" lon="120.955850"></trkpt>
      <trkpt lat="24.831830" lon="120.956060"></trkpt>
      <trkpt lat="24.831810" lon="120.956110"></trkpt>
      <trkpt lat="24.831800" lon="120.956150"></trkpt>
      <trkpt lat="24.831740" lon="120.956230"></trkpt>
      <trkpt lat="24.831630" lon="120.956340"></trkpt>
      <trkpt lat="24.831080" lon="120.957140"></trkpt>
      <trkpt lat="24.830920" lon="120.957410"></trkpt>
      <trkpt lat="24.830890" lon="120.957490"></trkpt>
      <trkpt lat="24.830890" lon="120.957500"></trkpt>
      <trkpt lat="24.830870" lon="120.957500"></trkpt>
      <trkpt lat="24.830850" lon="120.957490"></trkpt>
      <trkpt lat="24.830810" lon="120.957480"></trkpt>
      <trkpt lat="24.830710" lon="120.957470"></trkpt>
      <trkpt lat="24.830670" lon="120.957460"></trkpt>
      <trkpt lat="24.830620" lon="120.957460"></trkpt>
      <trkpt lat="24.830490" lon="120.957510"></trkpt>
      <trkpt lat="24.830050" lon="120.958430"></trkpt>
      <trkpt lat="24.829860" lon="120.958910"></trkpt>
      <trkpt lat="24.828960" lon="120.961610"></trkpt>
      <trkpt lat="24.828490" lon="120.962890"></trkpt>
      <trkpt lat="24.828190" lon="120.963810"></trkpt>
      <trkpt lat="24.827570" lon="120.965910"></trkpt>
      <trkpt lat="24.826290" lon="120.969740"></trkpt>
      <trkpt lat="24.826140" lon="120.970490"></trkpt>
      <trkpt lat="24.826000" lon="120.970950"></trkpt>
      <trkpt lat="24.825910" lon="120.971150"></trkpt>
      <trkpt lat="24.825810" lon="120.971440"></trkpt>
      <trkpt lat="24.825500" lon="120.972500"></trkpt>
      <trkpt lat="24.825440" lon="120.972830"></trkpt>
      <trkpt lat="24.825310" lon="120.974040"></trkpt>
      <trkpt lat="24.824830" lon="120.976580"></trkpt>
      <trkpt lat="24.824750" lon="120.976680"></trkpt>
      <trkpt lat="24.824680" lon="120.976890"></trkpt>
      <trkpt lat="24.824650" lon="120.977070"></trkpt>
      <trkpt lat="24.824600" lon="120.977270"></trkpt>
      <trkpt lat="24.824570" lon="120.977460"></trkpt>
      <trkpt lat="24.824540" lon="120.977580"></trkpt>
      <trkpt lat="24.824430" lon="120.977900"></trkpt>
      <trkpt lat="24.824390" lon="120.977990"></trkpt>
      <trkpt lat="24.824280" lon="120.978120"></trkpt>
      <trkpt lat="24.824100" lon="120.978300"></trkpt>
      <trkpt lat="24.823880" lon="120.978480"></trkpt>
      <trkpt lat="24.823830" lon="120.978510"></trkpt>
      <trkpt lat="24.823790" lon="120.978570"></trkpt>
      <trkpt lat="24.823770" lon="120.978580"></trkpt>
      <trkpt lat="24.823760" lon="120.978600"></trkpt>
      <trkpt lat="24.823640" lon="120.978730"></trkpt>
      <trkpt lat="24.823190" lon="120.979130"></trkpt>
      <trkpt lat="24.822510" lon="120.979690"></trkpt>
      <trkpt lat="24.820250" lon="120.981730"></trkpt>
      <trkpt lat="24.818210" lon="120.983230"></trkpt>
      <trkpt lat="24.817710" lon="120.983560"></trkpt>
      <trkpt lat="24.816680" lon="120.984380"></trkpt>
      <trkpt lat="24.816450" lon="120.984510"></trkpt>
      <trkpt lat="24.816380" lon="120.984560"></trkpt>
      <trkpt lat="24.816290" lon="120.984600"></trkpt>
      <trkpt lat="24.815960" lon="120.984850"></trkpt>
      <trkpt lat="24.815610" lon="120.985050"></trkpt>
      <trkpt lat="24.814960" lon="120.985310"></trkpt>
      <trkpt lat="24.814510" lon="120.985530"></trkpt>
      <trkpt lat="24.814290" lon="120.985660"></trkpt>
      <trkpt lat="24.813560" lon="120.985990"></trkpt>
      <trkpt lat="24.813280" lon="120.986080"></trkpt>
      <trkpt lat="24.813040" lon="120.986120"></trkpt>
      <trkpt lat="24.812220" lon="120.986140"></trkpt>
      <trkpt lat="24.812070" lon="120.986130"></trkpt>
      <trkpt lat="24.811320" lon="120.986140"></trkpt>
      <trkpt lat="24.811210" lon="120.986150"></trkpt>
      <trkpt lat="24.811000" lon="120.986200"></trkpt>
      <trkpt lat="24.810990" lon="120.986200"></trkpt>
      <trkpt lat="24.810870" lon="120.986260"></trkpt>
      <trkpt lat="24.810830" lon="120.986290"></trkpt>
      <trkpt lat="24.810740" lon="120.986340"></trkpt>
      <trkpt lat="24.809630" lon="120.987180"></trkpt>
      <trkpt lat="24.809200" lon="120.987540"></trkpt>
      <trkpt lat="24.809120" lon="120.987630"></trkpt>
      <trkpt lat="24.808030" lon="120.988450"></trkpt>
      <trkpt lat="24.807890" lon="120.988580"></trkpt>
      <trkpt lat="24.806660" lon="120.990610"></trkpt>
      <trkpt lat="24.806610" lon="120.990560"></trkpt>
      <trkpt lat="24.806480" lon="120.990800"></trkpt>
      <trkpt lat="24.805330" lon="120.992670"></trkpt>
      <trkpt lat="24.805100" lon="120.992540"></trkpt>
      <trkpt lat="24.805110" lon="120.992420"></trkpt>
      <trkpt lat="24.805050" lon="120.991900"></trkpt>
      <trkpt lat="24.805040" lon="120.991690"></trkpt>
      <trkpt lat="24.804980" lon="120.991100"></trkpt>
      <trkpt lat="24.804950" lon="120.990980"></trkpt>
      <trkpt lat="24.804950" lon="120.990970"></trkpt>
      <trkpt lat="24.804940" lon="120.990960"></trkpt>
      <trkpt lat="24.804680" lon="120.990390"></trkpt>
      <trkpt lat="24.804600" lon="120.990160"></trkpt>
      <trkpt lat="24.804680" lon="120.990010"></trkpt>
      <trkpt lat="24.803720" lon="120.989480"></trkpt>
      <trkpt lat="24.803650" lon="120.989450"></trkpt>
      <trkpt lat="24.802070" lon="120.988600"></trkpt>
      <trkpt lat="24.801970" lon="120.988560"></trkpt>
      <trkpt lat="24.800810" lon="120.987940"></trkpt>
      <trkpt lat="24.801090" lon="120.987080"></trkpt>
      <trkpt lat="24.801010" lon="120.987060"></trkpt>
      <trkpt lat="24.800540" lon="120.986860"></trkpt>
      <trkpt lat="24.800360" lon="120.986770"></trkpt>
      <trkpt lat="24.797490" lon="120.985610"></trkpt>
      <trkpt lat="24.797280" lon="120.985470"></trkpt>
      <trkpt lat="24.797210" lon="120.985410"></trkpt>
      <trkpt lat="24.797160" lon="120.985320"></trkpt>
      <trkpt lat="24.794540" lon="120.978070"></trkpt>
    </trkseg>
  </trk>
</gpx>
