<?xml version="1.0" encoding="UTF-8"?>
<gpx version="1.1" creator="2026-routes" xmlns="http://www.topografix.com/GPX/1/1">
  <metadata>
    <name>新竹到北新國小</name>
    <desc>新竹→台1→竹北→縣118→新埔→台3→龍潭→台3乙→石門水庫→台4→大溪→A4大鶯綠野景觀自行車道→鶯歌→大漢溪左岸自行車道→新莊→新月橋→板橋→大漢溪左岸自行車道→華江橋自行車便道→萬華→新店溪右岸自行車道→景美→景美溪河濱自行車道→寶僑→北新國小</desc>
  </metadata>
  <trk>
    <name>Day 3 新竹到北新國小</name>
    <trkseg>
      <trkpt lat="24.794560" lon="120.978120"></trkpt>
      <trkpt lat="24.794790" lon="120.978760"></trkpt>
      <trkpt lat="24.794850" lon="120.978920"></trkpt>
      <trkpt lat="24.795000" lon="120.979320"></trkpt>
      <trkpt lat="24.795130" lon="120.979680"></trkpt>
      <trkpt lat="24.795230" lon="120.979960"></trkpt>
      <trkpt lat="24.795300" lon="120.980150"></trkpt>
      <trkpt lat="24.795430" lon="120.980540"></trkpt>
      <trkpt lat="24.795700" lon="120.981290"></trkpt>
      <trkpt lat="24.795930" lon="120.981890"></trkpt>
      <trkpt lat="24.796120" lon="120.982420"></trkpt>
      <trkpt lat="24.796500" lon="120.983450"></trkpt>
      <trkpt lat="24.796810" lon="120.984330"></trkpt>
      <trkpt lat="24.796880" lon="120.984510"></trkpt>
      <trkpt lat="24.797160" lon="120.985320"></trkpt>
      <trkpt lat="24.797210" lon="120.985410"></trkpt>
      <trkpt lat="24.797280" lon="120.985470"></trkpt>
      <trkpt lat="24.797490" lon="120.985610"></trkpt>
      <trkpt lat="24.798720" lon="120.986100"></trkpt>
      <trkpt lat="24.799100" lon="120.986260"></trkpt>
      <trkpt lat="24.799210" lon="120.986300"></trkpt>
      <trkpt lat="24.799350" lon="120.986360"></trkpt>
      <trkpt lat="24.799800" lon="120.986550"></trkpt>
      <trkpt lat="24.800360" lon="120.986770"></trkpt>
      <trkpt lat="24.800540" lon="120.986860"></trkpt>
      <trkpt lat="24.800660" lon="120.986910"></trkpt>
      <trkpt lat="24.801010" lon="120.987060"></trkpt>
      <trkpt lat="24.800730" lon="120.987900"></trkpt>
      <trkpt lat="24.800600" lon="120.988290"></trkpt>
      <trkpt lat="24.800520" lon="120.988520"></trkpt>
      <trkpt lat="24.800490" lon="120.988600"></trkpt>
      <trkpt lat="24.800410" lon="120.988850"></trkpt>
      <trkpt lat="24.800310" lon="120.989150"></trkpt>
      <trkpt lat="24.800150" lon="120.989630"></trkpt>
      <trkpt lat="24.800240" lon="120.989710"></trkpt>
      <trkpt lat="24.800340" lon="120.989760"></trkpt>
      <trkpt lat="24.800460" lon="120.989830"></trkpt>
      <trkpt lat="24.800710" lon="120.989970"></trkpt>
      <trkpt lat="24.800760" lon="120.990000"></trkpt>
      <trkpt lat="24.800980" lon="120.990130"></trkpt>
      <trkpt lat="24.801120" lon="120.990220"></trkpt>
      <trkpt lat="24.801550" lon="120.990460"></trkpt>
      <trkpt lat="24.802190" lon="120.990820"></trkpt>
      <trkpt lat="24.802230" lon="120.990840"></trkpt>
      <trkpt lat="24.802240" lon="120.990840"></trkpt>
      <trkpt lat="24.802740" lon="120.991140"></trkpt>
      <trkpt lat="24.803490" lon="120.991600"></trkpt>
      <trkpt lat="24.803550" lon="120.991630"></trkpt>
      <trkpt lat="24.803680" lon="120.991700"></trkpt>
      <trkpt lat="24.803190" lon="120.992980"></trkpt>
      <trkpt lat="24.803830" lon="120.993370"></trkpt>
      <trkpt lat="24.804460" lon="120.993760"></trkpt>
      <trkpt lat="24.804690" lon="120.993880"></trkpt>
      <trkpt lat="24.804800" lon="120.993940"></trkpt>
      <trkpt lat="24.804910" lon="120.994000"></trkpt>
      <trkpt lat="24.804990" lon="120.994040"></trkpt>
      <trkpt lat="24.805520" lon="120.992900"></trkpt>
      <trkpt lat="24.805560" lon="120.992800"></trkpt>
      <trkpt lat="24.805610" lon="120.992690"></trkpt>
      <trkpt lat="24.806030" lon="120.991990"></trkpt>
      <trkpt lat="24.806780" lon="120.990750"></trkpt>
      <trkpt lat="24.806800" lon="120.990720"></trkpt>
      <trkpt lat="24.806850" lon="120.990620"></trkpt>
      <trkpt lat="24.806920" lon="120.990510"></trkpt>
      <trkpt lat="24.807330" lon="120.989810"></trkpt>
      <trkpt lat="24.807740" lon="120.989130"></trkpt>
      <trkpt lat="24.807920" lon="120.988830"></trkpt>
      <trkpt lat="24.808030" lon="120.988700"></trkpt>
      <trkpt lat="24.807960" lon="120.988630"></trkpt>
      <trkpt lat="24.808150" lon="120.988480"></trkpt>
      <trkpt lat="24.808410" lon="120.988270"></trkpt>
      <trkpt lat="24.808560" lon="120.988160"></trkpt>
      <trkpt lat="24.809130" lon="120.987680"></trkpt>
      <trkpt lat="24.809160" lon="120.987660"></trkpt>
      <trkpt lat="24.809190" lon="120.987640"></trkpt>
      <trkpt lat="24.809340" lon="120.987540"></trkpt>
      <trkpt lat="24.809490" lon="120.987390"></trkpt>
      <trkpt lat="24.809630" lon="120.987270"></trkpt>
      <trkpt lat="24.809800" lon="120.987140"></trkpt>
      <trkpt lat="24.809930" lon="120.987030"></trkpt>
      <trkpt lat="24.810240" lon="120.986790"></trkpt>
      <trkpt lat="24.810480" lon="120.986620"></trkpt>
      <trkpt lat="24.810560" lon="120.986560"></trkpt>
      <trkpt lat="24.810640" lon="120.986510"></trkpt>
      <trkpt lat="24.810730" lon="120.986430"></trkpt>
      <trkpt lat="24.810750" lon="120.986420"></trkpt>
      <trkpt lat="24.810830" lon="120.986370"></trkpt>
      <trkpt lat="24.810860" lon="120.986350"></trkpt>
      <trkpt lat="24.810870" lon="120.986350"></trkpt>
      <trkpt lat="24.810960" lon="120.986300"></trkpt>
      <trkpt lat="24.811030" lon="120.986280"></trkpt>
      <trkpt lat="24.811080" lon="120.986260"></trkpt>
      <trkpt lat="24.811220" lon="120.986230"></trkpt>
      <trkpt lat="24.811330" lon="120.986220"></trkpt>
      <trkpt lat="24.811360" lon="120.986220"></trkpt>
      <trkpt lat="24.811480" lon="120.986210"></trkpt>
      <trkpt lat="24.812080" lon="120.986210"></trkpt>
      <trkpt lat="24.812220" lon="120.986220"></trkpt>
      <trkpt lat="24.812360" lon="120.986220"></trkpt>
      <trkpt lat="24.812840" lon="120.986220"></trkpt>
      <trkpt lat="24.813110" lon="120.986200"></trkpt>
      <trkpt lat="24.813270" lon="120.986170"></trkpt>
      <trkpt lat="24.813440" lon="120.986130"></trkpt>
      <trkpt lat="24.813670" lon="120.986030"></trkpt>
      <trkpt lat="24.813850" lon="120.985950"></trkpt>
      <trkpt lat="24.813920" lon="120.985920"></trkpt>
      <trkpt lat="24.814020" lon="120.985880"></trkpt>
      <trkpt lat="24.814180" lon="120.985800"></trkpt>
      <trkpt lat="24.814350" lon="120.985730"></trkpt>
      <trkpt lat="24.814470" lon="120.985690"></trkpt>
      <trkpt lat="24.814580" lon="120.985660"></trkpt>
      <trkpt lat="24.814970" lon="120.985490"></trkpt>
      <trkpt lat="24.815070" lon="120.986430"></trkpt>
      <trkpt lat="24.815110" lon="120.987340"></trkpt>
      <trkpt lat="24.815160" lon="120.988130"></trkpt>
      <trkpt lat="24.815210" lon="120.988940"></trkpt>
      <trkpt lat="24.815220" lon="120.989100"></trkpt>
      <trkpt lat="24.815390" lon="120.991540"></trkpt>
      <trkpt lat="24.815410" lon="120.991670"></trkpt>
      <trkpt lat="24.815450" lon="120.991840"></trkpt>
      <trkpt lat="24.815690" lon="120.992550"></trkpt>
      <trkpt lat="24.815770" lon="120.992770"></trkpt>
      <trkpt lat="24.815950" lon="120.993230"></trkpt>
      <trkpt lat="24.816020" lon="120.993400"></trkpt>
      <trkpt lat="24.816080" lon="120.993570"></trkpt>
      <trkpt lat="24.816130" lon="120.993610"></trkpt>
      <trkpt lat="24.816190" lon="120.993670"></trkpt>
      <trkpt lat="24.816330" lon="120.993770"></trkpt>
      <trkpt lat="24.817160" lon="120.994350"></trkpt>
      <trkpt lat="24.817170" lon="120.994350"></trkpt>
      <trkpt lat="24.817360" lon="120.994490"></trkpt>
      <trkpt lat="24.817460" lon="120.994560"></trkpt>
      <trkpt lat="24.817610" lon="120.994660"></trkpt>
      <trkpt lat="24.817800" lon="120.994770"></trkpt>
      <trkpt lat="24.818800" lon="120.995390"></trkpt>
      <trkpt lat="24.819050" lon="120.995510"></trkpt>
      <trkpt lat="24.819240" lon="120.995580"></trkpt>
      <trkpt lat="24.819360" lon="120.995620"></trkpt>
      <trkpt lat="24.819720" lon="120.995720"></trkpt>
      <trkpt lat="24.819820" lon="120.995750"></trkpt>
      <trkpt lat="24.819990" lon="120.995800"></trkpt>
      <trkpt lat="24.820170" lon="120.995860"></trkpt>
      <trkpt lat="24.820340" lon="120.995910"></trkpt>
      <trkpt lat="24.820560" lon="120.995970"></trkpt>
      <trkpt lat="24.820800" lon="120.996040"></trkpt>
      <trkpt lat="24.821300" lon="120.996200"></trkpt>
      <trkpt lat="24.821510" lon="120.996270"></trkpt>
      <trkpt lat="24.821530" lon="120.996280"></trkpt>
      <trkpt lat="24.821630" lon="120.996310"></trkpt>
      <trkpt lat="24.821800" lon="120.996360"></trkpt>
      <trkpt lat="24.822160" lon="120.996460"></trkpt>
      <trkpt lat="24.822960" lon="120.996680"></trkpt>
      <trkpt lat="24.823830" lon="120.996940"></trkpt>
      <trkpt lat="24.823990" lon="120.996980"></trkpt>
      <trkpt lat="24.824350" lon="120.997080"></trkpt>
      <trkpt lat="24.824860" lon="120.997230"></trkpt>
      <trkpt lat="24.825010" lon="120.997270"></trkpt>
      <trkpt lat="24.825050" lon="120.997280"></trkpt>
      <trkpt lat="24.825170" lon="120.997310"></trkpt>
      <trkpt lat="24.825230" lon="120.997320"></trkpt>
      <trkpt lat="24.825300" lon="120.997330"></trkpt>
      <trkpt lat="24.825330" lon="120.997340"></trkpt>
      <trkpt lat="24.825380" lon="120.997350"></trkpt>
      <trkpt lat="24.825510" lon="120.997400"></trkpt>
      <trkpt lat="24.825460" lon="120.997500"></trkpt>
      <trkpt lat="24.825260" lon="120.997920"></trkpt>
      <trkpt lat="24.825250" lon="120.997940"></trkpt>
      <trkpt lat="24.825180" lon="120.998100"></trkpt>
      <trkpt lat="24.825130" lon="120.998240"></trkpt>
      <trkpt lat="24.825060" lon="120.998370"></trkpt>
      <trkpt lat="24.824820" lon="120.998940"></trkpt>
      <trkpt lat="24.824770" lon="120.999070"></trkpt>
      <trkpt lat="24.824700" lon="120.999220"></trkpt>
      <trkpt lat="24.824410" lon="120.999820"></trkpt>
      <trkpt lat="24.824210" lon="121.000310"></trkpt>
      <trkpt lat="24.824110" lon="121.000520"></trkpt>
      <trkpt lat="24.824020" lon="121.000700"></trkpt>
      <trkpt lat="24.823900" lon="121.000940"></trkpt>
      <trkpt lat="24.823750" lon="121.001210"></trkpt>
      <trkpt lat="24.823210" lon="121.002120"></trkpt>
      <trkpt lat="24.823020" lon="121.002440"></trkpt>
      <trkpt lat="24.822860" lon="121.002720"></trkpt>
      <trkpt lat="24.822710" lon="121.003000"></trkpt>
      <trkpt lat="24.822520" lon="121.003330"></trkpt>
      <trkpt lat="24.822080" lon="121.004110"></trkpt>
      <trkpt lat="24.821830" lon="121.004540"></trkpt>
      <trkpt lat="24.821640" lon="121.004890"></trkpt>
      <trkpt lat="24.821060" lon="121.005930"></trkpt>
      <trkpt lat="24.821050" lon="121.005940"></trkpt>
      <trkpt lat="24.820990" lon="121.006040"></trkpt>
      <trkpt lat="24.820640" lon="121.006650"></trkpt>
      <trkpt lat="24.820610" lon="121.006700"></trkpt>
      <trkpt lat="24.820120" lon="121.007590"></trkpt>
      <trkpt lat="24.819950" lon="121.007870"></trkpt>
      <trkpt lat="24.819690" lon="121.008300"></trkpt>
      <trkpt lat="24.819430" lon="121.008710"></trkpt>
      <trkpt lat="24.819170" lon="121.009100"></trkpt>
      <trkpt lat="24.818700" lon="121.009790"></trkpt>
      <trkpt lat="24.818470" lon="121.010140"></trkpt>
      <trkpt lat="24.818360" lon="121.010300"></trkpt>
      <trkpt lat="24.818140" lon="121.010610"></trkpt>
      <trkpt lat="24.818070" lon="121.010710"></trkpt>
      <trkpt lat="24.818050" lon="121.010740"></trkpt>
      <trkpt lat="24.817850" lon="121.011050"></trkpt>
      <trkpt lat="24.817790" lon="121.011140"></trkpt>
      <trkpt lat="24.817850" lon="121.011180"></trkpt>
      <trkpt lat="24.818870" lon="121.011930"></trkpt>
      <trkpt lat="24.820030" lon="121.012740"></trkpt>
      <trkpt lat="24.820130" lon="121.012790"></trkpt>
      <trkpt lat="24.820550" lon="121.012990"></trkpt>
      <trkpt lat="24.821080" lon="121.013240"></trkpt>
      <trkpt lat="24.821340" lon="121.013370"></trkpt>
      <trkpt lat="24.821420" lon="121.013410"></trkpt>
      <trkpt lat="24.821500" lon="121.013450"></trkpt>
      <trkpt lat="24.821730" lon="121.013580"></trkpt>
      <trkpt lat="24.822880" lon="121.014160"></trkpt>
      <trkpt lat="24.822960" lon="121.014200"></trkpt>
      <trkpt lat="24.823670" lon="121.014500"></trkpt>
      <trkpt lat="24.823840" lon="121.014610"></trkpt>
      <trkpt lat="24.824040" lon="121.014700"></trkpt>
      <trkpt lat="24.824150" lon="121.014760"></trkpt>
      <trkpt lat="24.824450" lon="121.014900"></trkpt>
      <trkpt lat="24.824580" lon="121.014970"></trkpt>
      <trkpt lat="24.825090" lon="121.015210"></trkpt>
      <trkpt lat="24.825250" lon="121.015280"></trkpt>
      <trkpt lat="24.825420" lon="121.015360"></trkpt>
      <trkpt lat="24.825490" lon="121.015390"></trkpt>
      <trkpt lat="24.825750" lon="121.015530"></trkpt>
      <trkpt lat="24.826090" lon="121.015700"></trkpt>
      <trkpt lat="24.826750" lon="121.016000"></trkpt>
      <trkpt lat="24.826910" lon="121.016080"></trkpt>
      <trkpt lat="24.827710" lon="121.016500"></trkpt>
      <trkpt lat="24.828270" lon="121.016780"></trkpt>
      <trkpt lat="24.829570" lon="121.017410"></trkpt>
      <trkpt lat="24.829930" lon="121.017580"></trkpt>
      <trkpt lat="24.830540" lon="121.017870"></trkpt>
      <trkpt lat="24.831140" lon="121.018160"></trkpt>
      <trkpt lat="24.831770" lon="121.018460"></trkpt>
      <trkpt lat="24.832270" lon="121.018700"></trkpt>
      <trkpt lat="24.832780" lon="121.018960"></trkpt>
      <trkpt lat="24.833530" lon="121.019330"></trkpt>
      <trkpt lat="24.833920" lon="121.019520"></trkpt>
      <trkpt lat="24.834270" lon="121.019690"></trkpt>
      <trkpt lat="24.835180" lon="121.020110"></trkpt>
      <trkpt lat="24.835500" lon="121.020260"></trkpt>
      <trkpt lat="24.835590" lon="121.020300"></trkpt>
      <trkpt lat="24.835370" lon="121.020730"></trkpt>
      <trkpt lat="24.834790" lon="121.021830"></trkpt>
      <trkpt lat="24.834660" lon="121.022060"></trkpt>
      <trkpt lat="24.834640" lon="121.022100"></trkpt>
      <trkpt lat="24.834620" lon="121.022160"></trkpt>
      <trkpt lat="24.834590" lon="121.022250"></trkpt>
      <trkpt lat="24.834570" lon="121.022350"></trkpt>
      <trkpt lat="24.834500" lon="121.022820"></trkpt>
      <trkpt lat="24.834330" lon="121.024130"></trkpt>
      <trkpt lat="24.834320" lon="121.024180"></trkpt>
      <trkpt lat="24.834280" lon="121.024510"></trkpt>
      <trkpt lat="24.834180" lon="121.025500"></trkpt>
      <trkpt lat="24.834170" lon="121.025710"></trkpt>
      <trkpt lat="24.834080" lon="121.026450"></trkpt>
      <trkpt lat="24.834050" lon="121.026600"></trkpt>
      <trkpt lat="24.834040" lon="121.026780"></trkpt>
      <trkpt lat="24.834040" lon="121.026830"></trkpt>
      <trkpt lat="24.834030" lon="121.026960"></trkpt>
      <trkpt lat="24.834020" lon="121.027020"></trkpt>
      <trkpt lat="24.833980" lon="121.027240"></trkpt>
      <trkpt lat="24.833950" lon="121.027370"></trkpt>
      <trkpt lat="24.833910" lon="121.027510"></trkpt>
      <trkpt lat="24.833880" lon="121.027590"></trkpt>
      <trkpt lat="24.833850" lon="121.027660"></trkpt>
      <trkpt lat="24.833770" lon="121.027830"></trkpt>
      <trkpt lat="24.833670" lon="121.028010"></trkpt>
      <trkpt lat="24.833560" lon="121.028190"></trkpt>
      <trkpt lat="24.833490" lon="121.028300"></trkpt>
      <trkpt lat="24.833030" lon="121.029110"></trkpt>
      <trkpt lat="24.832940" lon="121.029280"></trkpt>
      <trkpt lat="24.832490" lon="121.030100"></trkpt>
      <trkpt lat="24.832290" lon="121.030500"></trkpt>
      <trkpt lat="24.832070" lon="121.030870"></trkpt>
      <trkpt lat="24.832010" lon="121.031040"></trkpt>
      <trkpt lat="24.831950" lon="121.031160"></trkpt>
      <trkpt lat="24.831840" lon="121.031370"></trkpt>
      <trkpt lat="24.831730" lon="121.031570"></trkpt>
      <trkpt lat="24.831560" lon="121.031850"></trkpt>
      <trkpt lat="24.831380" lon="121.032180"></trkpt>
      <trkpt lat="24.831310" lon="121.032360"></trkpt>
      <trkpt lat="24.831300" lon="121.032390"></trkpt>
      <trkpt lat="24.831290" lon="121.032410"></trkpt>
      <trkpt lat="24.831250" lon="121.032530"></trkpt>
      <trkpt lat="24.831220" lon="121.032650"></trkpt>
      <trkpt lat="24.831200" lon="121.032800"></trkpt>
      <trkpt lat="24.831170" lon="121.032960"></trkpt>
      <trkpt lat="24.831090" lon="121.033660"></trkpt>
      <trkpt lat="24.831070" lon="121.033800"></trkpt>
      <trkpt lat="24.831000" lon="121.034500"></trkpt>
      <trkpt lat="24.830950" lon="121.034980"></trkpt>
      <trkpt lat="24.830720" lon="121.036320"></trkpt>
      <trkpt lat="24.830710" lon="121.036440"></trkpt>
      <trkpt lat="24.830690" lon="121.036700"></trkpt>
      <trkpt lat="24.830480" lon="121.037880"></trkpt>
      <trkpt lat="24.830460" lon="121.038190"></trkpt>
      <trkpt lat="24.830330" lon="121.039050"></trkpt>
      <trkpt lat="24.830230" lon="121.039760"></trkpt>
      <trkpt lat="24.830050" lon="121.040740"></trkpt>
      <trkpt lat="24.829840" lon="121.042080"></trkpt>
      <trkpt lat="24.829760" lon="121.042450"></trkpt>
      <trkpt lat="24.829710" lon="121.042610"></trkpt>
      <trkpt lat="24.829600" lon="121.042770"></trkpt>
      <trkpt lat="24.829530" lon="121.042870"></trkpt>
      <trkpt lat="24.829400" lon="121.043020"></trkpt>
      <trkpt lat="24.829170" lon="121.043260"></trkpt>
      <trkpt lat="24.829100" lon="121.043340"></trkpt>
      <trkpt lat="24.829090" lon="121.043350"></trkpt>
      <trkpt lat="24.829040" lon="121.043390"></trkpt>
      <trkpt lat="24.829010" lon="121.043420"></trkpt>
      <trkpt lat="24.828920" lon="121.043540"></trkpt>
      <trkpt lat="24.828890" lon="121.043590"></trkpt>
      <trkpt lat="24.828830" lon="121.043710"></trkpt>
      <trkpt lat="24.828690" lon="121.043990"></trkpt>
      <trkpt lat="24.828220" lon="121.045360"></trkpt>
      <trkpt lat="24.828210" lon="121.045390"></trkpt>
      <trkpt lat="24.828170" lon="121.045500"></trkpt>
      <trkpt lat="24.828160" lon="121.045540"></trkpt>
      <trkpt lat="24.827720" lon="121.046900"></trkpt>
      <trkpt lat="24.827700" lon="121.046970"></trkpt>
      <trkpt lat="24.827660" lon="121.047060"></trkpt>
      <trkpt lat="24.827490" lon="121.047680"></trkpt>
      <trkpt lat="24.827450" lon="121.047840"></trkpt>
      <trkpt lat="24.827380" lon="121.048090"></trkpt>
      <trkpt lat="24.827350" lon="121.048200"></trkpt>
      <trkpt lat="24.827320" lon="121.048350"></trkpt>
      <trkpt lat="24.827260" lon="121.048670"></trkpt>
      <trkpt lat="24.827090" lon="121.049360"></trkpt>
      <trkpt lat="24.826690" lon="121.051210"></trkpt>
      <trkpt lat="24.826590" lon="121.051700"></trkpt>
      <trkpt lat="24.826240" lon="121.053120"></trkpt>
      <trkpt lat="24.826200" lon="121.053480"></trkpt>
      <trkpt lat="24.826120" lon="121.053870"></trkpt>
      <trkpt lat="24.826070" lon="121.054070"></trkpt>
      <trkpt lat="24.826040" lon="121.054150"></trkpt>
      <trkpt lat="24.826000" lon="121.054340"></trkpt>
      <trkpt lat="24.825790" lon="121.055240"></trkpt>
      <trkpt lat="24.825730" lon="121.055570"></trkpt>
      <trkpt lat="24.825530" lon="121.056330"></trkpt>
      <trkpt lat="24.825480" lon="121.056520"></trkpt>
      <trkpt lat="24.825420" lon="121.056780"></trkpt>
      <trkpt lat="24.825320" lon="121.057270"></trkpt>
      <trkpt lat="24.825280" lon="121.057410"></trkpt>
      <trkpt lat="24.825240" lon="121.057610"></trkpt>
      <trkpt lat="24.825200" lon="121.057800"></trkpt>
      <trkpt lat="24.824890" lon="121.059190"></trkpt>
      <trkpt lat="24.824590" lon="121.060640"></trkpt>
      <trkpt lat="24.824520" lon="121.060950"></trkpt>
      <trkpt lat="24.824490" lon="121.061090"></trkpt>
      <trkpt lat="24.824460" lon="121.061260"></trkpt>
      <trkpt lat="24.824440" lon="121.061410"></trkpt>
      <trkpt lat="24.824420" lon="121.061560"></trkpt>
      <trkpt lat="24.824420" lon="121.061720"></trkpt>
      <trkpt lat="24.824440" lon="121.061860"></trkpt>
      <trkpt lat="24.824500" lon="121.062140"></trkpt>
      <trkpt lat="24.824520" lon="121.062210"></trkpt>
      <trkpt lat="24.824740" lon="121.062960"></trkpt>
      <trkpt lat="24.824910" lon="121.063530"></trkpt>
      <trkpt lat="24.825080" lon="121.064100"></trkpt>
      <trkpt lat="24.825170" lon="121.064410"></trkpt>
      <trkpt lat="24.825190" lon="121.064470"></trkpt>
      <trkpt lat="24.825190" lon="121.064480"></trkpt>
      <trkpt lat="24.825230" lon="121.064600"></trkpt>
      <trkpt lat="24.825300" lon="121.064780"></trkpt>
      <trkpt lat="24.825370" lon="121.064860"></trkpt>
      <trkpt lat="24.825390" lon="121.064890"></trkpt>
      <trkpt lat="24.825490" lon="121.065100"></trkpt>
      <trkpt lat="24.825530" lon="121.065170"></trkpt>
      <trkpt lat="24.825610" lon="121.065340"></trkpt>
      <trkpt lat="24.825720" lon="121.065570"></trkpt>
      <trkpt lat="24.825980" lon="121.066040"></trkpt>
      <trkpt lat="24.826070" lon="121.066190"></trkpt>
      <trkpt lat="24.826160" lon="121.066340"></trkpt>
      <trkpt lat="24.826170" lon="121.066360"></trkpt>
      <trkpt lat="24.826260" lon="121.066510"></trkpt>
      <trkpt lat="24.826650" lon="121.067190"></trkpt>
      <trkpt lat="24.826750" lon="121.067360"></trkpt>
      <trkpt lat="24.826910" lon="121.067630"></trkpt>
      <trkpt lat="24.826960" lon="121.067700"></trkpt>
      <trkpt lat="24.827130" lon="121.067980"></trkpt>
      <trkpt lat="24.826950" lon="121.068310"></trkpt>
      <trkpt lat="24.826840" lon="121.068620"></trkpt>
      <trkpt lat="24.826820" lon="121.068730"></trkpt>
      <trkpt lat="24.826720" lon="121.069130"></trkpt>
      <trkpt lat="24.826500" lon="121.069650"></trkpt>
      <trkpt lat="24.826360" lon="121.070040"></trkpt>
      <trkpt lat="24.826170" lon="121.070590"></trkpt>
      <trkpt lat="24.825940" lon="121.071300"></trkpt>
      <trkpt lat="24.825810" lon="121.071790"></trkpt>
      <trkpt lat="24.825740" lon="121.072020"></trkpt>
      <trkpt lat="24.825700" lon="121.072210"></trkpt>
      <trkpt lat="24.825670" lon="121.072420"></trkpt>
      <trkpt lat="24.825610" lon="121.072790"></trkpt>
      <trkpt lat="24.825540" lon="121.073340"></trkpt>
      <trkpt lat="24.825400" lon="121.074370"></trkpt>
      <trkpt lat="24.825380" lon="121.074460"></trkpt>
      <trkpt lat="24.825340" lon="121.074770"></trkpt>
      <trkpt lat="24.825320" lon="121.074860"></trkpt>
      <trkpt lat="24.825270" lon="121.075160"></trkpt>
      <trkpt lat="24.825260" lon="121.075170"></trkpt>
      <trkpt lat="24.825230" lon="121.075300"></trkpt>
      <trkpt lat="24.825190" lon="121.075490"></trkpt>
      <trkpt lat="24.825140" lon="121.075710"></trkpt>
      <trkpt lat="24.825090" lon="121.075870"></trkpt>
      <trkpt lat="24.824970" lon="121.076390"></trkpt>
      <trkpt lat="24.824950" lon="121.076490"></trkpt>
      <trkpt lat="24.824940" lon="121.076530"></trkpt>
      <trkpt lat="24.824840" lon="121.076950"></trkpt>
      <trkpt lat="24.824800" lon="121.077180"></trkpt>
      <trkpt lat="24.824790" lon="121.077310"></trkpt>
      <trkpt lat="24.824780" lon="121.077460"></trkpt>
      <trkpt lat="24.824770" lon="121.077710"></trkpt>
      <trkpt lat="24.824760" lon="121.078060"></trkpt>
      <trkpt lat="24.824730" lon="121.078270"></trkpt>
      <trkpt lat="24.824700" lon="121.078560"></trkpt>
      <trkpt lat="24.824630" lon="121.079020"></trkpt>
      <trkpt lat="24.824600" lon="121.079330"></trkpt>
      <trkpt lat="24.824560" lon="121.080140"></trkpt>
      <trkpt lat="24.824520" lon="121.080600"></trkpt>
      <trkpt lat="24.824450" lon="121.081190"></trkpt>
      <trkpt lat="24.824430" lon="121.081460"></trkpt>
      <trkpt lat="24.824440" lon="121.082020"></trkpt>
      <trkpt lat="24.824490" lon="121.082300"></trkpt>
      <trkpt lat="24.824500" lon="121.082370"></trkpt>
      <trkpt lat="24.824500" lon="121.082410"></trkpt>
      <trkpt lat="24.824550" lon="121.082810"></trkpt>
      <trkpt lat="24.824580" lon="121.082990"></trkpt>
      <trkpt lat="24.824650" lon="121.083330"></trkpt>
      <trkpt lat="24.824690" lon="121.083550"></trkpt>
      <trkpt lat="24.824800" lon="121.083970"></trkpt>
      <trkpt lat="24.824950" lon="121.084490"></trkpt>
      <trkpt lat="24.824980" lon="121.084590"></trkpt>
      <trkpt lat="24.825180" lon="121.085350"></trkpt>
      <trkpt lat="24.825180" lon="121.085370"></trkpt>
      <trkpt lat="24.825240" lon="121.085530"></trkpt>
      <trkpt lat="24.825600" lon="121.086330"></trkpt>
      <trkpt lat="24.825690" lon="121.086500"></trkpt>
      <trkpt lat="24.825500" lon="121.086850"></trkpt>
      <trkpt lat="24.825220" lon="121.087350"></trkpt>
      <trkpt lat="24.825130" lon="121.087520"></trkpt>
      <trkpt lat="24.824960" lon="121.087840"></trkpt>
      <trkpt lat="24.824930" lon="121.087900"></trkpt>
      <trkpt lat="24.824740" lon="121.088240"></trkpt>
      <trkpt lat="24.824640" lon="121.088410"></trkpt>
      <trkpt lat="24.824550" lon="121.088570"></trkpt>
      <trkpt lat="24.824290" lon="121.089050"></trkpt>
      <trkpt lat="24.824150" lon="121.089310"></trkpt>
      <trkpt lat="24.823950" lon="121.089670"></trkpt>
      <trkpt lat="24.823640" lon="121.090240"></trkpt>
      <trkpt lat="24.823510" lon="121.090470"></trkpt>
      <trkpt lat="24.823320" lon="121.090870"></trkpt>
      <trkpt lat="24.823270" lon="121.091000"></trkpt>
      <trkpt lat="24.823070" lon="121.091450"></trkpt>
      <trkpt lat="24.822950" lon="121.091720"></trkpt>
      <trkpt lat="24.822720" lon="121.092280"></trkpt>
      <trkpt lat="24.822650" lon="121.092460"></trkpt>
      <trkpt lat="24.822630" lon="121.092530"></trkpt>
      <trkpt lat="24.822280" lon="121.093440"></trkpt>
      <trkpt lat="24.822050" lon="121.094040"></trkpt>
      <trkpt lat="24.821880" lon="121.094410"></trkpt>
      <trkpt lat="24.821830" lon="121.094540"></trkpt>
      <trkpt lat="24.821670" lon="121.094830"></trkpt>
      <trkpt lat="24.821480" lon="121.095180"></trkpt>
      <trkpt lat="24.821180" lon="121.095720"></trkpt>
      <trkpt lat="24.821030" lon="121.095970"></trkpt>
      <trkpt lat="24.820740" lon="121.096480"></trkpt>
      <trkpt lat="24.820130" lon="121.097600"></trkpt>
      <trkpt lat="24.820100" lon="121.097660"></trkpt>
      <trkpt lat="24.819860" lon="121.098110"></trkpt>
      <trkpt lat="24.819430" lon="121.098910"></trkpt>
      <trkpt lat="24.819150" lon="121.099440"></trkpt>
      <trkpt lat="24.819010" lon="121.099690"></trkpt>
      <trkpt lat="24.818740" lon="121.100250"></trkpt>
      <trkpt lat="24.818130" lon="121.101400"></trkpt>
      <trkpt lat="24.818010" lon="121.101660"></trkpt>
      <trkpt lat="24.817540" lon="121.102690"></trkpt>
      <trkpt lat="24.817420" lon="121.102980"></trkpt>
      <trkpt lat="24.817330" lon="121.103240"></trkpt>
      <trkpt lat="24.817310" lon="121.103290"></trkpt>
      <trkpt lat="24.817190" lon="121.103640"></trkpt>
      <trkpt lat="24.817190" lon="121.103680"></trkpt>
      <trkpt lat="24.817030" lon="121.104370"></trkpt>
      <trkpt lat="24.816870" lon="121.105130"></trkpt>
      <trkpt lat="24.816680" lon="121.106190"></trkpt>
      <trkpt lat="24.816600" lon="121.106800"></trkpt>
      <trkpt lat="24.816560" lon="121.107100"></trkpt>
      <trkpt lat="24.816540" lon="121.107280"></trkpt>
      <trkpt lat="24.816530" lon="121.107480"></trkpt>
      <trkpt lat="24.816510" lon="121.107850"></trkpt>
      <trkpt lat="24.816510" lon="121.108210"></trkpt>
      <trkpt lat="24.816510" lon="121.108280"></trkpt>
      <trkpt lat="24.816530" lon="121.109080"></trkpt>
      <trkpt lat="24.816520" lon="121.109130"></trkpt>
      <trkpt lat="24.816530" lon="121.109590"></trkpt>
      <trkpt lat="24.816530" lon="121.110810"></trkpt>
      <trkpt lat="24.816510" lon="121.111650"></trkpt>
      <trkpt lat="24.816450" lon="121.112240"></trkpt>
      <trkpt lat="24.816390" lon="121.112870"></trkpt>
      <trkpt lat="24.816360" lon="121.113100"></trkpt>
      <trkpt lat="24.816290" lon="121.113530"></trkpt>
      <trkpt lat="24.816080" lon="121.114840"></trkpt>
      <trkpt lat="24.816050" lon="121.115020"></trkpt>
      <trkpt lat="24.815850" lon="121.116390"></trkpt>
      <trkpt lat="24.815740" lon="121.117150"></trkpt>
      <trkpt lat="24.815360" lon="121.119710"></trkpt>
      <trkpt lat="24.815300" lon="121.120260"></trkpt>
      <trkpt lat="24.815100" lon="121.121560"></trkpt>
      <trkpt lat="24.815080" lon="121.121650"></trkpt>
      <trkpt lat="24.814820" lon="121.123330"></trkpt>
      <trkpt lat="24.814600" lon="121.124380"></trkpt>
      <trkpt lat="24.814470" lon="121.125010"></trkpt>
      <trkpt lat="24.814440" lon="121.125170"></trkpt>
      <trkpt lat="24.814290" lon="121.125770"></trkpt>
      <trkpt lat="24.814000" lon="121.127060"></trkpt>
      <trkpt lat="24.813850" lon="121.127650"></trkpt>
      <trkpt lat="24.813760" lon="121.127990"></trkpt>
      <trkpt lat="24.813700" lon="121.128160"></trkpt>
      <trkpt lat="24.813660" lon="121.128280"></trkpt>
      <trkpt lat="24.813600" lon="121.128390"></trkpt>
      <trkpt lat="24.813560" lon="121.128450"></trkpt>
      <trkpt lat="24.813230" lon="121.128890"></trkpt>
      <trkpt lat="24.813060" lon="121.129100"></trkpt>
      <trkpt lat="24.812890" lon="121.129310"></trkpt>
      <trkpt lat="24.812790" lon="121.129450"></trkpt>
      <trkpt lat="24.812740" lon="121.129540"></trkpt>
      <trkpt lat="24.812670" lon="121.129650"></trkpt>
      <trkpt lat="24.812500" lon="121.130110"></trkpt>
      <trkpt lat="24.812460" lon="121.130210"></trkpt>
      <trkpt lat="24.812430" lon="121.130310"></trkpt>
      <trkpt lat="24.812390" lon="121.130410"></trkpt>
      <trkpt lat="24.812330" lon="121.130560"></trkpt>
      <trkpt lat="24.812010" lon="121.131400"></trkpt>
      <trkpt lat="24.811950" lon="121.131570"></trkpt>
      <trkpt lat="24.811920" lon="121.131660"></trkpt>
      <trkpt lat="24.811830" lon="121.131940"></trkpt>
      <trkpt lat="24.811410" lon="121.133170"></trkpt>
      <trkpt lat="24.811340" lon="121.133370"></trkpt>
      <trkpt lat="24.811270" lon="121.133550"></trkpt>
      <trkpt lat="24.811140" lon="121.133920"></trkpt>
      <trkpt lat="24.810640" lon="121.135390"></trkpt>
      <trkpt lat="24.810540" lon="121.135660"></trkpt>
      <trkpt lat="24.810330" lon="121.136270"></trkpt>
      <trkpt lat="24.810210" lon="121.136610"></trkpt>
      <trkpt lat="24.810100" lon="121.136900"></trkpt>
      <trkpt lat="24.810040" lon="121.137090"></trkpt>
      <trkpt lat="24.810030" lon="121.137110"></trkpt>
      <trkpt lat="24.809930" lon="121.137370"></trkpt>
      <trkpt lat="24.809900" lon="121.137450"></trkpt>
      <trkpt lat="24.809050" lon="121.139810"></trkpt>
      <trkpt lat="24.808990" lon="121.139960"></trkpt>
      <trkpt lat="24.808950" lon="121.140090"></trkpt>
      <trkpt lat="24.808600" lon="121.141060"></trkpt>
      <trkpt lat="24.808470" lon="121.141430"></trkpt>
      <trkpt lat="24.808310" lon="121.141840"></trkpt>
      <trkpt lat="24.808240" lon="121.141970"></trkpt>
      <trkpt lat="24.808090" lon="121.142290"></trkpt>
      <trkpt lat="24.807720" lon="121.143010"></trkpt>
      <trkpt lat="24.807630" lon="121.143180"></trkpt>
      <trkpt lat="24.807450" lon="121.143530"></trkpt>
      <trkpt lat="24.807360" lon="121.143700"></trkpt>
      <trkpt lat="24.807180" lon="121.144040"></trkpt>
      <trkpt lat="24.807130" lon="121.144140"></trkpt>
      <trkpt lat="24.806980" lon="121.144440"></trkpt>
      <trkpt lat="24.806700" lon="121.145000"></trkpt>
      <trkpt lat="24.806650" lon="121.145090"></trkpt>
      <trkpt lat="24.806610" lon="121.145180"></trkpt>
      <trkpt lat="24.806520" lon="121.145360"></trkpt>
      <trkpt lat="24.806390" lon="121.145610"></trkpt>
      <trkpt lat="24.806340" lon="121.145730"></trkpt>
      <trkpt lat="24.806280" lon="121.145830"></trkpt>
      <trkpt lat="24.806220" lon="121.145950"></trkpt>
      <trkpt lat="24.806000" lon="121.146410"></trkpt>
      <trkpt lat="24.805880" lon="121.146670"></trkpt>
      <trkpt lat="24.805580" lon="121.147220"></trkpt>
      <trkpt lat="24.805560" lon="121.147250"></trkpt>
      <trkpt lat="24.805490" lon="121.147290"></trkpt>
      <trkpt lat="24.805480" lon="121.147300"></trkpt>
      <trkpt lat="24.805330" lon="121.147550"></trkpt>
      <trkpt lat="24.805190" lon="121.147810"></trkpt>
      <trkpt lat="24.805090" lon="121.148040"></trkpt>
      <trkpt lat="24.805040" lon="121.148210"></trkpt>
      <trkpt lat="24.805030" lon="121.148260"></trkpt>
      <trkpt lat="24.805020" lon="121.148330"></trkpt>
      <trkpt lat="24.805010" lon="121.148440"></trkpt>
      <trkpt lat="24.805010" lon="121.148550"></trkpt>
      <trkpt lat="24.805030" lon="121.148730"></trkpt>
      <trkpt lat="24.805050" lon="121.148880"></trkpt>
      <trkpt lat="24.805140" lon="121.149230"></trkpt>
      <trkpt lat="24.805230" lon="121.149740"></trkpt>
      <trkpt lat="24.805240" lon="121.150010"></trkpt>
      <trkpt lat="24.805230" lon="121.150210"></trkpt>
      <trkpt lat="24.805220" lon="121.150290"></trkpt>
      <trkpt lat="24.805190" lon="121.150530"></trkpt>
      <trkpt lat="24.805150" lon="121.150770"></trkpt>
      <trkpt lat="24.805030" lon="121.151620"></trkpt>
      <trkpt lat="24.805020" lon="121.151740"></trkpt>
      <trkpt lat="24.804970" lon="121.152020"></trkpt>
      <trkpt lat="24.804950" lon="121.152130"></trkpt>
      <trkpt lat="24.804880" lon="121.152340"></trkpt>
      <trkpt lat="24.804790" lon="121.152620"></trkpt>
      <trkpt lat="24.804470" lon="121.153330"></trkpt>
      <trkpt lat="24.804400" lon="121.153480"></trkpt>
      <trkpt lat="24.804340" lon="121.153640"></trkpt>
      <trkpt lat="24.804290" lon="121.153770"></trkpt>
      <trkpt lat="24.804250" lon="121.153890"></trkpt>
      <trkpt lat="24.804250" lon="121.153900"></trkpt>
      <trkpt lat="24.804240" lon="121.153960"></trkpt>
      <trkpt lat="24.804230" lon="121.154030"></trkpt>
      <trkpt lat="24.804220" lon="121.154090"></trkpt>
      <trkpt lat="24.804220" lon="121.154160"></trkpt>
      <trkpt lat="24.804220" lon="121.154180"></trkpt>
      <trkpt lat="24.804230" lon="121.154320"></trkpt>
      <trkpt lat="24.804230" lon="121.154400"></trkpt>
      <trkpt lat="24.804370" lon="121.154910"></trkpt>
      <trkpt lat="24.804390" lon="121.155030"></trkpt>
      <trkpt lat="24.804400" lon="121.155110"></trkpt>
      <trkpt lat="24.804410" lon="121.155170"></trkpt>
      <trkpt lat="24.804420" lon="121.155350"></trkpt>
      <trkpt lat="24.804410" lon="121.155550"></trkpt>
      <trkpt lat="24.804400" lon="121.155620"></trkpt>
      <trkpt lat="24.804330" lon="121.155980"></trkpt>
      <trkpt lat="24.804330" lon="121.155990"></trkpt>
      <trkpt lat="24.804350" lon="121.156100"></trkpt>
      <trkpt lat="24.804260" lon="121.156570"></trkpt>
      <trkpt lat="24.804170" lon="121.156990"></trkpt>
      <trkpt lat="24.804130" lon="121.157180"></trkpt>
      <trkpt lat="24.804080" lon="121.157400"></trkpt>
      <trkpt lat="24.804060" lon="121.157550"></trkpt>
      <trkpt lat="24.804050" lon="121.157620"></trkpt>
      <trkpt lat="24.804040" lon="121.157810"></trkpt>
      <trkpt lat="24.804050" lon="121.157940"></trkpt>
      <trkpt lat="24.804080" lon="121.158540"></trkpt>
      <trkpt lat="24.804110" lon="121.159080"></trkpt>
      <trkpt lat="24.804120" lon="121.159130"></trkpt>
      <trkpt lat="24.804140" lon="121.159550"></trkpt>
      <trkpt lat="24.804140" lon="121.159730"></trkpt>
      <trkpt lat="24.804130" lon="121.159910"></trkpt>
      <trkpt lat="24.804120" lon="121.160200"></trkpt>
      <trkpt lat="24.804120" lon="121.160210"></trkpt>
      <trkpt lat="24.804110" lon="121.160270"></trkpt>
      <trkpt lat="24.804070" lon="121.160740"></trkpt>
      <trkpt lat="24.804020" lon="121.161290"></trkpt>
      <trkpt lat="24.803980" lon="121.161480"></trkpt>
      <trkpt lat="24.803940" lon="121.161660"></trkpt>
      <trkpt lat="24.803860" lon="121.161910"></trkpt>
      <trkpt lat="24.803780" lon="121.162120"></trkpt>
      <trkpt lat="24.803690" lon="121.162290"></trkpt>
      <trkpt lat="24.803680" lon="121.162330"></trkpt>
      <trkpt lat="24.803600" lon="121.162460"></trkpt>
      <trkpt lat="24.803580" lon="121.162490"></trkpt>
      <trkpt lat="24.803490" lon="121.162620"></trkpt>
      <trkpt lat="24.803430" lon="121.162710"></trkpt>
      <trkpt lat="24.803320" lon="121.162860"></trkpt>
      <trkpt lat="24.803010" lon="121.163290"></trkpt>
      <trkpt lat="24.802790" lon="121.163590"></trkpt>
      <trkpt lat="24.802710" lon="121.163700"></trkpt>
      <trkpt lat="24.802700" lon="121.163700"></trkpt>
      <trkpt lat="24.802470" lon="121.164030"></trkpt>
      <trkpt lat="24.802320" lon="121.164210"></trkpt>
      <trkpt lat="24.802310" lon="121.164220"></trkpt>
      <trkpt lat="24.802230" lon="121.164250"></trkpt>
      <trkpt lat="24.802220" lon="121.164250"></trkpt>
      <trkpt lat="24.802210" lon="121.164250"></trkpt>
      <trkpt lat="24.802210" lon="121.164260"></trkpt>
      <trkpt lat="24.802160" lon="121.164320"></trkpt>
      <trkpt lat="24.802030" lon="121.164460"></trkpt>
      <trkpt lat="24.801890" lon="121.164580"></trkpt>
      <trkpt lat="24.801890" lon="121.164590"></trkpt>
      <trkpt lat="24.801300" lon="121.165030"></trkpt>
      <trkpt lat="24.800810" lon="121.165350"></trkpt>
      <trkpt lat="24.800580" lon="121.165530"></trkpt>
      <trkpt lat="24.800400" lon="121.165690"></trkpt>
      <trkpt lat="24.800360" lon="121.165720"></trkpt>
      <trkpt lat="24.800330" lon="121.165740"></trkpt>
      <trkpt lat="24.800210" lon="121.165860"></trkpt>
      <trkpt lat="24.800200" lon="121.165870"></trkpt>
      <trkpt lat="24.800050" lon="121.166030"></trkpt>
      <trkpt lat="24.799910" lon="121.166200"></trkpt>
      <trkpt lat="24.799800" lon="121.166340"></trkpt>
      <trkpt lat="24.799610" lon="121.166560"></trkpt>
      <trkpt lat="24.799470" lon="121.166780"></trkpt>
      <trkpt lat="24.799290" lon="121.167060"></trkpt>
      <trkpt lat="24.799170" lon="121.167290"></trkpt>
      <trkpt lat="24.799140" lon="121.167350"></trkpt>
      <trkpt lat="24.798990" lon="121.167690"></trkpt>
      <trkpt lat="24.798940" lon="121.167820"></trkpt>
      <trkpt lat="24.798910" lon="121.167920"></trkpt>
      <trkpt lat="24.798810" lon="121.168310"></trkpt>
      <trkpt lat="24.798740" lon="121.168650"></trkpt>
      <trkpt lat="24.798660" lon="121.169010"></trkpt>
      <trkpt lat="24.798620" lon="121.169250"></trkpt>
      <trkpt lat="24.798570" lon="121.169450"></trkpt>
      <trkpt lat="24.798520" lon="121.169650"></trkpt>
      <trkpt lat="24.798460" lon="121.169870"></trkpt>
      <trkpt lat="24.798340" lon="121.170230"></trkpt>
      <trkpt lat="24.798200" lon="121.170570"></trkpt>
      <trkpt lat="24.798140" lon="121.170700"></trkpt>
      <trkpt lat="24.798030" lon="121.170900"></trkpt>
      <trkpt lat="24.797960" lon="121.171010"></trkpt>
      <trkpt lat="24.797930" lon="121.171070"></trkpt>
      <trkpt lat="24.797920" lon="121.171110"></trkpt>
      <trkpt lat="24.797910" lon="121.171200"></trkpt>
      <trkpt lat="24.797800" lon="121.171360"></trkpt>
      <trkpt lat="24.797700" lon="121.171520"></trkpt>
      <trkpt lat="24.797600" lon="121.171680"></trkpt>
      <trkpt lat="24.797490" lon="121.171850"></trkpt>
      <trkpt lat="24.797210" lon="121.172240"></trkpt>
      <trkpt lat="24.797010" lon="121.172540"></trkpt>
      <trkpt lat="24.796820" lon="121.172790"></trkpt>
      <trkpt lat="24.796600" lon="121.173100"></trkpt>
      <trkpt lat="24.796310" lon="121.173520"></trkpt>
      <trkpt lat="24.796230" lon="121.173640"></trkpt>
      <trkpt lat="24.796040" lon="121.173930"></trkpt>
      <trkpt lat="24.795730" lon="121.174360"></trkpt>
      <trkpt lat="24.795590" lon="121.174550"></trkpt>
      <trkpt lat="24.795470" lon="121.174730"></trkpt>
      <trkpt lat="24.794980" lon="121.175470"></trkpt>
      <trkpt lat="24.794720" lon="121.175820"></trkpt>
      <trkpt lat="24.794600" lon="121.175960"></trkpt>
      <trkpt lat="24.794580" lon="121.175980"></trkpt>
      <trkpt lat="24.794480" lon="121.176050"></trkpt>
      <trkpt lat="24.794400" lon="121.176080"></trkpt>
      <trkpt lat="24.794340" lon="121.176090"></trkpt>
      <trkpt lat="24.794240" lon="121.176100"></trkpt>
      <trkpt lat="24.794070" lon="121.176110"></trkpt>
      <trkpt lat="24.794040" lon="121.176110"></trkpt>
      <trkpt lat="24.793740" lon="121.176060"></trkpt>
      <trkpt lat="24.793550" lon="121.176040"></trkpt>
      <trkpt lat="24.793520" lon="121.176190"></trkpt>
      <trkpt lat="24.793340" lon="121.176950"></trkpt>
      <trkpt lat="24.793330" lon="121.177020"></trkpt>
      <trkpt lat="24.793270" lon="121.177260"></trkpt>
      <trkpt lat="24.793240" lon="121.177380"></trkpt>
      <trkpt lat="24.793190" lon="121.177500"></trkpt>
      <trkpt lat="24.793120" lon="121.177680"></trkpt>
      <trkpt lat="24.793010" lon="121.177900"></trkpt>
      <trkpt lat="24.792570" lon="121.178770"></trkpt>
      <trkpt lat="24.792480" lon="121.178950"></trkpt>
      <trkpt lat="24.792430" lon="121.179030"></trkpt>
      <trkpt lat="24.792750" lon="121.179350"></trkpt>
      <trkpt lat="24.793130" lon="121.179740"></trkpt>
      <trkpt lat="24.793520" lon="121.180180"></trkpt>
      <trkpt lat="24.793680" lon="121.180310"></trkpt>
      <trkpt lat="24.794040" lon="121.180710"></trkpt>
      <trkpt lat="24.794280" lon="121.181000"></trkpt>
      <trkpt lat="24.794410" lon="121.181160"></trkpt>
      <trkpt lat="24.794470" lon="121.181240"></trkpt>
      <trkpt lat="24.794560" lon="121.181360"></trkpt>
      <trkpt lat="24.794720" lon="121.181650"></trkpt>
      <trkpt lat="24.795020" lon="121.182060"></trkpt>
      <trkpt lat="24.795230" lon="121.182360"></trkpt>
      <trkpt lat="24.795460" lon="121.182680"></trkpt>
      <trkpt lat="24.795710" lon="121.183010"></trkpt>
      <trkpt lat="24.795900" lon="121.183260"></trkpt>
      <trkpt lat="24.796020" lon="121.183400"></trkpt>
      <trkpt lat="24.796120" lon="121.183520"></trkpt>
      <trkpt lat="24.796180" lon="121.183580"></trkpt>
      <trkpt lat="24.796250" lon="121.183650"></trkpt>
      <trkpt lat="24.796300" lon="121.183700"></trkpt>
      <trkpt lat="24.796370" lon="121.183740"></trkpt>
      <trkpt lat="24.796440" lon="121.183780"></trkpt>
      <trkpt lat="24.796480" lon="121.183800"></trkpt>
      <trkpt lat="24.796530" lon="121.183810"></trkpt>
      <trkpt lat="24.796660" lon="121.183850"></trkpt>
      <trkpt lat="24.796680" lon="121.183860"></trkpt>
      <trkpt lat="24.796830" lon="121.183910"></trkpt>
      <trkpt lat="24.796940" lon="121.183940"></trkpt>
      <trkpt lat="24.797010" lon="121.183960"></trkpt>
      <trkpt lat="24.797180" lon="121.184020"></trkpt>
      <trkpt lat="24.797330" lon="121.184060"></trkpt>
      <trkpt lat="24.797530" lon="121.184120"></trkpt>
      <trkpt lat="24.797710" lon="121.184170"></trkpt>
      <trkpt lat="24.797780" lon="121.184190"></trkpt>
      <trkpt lat="24.797940" lon="121.184240"></trkpt>
      <trkpt lat="24.798080" lon="121.184300"></trkpt>
      <trkpt lat="24.798290" lon="121.184420"></trkpt>
      <trkpt lat="24.798420" lon="121.184510"></trkpt>
      <trkpt lat="24.798550" lon="121.184590"></trkpt>
      <trkpt lat="24.799330" lon="121.185120"></trkpt>
      <trkpt lat="24.799410" lon="121.185170"></trkpt>
      <trkpt lat="24.799490" lon="121.185220"></trkpt>
      <trkpt lat="24.799750" lon="121.185390"></trkpt>
      <trkpt lat="24.799930" lon="121.185510"></trkpt>
      <trkpt lat="24.799960" lon="121.185530"></trkpt>
      <trkpt lat="24.799980" lon="121.185550"></trkpt>
      <trkpt lat="24.800110" lon="121.185610"></trkpt>
      <trkpt lat="24.800200" lon="121.185640"></trkpt>
      <trkpt lat="24.800390" lon="121.185680"></trkpt>
      <trkpt lat="24.800540" lon="121.185690"></trkpt>
      <trkpt lat="24.800920" lon="121.185720"></trkpt>
      <trkpt lat="24.801060" lon="121.185740"></trkpt>
      <trkpt lat="24.801130" lon="121.185770"></trkpt>
      <trkpt lat="24.801170" lon="121.185780"></trkpt>
      <trkpt lat="24.801200" lon="121.185810"></trkpt>
      <trkpt lat="24.801220" lon="121.185830"></trkpt>
      <trkpt lat="24.801230" lon="121.185860"></trkpt>
      <trkpt lat="24.801250" lon="121.185920"></trkpt>
      <trkpt lat="24.801270" lon="121.185990"></trkpt>
      <trkpt lat="24.801280" lon="121.186080"></trkpt>
      <trkpt lat="24.801290" lon="121.186180"></trkpt>
      <trkpt lat="24.801300" lon="121.186410"></trkpt>
      <trkpt lat="24.801290" lon="121.186580"></trkpt>
      <trkpt lat="24.801290" lon="121.186760"></trkpt>
      <trkpt lat="24.801320" lon="121.186890"></trkpt>
      <trkpt lat="24.801360" lon="121.187000"></trkpt>
      <trkpt lat="24.801420" lon="121.187120"></trkpt>
      <trkpt lat="24.801630" lon="121.187490"></trkpt>
      <trkpt lat="24.801940" lon="121.188010"></trkpt>
      <trkpt lat="24.802120" lon="121.188310"></trkpt>
      <trkpt lat="24.802210" lon="121.188470"></trkpt>
      <trkpt lat="24.802260" lon="121.188570"></trkpt>
      <trkpt lat="24.802410" lon="121.188850"></trkpt>
      <trkpt lat="24.802550" lon="121.189150"></trkpt>
      <trkpt lat="24.802580" lon="121.189220"></trkpt>
      <trkpt lat="24.802590" lon="121.189270"></trkpt>
      <trkpt lat="24.802610" lon="121.189430"></trkpt>
      <trkpt lat="24.802600" lon="121.189520"></trkpt>
      <trkpt lat="24.802790" lon="121.189770"></trkpt>
      <trkpt lat="24.802870" lon="121.189910"></trkpt>
      <trkpt lat="24.802970" lon="121.190060"></trkpt>
      <trkpt lat="24.802970" lon="121.190080"></trkpt>
      <trkpt lat="24.803240" lon="121.190640"></trkpt>
      <trkpt lat="24.803310" lon="121.190790"></trkpt>
      <trkpt lat="24.803660" lon="121.191570"></trkpt>
      <trkpt lat="24.803720" lon="121.191710"></trkpt>
      <trkpt lat="24.803760" lon="121.191780"></trkpt>
      <trkpt lat="24.803930" lon="121.192140"></trkpt>
      <trkpt lat="24.803990" lon="121.192260"></trkpt>
      <trkpt lat="24.804100" lon="121.192460"></trkpt>
      <trkpt lat="24.804160" lon="121.192560"></trkpt>
      <trkpt lat="24.804220" lon="121.192660"></trkpt>
      <trkpt lat="24.804250" lon="121.192700"></trkpt>
      <trkpt lat="24.804740" lon="121.193380"></trkpt>
      <trkpt lat="24.804860" lon="121.193550"></trkpt>
      <trkpt lat="24.805290" lon="121.194150"></trkpt>
      <trkpt lat="24.805340" lon="121.194230"></trkpt>
      <trkpt lat="24.805800" lon="121.194880"></trkpt>
      <trkpt lat="24.805880" lon="121.194970"></trkpt>
      <trkpt lat="24.805940" lon="121.195040"></trkpt>
      <trkpt lat="24.806100" lon="121.195210"></trkpt>
      <trkpt lat="24.806280" lon="121.195370"></trkpt>
      <trkpt lat="24.806500" lon="121.195510"></trkpt>
      <trkpt lat="24.806730" lon="121.195620"></trkpt>
      <trkpt lat="24.807480" lon="121.195970"></trkpt>
      <trkpt lat="24.807910" lon="121.196140"></trkpt>
      <trkpt lat="24.808290" lon="121.196330"></trkpt>
      <trkpt lat="24.808550" lon="121.196440"></trkpt>
      <trkpt lat="24.808930" lon="121.196670"></trkpt>
      <trkpt lat="24.809060" lon="121.196770"></trkpt>
      <trkpt lat="24.810300" lon="121.197630"></trkpt>
      <trkpt lat="24.810500" lon="121.197790"></trkpt>
      <trkpt lat="24.810690" lon="121.197950"></trkpt>
      <trkpt lat="24.810790" lon="121.198060"></trkpt>
      <trkpt lat="24.810900" lon="121.198170"></trkpt>
      <trkpt lat="24.811140" lon="121.198470"></trkpt>
      <trkpt lat="24.811450" lon="121.198820"></trkpt>
      <trkpt lat="24.811690" lon="121.199070"></trkpt>
    </trkseg>
    <trkseg>
      <trkpt lat="24.811970" lon="121.199300"></trkpt>
      <trkpt lat="24.812860" lon="121.199850"></trkpt>
      <trkpt lat="24.812920" lon="121.199870"></trkpt>
      <trkpt lat="24.813690" lon="121.200350"></trkpt>
      <trkpt lat="24.813750" lon="121.200410"></trkpt>
      <trkpt lat="24.814200" lon="121.200730"></trkpt>
      <trkpt lat="24.814630" lon="121.201080"></trkpt>
      <trkpt lat="24.814640" lon="121.201080"></trkpt>
      <trkpt lat="24.814780" lon="121.201160"></trkpt>
      <trkpt lat="24.814790" lon="121.201170"></trkpt>
      <trkpt lat="24.814920" lon="121.201240"></trkpt>
      <trkpt lat="24.815250" lon="121.201340"></trkpt>
      <trkpt lat="24.816190" lon="121.201530"></trkpt>
      <trkpt lat="24.816190" lon="121.201540"></trkpt>
      <trkpt lat="24.817420" lon="121.201790"></trkpt>
      <trkpt lat="24.817440" lon="121.201820"></trkpt>
      <trkpt lat="24.817460" lon="121.201830"></trkpt>
      <trkpt lat="24.817480" lon="121.201850"></trkpt>
      <trkpt lat="24.817520" lon="121.201870"></trkpt>
      <trkpt lat="24.817610" lon="121.201900"></trkpt>
      <trkpt lat="24.817720" lon="121.201920"></trkpt>
      <trkpt lat="24.817740" lon="121.201930"></trkpt>
      <trkpt lat="24.817750" lon="121.201930"></trkpt>
      <trkpt lat="24.817750" lon="121.201940"></trkpt>
      <trkpt lat="24.817760" lon="121.201940"></trkpt>
      <trkpt lat="24.817760" lon="121.202040"></trkpt>
      <trkpt lat="24.817730" lon="121.202120"></trkpt>
      <trkpt lat="24.817730" lon="121.202130"></trkpt>
      <trkpt lat="24.817670" lon="121.202300"></trkpt>
      <trkpt lat="24.817670" lon="121.202310"></trkpt>
      <trkpt lat="24.817480" lon="121.202850"></trkpt>
      <trkpt lat="24.817470" lon="121.202860"></trkpt>
      <trkpt lat="24.817470" lon="121.202870"></trkpt>
      <trkpt lat="24.817310" lon="121.203250"></trkpt>
      <trkpt lat="24.817240" lon="121.203380"></trkpt>
      <trkpt lat="24.817240" lon="121.203390"></trkpt>
      <trkpt lat="24.817230" lon="121.203400"></trkpt>
      <trkpt lat="24.817170" lon="121.203500"></trkpt>
      <trkpt lat="24.817150" lon="121.203520"></trkpt>
      <trkpt lat="24.817100" lon="121.203550"></trkpt>
      <trkpt lat="24.816710" lon="121.203500"></trkpt>
      <trkpt lat="24.816580" lon="121.203500"></trkpt>
      <trkpt lat="24.816570" lon="121.203510"></trkpt>
      <trkpt lat="24.816530" lon="121.203510"></trkpt>
      <trkpt lat="24.816500" lon="121.203520"></trkpt>
      <trkpt lat="24.816470" lon="121.203520"></trkpt>
      <trkpt lat="24.816460" lon="121.203530"></trkpt>
      <trkpt lat="24.816440" lon="121.203540"></trkpt>
      <trkpt lat="24.816430" lon="121.203560"></trkpt>
      <trkpt lat="24.816420" lon="121.203570"></trkpt>
      <trkpt lat="24.816420" lon="121.203580"></trkpt>
      <trkpt lat="24.816390" lon="121.203660"></trkpt>
      <trkpt lat="24.816380" lon="121.203740"></trkpt>
      <trkpt lat="24.816370" lon="121.203760"></trkpt>
      <trkpt lat="24.816370" lon="121.203770"></trkpt>
      <trkpt lat="24.816260" lon="121.204160"></trkpt>
      <trkpt lat="24.816220" lon="121.204220"></trkpt>
      <trkpt lat="24.816190" lon="121.204250"></trkpt>
      <trkpt lat="24.816180" lon="121.204250"></trkpt>
      <trkpt lat="24.816180" lon="121.204260"></trkpt>
      <trkpt lat="24.816160" lon="121.204260"></trkpt>
      <trkpt lat="24.816140" lon="121.204250"></trkpt>
      <trkpt lat="24.816110" lon="121.204250"></trkpt>
      <trkpt lat="24.816060" lon="121.204230"></trkpt>
      <trkpt lat="24.816000" lon="121.204180"></trkpt>
      <trkpt lat="24.815960" lon="121.204160"></trkpt>
      <trkpt lat="24.815850" lon="121.204070"></trkpt>
      <trkpt lat="24.815840" lon="121.204050"></trkpt>
      <trkpt lat="24.815820" lon="121.204040"></trkpt>
      <trkpt lat="24.815580" lon="121.203830"></trkpt>
      <trkpt lat="24.815570" lon="121.203810"></trkpt>
      <trkpt lat="24.815550" lon="121.203790"></trkpt>
      <trkpt lat="24.815530" lon="121.203760"></trkpt>
      <trkpt lat="24.815390" lon="121.203430"></trkpt>
      <trkpt lat="24.815360" lon="121.203380"></trkpt>
      <trkpt lat="24.815320" lon="121.203360"></trkpt>
      <trkpt lat="24.815190" lon="121.203360"></trkpt>
      <trkpt lat="24.815160" lon="121.203380"></trkpt>
      <trkpt lat="24.815110" lon="121.203490"></trkpt>
      <trkpt lat="24.815110" lon="121.203580"></trkpt>
      <trkpt lat="24.815140" lon="121.203650"></trkpt>
      <trkpt lat="24.815150" lon="121.203690"></trkpt>
      <trkpt lat="24.815170" lon="121.203720"></trkpt>
      <trkpt lat="24.815190" lon="121.203770"></trkpt>
      <trkpt lat="24.815220" lon="121.203810"></trkpt>
      <trkpt lat="24.815220" lon="121.203820"></trkpt>
      <trkpt lat="24.815320" lon="121.203980"></trkpt>
      <trkpt lat="24.815320" lon="121.203990"></trkpt>
      <trkpt lat="24.815350" lon="121.204010"></trkpt>
      <trkpt lat="24.815370" lon="121.204060"></trkpt>
      <trkpt lat="24.815390" lon="121.204160"></trkpt>
      <trkpt lat="24.815390" lon="121.204200"></trkpt>
      <trkpt lat="24.815370" lon="121.204280"></trkpt>
      <trkpt lat="24.815250" lon="121.204470"></trkpt>
      <trkpt lat="24.815160" lon="121.204570"></trkpt>
      <trkpt lat="24.814990" lon="121.204670"></trkpt>
      <trkpt lat="24.814920" lon="121.204690"></trkpt>
      <trkpt lat="24.814900" lon="121.204700"></trkpt>
      <trkpt lat="24.814820" lon="121.204700"></trkpt>
      <trkpt lat="24.814690" lon="121.204670"></trkpt>
      <trkpt lat="24.814620" lon="121.204680"></trkpt>
      <trkpt lat="24.814530" lon="121.204710"></trkpt>
      <trkpt lat="24.814410" lon="121.204800"></trkpt>
      <trkpt lat="24.814400" lon="121.204800"></trkpt>
      <trkpt lat="24.814300" lon="121.204870"></trkpt>
      <trkpt lat="24.814190" lon="121.205060"></trkpt>
      <trkpt lat="24.814150" lon="121.205150"></trkpt>
      <trkpt lat="24.814130" lon="121.205170"></trkpt>
      <trkpt lat="24.814110" lon="121.205180"></trkpt>
      <trkpt lat="24.814010" lon="121.205280"></trkpt>
      <trkpt lat="24.813910" lon="121.205400"></trkpt>
      <trkpt lat="24.813880" lon="121.205490"></trkpt>
      <trkpt lat="24.813810" lon="121.205550"></trkpt>
      <trkpt lat="24.813700" lon="121.205610"></trkpt>
      <trkpt lat="24.813680" lon="121.205640"></trkpt>
      <trkpt lat="24.813660" lon="121.205660"></trkpt>
      <trkpt lat="24.813650" lon="121.205680"></trkpt>
      <trkpt lat="24.813560" lon="121.206000"></trkpt>
      <trkpt lat="24.813560" lon="121.206030"></trkpt>
      <trkpt lat="24.813570" lon="121.206080"></trkpt>
      <trkpt lat="24.813590" lon="121.206110"></trkpt>
      <trkpt lat="24.813610" lon="121.206160"></trkpt>
      <trkpt lat="24.813640" lon="121.206190"></trkpt>
      <trkpt lat="24.813740" lon="121.206510"></trkpt>
      <trkpt lat="24.813780" lon="121.206740"></trkpt>
      <trkpt lat="24.813820" lon="121.206830"></trkpt>
      <trkpt lat="24.813830" lon="121.206870"></trkpt>
      <trkpt lat="24.813860" lon="121.206930"></trkpt>
      <trkpt lat="24.813900" lon="121.207190"></trkpt>
      <trkpt lat="24.813940" lon="121.207270"></trkpt>
      <trkpt lat="24.814150" lon="121.207530"></trkpt>
      <trkpt lat="24.814180" lon="121.207600"></trkpt>
      <trkpt lat="24.814170" lon="121.208010"></trkpt>
      <trkpt lat="24.814150" lon="121.208140"></trkpt>
      <trkpt lat="24.814100" lon="121.208300"></trkpt>
      <trkpt lat="24.814110" lon="121.208460"></trkpt>
      <trkpt lat="24.814150" lon="121.208530"></trkpt>
      <trkpt lat="24.814180" lon="121.208560"></trkpt>
      <trkpt lat="24.814210" lon="121.208580"></trkpt>
      <trkpt lat="24.814230" lon="121.208610"></trkpt>
      <trkpt lat="24.814250" lon="121.208620"></trkpt>
      <trkpt lat="24.814280" lon="121.208690"></trkpt>
      <trkpt lat="24.814280" lon="121.208720"></trkpt>
      <trkpt lat="24.814270" lon="121.208760"></trkpt>
      <trkpt lat="24.814270" lon="121.208800"></trkpt>
      <trkpt lat="24.814260" lon="121.208840"></trkpt>
      <trkpt lat="24.814260" lon="121.208970"></trkpt>
      <trkpt lat="24.814290" lon="121.209010"></trkpt>
      <trkpt lat="24.814340" lon="121.209040"></trkpt>
      <trkpt lat="24.814360" lon="121.209070"></trkpt>
      <trkpt lat="24.814380" lon="121.209090"></trkpt>
      <trkpt lat="24.814400" lon="121.209120"></trkpt>
      <trkpt lat="24.814400" lon="121.209270"></trkpt>
      <trkpt lat="24.814430" lon="121.209440"></trkpt>
      <trkpt lat="24.814430" lon="121.209490"></trkpt>
      <trkpt lat="24.814440" lon="121.209550"></trkpt>
      <trkpt lat="24.814440" lon="121.209620"></trkpt>
      <trkpt lat="24.814450" lon="121.209680"></trkpt>
      <trkpt lat="24.814450" lon="121.209770"></trkpt>
      <trkpt lat="24.814420" lon="121.209880"></trkpt>
      <trkpt lat="24.814420" lon="121.209900"></trkpt>
      <trkpt lat="24.814390" lon="121.209970"></trkpt>
      <trkpt lat="24.814390" lon="121.210060"></trkpt>
      <trkpt lat="24.814360" lon="121.210200"></trkpt>
      <trkpt lat="24.814330" lon="121.210260"></trkpt>
      <trkpt lat="24.814320" lon="121.210270"></trkpt>
      <trkpt lat="24.814260" lon="121.210370"></trkpt>
      <trkpt lat="24.814200" lon="121.210420"></trkpt>
      <trkpt lat="24.814200" lon="121.210600"></trkpt>
      <trkpt lat="24.814250" lon="121.210710"></trkpt>
      <trkpt lat="24.814270" lon="121.210730"></trkpt>
      <trkpt lat="24.814310" lon="121.210750"></trkpt>
      <trkpt lat="24.814350" lon="121.210760"></trkpt>
      <trkpt lat="24.814400" lon="121.210760"></trkpt>
      <trkpt lat="24.814490" lon="121.210780"></trkpt>
      <trkpt lat="24.814540" lon="121.210810"></trkpt>
      <trkpt lat="24.814550" lon="121.210810"></trkpt>
      <trkpt lat="24.814880" lon="121.211060"></trkpt>
      <trkpt lat="24.814920" lon="121.211110"></trkpt>
      <trkpt lat="24.814950" lon="121.211180"></trkpt>
      <trkpt lat="24.814680" lon="121.211490"></trkpt>
      <trkpt lat="24.814600" lon="121.211620"></trkpt>
      <trkpt lat="24.814570" lon="121.211700"></trkpt>
      <trkpt lat="24.814540" lon="121.212070"></trkpt>
      <trkpt lat="24.814500" lon="121.212170"></trkpt>
      <trkpt lat="24.814500" lon="121.212180"></trkpt>
      <trkpt lat="24.814450" lon="121.212360"></trkpt>
      <trkpt lat="24.814440" lon="121.212370"></trkpt>
      <trkpt lat="24.814420" lon="121.212560"></trkpt>
      <trkpt lat="24.814550" lon="121.212620"></trkpt>
      <trkpt lat="24.814630" lon="121.212700"></trkpt>
      <trkpt lat="24.814780" lon="121.212970"></trkpt>
      <trkpt lat="24.814940" lon="121.213220"></trkpt>
      <trkpt lat="24.815140" lon="121.213450"></trkpt>
      <trkpt lat="24.815340" lon="121.213620"></trkpt>
      <trkpt lat="24.816280" lon="121.213110"></trkpt>
      <trkpt lat="24.816330" lon="121.213090"></trkpt>
      <trkpt lat="24.816390" lon="121.213080"></trkpt>
      <trkpt lat="24.816460" lon="121.213080"></trkpt>
      <trkpt lat="24.816720" lon="121.213130"></trkpt>
      <trkpt lat="24.816990" lon="121.213160"></trkpt>
      <trkpt lat="24.817160" lon="121.213150"></trkpt>
      <trkpt lat="24.817670" lon="121.213050"></trkpt>
      <trkpt lat="24.817990" lon="121.213040"></trkpt>
      <trkpt lat="24.818140" lon="121.213000"></trkpt>
      <trkpt lat="24.818250" lon="121.212930"></trkpt>
      <trkpt lat="24.818300" lon="121.212880"></trkpt>
      <trkpt lat="24.818790" lon="121.212210"></trkpt>
      <trkpt lat="24.818980" lon="121.212050"></trkpt>
      <trkpt lat="24.819090" lon="121.211980"></trkpt>
      <trkpt lat="24.819250" lon="121.211940"></trkpt>
      <trkpt lat="24.819290" lon="121.211940"></trkpt>
      <trkpt lat="24.819380" lon="121.211960"></trkpt>
      <trkpt lat="24.819590" lon="121.212040"></trkpt>
      <trkpt lat="24.820640" lon="121.212370"></trkpt>
      <trkpt lat="24.821080" lon="121.212590"></trkpt>
      <trkpt lat="24.821580" lon="121.213000"></trkpt>
      <trkpt lat="24.821680" lon="121.213260"></trkpt>
      <trkpt lat="24.821680" lon="121.213340"></trkpt>
      <trkpt lat="24.821730" lon="121.213540"></trkpt>
      <trkpt lat="24.821610" lon="121.213610"></trkpt>
      <trkpt lat="24.821350" lon="121.213900"></trkpt>
      <trkpt lat="24.820870" lon="121.214860"></trkpt>
      <trkpt lat="24.820840" lon="121.215080"></trkpt>
      <trkpt lat="24.820830" lon="121.215330"></trkpt>
      <trkpt lat="24.820980" lon="121.216770"></trkpt>
      <trkpt lat="24.820970" lon="121.217040"></trkpt>
      <trkpt lat="24.820860" lon="121.217240"></trkpt>
      <trkpt lat="24.820780" lon="121.217340"></trkpt>
      <trkpt lat="24.820530" lon="121.217560"></trkpt>
      <trkpt lat="24.820480" lon="121.217590"></trkpt>
      <trkpt lat="24.820180" lon="121.217860"></trkpt>
      <trkpt lat="24.820020" lon="121.217970"></trkpt>
      <trkpt lat="24.819800" lon="121.218090"></trkpt>
      <trkpt lat="24.819310" lon="121.218230"></trkpt>
      <trkpt lat="24.819000" lon="121.218370"></trkpt>
      <trkpt lat="24.818840" lon="121.218500"></trkpt>
      <trkpt lat="24.818840" lon="121.218510"></trkpt>
      <trkpt lat="24.818600" lon="121.218790"></trkpt>
      <trkpt lat="24.818450" lon="121.219040"></trkpt>
      <trkpt lat="24.818360" lon="121.219270"></trkpt>
      <trkpt lat="24.818320" lon="121.219530"></trkpt>
      <trkpt lat="24.818340" lon="121.219710"></trkpt>
      <trkpt lat="24.818340" lon="121.219780"></trkpt>
      <trkpt lat="24.818400" lon="121.220300"></trkpt>
      <trkpt lat="24.818400" lon="121.220550"></trkpt>
      <trkpt lat="24.818290" lon="121.221020"></trkpt>
      <trkpt lat="24.817870" lon="121.222150"></trkpt>
      <trkpt lat="24.817830" lon="121.222230"></trkpt>
      <trkpt lat="24.817920" lon="121.222300"></trkpt>
      <trkpt lat="24.818050" lon="121.222470"></trkpt>
      <trkpt lat="24.818150" lon="121.222640"></trkpt>
      <trkpt lat="24.818430" lon="121.223010"></trkpt>
      <trkpt lat="24.818490" lon="121.223110"></trkpt>
      <trkpt lat="24.818540" lon="121.223240"></trkpt>
      <trkpt lat="24.818550" lon="121.223250"></trkpt>
      <trkpt lat="24.818710" lon="121.223590"></trkpt>
      <trkpt lat="24.818890" lon="121.223910"></trkpt>
      <trkpt lat="24.818920" lon="121.223980"></trkpt>
      <trkpt lat="24.818950" lon="121.224080"></trkpt>
      <trkpt lat="24.818970" lon="121.224110"></trkpt>
      <trkpt lat="24.818970" lon="121.224130"></trkpt>
      <trkpt lat="24.819000" lon="121.224200"></trkpt>
      <trkpt lat="24.819100" lon="121.224360"></trkpt>
      <trkpt lat="24.819140" lon="121.224400"></trkpt>
      <trkpt lat="24.819260" lon="121.224480"></trkpt>
      <trkpt lat="24.819310" lon="121.224530"></trkpt>
      <trkpt lat="24.819370" lon="121.224610"></trkpt>
      <trkpt lat="24.819440" lon="121.224680"></trkpt>
      <trkpt lat="24.819450" lon="121.224700"></trkpt>
      <trkpt lat="24.819520" lon="121.224770"></trkpt>
      <trkpt lat="24.819550" lon="121.224780"></trkpt>
      <trkpt lat="24.819610" lon="121.224780"></trkpt>
      <trkpt lat="24.819620" lon="121.224790"></trkpt>
      <trkpt lat="24.819790" lon="121.224790"></trkpt>
      <trkpt lat="24.819820" lon="121.224780"></trkpt>
      <trkpt lat="24.819900" lon="121.224800"></trkpt>
      <trkpt lat="24.819950" lon="121.224850"></trkpt>
      <trkpt lat="24.819950" lon="121.224860"></trkpt>
      <trkpt lat="24.820060" lon="121.225030"></trkpt>
      <trkpt lat="24.820100" lon="121.225120"></trkpt>
      <trkpt lat="24.820130" lon="121.225170"></trkpt>
      <trkpt lat="24.820140" lon="121.225180"></trkpt>
      <trkpt lat="24.820150" lon="121.225210"></trkpt>
      <trkpt lat="24.820190" lon="121.225250"></trkpt>
      <trkpt lat="24.820280" lon="121.225300"></trkpt>
      <trkpt lat="24.820290" lon="121.225310"></trkpt>
      <trkpt lat="24.820350" lon="121.225330"></trkpt>
      <trkpt lat="24.820450" lon="121.225350"></trkpt>
      <trkpt lat="24.820450" lon="121.225360"></trkpt>
      <trkpt lat="24.820510" lon="121.225370"></trkpt>
      <trkpt lat="24.820700" lon="121.225360"></trkpt>
      <trkpt lat="24.820750" lon="121.225350"></trkpt>
      <trkpt lat="24.820870" lon="121.225350"></trkpt>
      <trkpt lat="24.820910" lon="121.225370"></trkpt>
      <trkpt lat="24.820990" lon="121.225390"></trkpt>
      <trkpt lat="24.821030" lon="121.225410"></trkpt>
      <trkpt lat="24.821190" lon="121.225540"></trkpt>
      <trkpt lat="24.821250" lon="121.225610"></trkpt>
      <trkpt lat="24.821370" lon="121.225700"></trkpt>
      <trkpt lat="24.822040" lon="121.226010"></trkpt>
      <trkpt lat="24.822540" lon="121.226360"></trkpt>
      <trkpt lat="24.822920" lon="121.226690"></trkpt>
      <trkpt lat="24.823510" lon="121.227310"></trkpt>
      <trkpt lat="24.824020" lon="121.227700"></trkpt>
      <trkpt lat="24.824180" lon="121.227850"></trkpt>
      <trkpt lat="24.824260" lon="121.227960"></trkpt>
      <trkpt lat="24.824480" lon="121.228170"></trkpt>
      <trkpt lat="24.824540" lon="121.228260"></trkpt>
      <trkpt lat="24.824610" lon="121.228330"></trkpt>
      <trkpt lat="24.824690" lon="121.228390"></trkpt>
      <trkpt lat="24.824730" lon="121.228400"></trkpt>
      <trkpt lat="24.824780" lon="121.228430"></trkpt>
      <trkpt lat="24.824830" lon="121.228440"></trkpt>
      <trkpt lat="24.824960" lon="121.228440"></trkpt>
      <trkpt lat="24.825000" lon="121.228420"></trkpt>
      <trkpt lat="24.825040" lon="121.228410"></trkpt>
      <trkpt lat="24.825130" lon="121.228360"></trkpt>
      <trkpt lat="24.825170" lon="121.228350"></trkpt>
      <trkpt lat="24.825180" lon="121.228340"></trkpt>
      <trkpt lat="24.825200" lon="121.228340"></trkpt>
      <trkpt lat="24.825230" lon="121.228330"></trkpt>
      <trkpt lat="24.825310" lon="121.228350"></trkpt>
      <trkpt lat="24.825350" lon="121.228370"></trkpt>
      <trkpt lat="24.825610" lon="121.228550"></trkpt>
      <trkpt lat="24.825760" lon="121.228690"></trkpt>
      <trkpt lat="24.826110" lon="121.229070"></trkpt>
      <trkpt lat="24.826360" lon="121.229310"></trkpt>
      <trkpt lat="24.826620" lon="121.229500"></trkpt>
      <trkpt lat="24.826810" lon="121.229660"></trkpt>
      <trkpt lat="24.826890" lon="121.229940"></trkpt>
      <trkpt lat="24.826950" lon="121.230230"></trkpt>
      <trkpt lat="24.827000" lon="121.230400"></trkpt>
      <trkpt lat="24.827010" lon="121.230420"></trkpt>
      <trkpt lat="24.827050" lon="121.230460"></trkpt>
      <trkpt lat="24.827660" lon="121.230900"></trkpt>
      <trkpt lat="24.827830" lon="121.230980"></trkpt>
      <trkpt lat="24.828340" lon="121.231130"></trkpt>
      <trkpt lat="24.828490" lon="121.231200"></trkpt>
      <trkpt lat="24.828670" lon="121.231350"></trkpt>
      <trkpt lat="24.828800" lon="121.231540"></trkpt>
      <trkpt lat="24.828820" lon="121.231600"></trkpt>
      <trkpt lat="24.828560" lon="121.231820"></trkpt>
      <trkpt lat="24.828500" lon="121.231890"></trkpt>
      <trkpt lat="24.828470" lon="121.231950"></trkpt>
      <trkpt lat="24.828460" lon="121.232000"></trkpt>
      <trkpt lat="24.828460" lon="121.232100"></trkpt>
      <trkpt lat="24.828440" lon="121.232330"></trkpt>
      <trkpt lat="24.828440" lon="121.232550"></trkpt>
      <trkpt lat="24.828420" lon="121.232610"></trkpt>
      <trkpt lat="24.828370" lon="121.232660"></trkpt>
      <trkpt lat="24.828330" lon="121.232680"></trkpt>
      <trkpt lat="24.828280" lon="121.232690"></trkpt>
      <trkpt lat="24.828230" lon="121.232690"></trkpt>
      <trkpt lat="24.828120" lon="121.232640"></trkpt>
      <trkpt lat="24.828040" lon="121.232580"></trkpt>
      <trkpt lat="24.828000" lon="121.232520"></trkpt>
      <trkpt lat="24.827910" lon="121.232440"></trkpt>
      <trkpt lat="24.827690" lon="121.232330"></trkpt>
      <trkpt lat="24.827290" lon="121.232090"></trkpt>
      <trkpt lat="24.826940" lon="121.231920"></trkpt>
      <trkpt lat="24.826930" lon="121.231940"></trkpt>
      <trkpt lat="24.826930" lon="121.231950"></trkpt>
      <trkpt lat="24.826940" lon="121.231960"></trkpt>
      <trkpt lat="24.826960" lon="121.232000"></trkpt>
      <trkpt lat="24.827080" lon="121.232090"></trkpt>
      <trkpt lat="24.827190" lon="121.232210"></trkpt>
      <trkpt lat="24.827400" lon="121.232480"></trkpt>
      <trkpt lat="24.827550" lon="121.232650"></trkpt>
      <trkpt lat="24.827620" lon="121.232710"></trkpt>
      <trkpt lat="24.827680" lon="121.232730"></trkpt>
      <trkpt lat="24.827690" lon="121.232740"></trkpt>
      <trkpt lat="24.827740" lon="121.232820"></trkpt>
      <trkpt lat="24.827790" lon="121.232850"></trkpt>
      <trkpt lat="24.827880" lon="121.232880"></trkpt>
      <trkpt lat="24.828010" lon="121.232970"></trkpt>
      <trkpt lat="24.828510" lon="121.233750"></trkpt>
      <trkpt lat="24.828520" lon="121.233760"></trkpt>
      <trkpt lat="24.828520" lon="121.233770"></trkpt>
      <trkpt lat="24.828570" lon="121.233870"></trkpt>
      <trkpt lat="24.828590" lon="121.233930"></trkpt>
      <trkpt lat="24.828590" lon="121.233950"></trkpt>
      <trkpt lat="24.828740" lon="121.234280"></trkpt>
      <trkpt lat="24.828970" lon="121.234590"></trkpt>
      <trkpt lat="24.828980" lon="121.234610"></trkpt>
      <trkpt lat="24.829010" lon="121.234640"></trkpt>
      <trkpt lat="24.829200" lon="121.234940"></trkpt>
      <trkpt lat="24.829370" lon="121.235250"></trkpt>
      <trkpt lat="24.829370" lon="121.235260"></trkpt>
      <trkpt lat="24.829380" lon="121.235270"></trkpt>
      <trkpt lat="24.829530" lon="121.235540"></trkpt>
      <trkpt lat="24.829580" lon="121.235610"></trkpt>
      <trkpt lat="24.829630" lon="121.235700"></trkpt>
      <trkpt lat="24.829710" lon="121.235960"></trkpt>
      <trkpt lat="24.829750" lon="121.236460"></trkpt>
      <trkpt lat="24.829770" lon="121.236520"></trkpt>
      <trkpt lat="24.829770" lon="121.236550"></trkpt>
      <trkpt lat="24.829800" lon="121.236680"></trkpt>
      <trkpt lat="24.829810" lon="121.236690"></trkpt>
      <trkpt lat="24.829810" lon="121.236720"></trkpt>
      <trkpt lat="24.829820" lon="121.236740"></trkpt>
      <trkpt lat="24.829820" lon="121.236800"></trkpt>
      <trkpt lat="24.829810" lon="121.236800"></trkpt>
      <trkpt lat="24.829800" lon="121.236810"></trkpt>
      <trkpt lat="24.829720" lon="121.236850"></trkpt>
      <trkpt lat="24.829780" lon="121.236930"></trkpt>
      <trkpt lat="24.829820" lon="121.237070"></trkpt>
      <trkpt lat="24.829830" lon="121.237080"></trkpt>
      <trkpt lat="24.829920" lon="121.237430"></trkpt>
      <trkpt lat="24.830010" lon="121.237590"></trkpt>
      <trkpt lat="24.830080" lon="121.237670"></trkpt>
      <trkpt lat="24.830130" lon="121.237710"></trkpt>
      <trkpt lat="24.830260" lon="121.237930"></trkpt>
      <trkpt lat="24.830270" lon="121.237980"></trkpt>
      <trkpt lat="24.830270" lon="121.238110"></trkpt>
      <trkpt lat="24.830330" lon="121.238240"></trkpt>
      <trkpt lat="24.830510" lon="121.238460"></trkpt>
      <trkpt lat="24.830540" lon="121.238530"></trkpt>
      <trkpt lat="24.830550" lon="121.238580"></trkpt>
      <trkpt lat="24.830600" lon="121.238730"></trkpt>
      <trkpt lat="24.830620" lon="121.238770"></trkpt>
      <trkpt lat="24.830620" lon="121.238800"></trkpt>
      <trkpt lat="24.830640" lon="121.238860"></trkpt>
      <trkpt lat="24.830640" lon="121.238950"></trkpt>
      <trkpt lat="24.830630" lon="121.238970"></trkpt>
      <trkpt lat="24.830630" lon="121.239010"></trkpt>
      <trkpt lat="24.830610" lon="121.239060"></trkpt>
      <trkpt lat="24.830600" lon="121.239070"></trkpt>
      <trkpt lat="24.830590" lon="121.239070"></trkpt>
      <trkpt lat="24.830580" lon="121.239080"></trkpt>
      <trkpt lat="24.830560" lon="121.239080"></trkpt>
      <trkpt lat="24.830530" lon="121.239090"></trkpt>
      <trkpt lat="24.830530" lon="121.239100"></trkpt>
      <trkpt lat="24.830500" lon="121.239100"></trkpt>
      <trkpt lat="24.830470" lon="121.239120"></trkpt>
      <trkpt lat="24.830440" lon="121.239120"></trkpt>
      <trkpt lat="24.830420" lon="121.239130"></trkpt>
      <trkpt lat="24.830400" lon="121.239150"></trkpt>
      <trkpt lat="24.830400" lon="121.239190"></trkpt>
      <trkpt lat="24.830420" lon="121.239230"></trkpt>
      <trkpt lat="24.830480" lon="121.239450"></trkpt>
      <trkpt lat="24.830510" lon="121.239650"></trkpt>
      <trkpt lat="24.830580" lon="121.239870"></trkpt>
      <trkpt lat="24.830610" lon="121.239920"></trkpt>
      <trkpt lat="24.830610" lon="121.240010"></trkpt>
      <trkpt lat="24.830600" lon="121.240040"></trkpt>
      <trkpt lat="24.830550" lon="121.240130"></trkpt>
      <trkpt lat="24.830510" lon="121.240110"></trkpt>
      <trkpt lat="24.830490" lon="121.240110"></trkpt>
      <trkpt lat="24.830450" lon="121.240100"></trkpt>
      <trkpt lat="24.830170" lon="121.240110"></trkpt>
      <trkpt lat="24.829870" lon="121.240220"></trkpt>
      <trkpt lat="24.829690" lon="121.240250"></trkpt>
      <trkpt lat="24.829650" lon="121.240270"></trkpt>
      <trkpt lat="24.829640" lon="121.240280"></trkpt>
      <trkpt lat="24.829580" lon="121.240310"></trkpt>
      <trkpt lat="24.829560" lon="121.240330"></trkpt>
      <trkpt lat="24.829540" lon="121.240340"></trkpt>
      <trkpt lat="24.829520" lon="121.240360"></trkpt>
      <trkpt lat="24.829520" lon="121.240410"></trkpt>
      <trkpt lat="24.829530" lon="121.240430"></trkpt>
      <trkpt lat="24.829670" lon="121.240550"></trkpt>
      <trkpt lat="24.829900" lon="121.240870"></trkpt>
      <trkpt lat="24.829990" lon="121.241180"></trkpt>
      <trkpt lat="24.830000" lon="121.241330"></trkpt>
      <trkpt lat="24.829960" lon="121.241540"></trkpt>
      <trkpt lat="24.829940" lon="121.241600"></trkpt>
      <trkpt lat="24.829920" lon="121.241630"></trkpt>
      <trkpt lat="24.829860" lon="121.241810"></trkpt>
      <trkpt lat="24.829840" lon="121.241980"></trkpt>
      <trkpt lat="24.829840" lon="121.242210"></trkpt>
      <trkpt lat="24.829850" lon="121.242260"></trkpt>
      <trkpt lat="24.829890" lon="121.242330"></trkpt>
      <trkpt lat="24.829910" lon="121.242350"></trkpt>
      <trkpt lat="24.829980" lon="121.242450"></trkpt>
      <trkpt lat="24.830020" lon="121.242490"></trkpt>
      <trkpt lat="24.830050" lon="121.242530"></trkpt>
      <trkpt lat="24.830090" lon="121.242520"></trkpt>
      <trkpt lat="24.830130" lon="121.242520"></trkpt>
      <trkpt lat="24.830150" lon="121.242540"></trkpt>
      <trkpt lat="24.830220" lon="121.242640"></trkpt>
      <trkpt lat="24.830310" lon="121.242690"></trkpt>
      <trkpt lat="24.830460" lon="121.242810"></trkpt>
      <trkpt lat="24.830570" lon="121.242920"></trkpt>
      <trkpt lat="24.830600" lon="121.242960"></trkpt>
      <trkpt lat="24.830620" lon="121.243000"></trkpt>
      <trkpt lat="24.830640" lon="121.243440"></trkpt>
      <trkpt lat="24.830630" lon="121.243530"></trkpt>
      <trkpt lat="24.830610" lon="121.243620"></trkpt>
      <trkpt lat="24.830580" lon="121.243700"></trkpt>
      <trkpt lat="24.830570" lon="121.243710"></trkpt>
      <trkpt lat="24.830550" lon="121.243750"></trkpt>
      <trkpt lat="24.830400" lon="121.243940"></trkpt>
      <trkpt lat="24.830380" lon="121.243980"></trkpt>
      <trkpt lat="24.830390" lon="121.243990"></trkpt>
      <trkpt lat="24.830390" lon="121.244010"></trkpt>
      <trkpt lat="24.830510" lon="121.244080"></trkpt>
      <trkpt lat="24.830540" lon="121.244110"></trkpt>
      <trkpt lat="24.830420" lon="121.244360"></trkpt>
      <trkpt lat="24.830380" lon="121.244550"></trkpt>
      <trkpt lat="24.830410" lon="121.244650"></trkpt>
      <trkpt lat="24.830450" lon="121.244720"></trkpt>
      <trkpt lat="24.830560" lon="121.244860"></trkpt>
      <trkpt lat="24.830660" lon="121.244930"></trkpt>
      <trkpt lat="24.830800" lon="121.245010"></trkpt>
      <trkpt lat="24.830820" lon="121.245030"></trkpt>
      <trkpt lat="24.831070" lon="121.245190"></trkpt>
      <trkpt lat="24.831220" lon="121.245260"></trkpt>
      <trkpt lat="24.831320" lon="121.245320"></trkpt>
      <trkpt lat="24.831370" lon="121.245370"></trkpt>
      <trkpt lat="24.831420" lon="121.245440"></trkpt>
      <trkpt lat="24.831410" lon="121.245440"></trkpt>
      <trkpt lat="24.831400" lon="121.245430"></trkpt>
      <trkpt lat="24.831390" lon="121.245430"></trkpt>
      <trkpt lat="24.831390" lon="121.245440"></trkpt>
      <trkpt lat="24.831370" lon="121.245440"></trkpt>
      <trkpt lat="24.831370" lon="121.245450"></trkpt>
      <trkpt lat="24.831360" lon="121.245460"></trkpt>
      <trkpt lat="24.831370" lon="121.245480"></trkpt>
      <trkpt lat="24.831410" lon="121.245630"></trkpt>
      <trkpt lat="24.831410" lon="121.245650"></trkpt>
      <trkpt lat="24.831440" lon="121.245780"></trkpt>
      <trkpt lat="24.831450" lon="121.245860"></trkpt>
      <trkpt lat="24.831430" lon="121.245960"></trkpt>
      <trkpt lat="24.831320" lon="121.246300"></trkpt>
      <trkpt lat="24.831310" lon="121.246350"></trkpt>
      <trkpt lat="24.831310" lon="121.246370"></trkpt>
      <trkpt lat="24.831320" lon="121.246390"></trkpt>
      <trkpt lat="24.831320" lon="121.246400"></trkpt>
      <trkpt lat="24.831340" lon="121.246440"></trkpt>
      <trkpt lat="24.831340" lon="121.246540"></trkpt>
      <trkpt lat="24.831310" lon="121.246740"></trkpt>
      <trkpt lat="24.831320" lon="121.246750"></trkpt>
      <trkpt lat="24.831320" lon="121.246760"></trkpt>
      <trkpt lat="24.831330" lon="121.246760"></trkpt>
      <trkpt lat="24.831360" lon="121.246780"></trkpt>
      <trkpt lat="24.831420" lon="121.246790"></trkpt>
      <trkpt lat="24.831510" lon="121.246840"></trkpt>
      <trkpt lat="24.831540" lon="121.246900"></trkpt>
      <trkpt lat="24.831560" lon="121.246960"></trkpt>
      <trkpt lat="24.831570" lon="121.247030"></trkpt>
      <trkpt lat="24.831610" lon="121.247110"></trkpt>
      <trkpt lat="24.831640" lon="121.247150"></trkpt>
      <trkpt lat="24.831670" lon="121.247170"></trkpt>
      <trkpt lat="24.831670" lon="121.247180"></trkpt>
      <trkpt lat="24.831720" lon="121.247200"></trkpt>
      <trkpt lat="24.831770" lon="121.247210"></trkpt>
      <trkpt lat="24.831960" lon="121.247210"></trkpt>
      <trkpt lat="24.832070" lon="121.247190"></trkpt>
      <trkpt lat="24.832140" lon="121.247190"></trkpt>
      <trkpt lat="24.832200" lon="121.247210"></trkpt>
      <trkpt lat="24.832350" lon="121.247310"></trkpt>
      <trkpt lat="24.832470" lon="121.247410"></trkpt>
      <trkpt lat="24.832810" lon="121.248030"></trkpt>
      <trkpt lat="24.832890" lon="121.248240"></trkpt>
      <trkpt lat="24.832910" lon="121.248350"></trkpt>
      <trkpt lat="24.832910" lon="121.248390"></trkpt>
      <trkpt lat="24.832900" lon="121.248400"></trkpt>
      <trkpt lat="24.832900" lon="121.248410"></trkpt>
      <trkpt lat="24.832890" lon="121.248420"></trkpt>
      <trkpt lat="24.832870" lon="121.248430"></trkpt>
      <trkpt lat="24.832660" lon="121.248430"></trkpt>
      <trkpt lat="24.832640" lon="121.248440"></trkpt>
      <trkpt lat="24.832640" lon="121.248450"></trkpt>
      <trkpt lat="24.832630" lon="121.248470"></trkpt>
      <trkpt lat="24.832630" lon="121.248550"></trkpt>
      <trkpt lat="24.832650" lon="121.248610"></trkpt>
      <trkpt lat="24.832640" lon="121.248640"></trkpt>
      <trkpt lat="24.832640" lon="121.248660"></trkpt>
      <trkpt lat="24.832630" lon="121.248710"></trkpt>
      <trkpt lat="24.832360" lon="121.249440"></trkpt>
      <trkpt lat="24.832330" lon="121.249570"></trkpt>
      <trkpt lat="24.832330" lon="121.249600"></trkpt>
      <trkpt lat="24.832320" lon="121.249630"></trkpt>
      <trkpt lat="24.832330" lon="121.249660"></trkpt>
      <trkpt lat="24.832330" lon="121.249690"></trkpt>
      <trkpt lat="24.832350" lon="121.249730"></trkpt>
      <trkpt lat="24.832580" lon="121.250040"></trkpt>
      <trkpt lat="24.832930" lon="121.250590"></trkpt>
      <trkpt lat="24.832930" lon="121.250600"></trkpt>
      <trkpt lat="24.833050" lon="121.250750"></trkpt>
      <trkpt lat="24.833300" lon="121.251160"></trkpt>
      <trkpt lat="24.833420" lon="121.251420"></trkpt>
      <trkpt lat="24.833550" lon="121.251620"></trkpt>
      <trkpt lat="24.833670" lon="121.251890"></trkpt>
      <trkpt lat="24.833670" lon="121.251940"></trkpt>
      <trkpt lat="24.833690" lon="121.252050"></trkpt>
      <trkpt lat="24.833770" lon="121.252170"></trkpt>
      <trkpt lat="24.833800" lon="121.252190"></trkpt>
      <trkpt lat="24.833880" lon="121.252220"></trkpt>
      <trkpt lat="24.833890" lon="121.252230"></trkpt>
      <trkpt lat="24.834060" lon="121.252250"></trkpt>
      <trkpt lat="24.834360" lon="121.252250"></trkpt>
      <trkpt lat="24.834590" lon="121.252270"></trkpt>
      <trkpt lat="24.834690" lon="121.252290"></trkpt>
      <trkpt lat="24.834800" lon="121.252330"></trkpt>
      <trkpt lat="24.835010" lon="121.252370"></trkpt>
      <trkpt lat="24.835480" lon="121.252330"></trkpt>
      <trkpt lat="24.835600" lon="121.252300"></trkpt>
      <trkpt lat="24.835650" lon="121.252270"></trkpt>
      <trkpt lat="24.835720" lon="121.252270"></trkpt>
      <trkpt lat="24.835870" lon="121.252310"></trkpt>
      <trkpt lat="24.836070" lon="121.252400"></trkpt>
      <trkpt lat="24.836130" lon="121.252460"></trkpt>
      <trkpt lat="24.836130" lon="121.252480"></trkpt>
      <trkpt lat="24.836140" lon="121.252530"></trkpt>
      <trkpt lat="24.836120" lon="121.253080"></trkpt>
      <trkpt lat="24.836070" lon="121.253400"></trkpt>
      <trkpt lat="24.836070" lon="121.253470"></trkpt>
      <trkpt lat="24.836100" lon="121.253540"></trkpt>
      <trkpt lat="24.836220" lon="121.253690"></trkpt>
      <trkpt lat="24.836270" lon="121.253740"></trkpt>
      <trkpt lat="24.836360" lon="121.253870"></trkpt>
      <trkpt lat="24.836430" lon="121.254080"></trkpt>
      <trkpt lat="24.836450" lon="121.254270"></trkpt>
      <trkpt lat="24.836450" lon="121.254390"></trkpt>
      <trkpt lat="24.836420" lon="121.254530"></trkpt>
      <trkpt lat="24.836490" lon="121.254600"></trkpt>
      <trkpt lat="24.836510" lon="121.254630"></trkpt>
      <trkpt lat="24.836300" lon="121.255180"></trkpt>
      <trkpt lat="24.836290" lon="121.255180"></trkpt>
      <trkpt lat="24.836270" lon="121.255240"></trkpt>
      <trkpt lat="24.836230" lon="121.255480"></trkpt>
      <trkpt lat="24.836230" lon="121.255550"></trkpt>
      <trkpt lat="24.836350" lon="121.255560"></trkpt>
      <trkpt lat="24.836480" lon="121.255600"></trkpt>
      <trkpt lat="24.836490" lon="121.255610"></trkpt>
      <trkpt lat="24.836510" lon="121.255620"></trkpt>
      <trkpt lat="24.836590" lon="121.255700"></trkpt>
      <trkpt lat="24.836720" lon="121.255920"></trkpt>
      <trkpt lat="24.836790" lon="121.256080"></trkpt>
      <trkpt lat="24.836800" lon="121.256120"></trkpt>
      <trkpt lat="24.836830" lon="121.256190"></trkpt>
      <trkpt lat="24.836830" lon="121.256230"></trkpt>
      <trkpt lat="24.836840" lon="121.256270"></trkpt>
      <trkpt lat="24.836840" lon="121.256350"></trkpt>
      <trkpt lat="24.836850" lon="121.256380"></trkpt>
      <trkpt lat="24.836850" lon="121.256520"></trkpt>
      <trkpt lat="24.836860" lon="121.256550"></trkpt>
      <trkpt lat="24.836860" lon="121.256580"></trkpt>
      <trkpt lat="24.836880" lon="121.256650"></trkpt>
      <trkpt lat="24.836980" lon="121.256870"></trkpt>
      <trkpt lat="24.837180" lon="121.257010"></trkpt>
      <trkpt lat="24.837230" lon="121.257060"></trkpt>
      <trkpt lat="24.837250" lon="121.257090"></trkpt>
      <trkpt lat="24.837270" lon="121.257110"></trkpt>
      <trkpt lat="24.837290" lon="121.257150"></trkpt>
      <trkpt lat="24.837330" lon="121.257190"></trkpt>
      <trkpt lat="24.837370" lon="121.257210"></trkpt>
      <trkpt lat="24.837450" lon="121.257210"></trkpt>
      <trkpt lat="24.837500" lon="121.257220"></trkpt>
      <trkpt lat="24.837540" lon="121.257220"></trkpt>
      <trkpt lat="24.837590" lon="121.257240"></trkpt>
      <trkpt lat="24.837600" lon="121.257240"></trkpt>
      <trkpt lat="24.837610" lon="121.257260"></trkpt>
      <trkpt lat="24.837610" lon="121.257280"></trkpt>
      <trkpt lat="24.837620" lon="121.257310"></trkpt>
      <trkpt lat="24.837640" lon="121.257340"></trkpt>
      <trkpt lat="24.837650" lon="121.257370"></trkpt>
      <trkpt lat="24.837670" lon="121.257390"></trkpt>
      <trkpt lat="24.837690" lon="121.257420"></trkpt>
      <trkpt lat="24.837730" lon="121.257440"></trkpt>
      <trkpt lat="24.837840" lon="121.257470"></trkpt>
      <trkpt lat="24.838010" lon="121.257470"></trkpt>
      <trkpt lat="24.838070" lon="121.257490"></trkpt>
      <trkpt lat="24.838100" lon="121.257510"></trkpt>
      <trkpt lat="24.838130" lon="121.257520"></trkpt>
      <trkpt lat="24.838140" lon="121.257530"></trkpt>
      <trkpt lat="24.838180" lon="121.257530"></trkpt>
      <trkpt lat="24.838200" lon="121.257520"></trkpt>
      <trkpt lat="24.838210" lon="121.257500"></trkpt>
      <trkpt lat="24.838220" lon="121.257490"></trkpt>
      <trkpt lat="24.838250" lon="121.257440"></trkpt>
      <trkpt lat="24.838290" lon="121.257290"></trkpt>
      <trkpt lat="24.838280" lon="121.257270"></trkpt>
      <trkpt lat="24.838280" lon="121.257250"></trkpt>
      <trkpt lat="24.838100" lon="121.257030"></trkpt>
      <trkpt lat="24.838090" lon="121.257000"></trkpt>
      <trkpt lat="24.838090" lon="121.256940"></trkpt>
      <trkpt lat="24.838100" lon="121.256920"></trkpt>
      <trkpt lat="24.838120" lon="121.256910"></trkpt>
      <trkpt lat="24.838130" lon="121.256900"></trkpt>
      <trkpt lat="24.838150" lon="121.256890"></trkpt>
      <trkpt lat="24.838210" lon="121.256890"></trkpt>
      <trkpt lat="24.838290" lon="121.256880"></trkpt>
      <trkpt lat="24.838400" lon="121.256880"></trkpt>
      <trkpt lat="24.838430" lon="121.256870"></trkpt>
      <trkpt lat="24.838490" lon="121.256870"></trkpt>
      <trkpt lat="24.838530" lon="121.256910"></trkpt>
      <trkpt lat="24.838560" lon="121.256990"></trkpt>
      <trkpt lat="24.838570" lon="121.257130"></trkpt>
      <trkpt lat="24.838580" lon="121.257160"></trkpt>
      <trkpt lat="24.838600" lon="121.257190"></trkpt>
      <trkpt lat="24.838620" lon="121.257210"></trkpt>
      <trkpt lat="24.838630" lon="121.257230"></trkpt>
      <trkpt lat="24.838650" lon="121.257250"></trkpt>
      <trkpt lat="24.838800" lon="121.257350"></trkpt>
      <trkpt lat="24.838820" lon="121.257370"></trkpt>
      <trkpt lat="24.838860" lon="121.257440"></trkpt>
      <trkpt lat="24.838870" lon="121.257450"></trkpt>
      <trkpt lat="24.838880" lon="121.257480"></trkpt>
      <trkpt lat="24.838940" lon="121.257540"></trkpt>
      <trkpt lat="24.839040" lon="121.257620"></trkpt>
      <trkpt lat="24.838970" lon="121.257700"></trkpt>
      <trkpt lat="24.838910" lon="121.257870"></trkpt>
      <trkpt lat="24.838890" lon="121.258050"></trkpt>
      <trkpt lat="24.838920" lon="121.258190"></trkpt>
      <trkpt lat="24.839720" lon="121.258230"></trkpt>
      <trkpt lat="24.840040" lon="121.258320"></trkpt>
      <trkpt lat="24.840380" lon="121.258480"></trkpt>
      <trkpt lat="24.840770" lon="121.258760"></trkpt>
      <trkpt lat="24.840860" lon="121.258860"></trkpt>
      <trkpt lat="24.841060" lon="121.259030"></trkpt>
      <trkpt lat="24.841220" lon="121.259130"></trkpt>
      <trkpt lat="24.841350" lon="121.259190"></trkpt>
      <trkpt lat="24.841670" lon="121.259300"></trkpt>
      <trkpt lat="24.842150" lon="121.259380"></trkpt>
      <trkpt lat="24.842280" lon="121.259420"></trkpt>
      <trkpt lat="24.842430" lon="121.259510"></trkpt>
      <trkpt lat="24.842500" lon="121.259570"></trkpt>
      <trkpt lat="24.842540" lon="121.259580"></trkpt>
      <trkpt lat="24.842540" lon="121.259680"></trkpt>
      <trkpt lat="24.842530" lon="121.259750"></trkpt>
      <trkpt lat="24.842740" lon="121.259950"></trkpt>
      <trkpt lat="24.842850" lon="121.260080"></trkpt>
      <trkpt lat="24.843170" lon="121.260640"></trkpt>
      <trkpt lat="24.843220" lon="121.260750"></trkpt>
      <trkpt lat="24.843280" lon="121.260820"></trkpt>
      <trkpt lat="24.844170" lon="121.261600"></trkpt>
      <trkpt lat="24.844950" lon="121.262340"></trkpt>
      <trkpt lat="24.845400" lon="121.262700"></trkpt>
      <trkpt lat="24.845710" lon="121.262890"></trkpt>
      <trkpt lat="24.846990" lon="121.263550"></trkpt>
      <trkpt lat="24.847190" lon="121.263680"></trkpt>
      <trkpt lat="24.847730" lon="121.263970"></trkpt>
      <trkpt lat="24.849120" lon="121.264950"></trkpt>
      <trkpt lat="24.849690" lon="121.265280"></trkpt>
      <trkpt lat="24.849970" lon="121.265420"></trkpt>
      <trkpt lat="24.850390" lon="121.265680"></trkpt>
      <trkpt lat="24.850600" lon="121.265750"></trkpt>
      <trkpt lat="24.852570" lon="121.266250"></trkpt>
      <trkpt lat="24.852640" lon="121.266260"></trkpt>
      <trkpt lat="24.852860" lon="121.266260"></trkpt>
      <trkpt lat="24.853220" lon="121.266200"></trkpt>
      <trkpt lat="24.853790" lon="121.266200"></trkpt>
      <trkpt lat="24.854030" lon="121.266240"></trkpt>
      <trkpt lat="24.854080" lon="121.266270"></trkpt>
      <trkpt lat="24.854100" lon="121.266290"></trkpt>
      <trkpt lat="24.854130" lon="121.266370"></trkpt>
      <trkpt lat="24.854210" lon="121.266470"></trkpt>
      <trkpt lat="24.854290" lon="121.266550"></trkpt>
      <trkpt lat="24.854350" lon="121.266590"></trkpt>
      <trkpt lat="24.854540" lon="121.266630"></trkpt>
      <trkpt lat="24.854730" lon="121.266630"></trkpt>
      <trkpt lat="24.854900" lon="121.266570"></trkpt>
      <trkpt lat="24.855560" lon="121.266260"></trkpt>
      <trkpt lat="24.855690" lon="121.266180"></trkpt>
      <trkpt lat="24.855750" lon="121.266110"></trkpt>
      <trkpt lat="24.856130" lon="121.265790"></trkpt>
      <trkpt lat="24.856270" lon="121.265880"></trkpt>
      <trkpt lat="24.856520" lon="121.266070"></trkpt>
      <trkpt lat="24.856600" lon="121.266090"></trkpt>
      <trkpt lat="24.856800" lon="121.266090"></trkpt>
      <trkpt lat="24.857080" lon="121.266040"></trkpt>
      <trkpt lat="24.857290" lon="121.265960"></trkpt>
      <trkpt lat="24.857770" lon="121.265740"></trkpt>
      <trkpt lat="24.858040" lon="121.265640"></trkpt>
      <trkpt lat="24.858110" lon="121.265640"></trkpt>
      <trkpt lat="24.858130" lon="121.265650"></trkpt>
      <trkpt lat="24.858150" lon="121.265670"></trkpt>
      <trkpt lat="24.858270" lon="121.265880"></trkpt>
      <trkpt lat="24.858380" lon="121.265870"></trkpt>
      <trkpt lat="24.859130" lon="121.265920"></trkpt>
      <trkpt lat="24.859260" lon="121.265980"></trkpt>
      <trkpt lat="24.859490" lon="121.266050"></trkpt>
      <trkpt lat="24.859890" lon="121.266100"></trkpt>
      <trkpt lat="24.860170" lon="121.266110"></trkpt>
      <trkpt lat="24.860200" lon="121.266120"></trkpt>
      <trkpt lat="24.860210" lon="121.266120"></trkpt>
      <trkpt lat="24.860240" lon="121.266130"></trkpt>
      <trkpt lat="24.860250" lon="121.266130"></trkpt>
      <trkpt lat="24.860260" lon="121.266140"></trkpt>
      <trkpt lat="24.860290" lon="121.266150"></trkpt>
      <trkpt lat="24.860300" lon="121.266160"></trkpt>
      <trkpt lat="24.860330" lon="121.266210"></trkpt>
      <trkpt lat="24.860330" lon="121.266220"></trkpt>
      <trkpt lat="24.860390" lon="121.266280"></trkpt>
      <trkpt lat="24.860410" lon="121.266290"></trkpt>
      <trkpt lat="24.860450" lon="121.266300"></trkpt>
      <trkpt lat="24.860760" lon="121.266310"></trkpt>
      <trkpt lat="24.860900" lon="121.266340"></trkpt>
      <trkpt lat="24.860970" lon="121.266250"></trkpt>
      <trkpt lat="24.860990" lon="121.266210"></trkpt>
      <trkpt lat="24.861020" lon="121.266180"></trkpt>
      <trkpt lat="24.861030" lon="121.266180"></trkpt>
      <trkpt lat="24.861060" lon="121.266160"></trkpt>
      <trkpt lat="24.861100" lon="121.266150"></trkpt>
      <trkpt lat="24.861200" lon="121.266100"></trkpt>
      <trkpt lat="24.861230" lon="121.266100"></trkpt>
      <trkpt lat="24.861260" lon="121.266080"></trkpt>
      <trkpt lat="24.861280" lon="121.266060"></trkpt>
      <trkpt lat="24.861360" lon="121.265950"></trkpt>
      <trkpt lat="24.861410" lon="121.265900"></trkpt>
      <trkpt lat="24.861570" lon="121.265790"></trkpt>
      <trkpt lat="24.861640" lon="121.265700"></trkpt>
      <trkpt lat="24.861690" lon="121.265610"></trkpt>
      <trkpt lat="24.861700" lon="121.265600"></trkpt>
      <trkpt lat="24.861710" lon="121.265600"></trkpt>
      <trkpt lat="24.861720" lon="121.265590"></trkpt>
      <trkpt lat="24.861760" lon="121.265570"></trkpt>
      <trkpt lat="24.861830" lon="121.265570"></trkpt>
      <trkpt lat="24.861840" lon="121.265580"></trkpt>
      <trkpt lat="24.862100" lon="121.265680"></trkpt>
      <trkpt lat="24.862110" lon="121.265690"></trkpt>
      <trkpt lat="24.862330" lon="121.265800"></trkpt>
      <trkpt lat="24.862540" lon="121.266000"></trkpt>
      <trkpt lat="24.862690" lon="121.266100"></trkpt>
      <trkpt lat="24.862690" lon="121.266110"></trkpt>
      <trkpt lat="24.862700" lon="121.266130"></trkpt>
      <trkpt lat="24.862720" lon="121.266140"></trkpt>
      <trkpt lat="24.862730" lon="121.266150"></trkpt>
      <trkpt lat="24.862750" lon="121.266160"></trkpt>
      <trkpt lat="24.862760" lon="121.266170"></trkpt>
      <trkpt lat="24.862780" lon="121.266170"></trkpt>
      <trkpt lat="24.862850" lon="121.266200"></trkpt>
      <trkpt lat="24.862880" lon="121.266200"></trkpt>
      <trkpt lat="24.863060" lon="121.266320"></trkpt>
      <trkpt lat="24.863130" lon="121.266350"></trkpt>
      <trkpt lat="24.863230" lon="121.266380"></trkpt>
      <trkpt lat="24.863250" lon="121.266390"></trkpt>
      <trkpt lat="24.863360" lon="121.266490"></trkpt>
      <trkpt lat="24.863400" lon="121.266540"></trkpt>
      <trkpt lat="24.863480" lon="121.266600"></trkpt>
      <trkpt lat="24.863630" lon="121.266680"></trkpt>
      <trkpt lat="24.863720" lon="121.266700"></trkpt>
      <trkpt lat="24.863740" lon="121.266710"></trkpt>
      <trkpt lat="24.863800" lon="121.266720"></trkpt>
      <trkpt lat="24.863830" lon="121.266740"></trkpt>
      <trkpt lat="24.863850" lon="121.266770"></trkpt>
      <trkpt lat="24.863870" lon="121.266790"></trkpt>
      <trkpt lat="24.863890" lon="121.266850"></trkpt>
      <trkpt lat="24.863930" lon="121.266920"></trkpt>
      <trkpt lat="24.863980" lon="121.267080"></trkpt>
      <trkpt lat="24.864010" lon="121.267140"></trkpt>
      <trkpt lat="24.864080" lon="121.267230"></trkpt>
      <trkpt lat="24.864110" lon="121.267250"></trkpt>
      <trkpt lat="24.864200" lon="121.267290"></trkpt>
      <trkpt lat="24.864330" lon="121.267320"></trkpt>
      <trkpt lat="24.864350" lon="121.267320"></trkpt>
      <trkpt lat="24.864430" lon="121.267290"></trkpt>
      <trkpt lat="24.864440" lon="121.267290"></trkpt>
      <trkpt lat="24.864490" lon="121.267260"></trkpt>
      <trkpt lat="24.864510" lon="121.267230"></trkpt>
      <trkpt lat="24.864640" lon="121.267130"></trkpt>
      <trkpt lat="24.864770" lon="121.266890"></trkpt>
      <trkpt lat="24.864780" lon="121.266880"></trkpt>
      <trkpt lat="24.864800" lon="121.266880"></trkpt>
      <trkpt lat="24.864810" lon="121.266870"></trkpt>
      <trkpt lat="24.864830" lon="121.266870"></trkpt>
      <trkpt lat="24.865030" lon="121.266960"></trkpt>
      <trkpt lat="24.865090" lon="121.266960"></trkpt>
      <trkpt lat="24.865110" lon="121.266950"></trkpt>
      <trkpt lat="24.865130" lon="121.266930"></trkpt>
      <trkpt lat="24.865180" lon="121.266900"></trkpt>
      <trkpt lat="24.865370" lon="121.266730"></trkpt>
      <trkpt lat="24.865450" lon="121.266630"></trkpt>
      <trkpt lat="24.865520" lon="121.266510"></trkpt>
      <trkpt lat="24.865630" lon="121.266370"></trkpt>
      <trkpt lat="24.865810" lon="121.266210"></trkpt>
      <trkpt lat="24.866040" lon="121.266040"></trkpt>
      <trkpt lat="24.866080" lon="121.266030"></trkpt>
      <trkpt lat="24.866080" lon="121.266020"></trkpt>
      <trkpt lat="24.866140" lon="121.266020"></trkpt>
      <trkpt lat="24.866430" lon="121.266120"></trkpt>
      <trkpt lat="24.867040" lon="121.266450"></trkpt>
      <trkpt lat="24.867450" lon="121.266720"></trkpt>
      <trkpt lat="24.867750" lon="121.266950"></trkpt>
      <trkpt lat="24.867760" lon="121.266950"></trkpt>
      <trkpt lat="24.867800" lon="121.266980"></trkpt>
      <trkpt lat="24.867810" lon="121.266970"></trkpt>
      <trkpt lat="24.867830" lon="121.266970"></trkpt>
      <trkpt lat="24.867850" lon="121.266950"></trkpt>
      <trkpt lat="24.867930" lon="121.266820"></trkpt>
      <trkpt lat="24.868110" lon="121.266470"></trkpt>
      <trkpt lat="24.868110" lon="121.266460"></trkpt>
      <trkpt lat="24.868140" lon="121.266430"></trkpt>
      <trkpt lat="24.868210" lon="121.266400"></trkpt>
      <trkpt lat="24.868220" lon="121.266390"></trkpt>
      <trkpt lat="24.868240" lon="121.266390"></trkpt>
      <trkpt lat="24.868340" lon="121.266360"></trkpt>
      <trkpt lat="24.868460" lon="121.266360"></trkpt>
      <trkpt lat="24.868550" lon="121.266380"></trkpt>
      <trkpt lat="24.868610" lon="121.266410"></trkpt>
      <trkpt lat="24.868960" lon="121.266670"></trkpt>
      <trkpt lat="24.869060" lon="121.266760"></trkpt>
      <trkpt lat="24.869140" lon="121.266850"></trkpt>
      <trkpt lat="24.869460" lon="121.267160"></trkpt>
      <trkpt lat="24.869750" lon="121.267540"></trkpt>
      <trkpt lat="24.869890" lon="121.267750"></trkpt>
      <trkpt lat="24.870240" lon="121.268130"></trkpt>
      <trkpt lat="24.870530" lon="121.268700"></trkpt>
      <trkpt lat="24.870690" lon="121.268920"></trkpt>
      <trkpt lat="24.870870" lon="121.269250"></trkpt>
      <trkpt lat="24.871280" lon="121.269810"></trkpt>
      <trkpt lat="24.872230" lon="121.270950"></trkpt>
      <trkpt lat="24.872310" lon="121.271090"></trkpt>
      <trkpt lat="24.872380" lon="121.271260"></trkpt>
      <trkpt lat="24.872640" lon="121.271660"></trkpt>
      <trkpt lat="24.873280" lon="121.272510"></trkpt>
      <trkpt lat="24.873490" lon="121.272880"></trkpt>
      <trkpt lat="24.873570" lon="121.273000"></trkpt>
      <trkpt lat="24.873770" lon="121.273210"></trkpt>
      <trkpt lat="24.874000" lon="121.273540"></trkpt>
      <trkpt lat="24.874090" lon="121.273640"></trkpt>
      <trkpt lat="24.873880" lon="121.273860"></trkpt>
      <trkpt lat="24.873810" lon="121.273790"></trkpt>
      <trkpt lat="24.873710" lon="121.273900"></trkpt>
      <trkpt lat="24.874010" lon="121.274210"></trkpt>
      <trkpt lat="24.874430" lon="121.274540"></trkpt>
      <trkpt lat="24.874450" lon="121.274570"></trkpt>
      <trkpt lat="24.874480" lon="121.274590"></trkpt>
      <trkpt lat="24.874520" lon="121.274660"></trkpt>
      <trkpt lat="24.874670" lon="121.274870"></trkpt>
      <trkpt lat="24.874840" lon="121.275180"></trkpt>
      <trkpt lat="24.874980" lon="121.275690"></trkpt>
      <trkpt lat="24.875080" lon="121.275920"></trkpt>
      <trkpt lat="24.875090" lon="121.275960"></trkpt>
      <trkpt lat="24.875200" lon="121.276100"></trkpt>
      <trkpt lat="24.875300" lon="121.276190"></trkpt>
      <trkpt lat="24.875350" lon="121.276220"></trkpt>
      <trkpt lat="24.875380" lon="121.276230"></trkpt>
      <trkpt lat="24.875410" lon="121.276250"></trkpt>
      <trkpt lat="24.876040" lon="121.276480"></trkpt>
      <trkpt lat="24.876040" lon="121.276560"></trkpt>
      <trkpt lat="24.876100" lon="121.276860"></trkpt>
      <trkpt lat="24.876160" lon="121.277300"></trkpt>
      <trkpt lat="24.876180" lon="121.277350"></trkpt>
      <trkpt lat="24.876200" lon="121.277380"></trkpt>
      <trkpt lat="24.876240" lon="121.277400"></trkpt>
      <trkpt lat="24.876300" lon="121.277420"></trkpt>
      <trkpt lat="24.876430" lon="121.277490"></trkpt>
      <trkpt lat="24.876690" lon="121.277560"></trkpt>
      <trkpt lat="24.876910" lon="121.277670"></trkpt>
      <trkpt lat="24.876930" lon="121.277670"></trkpt>
      <trkpt lat="24.878570" lon="121.278460"></trkpt>
      <trkpt lat="24.879000" lon="121.278750"></trkpt>
      <trkpt lat="24.879770" lon="121.279340"></trkpt>
      <trkpt lat="24.880190" lon="121.279700"></trkpt>
      <trkpt lat="24.880490" lon="121.279920"></trkpt>
      <trkpt lat="24.881640" lon="121.280470"></trkpt>
      <trkpt lat="24.882280" lon="121.280670"></trkpt>
      <trkpt lat="24.882810" lon="121.280760"></trkpt>
      <trkpt lat="24.883010" lon="121.280770"></trkpt>
      <trkpt lat="24.883040" lon="121.281470"></trkpt>
      <trkpt lat="24.883060" lon="121.281550"></trkpt>
      <trkpt lat="24.883080" lon="121.281580"></trkpt>
      <trkpt lat="24.883100" lon="121.281600"></trkpt>
      <trkpt lat="24.883170" lon="121.281620"></trkpt>
      <trkpt lat="24.883280" lon="121.281590"></trkpt>
      <trkpt lat="24.883290" lon="121.281580"></trkpt>
      <trkpt lat="24.883330" lon="121.281580"></trkpt>
      <trkpt lat="24.883360" lon="121.281590"></trkpt>
      <trkpt lat="24.883470" lon="121.281660"></trkpt>
      <trkpt lat="24.883550" lon="121.281740"></trkpt>
      <trkpt lat="24.883680" lon="121.281740"></trkpt>
      <trkpt lat="24.883720" lon="121.281730"></trkpt>
      <trkpt lat="24.883760" lon="121.281730"></trkpt>
      <trkpt lat="24.884040" lon="121.281690"></trkpt>
      <trkpt lat="24.884170" lon="121.281690"></trkpt>
      <trkpt lat="24.884430" lon="121.281650"></trkpt>
      <trkpt lat="24.884680" lon="121.281640"></trkpt>
      <trkpt lat="24.884720" lon="121.281650"></trkpt>
      <trkpt lat="24.884770" lon="121.281650"></trkpt>
      <trkpt lat="24.884800" lon="121.281660"></trkpt>
      <trkpt lat="24.884960" lon="121.281660"></trkpt>
      <trkpt lat="24.884960" lon="121.281670"></trkpt>
      <trkpt lat="24.884980" lon="121.281670"></trkpt>
      <trkpt lat="24.884990" lon="121.281690"></trkpt>
      <trkpt lat="24.885090" lon="121.281750"></trkpt>
      <trkpt lat="24.885070" lon="121.281810"></trkpt>
      <trkpt lat="24.885010" lon="121.282130"></trkpt>
      <trkpt lat="24.885010" lon="121.282170"></trkpt>
      <trkpt lat="24.885020" lon="121.282210"></trkpt>
      <trkpt lat="24.885030" lon="121.282230"></trkpt>
      <trkpt lat="24.885050" lon="121.282250"></trkpt>
      <trkpt lat="24.885050" lon="121.282270"></trkpt>
      <trkpt lat="24.885070" lon="121.282290"></trkpt>
      <trkpt lat="24.885080" lon="121.282310"></trkpt>
      <trkpt lat="24.885230" lon="121.282390"></trkpt>
      <trkpt lat="24.885880" lon="121.282590"></trkpt>
      <trkpt lat="24.885910" lon="121.282590"></trkpt>
      <trkpt lat="24.886280" lon="121.282670"></trkpt>
      <trkpt lat="24.886660" lon="121.282710"></trkpt>
      <trkpt lat="24.887060" lon="121.282730"></trkpt>
      <trkpt lat="24.887480" lon="121.282800"></trkpt>
      <trkpt lat="24.888260" lon="121.283030"></trkpt>
      <trkpt lat="24.888480" lon="121.283160"></trkpt>
      <trkpt lat="24.889360" lon="121.283470"></trkpt>
      <trkpt lat="24.889420" lon="121.283470"></trkpt>
      <trkpt lat="24.889480" lon="121.283460"></trkpt>
      <trkpt lat="24.889570" lon="121.283430"></trkpt>
      <trkpt lat="24.889700" lon="121.283340"></trkpt>
      <trkpt lat="24.889940" lon="121.283260"></trkpt>
      <trkpt lat="24.890230" lon="121.283200"></trkpt>
      <trkpt lat="24.890540" lon="121.283180"></trkpt>
      <trkpt lat="24.890610" lon="121.283190"></trkpt>
      <trkpt lat="24.890720" lon="121.283240"></trkpt>
      <trkpt lat="24.891160" lon="121.283550"></trkpt>
      <trkpt lat="24.891360" lon="121.283720"></trkpt>
      <trkpt lat="24.893880" lon="121.286520"></trkpt>
      <trkpt lat="24.893920" lon="121.286520"></trkpt>
      <trkpt lat="24.894140" lon="121.286300"></trkpt>
      <trkpt lat="24.894220" lon="121.286200"></trkpt>
      <trkpt lat="24.894320" lon="121.286360"></trkpt>
      <trkpt lat="24.894460" lon="121.286640"></trkpt>
      <trkpt lat="24.894640" lon="121.286950"></trkpt>
      <trkpt lat="24.894670" lon="121.287140"></trkpt>
      <trkpt lat="24.894710" lon="121.287230"></trkpt>
      <trkpt lat="24.894740" lon="121.287330"></trkpt>
      <trkpt lat="24.894880" lon="121.287460"></trkpt>
      <trkpt lat="24.895050" lon="121.287700"></trkpt>
      <trkpt lat="24.895110" lon="121.287820"></trkpt>
      <trkpt lat="24.895230" lon="121.288130"></trkpt>
      <trkpt lat="24.895350" lon="121.288370"></trkpt>
      <trkpt lat="24.895450" lon="121.288540"></trkpt>
      <trkpt lat="24.895710" lon="121.288920"></trkpt>
      <trkpt lat="24.895910" lon="121.289410"></trkpt>
      <trkpt lat="24.895970" lon="121.289610"></trkpt>
      <trkpt lat="24.895990" lon="121.289630"></trkpt>
      <trkpt lat="24.896010" lon="121.289690"></trkpt>
      <trkpt lat="24.896480" lon="121.290650"></trkpt>
      <trkpt lat="24.896760" lon="121.291300"></trkpt>
      <trkpt lat="24.897180" lon="121.292140"></trkpt>
      <trkpt lat="24.897200" lon="121.292160"></trkpt>
      <trkpt lat="24.897380" lon="121.292520"></trkpt>
      <trkpt lat="24.897590" lon="121.292850"></trkpt>
      <trkpt lat="24.898970" lon="121.294710"></trkpt>
      <trkpt lat="24.899530" lon="121.295340"></trkpt>
      <trkpt lat="24.899550" lon="121.295370"></trkpt>
      <trkpt lat="24.899740" lon="121.295580"></trkpt>
      <trkpt lat="24.899740" lon="121.295590"></trkpt>
      <trkpt lat="24.899730" lon="121.295610"></trkpt>
      <trkpt lat="24.899730" lon="121.295620"></trkpt>
      <trkpt lat="24.899640" lon="121.295710"></trkpt>
      <trkpt lat="24.899640" lon="121.295720"></trkpt>
      <trkpt lat="24.899630" lon="121.295740"></trkpt>
      <trkpt lat="24.899630" lon="121.295760"></trkpt>
      <trkpt lat="24.899640" lon="121.295770"></trkpt>
      <trkpt lat="24.899650" lon="121.295790"></trkpt>
      <trkpt lat="24.900530" lon="121.296710"></trkpt>
      <trkpt lat="24.900630" lon="121.296830"></trkpt>
      <trkpt lat="24.900970" lon="121.297350"></trkpt>
      <trkpt lat="24.901160" lon="121.297560"></trkpt>
      <trkpt lat="24.901300" lon="121.297680"></trkpt>
      <trkpt lat="24.901810" lon="121.298050"></trkpt>
      <trkpt lat="24.901940" lon="121.298110"></trkpt>
      <trkpt lat="24.902000" lon="121.298130"></trkpt>
      <trkpt lat="24.902130" lon="121.298150"></trkpt>
      <trkpt lat="24.902410" lon="121.298130"></trkpt>
      <trkpt lat="24.902520" lon="121.298150"></trkpt>
      <trkpt lat="24.902590" lon="121.298190"></trkpt>
      <trkpt lat="24.902680" lon="121.298220"></trkpt>
      <trkpt lat="24.902840" lon="121.298310"></trkpt>
      <trkpt lat="24.902900" lon="121.298310"></trkpt>
      <trkpt lat="24.902920" lon="121.298300"></trkpt>
      <trkpt lat="24.902950" lon="121.298300"></trkpt>
      <trkpt lat="24.903820" lon="121.297970"></trkpt>
      <trkpt lat="24.903880" lon="121.297970"></trkpt>
      <trkpt lat="24.903900" lon="121.297980"></trkpt>
      <trkpt lat="24.904390" lon="121.298600"></trkpt>
      <trkpt lat="24.904420" lon="121.298650"></trkpt>
      <trkpt lat="24.904450" lon="121.298680"></trkpt>
      <trkpt lat="24.905570" lon="121.299530"></trkpt>
      <trkpt lat="24.905630" lon="121.299550"></trkpt>
      <trkpt lat="24.905770" lon="121.299570"></trkpt>
      <trkpt lat="24.905890" lon="121.299600"></trkpt>
      <trkpt lat="24.905920" lon="121.299600"></trkpt>
      <trkpt lat="24.905950" lon="121.299620"></trkpt>
      <trkpt lat="24.905970" lon="121.299650"></trkpt>
      <trkpt lat="24.906410" lon="121.300030"></trkpt>
      <trkpt lat="24.906460" lon="121.300110"></trkpt>
      <trkpt lat="24.906540" lon="121.300400"></trkpt>
      <trkpt lat="24.906570" lon="121.300470"></trkpt>
      <trkpt lat="24.906600" lon="121.300520"></trkpt>
      <trkpt lat="24.906650" lon="121.300560"></trkpt>
      <trkpt lat="24.906890" lon="121.300710"></trkpt>
      <trkpt lat="24.907500" lon="121.301280"></trkpt>
      <trkpt lat="24.908510" lon="121.302410"></trkpt>
      <trkpt lat="24.908680" lon="121.302650"></trkpt>
      <trkpt lat="24.908770" lon="121.302800"></trkpt>
      <trkpt lat="24.909550" lon="121.304490"></trkpt>
      <trkpt lat="24.909610" lon="121.304690"></trkpt>
      <trkpt lat="24.909660" lon="121.304810"></trkpt>
      <trkpt lat="24.909670" lon="121.304820"></trkpt>
      <trkpt lat="24.909720" lon="121.304920"></trkpt>
      <trkpt lat="24.909770" lon="121.304990"></trkpt>
      <trkpt lat="24.909830" lon="121.305050"></trkpt>
      <trkpt lat="24.910110" lon="121.305280"></trkpt>
      <trkpt lat="24.910140" lon="121.305270"></trkpt>
      <trkpt lat="24.910330" lon="121.305370"></trkpt>
      <trkpt lat="24.910390" lon="121.305410"></trkpt>
      <trkpt lat="24.910440" lon="121.305460"></trkpt>
      <trkpt lat="24.910470" lon="121.305500"></trkpt>
      <trkpt lat="24.910490" lon="121.305560"></trkpt>
      <trkpt lat="24.910520" lon="121.305620"></trkpt>
      <trkpt lat="24.910520" lon="121.305630"></trkpt>
      <trkpt lat="24.910530" lon="121.305650"></trkpt>
      <trkpt lat="24.910580" lon="121.305680"></trkpt>
      <trkpt lat="24.910610" lon="121.305690"></trkpt>
      <trkpt lat="24.910780" lon="121.305790"></trkpt>
      <trkpt lat="24.910820" lon="121.305830"></trkpt>
      <trkpt lat="24.911240" lon="121.306400"></trkpt>
      <trkpt lat="24.911260" lon="121.306410"></trkpt>
      <trkpt lat="24.911260" lon="121.306420"></trkpt>
      <trkpt lat="24.911290" lon="121.306420"></trkpt>
      <trkpt lat="24.911400" lon="121.306360"></trkpt>
      <trkpt lat="24.911810" lon="121.306220"></trkpt>
      <trkpt lat="24.911870" lon="121.306220"></trkpt>
      <trkpt lat="24.911910" lon="121.306230"></trkpt>
      <trkpt lat="24.912470" lon="121.306560"></trkpt>
      <trkpt lat="24.912510" lon="121.306600"></trkpt>
      <trkpt lat="24.912540" lon="121.306670"></trkpt>
      <trkpt lat="24.912550" lon="121.306720"></trkpt>
      <trkpt lat="24.912550" lon="121.306770"></trkpt>
      <trkpt lat="24.912540" lon="121.306800"></trkpt>
      <trkpt lat="24.912550" lon="121.306820"></trkpt>
      <trkpt lat="24.912550" lon="121.306850"></trkpt>
      <trkpt lat="24.912560" lon="121.306870"></trkpt>
      <trkpt lat="24.912610" lon="121.306920"></trkpt>
      <trkpt lat="24.912630" lon="121.306950"></trkpt>
      <trkpt lat="24.912880" lon="121.307150"></trkpt>
      <trkpt lat="24.913230" lon="121.307480"></trkpt>
      <trkpt lat="24.913430" lon="121.307630"></trkpt>
      <trkpt lat="24.913470" lon="121.307690"></trkpt>
      <trkpt lat="24.913490" lon="121.307760"></trkpt>
      <trkpt lat="24.913500" lon="121.307780"></trkpt>
      <trkpt lat="24.913830" lon="121.308070"></trkpt>
      <trkpt lat="24.914070" lon="121.308250"></trkpt>
      <trkpt lat="24.914120" lon="121.308270"></trkpt>
      <trkpt lat="24.914120" lon="121.308280"></trkpt>
      <trkpt lat="24.914160" lon="121.308310"></trkpt>
      <trkpt lat="24.914430" lon="121.308600"></trkpt>
      <trkpt lat="24.914880" lon="121.309170"></trkpt>
      <trkpt lat="24.915140" lon="121.309580"></trkpt>
      <trkpt lat="24.915360" lon="121.310050"></trkpt>
      <trkpt lat="24.915660" lon="121.310440"></trkpt>
      <trkpt lat="24.916380" lon="121.311260"></trkpt>
      <trkpt lat="24.916650" lon="121.311600"></trkpt>
      <trkpt lat="24.916730" lon="121.311680"></trkpt>
      <trkpt lat="24.916760" lon="121.311690"></trkpt>
      <trkpt lat="24.916780" lon="121.311710"></trkpt>
      <trkpt lat="24.916800" lon="121.311720"></trkpt>
      <trkpt lat="24.917010" lon="121.311900"></trkpt>
      <trkpt lat="24.917400" lon="121.312470"></trkpt>
      <trkpt lat="24.917700" lon="121.313070"></trkpt>
      <trkpt lat="24.917940" lon="121.313680"></trkpt>
      <trkpt lat="24.918120" lon="121.314060"></trkpt>
      <trkpt lat="24.918250" lon="121.314430"></trkpt>
      <trkpt lat="24.918280" lon="121.314580"></trkpt>
      <trkpt lat="24.918420" lon="121.314850"></trkpt>
      <trkpt lat="24.918450" lon="121.314950"></trkpt>
      <trkpt lat="24.918540" lon="121.314990"></trkpt>
      <trkpt lat="24.919190" lon="121.315160"></trkpt>
      <trkpt lat="24.919360" lon="121.315230"></trkpt>
      <trkpt lat="24.919430" lon="121.315270"></trkpt>
      <trkpt lat="24.919510" lon="121.315240"></trkpt>
      <trkpt lat="24.919710" lon="121.315340"></trkpt>
      <trkpt lat="24.919940" lon="121.315430"></trkpt>
      <trkpt lat="24.920040" lon="121.315450"></trkpt>
      <trkpt lat="24.920430" lon="121.315450"></trkpt>
      <trkpt lat="24.920530" lon="121.315470"></trkpt>
      <trkpt lat="24.920790" lon="121.315570"></trkpt>
      <trkpt lat="24.920840" lon="121.315600"></trkpt>
      <trkpt lat="24.921040" lon="121.315610"></trkpt>
      <trkpt lat="24.921240" lon="121.315660"></trkpt>
      <trkpt lat="24.921390" lon="121.315730"></trkpt>
      <trkpt lat="24.921680" lon="121.315910"></trkpt>
      <trkpt lat="24.922090" lon="121.316210"></trkpt>
      <trkpt lat="24.922490" lon="121.316450"></trkpt>
      <trkpt lat="24.922870" lon="121.316630"></trkpt>
      <trkpt lat="24.923540" lon="121.316850"></trkpt>
      <trkpt lat="24.923610" lon="121.316880"></trkpt>
      <trkpt lat="24.923690" lon="121.316890"></trkpt>
      <trkpt lat="24.923760" lon="121.316910"></trkpt>
      <trkpt lat="24.923870" lon="121.316970"></trkpt>
      <trkpt lat="24.924050" lon="121.316970"></trkpt>
      <trkpt lat="24.924380" lon="121.316920"></trkpt>
      <trkpt lat="24.924750" lon="121.316840"></trkpt>
      <trkpt lat="24.925070" lon="121.316740"></trkpt>
      <trkpt lat="24.925150" lon="121.316650"></trkpt>
      <trkpt lat="24.925210" lon="121.316730"></trkpt>
      <trkpt lat="24.925240" lon="121.316760"></trkpt>
      <trkpt lat="24.925390" lon="121.317000"></trkpt>
      <trkpt lat="24.925610" lon="121.317400"></trkpt>
      <trkpt lat="24.925870" lon="121.317770"></trkpt>
      <trkpt lat="24.926000" lon="121.317980"></trkpt>
      <trkpt lat="24.926100" lon="121.318170"></trkpt>
      <trkpt lat="24.926530" lon="121.319500"></trkpt>
      <trkpt lat="24.926590" lon="121.319630"></trkpt>
      <trkpt lat="24.926610" lon="121.319690"></trkpt>
      <trkpt lat="24.926960" lon="121.320380"></trkpt>
      <trkpt lat="24.926980" lon="121.320450"></trkpt>
      <trkpt lat="24.927040" lon="121.320540"></trkpt>
      <trkpt lat="24.927110" lon="121.320670"></trkpt>
      <trkpt lat="24.927160" lon="121.320740"></trkpt>
      <trkpt lat="24.927210" lon="121.320780"></trkpt>
      <trkpt lat="24.927210" lon="121.320800"></trkpt>
      <trkpt lat="24.927280" lon="121.320970"></trkpt>
      <trkpt lat="24.927390" lon="121.321330"></trkpt>
      <trkpt lat="24.927500" lon="121.321830"></trkpt>
      <trkpt lat="24.927500" lon="121.321860"></trkpt>
      <trkpt lat="24.927510" lon="121.321910"></trkpt>
      <trkpt lat="24.927560" lon="121.322040"></trkpt>
      <trkpt lat="24.927590" lon="121.322070"></trkpt>
      <trkpt lat="24.927600" lon="121.322090"></trkpt>
      <trkpt lat="24.927610" lon="121.322100"></trkpt>
      <trkpt lat="24.927660" lon="121.322180"></trkpt>
      <trkpt lat="24.927750" lon="121.322360"></trkpt>
      <trkpt lat="24.927750" lon="121.322370"></trkpt>
      <trkpt lat="24.927800" lon="121.322460"></trkpt>
      <trkpt lat="24.927820" lon="121.322520"></trkpt>
      <trkpt lat="24.927840" lon="121.322550"></trkpt>
      <trkpt lat="24.927850" lon="121.322590"></trkpt>
      <trkpt lat="24.927950" lon="121.322740"></trkpt>
      <trkpt lat="24.928540" lon="121.323510"></trkpt>
      <trkpt lat="24.928900" lon="121.324110"></trkpt>
      <trkpt lat="24.929000" lon="121.324250"></trkpt>
      <trkpt lat="24.929080" lon="121.324410"></trkpt>
      <trkpt lat="24.929220" lon="121.324840"></trkpt>
      <trkpt lat="24.929300" lon="121.324990"></trkpt>
      <trkpt lat="24.929530" lon="121.325310"></trkpt>
      <trkpt lat="24.929570" lon="121.325380"></trkpt>
      <trkpt lat="24.929610" lon="121.325430"></trkpt>
      <trkpt lat="24.929650" lon="121.325520"></trkpt>
      <trkpt lat="24.929710" lon="121.325700"></trkpt>
      <trkpt lat="24.929790" lon="121.326070"></trkpt>
      <trkpt lat="24.929920" lon="121.326430"></trkpt>
      <trkpt lat="24.930140" lon="121.326880"></trkpt>
      <trkpt lat="24.930200" lon="121.326980"></trkpt>
      <trkpt lat="24.930880" lon="121.327790"></trkpt>
      <trkpt lat="24.930990" lon="121.327880"></trkpt>
      <trkpt lat="24.931240" lon="121.328040"></trkpt>
      <trkpt lat="24.931320" lon="121.328070"></trkpt>
      <trkpt lat="24.931670" lon="121.328240"></trkpt>
      <trkpt lat="24.932560" lon="121.328480"></trkpt>
      <trkpt lat="24.932390" lon="121.328900"></trkpt>
      <trkpt lat="24.932220" lon="121.329410"></trkpt>
      <trkpt lat="24.932140" lon="121.329850"></trkpt>
      <trkpt lat="24.932050" lon="121.330860"></trkpt>
      <trkpt lat="24.931910" lon="121.331510"></trkpt>
      <trkpt lat="24.931450" lon="121.332430"></trkpt>
      <trkpt lat="24.931310" lon="121.332650"></trkpt>
      <trkpt lat="24.930960" lon="121.333300"></trkpt>
      <trkpt lat="24.930660" lon="121.333970"></trkpt>
      <trkpt lat="24.930220" lon="121.334720"></trkpt>
      <trkpt lat="24.930140" lon="121.334830"></trkpt>
      <trkpt lat="24.930040" lon="121.334930"></trkpt>
      <trkpt lat="24.929960" lon="121.334990"></trkpt>
      <trkpt lat="24.929640" lon="121.335330"></trkpt>
      <trkpt lat="24.929590" lon="121.335450"></trkpt>
      <trkpt lat="24.929530" lon="121.335640"></trkpt>
      <trkpt lat="24.929380" lon="121.336900"></trkpt>
      <trkpt lat="24.929380" lon="121.336960"></trkpt>
      <trkpt lat="24.929420" lon="121.337160"></trkpt>
      <trkpt lat="24.929760" lon="121.338340"></trkpt>
      <trkpt lat="24.930100" lon="121.339220"></trkpt>
      <trkpt lat="24.930280" lon="121.339880"></trkpt>
      <trkpt lat="24.930410" lon="121.340180"></trkpt>
      <trkpt lat="24.930440" lon="121.340230"></trkpt>
      <trkpt lat="24.930560" lon="121.340340"></trkpt>
      <trkpt lat="24.930630" lon="121.340380"></trkpt>
      <trkpt lat="24.930680" lon="121.340420"></trkpt>
      <trkpt lat="24.930690" lon="121.340440"></trkpt>
      <trkpt lat="24.930810" lon="121.340600"></trkpt>
      <trkpt lat="24.930960" lon="121.340770"></trkpt>
      <trkpt lat="24.931090" lon="121.340950"></trkpt>
      <trkpt lat="24.931140" lon="121.340980"></trkpt>
      <trkpt lat="24.931230" lon="121.341010"></trkpt>
      <trkpt lat="24.931340" lon="121.341090"></trkpt>
      <trkpt lat="24.931390" lon="121.341140"></trkpt>
      <trkpt lat="24.931520" lon="121.341240"></trkpt>
      <trkpt lat="24.932260" lon="121.342060"></trkpt>
      <trkpt lat="24.932490" lon="121.342270"></trkpt>
      <trkpt lat="24.932630" lon="121.342480"></trkpt>
      <trkpt lat="24.932720" lon="121.342820"></trkpt>
      <trkpt lat="24.932790" lon="121.343000"></trkpt>
      <trkpt lat="24.932830" lon="121.343070"></trkpt>
      <trkpt lat="24.933040" lon="121.343310"></trkpt>
      <trkpt lat="24.932980" lon="121.343440"></trkpt>
      <trkpt lat="24.933590" lon="121.344090"></trkpt>
      <trkpt lat="24.934180" lon="121.344860"></trkpt>
      <trkpt lat="24.934650" lon="121.345520"></trkpt>
      <trkpt lat="24.934860" lon="121.345780"></trkpt>
      <trkpt lat="24.935030" lon="121.345920"></trkpt>
      <trkpt lat="24.935200" lon="121.345990"></trkpt>
      <trkpt lat="24.935450" lon="121.346060"></trkpt>
      <trkpt lat="24.935830" lon="121.346370"></trkpt>
      <trkpt lat="24.935910" lon="121.346370"></trkpt>
      <trkpt lat="24.935920" lon="121.346380"></trkpt>
      <trkpt lat="24.935930" lon="121.346380"></trkpt>
      <trkpt lat="24.935930" lon="121.346390"></trkpt>
      <trkpt lat="24.935970" lon="121.346440"></trkpt>
      <trkpt lat="24.935980" lon="121.346440"></trkpt>
      <trkpt lat="24.935990" lon="121.346450"></trkpt>
      <trkpt lat="24.936000" lon="121.346450"></trkpt>
      <trkpt lat="24.936010" lon="121.346460"></trkpt>
      <trkpt lat="24.936150" lon="121.346460"></trkpt>
      <trkpt lat="24.936230" lon="121.346490"></trkpt>
      <trkpt lat="24.936270" lon="121.346520"></trkpt>
      <trkpt lat="24.936760" lon="121.346640"></trkpt>
      <trkpt lat="24.936810" lon="121.346640"></trkpt>
      <trkpt lat="24.936840" lon="121.346650"></trkpt>
      <trkpt lat="24.937210" lon="121.346640"></trkpt>
      <trkpt lat="24.937590" lon="121.346710"></trkpt>
      <trkpt lat="24.937620" lon="121.346720"></trkpt>
      <trkpt lat="24.937870" lon="121.346710"></trkpt>
      <trkpt lat="24.937880" lon="121.346720"></trkpt>
      <trkpt lat="24.937890" lon="121.346720"></trkpt>
      <trkpt lat="24.937890" lon="121.346730"></trkpt>
      <trkpt lat="24.937900" lon="121.346740"></trkpt>
      <trkpt lat="24.937920" lon="121.346750"></trkpt>
      <trkpt lat="24.938000" lon="121.346820"></trkpt>
      <trkpt lat="24.938300" lon="121.346940"></trkpt>
      <trkpt lat="24.938380" lon="121.346940"></trkpt>
      <trkpt lat="24.938430" lon="121.346890"></trkpt>
      <trkpt lat="24.938440" lon="121.346890"></trkpt>
      <trkpt lat="24.938460" lon="121.346880"></trkpt>
      <trkpt lat="24.938480" lon="121.346860"></trkpt>
      <trkpt lat="24.938500" lon="121.346860"></trkpt>
      <trkpt lat="24.938510" lon="121.346850"></trkpt>
      <trkpt lat="24.938520" lon="121.346850"></trkpt>
      <trkpt lat="24.938530" lon="121.346860"></trkpt>
      <trkpt lat="24.938560" lon="121.346860"></trkpt>
      <trkpt lat="24.938600" lon="121.346880"></trkpt>
      <trkpt lat="24.938610" lon="121.346900"></trkpt>
      <trkpt lat="24.938630" lon="121.346920"></trkpt>
      <trkpt lat="24.938670" lon="121.347020"></trkpt>
      <trkpt lat="24.938670" lon="121.347040"></trkpt>
      <trkpt lat="24.938680" lon="121.347050"></trkpt>
      <trkpt lat="24.938680" lon="121.347070"></trkpt>
      <trkpt lat="24.938690" lon="121.347080"></trkpt>
      <trkpt lat="24.938700" lon="121.347100"></trkpt>
      <trkpt lat="24.938730" lon="121.347130"></trkpt>
      <trkpt lat="24.938750" lon="121.347130"></trkpt>
      <trkpt lat="24.938760" lon="121.347150"></trkpt>
      <trkpt lat="24.938770" lon="121.347150"></trkpt>
      <trkpt lat="24.938780" lon="121.347160"></trkpt>
      <trkpt lat="24.938790" lon="121.347160"></trkpt>
      <trkpt lat="24.938790" lon="121.347170"></trkpt>
      <trkpt lat="24.938800" lon="121.347170"></trkpt>
      <trkpt lat="24.938810" lon="121.347160"></trkpt>
      <trkpt lat="24.938870" lon="121.347160"></trkpt>
      <trkpt lat="24.938890" lon="121.347180"></trkpt>
      <trkpt lat="24.938890" lon="121.347190"></trkpt>
      <trkpt lat="24.938900" lon="121.347200"></trkpt>
      <trkpt lat="24.938900" lon="121.347240"></trkpt>
      <trkpt lat="24.938910" lon="121.347250"></trkpt>
      <trkpt lat="24.938910" lon="121.347270"></trkpt>
      <trkpt lat="24.938960" lon="121.347340"></trkpt>
      <trkpt lat="24.939130" lon="121.347530"></trkpt>
      <trkpt lat="24.939240" lon="121.347530"></trkpt>
      <trkpt lat="24.939250" lon="121.347540"></trkpt>
      <trkpt lat="24.939260" lon="121.347540"></trkpt>
      <trkpt lat="24.939270" lon="121.347550"></trkpt>
      <trkpt lat="24.939270" lon="121.347560"></trkpt>
      <trkpt lat="24.939280" lon="121.347570"></trkpt>
      <trkpt lat="24.939280" lon="121.347620"></trkpt>
      <trkpt lat="24.939290" lon="121.347640"></trkpt>
      <trkpt lat="24.939290" lon="121.347650"></trkpt>
      <trkpt lat="24.939300" lon="121.347670"></trkpt>
      <trkpt lat="24.939310" lon="121.347680"></trkpt>
      <trkpt lat="24.939310" lon="121.347700"></trkpt>
      <trkpt lat="24.939320" lon="121.347710"></trkpt>
      <trkpt lat="24.939330" lon="121.347710"></trkpt>
      <trkpt lat="24.939910" lon="121.348160"></trkpt>
      <trkpt lat="24.939930" lon="121.348170"></trkpt>
      <trkpt lat="24.939940" lon="121.348170"></trkpt>
      <trkpt lat="24.939950" lon="121.348180"></trkpt>
      <trkpt lat="24.939960" lon="121.348180"></trkpt>
      <trkpt lat="24.939970" lon="121.348190"></trkpt>
      <trkpt lat="24.940010" lon="121.348190"></trkpt>
      <trkpt lat="24.940060" lon="121.348210"></trkpt>
      <trkpt lat="24.940070" lon="121.348210"></trkpt>
      <trkpt lat="24.940080" lon="121.348220"></trkpt>
      <trkpt lat="24.940090" lon="121.348220"></trkpt>
      <trkpt lat="24.940100" lon="121.348240"></trkpt>
      <trkpt lat="24.940110" lon="121.348240"></trkpt>
      <trkpt lat="24.940110" lon="121.348250"></trkpt>
      <trkpt lat="24.940120" lon="121.348260"></trkpt>
      <trkpt lat="24.940120" lon="121.348270"></trkpt>
      <trkpt lat="24.940140" lon="121.348340"></trkpt>
      <trkpt lat="24.940150" lon="121.348360"></trkpt>
      <trkpt lat="24.940150" lon="121.348370"></trkpt>
      <trkpt lat="24.940160" lon="121.348380"></trkpt>
      <trkpt lat="24.940160" lon="121.348390"></trkpt>
      <trkpt lat="24.940180" lon="121.348390"></trkpt>
      <trkpt lat="24.940240" lon="121.348410"></trkpt>
      <trkpt lat="24.940310" lon="121.348420"></trkpt>
      <trkpt lat="24.940320" lon="121.348430"></trkpt>
      <trkpt lat="24.940330" lon="121.348430"></trkpt>
      <trkpt lat="24.940330" lon="121.348440"></trkpt>
      <trkpt lat="24.940340" lon="121.348440"></trkpt>
      <trkpt lat="24.940340" lon="121.348450"></trkpt>
      <trkpt lat="24.940380" lon="121.348530"></trkpt>
      <trkpt lat="24.940390" lon="121.348540"></trkpt>
      <trkpt lat="24.940390" lon="121.348550"></trkpt>
      <trkpt lat="24.940400" lon="121.348560"></trkpt>
      <trkpt lat="24.940420" lon="121.348570"></trkpt>
      <trkpt lat="24.940420" lon="121.348580"></trkpt>
      <trkpt lat="24.940430" lon="121.348580"></trkpt>
      <trkpt lat="24.940600" lon="121.348630"></trkpt>
      <trkpt lat="24.940620" lon="121.348640"></trkpt>
      <trkpt lat="24.940630" lon="121.348650"></trkpt>
      <trkpt lat="24.940630" lon="121.348660"></trkpt>
      <trkpt lat="24.940640" lon="121.348660"></trkpt>
      <trkpt lat="24.940640" lon="121.348670"></trkpt>
      <trkpt lat="24.940660" lon="121.348750"></trkpt>
      <trkpt lat="24.940660" lon="121.348770"></trkpt>
      <trkpt lat="24.940670" lon="121.348780"></trkpt>
      <trkpt lat="24.940670" lon="121.348790"></trkpt>
      <trkpt lat="24.940690" lon="121.348810"></trkpt>
      <trkpt lat="24.940750" lon="121.348810"></trkpt>
      <trkpt lat="24.940770" lon="121.348820"></trkpt>
      <trkpt lat="24.940840" lon="121.348830"></trkpt>
      <trkpt lat="24.940850" lon="121.348840"></trkpt>
      <trkpt lat="24.940870" lon="121.348840"></trkpt>
      <trkpt lat="24.940870" lon="121.348850"></trkpt>
      <trkpt lat="24.940890" lon="121.348860"></trkpt>
      <trkpt lat="24.940890" lon="121.348870"></trkpt>
      <trkpt lat="24.940900" lon="121.348880"></trkpt>
      <trkpt lat="24.940900" lon="121.348900"></trkpt>
      <trkpt lat="24.940920" lon="121.348960"></trkpt>
      <trkpt lat="24.940920" lon="121.348990"></trkpt>
      <trkpt lat="24.940930" lon="121.349000"></trkpt>
      <trkpt lat="24.940930" lon="121.349010"></trkpt>
      <trkpt lat="24.940950" lon="121.349030"></trkpt>
      <trkpt lat="24.940960" lon="121.349030"></trkpt>
      <trkpt lat="24.940960" lon="121.349040"></trkpt>
      <trkpt lat="24.940980" lon="121.349040"></trkpt>
      <trkpt lat="24.940990" lon="121.349050"></trkpt>
      <trkpt lat="24.941020" lon="121.349050"></trkpt>
      <trkpt lat="24.941060" lon="121.349070"></trkpt>
      <trkpt lat="24.941180" lon="121.349150"></trkpt>
      <trkpt lat="24.941210" lon="121.349180"></trkpt>
      <trkpt lat="24.941230" lon="121.349190"></trkpt>
      <trkpt lat="24.941260" lon="121.349220"></trkpt>
      <trkpt lat="24.941270" lon="121.349240"></trkpt>
      <trkpt lat="24.941310" lon="121.349280"></trkpt>
      <trkpt lat="24.941400" lon="121.349340"></trkpt>
      <trkpt lat="24.941430" lon="121.349340"></trkpt>
      <trkpt lat="24.941570" lon="121.349380"></trkpt>
      <trkpt lat="24.941590" lon="121.349380"></trkpt>
      <trkpt lat="24.941610" lon="121.349390"></trkpt>
      <trkpt lat="24.941630" lon="121.349410"></trkpt>
      <trkpt lat="24.941630" lon="121.349420"></trkpt>
      <trkpt lat="24.941650" lon="121.349460"></trkpt>
      <trkpt lat="24.941670" lon="121.349530"></trkpt>
      <trkpt lat="24.941700" lon="121.349600"></trkpt>
      <trkpt lat="24.941750" lon="121.349670"></trkpt>
      <trkpt lat="24.942420" lon="121.350270"></trkpt>
      <trkpt lat="24.942470" lon="121.350300"></trkpt>
      <trkpt lat="24.942480" lon="121.350300"></trkpt>
      <trkpt lat="24.942490" lon="121.350310"></trkpt>
      <trkpt lat="24.942510" lon="121.350310"></trkpt>
      <trkpt lat="24.942560" lon="121.350300"></trkpt>
      <trkpt lat="24.942600" lon="121.350300"></trkpt>
      <trkpt lat="24.942610" lon="121.350310"></trkpt>
      <trkpt lat="24.942620" lon="121.350310"></trkpt>
      <trkpt lat="24.942630" lon="121.350320"></trkpt>
      <trkpt lat="24.942640" lon="121.350320"></trkpt>
      <trkpt lat="24.942770" lon="121.350360"></trkpt>
      <trkpt lat="24.942820" lon="121.350390"></trkpt>
      <trkpt lat="24.943850" lon="121.351320"></trkpt>
      <trkpt lat="24.943880" lon="121.351340"></trkpt>
      <trkpt lat="24.945900" lon="121.353220"></trkpt>
      <trkpt lat="24.945920" lon="121.353230"></trkpt>
      <trkpt lat="24.945930" lon="121.353240"></trkpt>
      <trkpt lat="24.945950" lon="121.353250"></trkpt>
      <trkpt lat="24.946020" lon="121.353250"></trkpt>
      <trkpt lat="24.946070" lon="121.353240"></trkpt>
      <trkpt lat="24.946130" lon="121.353240"></trkpt>
      <trkpt lat="24.946180" lon="121.353220"></trkpt>
      <trkpt lat="24.946190" lon="121.353210"></trkpt>
      <trkpt lat="24.946210" lon="121.353200"></trkpt>
      <trkpt lat="24.946220" lon="121.353190"></trkpt>
      <trkpt lat="24.946270" lon="121.353160"></trkpt>
      <trkpt lat="24.946310" lon="121.353220"></trkpt>
      <trkpt lat="24.947180" lon="121.354060"></trkpt>
      <trkpt lat="24.947180" lon="121.354070"></trkpt>
      <trkpt lat="24.947210" lon="121.354090"></trkpt>
      <trkpt lat="24.948840" lon="121.355750"></trkpt>
      <trkpt lat="24.949170" lon="121.356130"></trkpt>
      <trkpt lat="24.949200" lon="121.356150"></trkpt>
      <trkpt lat="24.949570" lon="121.356470"></trkpt>
      <trkpt lat="24.949610" lon="121.356580"></trkpt>
      <trkpt lat="24.949660" lon="121.356640"></trkpt>
      <trkpt lat="24.949670" lon="121.356660"></trkpt>
      <trkpt lat="24.949800" lon="121.356750"></trkpt>
      <trkpt lat="24.949890" lon="121.356780"></trkpt>
      <trkpt lat="24.950890" lon="121.356940"></trkpt>
      <trkpt lat="24.950870" lon="121.357060"></trkpt>
      <trkpt lat="24.950870" lon="121.357160"></trkpt>
      <trkpt lat="24.950900" lon="121.357290"></trkpt>
      <trkpt lat="24.950940" lon="121.357740"></trkpt>
      <trkpt lat="24.951020" lon="121.358210"></trkpt>
      <trkpt lat="24.951140" lon="121.358730"></trkpt>
      <trkpt lat="24.951300" lon="121.359140"></trkpt>
      <trkpt lat="24.951300" lon="121.359150"></trkpt>
      <trkpt lat="24.951310" lon="121.359150"></trkpt>
      <trkpt lat="24.951470" lon="121.359500"></trkpt>
      <trkpt lat="24.951690" lon="121.359810"></trkpt>
      <trkpt lat="24.951820" lon="121.359940"></trkpt>
      <trkpt lat="24.951970" lon="121.360270"></trkpt>
      <trkpt lat="24.952220" lon="121.360620"></trkpt>
      <trkpt lat="24.952260" lon="121.360690"></trkpt>
      <trkpt lat="24.952320" lon="121.360760"></trkpt>
      <trkpt lat="24.953100" lon="121.361930"></trkpt>
      <trkpt lat="24.954230" lon="121.363530"></trkpt>
      <trkpt lat="24.955220" lon="121.365010"></trkpt>
      <trkpt lat="24.955610" lon="121.365650"></trkpt>
      <trkpt lat="24.955890" lon="121.366240"></trkpt>
      <trkpt lat="24.956270" lon="121.367240"></trkpt>
      <trkpt lat="24.956550" lon="121.368280"></trkpt>
      <trkpt lat="24.957000" lon="121.369480"></trkpt>
      <trkpt lat="24.957010" lon="121.369490"></trkpt>
      <trkpt lat="24.957440" lon="121.370760"></trkpt>
      <trkpt lat="24.957530" lon="121.370920"></trkpt>
      <trkpt lat="24.957550" lon="121.370940"></trkpt>
      <trkpt lat="24.957550" lon="121.370950"></trkpt>
      <trkpt lat="24.957760" lon="121.371320"></trkpt>
      <trkpt lat="24.957790" lon="121.371360"></trkpt>
      <trkpt lat="24.957810" lon="121.371460"></trkpt>
      <trkpt lat="24.957820" lon="121.371570"></trkpt>
      <trkpt lat="24.957820" lon="121.371840"></trkpt>
      <trkpt lat="24.957850" lon="121.371900"></trkpt>
      <trkpt lat="24.959560" lon="121.374590"></trkpt>
      <trkpt lat="24.961230" lon="121.377020"></trkpt>
      <trkpt lat="24.961250" lon="121.377040"></trkpt>
      <trkpt lat="24.961820" lon="121.377870"></trkpt>
      <trkpt lat="24.962960" lon="121.379190"></trkpt>
      <trkpt lat="24.963420" lon="121.379770"></trkpt>
      <trkpt lat="24.963680" lon="121.380040"></trkpt>
      <trkpt lat="24.963920" lon="121.380370"></trkpt>
      <trkpt lat="24.964030" lon="121.380550"></trkpt>
      <trkpt lat="24.964080" lon="121.380670"></trkpt>
      <trkpt lat="24.964100" lon="121.380690"></trkpt>
      <trkpt lat="24.964440" lon="121.381520"></trkpt>
      <trkpt lat="24.964770" lon="121.382240"></trkpt>
      <trkpt lat="24.965110" lon="121.382900"></trkpt>
      <trkpt lat="24.965770" lon="121.383870"></trkpt>
      <trkpt lat="24.965960" lon="121.384110"></trkpt>
      <trkpt lat="24.966250" lon="121.384570"></trkpt>
      <trkpt lat="24.966460" lon="121.385000"></trkpt>
      <trkpt lat="24.966470" lon="121.385060"></trkpt>
      <trkpt lat="24.966470" lon="121.385140"></trkpt>
      <trkpt lat="24.966460" lon="121.385180"></trkpt>
      <trkpt lat="24.966400" lon="121.385310"></trkpt>
      <trkpt lat="24.966390" lon="121.385320"></trkpt>
      <trkpt lat="24.966340" lon="121.385430"></trkpt>
      <trkpt lat="24.966320" lon="121.385510"></trkpt>
      <trkpt lat="24.966320" lon="121.385600"></trkpt>
      <trkpt lat="24.966340" lon="121.385670"></trkpt>
      <trkpt lat="24.966390" lon="121.385750"></trkpt>
      <trkpt lat="24.966420" lon="121.385780"></trkpt>
      <trkpt lat="24.966510" lon="121.385830"></trkpt>
      <trkpt lat="24.966660" lon="121.385890"></trkpt>
      <trkpt lat="24.967200" lon="121.386060"></trkpt>
      <trkpt lat="24.967260" lon="121.386090"></trkpt>
      <trkpt lat="24.967320" lon="121.386160"></trkpt>
      <trkpt lat="24.967320" lon="121.386170"></trkpt>
      <trkpt lat="24.967430" lon="121.386450"></trkpt>
      <trkpt lat="24.967510" lon="121.386920"></trkpt>
      <trkpt lat="24.967540" lon="121.387310"></trkpt>
      <trkpt lat="24.967510" lon="121.387420"></trkpt>
      <trkpt lat="24.966950" lon="121.387990"></trkpt>
      <trkpt lat="24.966670" lon="121.388250"></trkpt>
      <trkpt lat="24.966650" lon="121.388300"></trkpt>
      <trkpt lat="24.966670" lon="121.388370"></trkpt>
      <trkpt lat="24.966700" lon="121.388440"></trkpt>
      <trkpt lat="24.966980" lon="121.389560"></trkpt>
      <trkpt lat="24.966980" lon="121.389590"></trkpt>
      <trkpt lat="24.967060" lon="121.389920"></trkpt>
      <trkpt lat="24.967100" lon="121.390020"></trkpt>
      <trkpt lat="24.967190" lon="121.390140"></trkpt>
      <trkpt lat="24.967250" lon="121.390180"></trkpt>
      <trkpt lat="24.967360" lon="121.390510"></trkpt>
      <trkpt lat="24.967570" lon="121.391270"></trkpt>
      <trkpt lat="24.967630" lon="121.391440"></trkpt>
      <trkpt lat="24.967670" lon="121.391500"></trkpt>
      <trkpt lat="24.967820" lon="121.391600"></trkpt>
      <trkpt lat="24.967850" lon="121.391630"></trkpt>
      <trkpt lat="24.967870" lon="121.391660"></trkpt>
      <trkpt lat="24.967910" lon="121.392130"></trkpt>
      <trkpt lat="24.967930" lon="121.392210"></trkpt>
      <trkpt lat="24.967930" lon="121.392300"></trkpt>
      <trkpt lat="24.967940" lon="121.392330"></trkpt>
      <trkpt lat="24.967940" lon="121.392370"></trkpt>
      <trkpt lat="24.967950" lon="121.392410"></trkpt>
      <trkpt lat="24.968140" lon="121.392880"></trkpt>
      <trkpt lat="24.968220" lon="121.393020"></trkpt>
      <trkpt lat="24.968250" lon="121.393030"></trkpt>
      <trkpt lat="24.968230" lon="121.393110"></trkpt>
      <trkpt lat="24.968160" lon="121.393290"></trkpt>
      <trkpt lat="24.968090" lon="121.393420"></trkpt>
      <trkpt lat="24.967970" lon="121.393710"></trkpt>
      <trkpt lat="24.967960" lon="121.393760"></trkpt>
      <trkpt lat="24.967970" lon="121.394090"></trkpt>
      <trkpt lat="24.968060" lon="121.394740"></trkpt>
      <trkpt lat="24.968060" lon="121.394790"></trkpt>
      <trkpt lat="24.968210" lon="121.395310"></trkpt>
      <trkpt lat="24.968910" lon="121.397200"></trkpt>
      <trkpt lat="24.968950" lon="121.397380"></trkpt>
      <trkpt lat="24.968970" lon="121.397540"></trkpt>
      <trkpt lat="24.969070" lon="121.400310"></trkpt>
      <trkpt lat="24.969070" lon="121.403680"></trkpt>
      <trkpt lat="24.969060" lon="121.403830"></trkpt>
      <trkpt lat="24.969130" lon="121.405660"></trkpt>
      <trkpt lat="24.969340" lon="121.407630"></trkpt>
      <trkpt lat="24.969530" lon="121.408820"></trkpt>
      <trkpt lat="24.969690" lon="121.409580"></trkpt>
      <trkpt lat="24.969720" lon="121.409780"></trkpt>
      <trkpt lat="24.969890" lon="121.410530"></trkpt>
      <trkpt lat="24.970270" lon="121.411980"></trkpt>
      <trkpt lat="24.970290" lon="121.412120"></trkpt>
      <trkpt lat="24.970400" lon="121.412560"></trkpt>
      <trkpt lat="24.970400" lon="121.412580"></trkpt>
      <trkpt lat="24.971030" lon="121.415120"></trkpt>
      <trkpt lat="24.971350" lon="121.416180"></trkpt>
      <trkpt lat="24.971350" lon="121.416190"></trkpt>
      <trkpt lat="24.971790" lon="121.417400"></trkpt>
      <trkpt lat="24.972230" lon="121.418410"></trkpt>
      <trkpt lat="24.972660" lon="121.419250"></trkpt>
      <trkpt lat="24.972760" lon="121.419340"></trkpt>
      <trkpt lat="24.972820" lon="121.419380"></trkpt>
      <trkpt lat="24.972890" lon="121.419450"></trkpt>
      <trkpt lat="24.972970" lon="121.419580"></trkpt>
      <trkpt lat="24.973030" lon="121.419860"></trkpt>
      <trkpt lat="24.973030" lon="121.419890"></trkpt>
      <trkpt lat="24.973040" lon="121.419950"></trkpt>
      <trkpt lat="24.973920" lon="121.421360"></trkpt>
      <trkpt lat="24.973950" lon="121.421420"></trkpt>
      <trkpt lat="24.975640" lon="121.424100"></trkpt>
      <trkpt lat="24.975640" lon="121.424110"></trkpt>
      <trkpt lat="24.976630" lon="121.425550"></trkpt>
      <trkpt lat="24.977460" lon="121.426620"></trkpt>
      <trkpt lat="24.978550" lon="121.427910"></trkpt>
      <trkpt lat="24.979760" lon="121.429250"></trkpt>
      <trkpt lat="24.980050" lon="121.429400"></trkpt>
      <trkpt lat="24.980060" lon="121.429410"></trkpt>
      <trkpt lat="24.980070" lon="121.429410"></trkpt>
      <trkpt lat="24.980110" lon="121.429440"></trkpt>
      <trkpt lat="24.980120" lon="121.429460"></trkpt>
      <trkpt lat="24.980160" lon="121.429500"></trkpt>
      <trkpt lat="24.980220" lon="121.429580"></trkpt>
      <trkpt lat="24.980340" lon="121.429900"></trkpt>
      <trkpt lat="24.980450" lon="121.430030"></trkpt>
      <trkpt lat="24.981290" lon="121.430870"></trkpt>
      <trkpt lat="24.982520" lon="121.431940"></trkpt>
      <trkpt lat="24.983390" lon="121.432580"></trkpt>
      <trkpt lat="24.984000" lon="121.432980"></trkpt>
      <trkpt lat="24.984910" lon="121.433510"></trkpt>
      <trkpt lat="24.985430" lon="121.433770"></trkpt>
      <trkpt lat="24.985470" lon="121.433800"></trkpt>
      <trkpt lat="24.986010" lon="121.434060"></trkpt>
      <trkpt lat="24.986310" lon="121.434180"></trkpt>
      <trkpt lat="24.986310" lon="121.434190"></trkpt>
      <trkpt lat="24.986880" lon="121.434420"></trkpt>
      <trkpt lat="24.988280" lon="121.434910"></trkpt>
      <trkpt lat="24.988920" lon="121.435080"></trkpt>
      <trkpt lat="24.989710" lon="121.435220"></trkpt>
      <trkpt lat="24.989770" lon="121.435220"></trkpt>
      <trkpt lat="24.989960" lon="121.435250"></trkpt>
      <trkpt lat="24.990670" lon="121.435300"></trkpt>
      <trkpt lat="24.990850" lon="121.435300"></trkpt>
      <trkpt lat="24.990950" lon="121.435310"></trkpt>
      <trkpt lat="24.991460" lon="121.435300"></trkpt>
      <trkpt lat="24.991510" lon="121.435290"></trkpt>
      <trkpt lat="24.991580" lon="121.435260"></trkpt>
      <trkpt lat="24.991660" lon="121.435240"></trkpt>
      <trkpt lat="24.991770" lon="121.435200"></trkpt>
      <trkpt lat="24.991970" lon="121.435150"></trkpt>
      <trkpt lat="24.992060" lon="121.435140"></trkpt>
      <trkpt lat="24.992200" lon="121.435150"></trkpt>
      <trkpt lat="24.992280" lon="121.435170"></trkpt>
      <trkpt lat="24.992560" lon="121.435270"></trkpt>
      <trkpt lat="24.992640" lon="121.435290"></trkpt>
      <trkpt lat="24.992730" lon="121.435330"></trkpt>
      <trkpt lat="24.992900" lon="121.435330"></trkpt>
      <trkpt lat="24.993490" lon="121.435370"></trkpt>
      <trkpt lat="24.998600" lon="121.435520"></trkpt>
      <trkpt lat="24.998690" lon="121.435530"></trkpt>
      <trkpt lat="24.999300" lon="121.435550"></trkpt>
      <trkpt lat="24.999320" lon="121.435560"></trkpt>
      <trkpt lat="25.000780" lon="121.435650"></trkpt>
      <trkpt lat="25.000830" lon="121.435660"></trkpt>
      <trkpt lat="25.001570" lon="121.435710"></trkpt>
      <trkpt lat="25.001890" lon="121.435700"></trkpt>
      <trkpt lat="25.003600" lon="121.435850"></trkpt>
      <trkpt lat="25.003910" lon="121.436040"></trkpt>
      <trkpt lat="25.004010" lon="121.436050"></trkpt>
      <trkpt lat="25.004160" lon="121.436090"></trkpt>
      <trkpt lat="25.005020" lon="121.436190"></trkpt>
      <trkpt lat="25.005090" lon="121.436190"></trkpt>
      <trkpt lat="25.005100" lon="121.436200"></trkpt>
      <trkpt lat="25.005560" lon="121.436250"></trkpt>
      <trkpt lat="25.005640" lon="121.436250"></trkpt>
      <trkpt lat="25.007020" lon="121.436400"></trkpt>
      <trkpt lat="25.007070" lon="121.436400"></trkpt>
      <trkpt lat="25.008150" lon="121.436530"></trkpt>
      <trkpt lat="25.008170" lon="121.436540"></trkpt>
      <trkpt lat="25.008240" lon="121.436540"></trkpt>
      <trkpt lat="25.008450" lon="121.436590"></trkpt>
      <trkpt lat="25.008910" lon="121.436750"></trkpt>
      <trkpt lat="25.009340" lon="121.436860"></trkpt>
      <trkpt lat="25.009360" lon="121.436870"></trkpt>
      <trkpt lat="25.010160" lon="121.437090"></trkpt>
      <trkpt lat="25.011430" lon="121.437540"></trkpt>
      <trkpt lat="25.013450" lon="121.438360"></trkpt>
      <trkpt lat="25.014040" lon="121.438560"></trkpt>
      <trkpt lat="25.014280" lon="121.438670"></trkpt>
      <trkpt lat="25.014380" lon="121.438740"></trkpt>
      <trkpt lat="25.014410" lon="121.438780"></trkpt>
      <trkpt lat="25.014470" lon="121.439240"></trkpt>
      <trkpt lat="25.014470" lon="121.439320"></trkpt>
      <trkpt lat="25.014540" lon="121.439520"></trkpt>
      <trkpt lat="25.014630" lon="121.439660"></trkpt>
      <trkpt lat="25.014670" lon="121.439700"></trkpt>
      <trkpt lat="25.014790" lon="121.439780"></trkpt>
      <trkpt lat="25.014850" lon="121.439810"></trkpt>
      <trkpt lat="25.015760" lon="121.440030"></trkpt>
      <trkpt lat="25.015900" lon="121.440090"></trkpt>
      <trkpt lat="25.015940" lon="121.440120"></trkpt>
      <trkpt lat="25.016200" lon="121.440390"></trkpt>
      <trkpt lat="25.016370" lon="121.440600"></trkpt>
      <trkpt lat="25.016400" lon="121.440620"></trkpt>
      <trkpt lat="25.016400" lon="121.440630"></trkpt>
      <trkpt lat="25.016420" lon="121.440650"></trkpt>
      <trkpt lat="25.016470" lon="121.440670"></trkpt>
      <trkpt lat="25.016620" lon="121.440700"></trkpt>
      <trkpt lat="25.016730" lon="121.440700"></trkpt>
      <trkpt lat="25.016740" lon="121.440710"></trkpt>
      <trkpt lat="25.016880" lon="121.440710"></trkpt>
      <trkpt lat="25.016940" lon="121.440730"></trkpt>
      <trkpt lat="25.017050" lon="121.440750"></trkpt>
      <trkpt lat="25.017280" lon="121.440870"></trkpt>
      <trkpt lat="25.017360" lon="121.440940"></trkpt>
      <trkpt lat="25.017380" lon="121.440950"></trkpt>
      <trkpt lat="25.017390" lon="121.440960"></trkpt>
      <trkpt lat="25.017410" lon="121.440960"></trkpt>
      <trkpt lat="25.017420" lon="121.440950"></trkpt>
      <trkpt lat="25.017430" lon="121.440950"></trkpt>
      <trkpt lat="25.017500" lon="121.440900"></trkpt>
      <trkpt lat="25.017560" lon="121.440840"></trkpt>
      <trkpt lat="25.017640" lon="121.440720"></trkpt>
      <trkpt lat="25.017640" lon="121.440710"></trkpt>
      <trkpt lat="25.017650" lon="121.440690"></trkpt>
      <trkpt lat="25.017660" lon="121.440430"></trkpt>
      <trkpt lat="25.017690" lon="121.440350"></trkpt>
      <trkpt lat="25.017730" lon="121.440310"></trkpt>
      <trkpt lat="25.017820" lon="121.440310"></trkpt>
      <trkpt lat="25.017960" lon="121.440330"></trkpt>
      <trkpt lat="25.018070" lon="121.440360"></trkpt>
      <trkpt lat="25.018470" lon="121.440550"></trkpt>
      <trkpt lat="25.018750" lon="121.440740"></trkpt>
      <trkpt lat="25.019110" lon="121.441020"></trkpt>
      <trkpt lat="25.019320" lon="121.441090"></trkpt>
      <trkpt lat="25.019480" lon="121.441130"></trkpt>
      <trkpt lat="25.019690" lon="121.441210"></trkpt>
      <trkpt lat="25.019870" lon="121.441300"></trkpt>
      <trkpt lat="25.020070" lon="121.441420"></trkpt>
      <trkpt lat="25.020280" lon="121.441610"></trkpt>
      <trkpt lat="25.020400" lon="121.441750"></trkpt>
      <trkpt lat="25.020470" lon="121.441860"></trkpt>
      <trkpt lat="25.020510" lon="121.441940"></trkpt>
      <trkpt lat="25.020550" lon="121.442050"></trkpt>
      <trkpt lat="25.020580" lon="121.442190"></trkpt>
      <trkpt lat="25.020580" lon="121.442420"></trkpt>
      <trkpt lat="25.020570" lon="121.442440"></trkpt>
      <trkpt lat="25.020570" lon="121.442470"></trkpt>
      <trkpt lat="25.020560" lon="121.442490"></trkpt>
      <trkpt lat="25.020560" lon="121.442540"></trkpt>
      <trkpt lat="25.020620" lon="121.442640"></trkpt>
      <trkpt lat="25.020870" lon="121.443150"></trkpt>
      <trkpt lat="25.020900" lon="121.443190"></trkpt>
      <trkpt lat="25.020920" lon="121.443230"></trkpt>
      <trkpt lat="25.021030" lon="121.443370"></trkpt>
      <trkpt lat="25.021190" lon="121.443490"></trkpt>
      <trkpt lat="25.021380" lon="121.443570"></trkpt>
      <trkpt lat="25.021390" lon="121.443580"></trkpt>
      <trkpt lat="25.021510" lon="121.443610"></trkpt>
      <trkpt lat="25.021560" lon="121.443610"></trkpt>
      <trkpt lat="25.021660" lon="121.443630"></trkpt>
      <trkpt lat="25.021790" lon="121.443640"></trkpt>
      <trkpt lat="25.021960" lon="121.443690"></trkpt>
      <trkpt lat="25.022040" lon="121.443730"></trkpt>
      <trkpt lat="25.022080" lon="121.443760"></trkpt>
      <trkpt lat="25.022130" lon="121.443770"></trkpt>
      <trkpt lat="25.022320" lon="121.443850"></trkpt>
      <trkpt lat="25.022400" lon="121.443930"></trkpt>
      <trkpt lat="25.022550" lon="121.444220"></trkpt>
      <trkpt lat="25.022710" lon="121.444460"></trkpt>
      <trkpt lat="25.022800" lon="121.444570"></trkpt>
      <trkpt lat="25.022880" lon="121.444640"></trkpt>
      <trkpt lat="25.023080" lon="121.444740"></trkpt>
      <trkpt lat="25.023690" lon="121.444910"></trkpt>
      <trkpt lat="25.023890" lon="121.445030"></trkpt>
      <trkpt lat="25.024490" lon="121.445520"></trkpt>
      <trkpt lat="25.024510" lon="121.445550"></trkpt>
      <trkpt lat="25.024520" lon="121.445550"></trkpt>
      <trkpt lat="25.024560" lon="121.445670"></trkpt>
      <trkpt lat="25.024600" lon="121.445900"></trkpt>
      <trkpt lat="25.024630" lon="121.445950"></trkpt>
      <trkpt lat="25.024680" lon="121.446000"></trkpt>
      <trkpt lat="25.024710" lon="121.446020"></trkpt>
      <trkpt lat="25.024730" lon="121.446040"></trkpt>
      <trkpt lat="25.024760" lon="121.446040"></trkpt>
      <trkpt lat="25.024780" lon="121.446050"></trkpt>
      <trkpt lat="25.025190" lon="121.446060"></trkpt>
      <trkpt lat="25.025250" lon="121.446080"></trkpt>
      <trkpt lat="25.025300" lon="121.446110"></trkpt>
      <trkpt lat="25.025320" lon="121.446130"></trkpt>
      <trkpt lat="25.025450" lon="121.446190"></trkpt>
      <trkpt lat="25.025500" lon="121.446230"></trkpt>
      <trkpt lat="25.025670" lon="121.446430"></trkpt>
      <trkpt lat="25.025780" lon="121.446580"></trkpt>
      <trkpt lat="25.025810" lon="121.446610"></trkpt>
      <trkpt lat="25.025840" lon="121.446630"></trkpt>
      <trkpt lat="25.025870" lon="121.446660"></trkpt>
      <trkpt lat="25.025970" lon="121.446690"></trkpt>
      <trkpt lat="25.026020" lon="121.446690"></trkpt>
      <trkpt lat="25.026120" lon="121.446670"></trkpt>
      <trkpt lat="25.026320" lon="121.446660"></trkpt>
      <trkpt lat="25.026480" lon="121.446690"></trkpt>
      <trkpt lat="25.026550" lon="121.446720"></trkpt>
      <trkpt lat="25.026620" lon="121.446740"></trkpt>
      <trkpt lat="25.026690" lon="121.446780"></trkpt>
      <trkpt lat="25.026880" lon="121.446860"></trkpt>
      <trkpt lat="25.026910" lon="121.446860"></trkpt>
      <trkpt lat="25.027010" lon="121.446940"></trkpt>
      <trkpt lat="25.027200" lon="121.447030"></trkpt>
      <trkpt lat="25.027360" lon="121.447170"></trkpt>
      <trkpt lat="25.027390" lon="121.447190"></trkpt>
      <trkpt lat="25.028320" lon="121.448020"></trkpt>
      <trkpt lat="25.028420" lon="121.447920"></trkpt>
      <trkpt lat="25.028450" lon="121.447900"></trkpt>
      <trkpt lat="25.028510" lon="121.447880"></trkpt>
      <trkpt lat="25.028600" lon="121.447880"></trkpt>
      <trkpt lat="25.028610" lon="121.447890"></trkpt>
      <trkpt lat="25.028680" lon="121.447920"></trkpt>
      <trkpt lat="25.028710" lon="121.447940"></trkpt>
      <trkpt lat="25.028810" lon="121.447960"></trkpt>
      <trkpt lat="25.028920" lon="121.447920"></trkpt>
      <trkpt lat="25.029000" lon="121.447840"></trkpt>
      <trkpt lat="25.029040" lon="121.447780"></trkpt>
      <trkpt lat="25.029270" lon="121.447960"></trkpt>
      <trkpt lat="25.029280" lon="121.447980"></trkpt>
      <trkpt lat="25.029400" lon="121.448100"></trkpt>
      <trkpt lat="25.029410" lon="121.448120"></trkpt>
      <trkpt lat="25.029530" lon="121.448280"></trkpt>
      <trkpt lat="25.029650" lon="121.448390"></trkpt>
      <trkpt lat="25.030460" lon="121.449280"></trkpt>
      <trkpt lat="25.030500" lon="121.449230"></trkpt>
      <trkpt lat="25.032130" lon="121.451030"></trkpt>
      <trkpt lat="25.032280" lon="121.451260"></trkpt>
      <trkpt lat="25.032400" lon="121.451490"></trkpt>
      <trkpt lat="25.033220" lon="121.453350"></trkpt>
      <trkpt lat="25.033170" lon="121.453380"></trkpt>
      <trkpt lat="25.033020" lon="121.453020"></trkpt>
      <trkpt lat="25.033020" lon="121.453000"></trkpt>
      <trkpt lat="25.032300" lon="121.451360"></trkpt>
      <trkpt lat="25.032070" lon="121.450990"></trkpt>
      <trkpt lat="25.031630" lon="121.450500"></trkpt>
      <trkpt lat="25.030400" lon="121.449220"></trkpt>
      <trkpt lat="25.030380" lon="121.449270"></trkpt>
      <trkpt lat="25.030380" lon="121.449310"></trkpt>
      <trkpt lat="25.030390" lon="121.449330"></trkpt>
      <trkpt lat="25.030390" lon="121.449340"></trkpt>
      <trkpt lat="25.030420" lon="121.449380"></trkpt>
      <trkpt lat="25.030530" lon="121.449480"></trkpt>
      <trkpt lat="25.031260" lon="121.450240"></trkpt>
      <trkpt lat="25.031260" lon="121.450250"></trkpt>
      <trkpt lat="25.031300" lon="121.450280"></trkpt>
      <trkpt lat="25.031340" lon="121.450300"></trkpt>
      <trkpt lat="25.031420" lon="121.450310"></trkpt>
      <trkpt lat="25.031410" lon="121.450340"></trkpt>
      <trkpt lat="25.031410" lon="121.450360"></trkpt>
      <trkpt lat="25.031400" lon="121.450370"></trkpt>
      <trkpt lat="25.031390" lon="121.450390"></trkpt>
      <trkpt lat="25.031390" lon="121.450400"></trkpt>
      <trkpt lat="25.031260" lon="121.450510"></trkpt>
      <trkpt lat="25.031190" lon="121.450540"></trkpt>
      <trkpt lat="25.031160" lon="121.450540"></trkpt>
      <trkpt lat="25.031120" lon="121.450550"></trkpt>
      <trkpt lat="25.030990" lon="121.450610"></trkpt>
      <trkpt lat="25.030980" lon="121.450610"></trkpt>
      <trkpt lat="25.030820" lon="121.450690"></trkpt>
      <trkpt lat="25.030820" lon="121.450700"></trkpt>
      <trkpt lat="25.030720" lon="121.450770"></trkpt>
      <trkpt lat="25.030690" lon="121.450780"></trkpt>
      <trkpt lat="25.030400" lon="121.451020"></trkpt>
      <trkpt lat="25.030170" lon="121.451160"></trkpt>
      <trkpt lat="25.030090" lon="121.451220"></trkpt>
      <trkpt lat="25.030080" lon="121.451220"></trkpt>
      <trkpt lat="25.029960" lon="121.451300"></trkpt>
      <trkpt lat="25.029930" lon="121.451310"></trkpt>
      <trkpt lat="25.029930" lon="121.451320"></trkpt>
      <trkpt lat="25.029890" lon="121.451340"></trkpt>
      <trkpt lat="25.029650" lon="121.451520"></trkpt>
      <trkpt lat="25.029630" lon="121.451530"></trkpt>
      <trkpt lat="25.029630" lon="121.451540"></trkpt>
      <trkpt lat="25.029510" lon="121.451640"></trkpt>
      <trkpt lat="25.029490" lon="121.451650"></trkpt>
      <trkpt lat="25.029470" lon="121.451670"></trkpt>
      <trkpt lat="25.029350" lon="121.451740"></trkpt>
      <trkpt lat="25.029340" lon="121.451760"></trkpt>
      <trkpt lat="25.029330" lon="121.451760"></trkpt>
      <trkpt lat="25.028870" lon="121.452060"></trkpt>
      <trkpt lat="25.028860" lon="121.452060"></trkpt>
      <trkpt lat="25.028710" lon="121.452150"></trkpt>
      <trkpt lat="25.028700" lon="121.452150"></trkpt>
      <trkpt lat="25.028090" lon="121.452530"></trkpt>
      <trkpt lat="25.028080" lon="121.452530"></trkpt>
      <trkpt lat="25.027950" lon="121.452620"></trkpt>
      <trkpt lat="25.027930" lon="121.452640"></trkpt>
      <trkpt lat="25.027620" lon="121.452840"></trkpt>
      <trkpt lat="25.027500" lon="121.452950"></trkpt>
      <trkpt lat="25.027470" lon="121.453000"></trkpt>
      <trkpt lat="25.027470" lon="121.453020"></trkpt>
      <trkpt lat="25.027460" lon="121.453040"></trkpt>
      <trkpt lat="25.027470" lon="121.453070"></trkpt>
      <trkpt lat="25.027470" lon="121.453100"></trkpt>
      <trkpt lat="25.027490" lon="121.453150"></trkpt>
      <trkpt lat="25.028100" lon="121.453930"></trkpt>
      <trkpt lat="25.028140" lon="121.453970"></trkpt>
      <trkpt lat="25.028150" lon="121.453990"></trkpt>
      <trkpt lat="25.028150" lon="121.454030"></trkpt>
      <trkpt lat="25.028130" lon="121.454120"></trkpt>
      <trkpt lat="25.028090" lon="121.454180"></trkpt>
      <trkpt lat="25.028780" lon="121.455180"></trkpt>
      <trkpt lat="25.028870" lon="121.455330"></trkpt>
      <trkpt lat="25.029180" lon="121.455730"></trkpt>
      <trkpt lat="25.029440" lon="121.456160"></trkpt>
      <trkpt lat="25.029520" lon="121.456320"></trkpt>
      <trkpt lat="25.029590" lon="121.456510"></trkpt>
      <trkpt lat="25.029730" lon="121.456760"></trkpt>
      <trkpt lat="25.029780" lon="121.456820"></trkpt>
      <trkpt lat="25.031390" lon="121.459600"></trkpt>
      <trkpt lat="25.031520" lon="121.459780"></trkpt>
      <trkpt lat="25.032040" lon="121.460670"></trkpt>
      <trkpt lat="25.032150" lon="121.460830"></trkpt>
      <trkpt lat="25.032390" lon="121.461290"></trkpt>
      <trkpt lat="25.032640" lon="121.461720"></trkpt>
      <trkpt lat="25.033260" lon="121.462900"></trkpt>
      <trkpt lat="25.033920" lon="121.464380"></trkpt>
      <trkpt lat="25.033930" lon="121.464420"></trkpt>
      <trkpt lat="25.034810" lon="121.466460"></trkpt>
      <trkpt lat="25.034820" lon="121.466470"></trkpt>
      <trkpt lat="25.035920" lon="121.469150"></trkpt>
      <trkpt lat="25.035950" lon="121.469250"></trkpt>
      <trkpt lat="25.036010" lon="121.469380"></trkpt>
      <trkpt lat="25.036040" lon="121.469400"></trkpt>
      <trkpt lat="25.036110" lon="121.469520"></trkpt>
      <trkpt lat="25.036190" lon="121.469630"></trkpt>
      <trkpt lat="25.036320" lon="121.469860"></trkpt>
      <trkpt lat="25.036360" lon="121.470000"></trkpt>
      <trkpt lat="25.036370" lon="121.470080"></trkpt>
      <trkpt lat="25.036370" lon="121.470150"></trkpt>
      <trkpt lat="25.036360" lon="121.470210"></trkpt>
      <trkpt lat="25.036360" lon="121.470320"></trkpt>
      <trkpt lat="25.036410" lon="121.470500"></trkpt>
      <trkpt lat="25.036460" lon="121.470630"></trkpt>
      <trkpt lat="25.036820" lon="121.471980"></trkpt>
      <trkpt lat="25.037210" lon="121.473630"></trkpt>
      <trkpt lat="25.037870" lon="121.475350"></trkpt>
      <trkpt lat="25.037750" lon="121.475620"></trkpt>
      <trkpt lat="25.037680" lon="121.475850"></trkpt>
      <trkpt lat="25.037650" lon="121.475920"></trkpt>
      <trkpt lat="25.037860" lon="121.477080"></trkpt>
      <trkpt lat="25.037930" lon="121.478000"></trkpt>
      <trkpt lat="25.037910" lon="121.478870"></trkpt>
      <trkpt lat="25.037900" lon="121.478920"></trkpt>
      <trkpt lat="25.037890" lon="121.479070"></trkpt>
      <trkpt lat="25.037880" lon="121.479100"></trkpt>
      <trkpt lat="25.037760" lon="121.480240"></trkpt>
      <trkpt lat="25.037760" lon="121.480290"></trkpt>
      <trkpt lat="25.037740" lon="121.480340"></trkpt>
      <trkpt lat="25.037730" lon="121.480410"></trkpt>
      <trkpt lat="25.037690" lon="121.480520"></trkpt>
      <trkpt lat="25.037680" lon="121.480570"></trkpt>
      <trkpt lat="25.037650" lon="121.480620"></trkpt>
      <trkpt lat="25.037630" lon="121.480680"></trkpt>
      <trkpt lat="25.037580" lon="121.480770"></trkpt>
      <trkpt lat="25.037570" lon="121.480800"></trkpt>
      <trkpt lat="25.037520" lon="121.480870"></trkpt>
      <trkpt lat="25.037460" lon="121.480980"></trkpt>
      <trkpt lat="25.037400" lon="121.481050"></trkpt>
      <trkpt lat="25.037370" lon="121.481100"></trkpt>
      <trkpt lat="25.037240" lon="121.481250"></trkpt>
      <trkpt lat="25.037150" lon="121.481330"></trkpt>
      <trkpt lat="25.037090" lon="121.481370"></trkpt>
      <trkpt lat="25.036840" lon="121.481500"></trkpt>
      <trkpt lat="25.036440" lon="121.481660"></trkpt>
      <trkpt lat="25.036240" lon="121.481680"></trkpt>
      <trkpt lat="25.035600" lon="121.481630"></trkpt>
      <trkpt lat="25.035590" lon="121.481660"></trkpt>
      <trkpt lat="25.035590" lon="121.481710"></trkpt>
      <trkpt lat="25.035570" lon="121.481710"></trkpt>
      <trkpt lat="25.035560" lon="121.481720"></trkpt>
      <trkpt lat="25.035520" lon="121.481710"></trkpt>
      <trkpt lat="25.035480" lon="121.481710"></trkpt>
      <trkpt lat="25.035460" lon="121.481730"></trkpt>
      <trkpt lat="25.035450" lon="121.481750"></trkpt>
      <trkpt lat="25.035440" lon="121.481760"></trkpt>
      <trkpt lat="25.035440" lon="121.481830"></trkpt>
      <trkpt lat="25.035450" lon="121.481850"></trkpt>
      <trkpt lat="25.035460" lon="121.481860"></trkpt>
      <trkpt lat="25.035470" lon="121.481860"></trkpt>
      <trkpt lat="25.035500" lon="121.481880"></trkpt>
      <trkpt lat="25.035540" lon="121.481880"></trkpt>
      <trkpt lat="25.035560" lon="121.481870"></trkpt>
      <trkpt lat="25.035570" lon="121.481860"></trkpt>
      <trkpt lat="25.035580" lon="121.481860"></trkpt>
      <trkpt lat="25.035590" lon="121.481850"></trkpt>
      <trkpt lat="25.035590" lon="121.481840"></trkpt>
      <trkpt lat="25.035600" lon="121.481830"></trkpt>
      <trkpt lat="25.035610" lon="121.481800"></trkpt>
      <trkpt lat="25.035610" lon="121.481700"></trkpt>
      <trkpt lat="25.035620" lon="121.481660"></trkpt>
      <trkpt lat="25.035620" lon="121.481460"></trkpt>
      <trkpt lat="25.035630" lon="121.481470"></trkpt>
      <trkpt lat="25.035630" lon="121.481480"></trkpt>
      <trkpt lat="25.035660" lon="121.481520"></trkpt>
      <trkpt lat="25.035650" lon="121.482300"></trkpt>
      <trkpt lat="25.035660" lon="121.482420"></trkpt>
      <trkpt lat="25.035650" lon="121.482450"></trkpt>
      <trkpt lat="25.035610" lon="121.483800"></trkpt>
      <trkpt lat="25.035600" lon="121.483850"></trkpt>
      <trkpt lat="25.035590" lon="121.484380"></trkpt>
      <trkpt lat="25.035580" lon="121.484400"></trkpt>
      <trkpt lat="25.035570" lon="121.485430"></trkpt>
      <trkpt lat="25.035560" lon="121.485470"></trkpt>
      <trkpt lat="25.035560" lon="121.485520"></trkpt>
      <trkpt lat="25.035550" lon="121.485570"></trkpt>
      <trkpt lat="25.035550" lon="121.485880"></trkpt>
      <trkpt lat="25.035540" lon="121.485980"></trkpt>
      <trkpt lat="25.035500" lon="121.487750"></trkpt>
      <trkpt lat="25.035490" lon="121.487760"></trkpt>
      <trkpt lat="25.035490" lon="121.487770"></trkpt>
      <trkpt lat="25.035480" lon="121.487770"></trkpt>
      <trkpt lat="25.035470" lon="121.487780"></trkpt>
      <trkpt lat="25.035460" lon="121.487780"></trkpt>
      <trkpt lat="25.035460" lon="121.487800"></trkpt>
      <trkpt lat="25.035440" lon="121.487850"></trkpt>
      <trkpt lat="25.035420" lon="121.487970"></trkpt>
      <trkpt lat="25.035420" lon="121.488020"></trkpt>
      <trkpt lat="25.035330" lon="121.488560"></trkpt>
      <trkpt lat="25.035310" lon="121.488630"></trkpt>
      <trkpt lat="25.035310" lon="121.488650"></trkpt>
      <trkpt lat="25.035260" lon="121.488780"></trkpt>
      <trkpt lat="25.035240" lon="121.488810"></trkpt>
      <trkpt lat="25.035220" lon="121.488830"></trkpt>
      <trkpt lat="25.035210" lon="121.488850"></trkpt>
      <trkpt lat="25.035160" lon="121.488910"></trkpt>
      <trkpt lat="25.035030" lon="121.489010"></trkpt>
      <trkpt lat="25.034940" lon="121.489050"></trkpt>
      <trkpt lat="25.034890" lon="121.489060"></trkpt>
      <trkpt lat="25.034750" lon="121.489060"></trkpt>
      <trkpt lat="25.034740" lon="121.489050"></trkpt>
      <trkpt lat="25.034680" lon="121.489020"></trkpt>
      <trkpt lat="25.034510" lon="121.488890"></trkpt>
      <trkpt lat="25.034440" lon="121.488850"></trkpt>
      <trkpt lat="25.034410" lon="121.488840"></trkpt>
      <trkpt lat="25.034380" lon="121.488840"></trkpt>
      <trkpt lat="25.034350" lon="121.488830"></trkpt>
      <trkpt lat="25.034320" lon="121.488840"></trkpt>
      <trkpt lat="25.034220" lon="121.488840"></trkpt>
      <trkpt lat="25.033960" lon="121.488890"></trkpt>
      <trkpt lat="25.033850" lon="121.488890"></trkpt>
      <trkpt lat="25.033850" lon="121.488880"></trkpt>
      <trkpt lat="25.033640" lon="121.488770"></trkpt>
      <trkpt lat="25.034370" lon="121.487200"></trkpt>
      <trkpt lat="25.034290" lon="121.487140"></trkpt>
      <trkpt lat="25.034580" lon="121.486530"></trkpt>
      <trkpt lat="25.034320" lon="121.486470"></trkpt>
      <trkpt lat="25.034100" lon="121.486440"></trkpt>
      <trkpt lat="25.032870" lon="121.486400"></trkpt>
      <trkpt lat="25.032470" lon="121.486450"></trkpt>
      <trkpt lat="25.032090" lon="121.486560"></trkpt>
      <trkpt lat="25.032050" lon="121.486590"></trkpt>
      <trkpt lat="25.031960" lon="121.486640"></trkpt>
      <trkpt lat="25.031880" lon="121.486720"></trkpt>
      <trkpt lat="25.031390" lon="121.487340"></trkpt>
      <trkpt lat="25.031220" lon="121.487580"></trkpt>
      <trkpt lat="25.030640" lon="121.487480"></trkpt>
      <trkpt lat="25.030230" lon="121.487440"></trkpt>
      <trkpt lat="25.030200" lon="121.487430"></trkpt>
      <trkpt lat="25.030190" lon="121.487420"></trkpt>
      <trkpt lat="25.030160" lon="121.487420"></trkpt>
      <trkpt lat="25.030120" lon="121.487400"></trkpt>
      <trkpt lat="25.030060" lon="121.487400"></trkpt>
      <trkpt lat="25.029900" lon="121.487450"></trkpt>
      <trkpt lat="25.029890" lon="121.487450"></trkpt>
      <trkpt lat="25.029780" lon="121.487500"></trkpt>
      <trkpt lat="25.029730" lon="121.487510"></trkpt>
      <trkpt lat="25.029720" lon="121.487520"></trkpt>
      <trkpt lat="25.029470" lon="121.487600"></trkpt>
      <trkpt lat="25.029170" lon="121.487720"></trkpt>
      <trkpt lat="25.029040" lon="121.487760"></trkpt>
      <trkpt lat="25.028700" lon="121.487910"></trkpt>
      <trkpt lat="25.028280" lon="121.488050"></trkpt>
      <trkpt lat="25.028020" lon="121.488120"></trkpt>
      <trkpt lat="25.028010" lon="121.488120"></trkpt>
      <trkpt lat="25.027810" lon="121.488200"></trkpt>
      <trkpt lat="25.027690" lon="121.488270"></trkpt>
      <trkpt lat="25.027120" lon="121.488730"></trkpt>
      <trkpt lat="25.027100" lon="121.488740"></trkpt>
      <trkpt lat="25.026790" lon="121.489000"></trkpt>
      <trkpt lat="25.026400" lon="121.489280"></trkpt>
      <trkpt lat="25.025610" lon="121.489680"></trkpt>
      <trkpt lat="25.025050" lon="121.490020"></trkpt>
      <trkpt lat="25.024940" lon="121.490050"></trkpt>
      <trkpt lat="25.024920" lon="121.490060"></trkpt>
      <trkpt lat="25.024820" lon="121.490080"></trkpt>
      <trkpt lat="25.023610" lon="121.490570"></trkpt>
      <trkpt lat="25.023360" lon="121.490650"></trkpt>
      <trkpt lat="25.023210" lon="121.490680"></trkpt>
      <trkpt lat="25.023010" lon="121.490640"></trkpt>
      <trkpt lat="25.022950" lon="121.490640"></trkpt>
      <trkpt lat="25.022730" lon="121.490680"></trkpt>
      <trkpt lat="25.022160" lon="121.490820"></trkpt>
      <trkpt lat="25.021910" lon="121.490860"></trkpt>
      <trkpt lat="25.021590" lon="121.490880"></trkpt>
      <trkpt lat="25.021280" lon="121.490870"></trkpt>
      <trkpt lat="25.019620" lon="121.490740"></trkpt>
      <trkpt lat="25.019550" lon="121.490710"></trkpt>
      <trkpt lat="25.018360" lon="121.490590"></trkpt>
      <trkpt lat="25.018180" lon="121.490590"></trkpt>
      <trkpt lat="25.017990" lon="121.490620"></trkpt>
      <trkpt lat="25.017510" lon="121.490730"></trkpt>
      <trkpt lat="25.017100" lon="121.490920"></trkpt>
      <trkpt lat="25.016980" lon="121.490920"></trkpt>
      <trkpt lat="25.016930" lon="121.490930"></trkpt>
      <trkpt lat="25.016880" lon="121.490950"></trkpt>
      <trkpt lat="25.016510" lon="121.491290"></trkpt>
      <trkpt lat="25.016390" lon="121.491360"></trkpt>
      <trkpt lat="25.016360" lon="121.491390"></trkpt>
      <trkpt lat="25.016210" lon="121.491420"></trkpt>
      <trkpt lat="25.015600" lon="121.491430"></trkpt>
      <trkpt lat="25.015590" lon="121.491440"></trkpt>
      <trkpt lat="25.015570" lon="121.491440"></trkpt>
      <trkpt lat="25.015310" lon="121.491580"></trkpt>
      <trkpt lat="25.014420" lon="121.492140"></trkpt>
      <trkpt lat="25.014400" lon="121.492160"></trkpt>
      <trkpt lat="25.014370" lon="121.492230"></trkpt>
      <trkpt lat="25.014370" lon="121.492260"></trkpt>
      <trkpt lat="25.014340" lon="121.492360"></trkpt>
      <trkpt lat="25.014210" lon="121.492640"></trkpt>
      <trkpt lat="25.014120" lon="121.492780"></trkpt>
      <trkpt lat="25.014090" lon="121.492800"></trkpt>
      <trkpt lat="25.014020" lon="121.492870"></trkpt>
      <trkpt lat="25.014010" lon="121.492870"></trkpt>
      <trkpt lat="25.013940" lon="121.492930"></trkpt>
      <trkpt lat="25.013740" lon="121.493040"></trkpt>
      <trkpt lat="25.013600" lon="121.493090"></trkpt>
      <trkpt lat="25.013490" lon="121.493110"></trkpt>
      <trkpt lat="25.013400" lon="121.493410"></trkpt>
      <trkpt lat="25.013390" lon="121.493480"></trkpt>
      <trkpt lat="25.013390" lon="121.493690"></trkpt>
      <trkpt lat="25.013420" lon="121.493860"></trkpt>
      <trkpt lat="25.013450" lon="121.493930"></trkpt>
      <trkpt lat="25.013470" lon="121.494000"></trkpt>
      <trkpt lat="25.013530" lon="121.494110"></trkpt>
      <trkpt lat="25.013620" lon="121.494210"></trkpt>
      <trkpt lat="25.013610" lon="121.494230"></trkpt>
      <trkpt lat="25.013590" lon="121.494250"></trkpt>
      <trkpt lat="25.013590" lon="121.494270"></trkpt>
      <trkpt lat="25.013580" lon="121.494280"></trkpt>
      <trkpt lat="25.013580" lon="121.494300"></trkpt>
      <trkpt lat="25.013570" lon="121.494310"></trkpt>
      <trkpt lat="25.013570" lon="121.494390"></trkpt>
      <trkpt lat="25.013580" lon="121.494400"></trkpt>
      <trkpt lat="25.013580" lon="121.494430"></trkpt>
      <trkpt lat="25.013590" lon="121.494450"></trkpt>
      <trkpt lat="25.013610" lon="121.494470"></trkpt>
      <trkpt lat="25.013610" lon="121.494490"></trkpt>
      <trkpt lat="25.013630" lon="121.494510"></trkpt>
      <trkpt lat="25.013560" lon="121.494590"></trkpt>
      <trkpt lat="25.013540" lon="121.494650"></trkpt>
      <trkpt lat="25.013540" lon="121.494900"></trkpt>
      <trkpt lat="25.013480" lon="121.495210"></trkpt>
      <trkpt lat="25.012800" lon="121.495200"></trkpt>
      <trkpt lat="25.012790" lon="121.497590"></trkpt>
      <trkpt lat="25.012800" lon="121.497640"></trkpt>
      <trkpt lat="25.012800" lon="121.497680"></trkpt>
      <trkpt lat="25.012810" lon="121.497710"></trkpt>
      <trkpt lat="25.012880" lon="121.497820"></trkpt>
      <trkpt lat="25.012930" lon="121.497850"></trkpt>
      <trkpt lat="25.012950" lon="121.497870"></trkpt>
      <trkpt lat="25.012990" lon="121.497890"></trkpt>
      <trkpt lat="25.013190" lon="121.497920"></trkpt>
      <trkpt lat="25.013250" lon="121.497940"></trkpt>
      <trkpt lat="25.013270" lon="121.497960"></trkpt>
      <trkpt lat="25.013400" lon="121.498050"></trkpt>
      <trkpt lat="25.013420" lon="121.498080"></trkpt>
      <trkpt lat="25.013460" lon="121.498120"></trkpt>
      <trkpt lat="25.013520" lon="121.498200"></trkpt>
      <trkpt lat="25.013580" lon="121.498260"></trkpt>
      <trkpt lat="25.013610" lon="121.498300"></trkpt>
      <trkpt lat="25.013650" lon="121.498330"></trkpt>
      <trkpt lat="25.013690" lon="121.498370"></trkpt>
      <trkpt lat="25.013780" lon="121.498430"></trkpt>
      <trkpt lat="25.013880" lon="121.498470"></trkpt>
      <trkpt lat="25.013860" lon="121.498590"></trkpt>
      <trkpt lat="25.013940" lon="121.498640"></trkpt>
      <trkpt lat="25.014360" lon="121.498970"></trkpt>
      <trkpt lat="25.014880" lon="121.499430"></trkpt>
      <trkpt lat="25.014890" lon="121.499450"></trkpt>
      <trkpt lat="25.014920" lon="121.499470"></trkpt>
      <trkpt lat="25.015070" lon="121.499630"></trkpt>
      <trkpt lat="25.015100" lon="121.499650"></trkpt>
      <trkpt lat="25.015720" lon="121.500710"></trkpt>
      <trkpt lat="25.015800" lon="121.500780"></trkpt>
      <trkpt lat="25.016790" lon="121.502490"></trkpt>
      <trkpt lat="25.016840" lon="121.502560"></trkpt>
      <trkpt lat="25.016850" lon="121.502630"></trkpt>
      <trkpt lat="25.016870" lon="121.502690"></trkpt>
      <trkpt lat="25.016930" lon="121.502790"></trkpt>
      <trkpt lat="25.016970" lon="121.502880"></trkpt>
      <trkpt lat="25.017210" lon="121.503270"></trkpt>
      <trkpt lat="25.017310" lon="121.503460"></trkpt>
      <trkpt lat="25.017320" lon="121.503470"></trkpt>
      <trkpt lat="25.017350" lon="121.503540"></trkpt>
      <trkpt lat="25.017430" lon="121.503570"></trkpt>
      <trkpt lat="25.017470" lon="121.503570"></trkpt>
      <trkpt lat="25.017520" lon="121.503560"></trkpt>
      <trkpt lat="25.017810" lon="121.503460"></trkpt>
      <trkpt lat="25.018020" lon="121.503420"></trkpt>
      <trkpt lat="25.018070" lon="121.503420"></trkpt>
      <trkpt lat="25.018110" lon="121.503430"></trkpt>
      <trkpt lat="25.018130" lon="121.503440"></trkpt>
      <trkpt lat="25.018200" lon="121.503520"></trkpt>
      <trkpt lat="25.018700" lon="121.504410"></trkpt>
      <trkpt lat="25.018800" lon="121.504520"></trkpt>
      <trkpt lat="25.019190" lon="121.505030"></trkpt>
      <trkpt lat="25.019220" lon="121.505050"></trkpt>
      <trkpt lat="25.019220" lon="121.505070"></trkpt>
      <trkpt lat="25.019240" lon="121.505090"></trkpt>
      <trkpt lat="25.019380" lon="121.505330"></trkpt>
      <trkpt lat="25.019410" lon="121.505360"></trkpt>
      <trkpt lat="25.019630" lon="121.505670"></trkpt>
      <trkpt lat="25.020040" lon="121.506130"></trkpt>
      <trkpt lat="25.020360" lon="121.506430"></trkpt>
      <trkpt lat="25.020420" lon="121.506470"></trkpt>
      <trkpt lat="25.020470" lon="121.506520"></trkpt>
      <trkpt lat="25.020710" lon="121.506710"></trkpt>
      <trkpt lat="25.021530" lon="121.507540"></trkpt>
      <trkpt lat="25.021640" lon="121.507670"></trkpt>
      <trkpt lat="25.021710" lon="121.507770"></trkpt>
      <trkpt lat="25.021820" lon="121.507900"></trkpt>
      <trkpt lat="25.021890" lon="121.508000"></trkpt>
      <trkpt lat="25.021910" lon="121.508050"></trkpt>
      <trkpt lat="25.022180" lon="121.508520"></trkpt>
      <trkpt lat="25.022340" lon="121.508860"></trkpt>
      <trkpt lat="25.022410" lon="121.508980"></trkpt>
      <trkpt lat="25.022450" lon="121.509070"></trkpt>
      <trkpt lat="25.022520" lon="121.509190"></trkpt>
      <trkpt lat="25.022550" lon="121.509290"></trkpt>
      <trkpt lat="25.022550" lon="121.509340"></trkpt>
      <trkpt lat="25.022560" lon="121.509360"></trkpt>
      <trkpt lat="25.022550" lon="121.510200"></trkpt>
      <trkpt lat="25.022610" lon="121.510940"></trkpt>
      <trkpt lat="25.022660" lon="121.511190"></trkpt>
      <trkpt lat="25.022720" lon="121.511340"></trkpt>
      <trkpt lat="25.022740" lon="121.511460"></trkpt>
      <trkpt lat="25.022770" lon="121.512290"></trkpt>
      <trkpt lat="25.022740" lon="121.512460"></trkpt>
      <trkpt lat="25.022530" lon="121.513100"></trkpt>
      <trkpt lat="25.022330" lon="121.513860"></trkpt>
      <trkpt lat="25.022310" lon="121.513910"></trkpt>
      <trkpt lat="25.022310" lon="121.513970"></trkpt>
      <trkpt lat="25.022260" lon="121.514170"></trkpt>
      <trkpt lat="25.022260" lon="121.514200"></trkpt>
      <trkpt lat="25.022250" lon="121.514230"></trkpt>
      <trkpt lat="25.022230" lon="121.514390"></trkpt>
      <trkpt lat="25.022140" lon="121.514850"></trkpt>
      <trkpt lat="25.022140" lon="121.514880"></trkpt>
      <trkpt lat="25.021930" lon="121.515520"></trkpt>
      <trkpt lat="25.021880" lon="121.515640"></trkpt>
      <trkpt lat="25.021720" lon="121.515950"></trkpt>
      <trkpt lat="25.021710" lon="121.515960"></trkpt>
      <trkpt lat="25.021700" lon="121.515980"></trkpt>
      <trkpt lat="25.021700" lon="121.516050"></trkpt>
      <trkpt lat="25.021670" lon="121.516110"></trkpt>
      <trkpt lat="25.021650" lon="121.516190"></trkpt>
      <trkpt lat="25.021620" lon="121.516460"></trkpt>
      <trkpt lat="25.021550" lon="121.516650"></trkpt>
      <trkpt lat="25.021490" lon="121.516880"></trkpt>
      <trkpt lat="25.021440" lon="121.517020"></trkpt>
      <trkpt lat="25.021440" lon="121.517030"></trkpt>
      <trkpt lat="25.021390" lon="121.517190"></trkpt>
      <trkpt lat="25.021390" lon="121.517210"></trkpt>
      <trkpt lat="25.021370" lon="121.517250"></trkpt>
      <trkpt lat="25.021020" lon="121.518440"></trkpt>
      <trkpt lat="25.020880" lon="121.519070"></trkpt>
      <trkpt lat="25.020850" lon="121.519310"></trkpt>
      <trkpt lat="25.020840" lon="121.519330"></trkpt>
      <trkpt lat="25.020760" lon="121.519820"></trkpt>
      <trkpt lat="25.020720" lon="121.519890"></trkpt>
      <trkpt lat="25.020700" lon="121.519960"></trkpt>
      <trkpt lat="25.020670" lon="121.520010"></trkpt>
      <trkpt lat="25.020570" lon="121.520100"></trkpt>
      <trkpt lat="25.020520" lon="121.520100"></trkpt>
      <trkpt lat="25.020460" lon="121.520110"></trkpt>
      <trkpt lat="25.020280" lon="121.520080"></trkpt>
      <trkpt lat="25.020250" lon="121.520090"></trkpt>
      <trkpt lat="25.020220" lon="121.520090"></trkpt>
      <trkpt lat="25.020200" lon="121.520110"></trkpt>
      <trkpt lat="25.020200" lon="121.520120"></trkpt>
      <trkpt lat="25.020170" lon="121.520150"></trkpt>
      <trkpt lat="25.020130" lon="121.520220"></trkpt>
      <trkpt lat="25.020110" lon="121.520240"></trkpt>
      <trkpt lat="25.020070" lon="121.520350"></trkpt>
      <trkpt lat="25.019990" lon="121.520490"></trkpt>
      <trkpt lat="25.019930" lon="121.520570"></trkpt>
      <trkpt lat="25.019880" lon="121.520600"></trkpt>
      <trkpt lat="25.019550" lon="121.521090"></trkpt>
      <trkpt lat="25.019530" lon="121.521130"></trkpt>
      <trkpt lat="25.019530" lon="121.521430"></trkpt>
      <trkpt lat="25.019460" lon="121.521490"></trkpt>
      <trkpt lat="25.019400" lon="121.521500"></trkpt>
      <trkpt lat="25.019250" lon="121.521570"></trkpt>
      <trkpt lat="25.019140" lon="121.521640"></trkpt>
      <trkpt lat="25.019070" lon="121.521710"></trkpt>
      <trkpt lat="25.019040" lon="121.521730"></trkpt>
      <trkpt lat="25.019020" lon="121.521760"></trkpt>
      <trkpt lat="25.018980" lon="121.521800"></trkpt>
      <trkpt lat="25.018980" lon="121.521810"></trkpt>
      <trkpt lat="25.018930" lon="121.521880"></trkpt>
      <trkpt lat="25.018690" lon="121.522310"></trkpt>
      <trkpt lat="25.018680" lon="121.522350"></trkpt>
      <trkpt lat="25.018720" lon="121.522530"></trkpt>
      <trkpt lat="25.018780" lon="121.522670"></trkpt>
      <trkpt lat="25.018000" lon="121.523580"></trkpt>
      <trkpt lat="25.017320" lon="121.524010"></trkpt>
      <trkpt lat="25.017290" lon="121.524000"></trkpt>
      <trkpt lat="25.017230" lon="121.524000"></trkpt>
      <trkpt lat="25.016780" lon="121.524130"></trkpt>
      <trkpt lat="25.016640" lon="121.524010"></trkpt>
      <trkpt lat="25.016490" lon="121.523860"></trkpt>
      <trkpt lat="25.016450" lon="121.523830"></trkpt>
      <trkpt lat="25.016410" lon="121.523790"></trkpt>
      <trkpt lat="25.016370" lon="121.523770"></trkpt>
      <trkpt lat="25.016360" lon="121.523760"></trkpt>
      <trkpt lat="25.016340" lon="121.523750"></trkpt>
      <trkpt lat="25.016320" lon="121.523750"></trkpt>
      <trkpt lat="25.016290" lon="121.523740"></trkpt>
      <trkpt lat="25.016270" lon="121.523750"></trkpt>
      <trkpt lat="25.016240" lon="121.523750"></trkpt>
      <trkpt lat="25.016150" lon="121.523780"></trkpt>
      <trkpt lat="25.015720" lon="121.524070"></trkpt>
      <trkpt lat="25.015720" lon="121.524080"></trkpt>
      <trkpt lat="25.013530" lon="121.525540"></trkpt>
      <trkpt lat="25.013500" lon="121.525590"></trkpt>
      <trkpt lat="25.013480" lon="121.525600"></trkpt>
      <trkpt lat="25.012670" lon="121.526260"></trkpt>
      <trkpt lat="25.012660" lon="121.526280"></trkpt>
      <trkpt lat="25.012610" lon="121.526310"></trkpt>
      <trkpt lat="25.012500" lon="121.526430"></trkpt>
      <trkpt lat="25.011850" lon="121.527290"></trkpt>
      <trkpt lat="25.011740" lon="121.527550"></trkpt>
      <trkpt lat="25.011720" lon="121.527560"></trkpt>
      <trkpt lat="25.011610" lon="121.527580"></trkpt>
      <trkpt lat="25.011530" lon="121.527580"></trkpt>
      <trkpt lat="25.011480" lon="121.527590"></trkpt>
      <trkpt lat="25.011440" lon="121.527610"></trkpt>
      <trkpt lat="25.011370" lon="121.527700"></trkpt>
      <trkpt lat="25.011190" lon="121.528020"></trkpt>
      <trkpt lat="25.011180" lon="121.528030"></trkpt>
      <trkpt lat="25.011090" lon="121.528180"></trkpt>
      <trkpt lat="25.011070" lon="121.528230"></trkpt>
      <trkpt lat="25.011060" lon="121.528240"></trkpt>
      <trkpt lat="25.010750" lon="121.528750"></trkpt>
      <trkpt lat="25.010680" lon="121.528830"></trkpt>
      <trkpt lat="25.010660" lon="121.528840"></trkpt>
      <trkpt lat="25.010500" lon="121.529000"></trkpt>
      <trkpt lat="25.010420" lon="121.529100"></trkpt>
      <trkpt lat="25.010410" lon="121.529100"></trkpt>
      <trkpt lat="25.010370" lon="121.529170"></trkpt>
      <trkpt lat="25.010350" lon="121.529230"></trkpt>
      <trkpt lat="25.010300" lon="121.529520"></trkpt>
      <trkpt lat="25.010300" lon="121.529570"></trkpt>
      <trkpt lat="25.010340" lon="121.529760"></trkpt>
      <trkpt lat="25.010350" lon="121.529860"></trkpt>
      <trkpt lat="25.010360" lon="121.529870"></trkpt>
      <trkpt lat="25.010360" lon="121.530050"></trkpt>
      <trkpt lat="25.010350" lon="121.530120"></trkpt>
      <trkpt lat="25.010270" lon="121.530340"></trkpt>
      <trkpt lat="25.010240" lon="121.530400"></trkpt>
      <trkpt lat="25.010230" lon="121.530440"></trkpt>
      <trkpt lat="25.010230" lon="121.530490"></trkpt>
      <trkpt lat="25.010250" lon="121.530540"></trkpt>
      <trkpt lat="25.010350" lon="121.530620"></trkpt>
      <trkpt lat="25.010250" lon="121.530800"></trkpt>
      <trkpt lat="25.010170" lon="121.530910"></trkpt>
      <trkpt lat="25.010060" lon="121.531100"></trkpt>
      <trkpt lat="25.010020" lon="121.531150"></trkpt>
      <trkpt lat="25.009820" lon="121.531570"></trkpt>
      <trkpt lat="25.009600" lon="121.531900"></trkpt>
      <trkpt lat="25.009150" lon="121.532510"></trkpt>
      <trkpt lat="25.009000" lon="121.532650"></trkpt>
      <trkpt lat="25.008990" lon="121.532650"></trkpt>
      <trkpt lat="25.008920" lon="121.532700"></trkpt>
      <trkpt lat="25.008830" lon="121.532780"></trkpt>
      <trkpt lat="25.008720" lon="121.532840"></trkpt>
      <trkpt lat="25.008690" lon="121.532870"></trkpt>
      <trkpt lat="25.008680" lon="121.532870"></trkpt>
      <trkpt lat="25.008640" lon="121.532890"></trkpt>
      <trkpt lat="25.008510" lon="121.532920"></trkpt>
      <trkpt lat="25.008460" lon="121.532940"></trkpt>
      <trkpt lat="25.008380" lon="121.532950"></trkpt>
      <trkpt lat="25.008180" lon="121.533000"></trkpt>
      <trkpt lat="25.008160" lon="121.533010"></trkpt>
      <trkpt lat="25.008010" lon="121.533040"></trkpt>
      <trkpt lat="25.007990" lon="121.533050"></trkpt>
      <trkpt lat="25.007510" lon="121.533190"></trkpt>
      <trkpt lat="25.007490" lon="121.533200"></trkpt>
      <trkpt lat="25.007460" lon="121.533200"></trkpt>
      <trkpt lat="25.007040" lon="121.533390"></trkpt>
      <trkpt lat="25.006940" lon="121.533460"></trkpt>
      <trkpt lat="25.006650" lon="121.533630"></trkpt>
      <trkpt lat="25.006640" lon="121.533640"></trkpt>
      <trkpt lat="25.004610" lon="121.534880"></trkpt>
      <trkpt lat="25.004600" lon="121.534880"></trkpt>
      <trkpt lat="25.004250" lon="121.535040"></trkpt>
      <trkpt lat="25.003940" lon="121.535160"></trkpt>
      <trkpt lat="25.003760" lon="121.535210"></trkpt>
      <trkpt lat="25.003370" lon="121.535290"></trkpt>
      <trkpt lat="25.002800" lon="121.535330"></trkpt>
      <trkpt lat="25.002570" lon="121.535330"></trkpt>
      <trkpt lat="25.002460" lon="121.535320"></trkpt>
      <trkpt lat="25.002310" lon="121.535320"></trkpt>
      <trkpt lat="25.001910" lon="121.535290"></trkpt>
      <trkpt lat="25.001770" lon="121.535290"></trkpt>
      <trkpt lat="25.000460" lon="121.535170"></trkpt>
      <trkpt lat="24.998860" lon="121.535150"></trkpt>
      <trkpt lat="24.998340" lon="121.535180"></trkpt>
      <trkpt lat="24.997240" lon="121.535340"></trkpt>
      <trkpt lat="24.996960" lon="121.535360"></trkpt>
      <trkpt lat="24.996480" lon="121.535350"></trkpt>
      <trkpt lat="24.996420" lon="121.535360"></trkpt>
      <trkpt lat="24.996290" lon="121.535420"></trkpt>
      <trkpt lat="24.996170" lon="121.535460"></trkpt>
      <trkpt lat="24.995650" lon="121.535680"></trkpt>
      <trkpt lat="24.995540" lon="121.535750"></trkpt>
      <trkpt lat="24.995530" lon="121.535750"></trkpt>
      <trkpt lat="24.995300" lon="121.535940"></trkpt>
      <trkpt lat="24.994670" lon="121.536690"></trkpt>
      <trkpt lat="24.994310" lon="121.537020"></trkpt>
      <trkpt lat="24.994110" lon="121.537150"></trkpt>
      <trkpt lat="24.993860" lon="121.537270"></trkpt>
      <trkpt lat="24.993570" lon="121.537350"></trkpt>
      <trkpt lat="24.993370" lon="121.537390"></trkpt>
      <trkpt lat="24.993050" lon="121.537400"></trkpt>
      <trkpt lat="24.992980" lon="121.537410"></trkpt>
      <trkpt lat="24.992610" lon="121.537370"></trkpt>
      <trkpt lat="24.992560" lon="121.537350"></trkpt>
      <trkpt lat="24.992480" lon="121.537330"></trkpt>
      <trkpt lat="24.991950" lon="121.537140"></trkpt>
      <trkpt lat="24.991870" lon="121.537120"></trkpt>
      <trkpt lat="24.990820" lon="121.536730"></trkpt>
      <trkpt lat="24.990680" lon="121.536700"></trkpt>
      <trkpt lat="24.990660" lon="121.536690"></trkpt>
      <trkpt lat="24.990480" lon="121.536650"></trkpt>
      <trkpt lat="24.990330" lon="121.536640"></trkpt>
      <trkpt lat="24.989990" lon="121.536660"></trkpt>
      <trkpt lat="24.989720" lon="121.536730"></trkpt>
      <trkpt lat="24.989430" lon="121.536860"></trkpt>
      <trkpt lat="24.989090" lon="121.537110"></trkpt>
      <trkpt lat="24.989010" lon="121.537190"></trkpt>
      <trkpt lat="24.988800" lon="121.537440"></trkpt>
      <trkpt lat="24.988640" lon="121.537720"></trkpt>
      <trkpt lat="24.988550" lon="121.537940"></trkpt>
      <trkpt lat="24.988460" lon="121.538270"></trkpt>
      <trkpt lat="24.988460" lon="121.538340"></trkpt>
      <trkpt lat="24.988440" lon="121.538430"></trkpt>
      <trkpt lat="24.988370" lon="121.539250"></trkpt>
      <trkpt lat="24.988390" lon="121.539780"></trkpt>
      <trkpt lat="24.988360" lon="121.540000"></trkpt>
      <trkpt lat="24.988330" lon="121.540010"></trkpt>
      <trkpt lat="24.988310" lon="121.540010"></trkpt>
      <trkpt lat="24.988290" lon="121.540020"></trkpt>
      <trkpt lat="24.988270" lon="121.540020"></trkpt>
      <trkpt lat="24.988240" lon="121.540050"></trkpt>
      <trkpt lat="24.988230" lon="121.540070"></trkpt>
      <trkpt lat="24.988210" lon="121.540090"></trkpt>
      <trkpt lat="24.988200" lon="121.540110"></trkpt>
      <trkpt lat="24.988200" lon="121.540130"></trkpt>
      <trkpt lat="24.988190" lon="121.540170"></trkpt>
      <trkpt lat="24.988190" lon="121.540220"></trkpt>
      <trkpt lat="24.988180" lon="121.540250"></trkpt>
      <trkpt lat="24.988180" lon="121.540280"></trkpt>
      <trkpt lat="24.988110" lon="121.540670"></trkpt>
      <trkpt lat="24.988110" lon="121.540940"></trkpt>
      <trkpt lat="24.988170" lon="121.542150"></trkpt>
      <trkpt lat="24.988270" lon="121.542740"></trkpt>
      <trkpt lat="24.988270" lon="121.542820"></trkpt>
      <trkpt lat="24.988290" lon="121.542970"></trkpt>
      <trkpt lat="24.988350" lon="121.543190"></trkpt>
      <trkpt lat="24.988380" lon="121.543250"></trkpt>
      <trkpt lat="24.988400" lon="121.543360"></trkpt>
      <trkpt lat="24.988400" lon="121.543470"></trkpt>
      <trkpt lat="24.988330" lon="121.543770"></trkpt>
      <trkpt lat="24.988330" lon="121.543800"></trkpt>
      <trkpt lat="24.988320" lon="121.543840"></trkpt>
      <trkpt lat="24.988320" lon="121.544010"></trkpt>
      <trkpt lat="24.988300" lon="121.544100"></trkpt>
      <trkpt lat="24.988300" lon="121.544130"></trkpt>
      <trkpt lat="24.988280" lon="121.544200"></trkpt>
      <trkpt lat="24.988200" lon="121.544370"></trkpt>
      <trkpt lat="24.988140" lon="121.544430"></trkpt>
      <trkpt lat="24.988110" lon="121.544470"></trkpt>
      <trkpt lat="24.988040" lon="121.544520"></trkpt>
      <trkpt lat="24.987750" lon="121.544660"></trkpt>
      <trkpt lat="24.987410" lon="121.544800"></trkpt>
      <trkpt lat="24.987340" lon="121.544820"></trkpt>
      <trkpt lat="24.987230" lon="121.544870"></trkpt>
      <trkpt lat="24.987030" lon="121.545000"></trkpt>
      <trkpt lat="24.986940" lon="121.545070"></trkpt>
      <trkpt lat="24.986820" lon="121.545100"></trkpt>
      <trkpt lat="24.986720" lon="121.545100"></trkpt>
      <trkpt lat="24.986570" lon="121.545080"></trkpt>
      <trkpt lat="24.986460" lon="121.545050"></trkpt>
      <trkpt lat="24.986080" lon="121.545070"></trkpt>
      <trkpt lat="24.985920" lon="121.545040"></trkpt>
      <trkpt lat="24.985760" lon="121.545040"></trkpt>
      <trkpt lat="24.985710" lon="121.545050"></trkpt>
      <trkpt lat="24.985670" lon="121.545050"></trkpt>
      <trkpt lat="24.985620" lon="121.545060"></trkpt>
      <trkpt lat="24.985570" lon="121.545060"></trkpt>
      <trkpt lat="24.985510" lon="121.545090"></trkpt>
      <trkpt lat="24.985500" lon="121.545100"></trkpt>
      <trkpt lat="24.985350" lon="121.545090"></trkpt>
      <trkpt lat="24.985300" lon="121.545100"></trkpt>
      <trkpt lat="24.984720" lon="121.545090"></trkpt>
      <trkpt lat="24.984630" lon="121.545100"></trkpt>
      <trkpt lat="24.984400" lon="121.545160"></trkpt>
      <trkpt lat="24.984310" lon="121.545200"></trkpt>
      <trkpt lat="24.984300" lon="121.545210"></trkpt>
      <trkpt lat="24.984250" lon="121.545230"></trkpt>
      <trkpt lat="24.984200" lon="121.545260"></trkpt>
      <trkpt lat="24.984140" lon="121.545310"></trkpt>
      <trkpt lat="24.984060" lon="121.545360"></trkpt>
      <trkpt lat="24.983930" lon="121.545480"></trkpt>
      <trkpt lat="24.983880" lon="121.545540"></trkpt>
      <trkpt lat="24.983720" lon="121.545840"></trkpt>
      <trkpt lat="24.983650" lon="121.546060"></trkpt>
      <trkpt lat="24.983650" lon="121.546090"></trkpt>
      <trkpt lat="24.983640" lon="121.546120"></trkpt>
      <trkpt lat="24.983640" lon="121.546160"></trkpt>
      <trkpt lat="24.983630" lon="121.546200"></trkpt>
      <trkpt lat="24.983630" lon="121.546400"></trkpt>
      <trkpt lat="24.983820" lon="121.548230"></trkpt>
      <trkpt lat="24.983910" lon="121.548550"></trkpt>
      <trkpt lat="24.984040" lon="121.548920"></trkpt>
      <trkpt lat="24.984300" lon="121.549430"></trkpt>
      <trkpt lat="24.984430" lon="121.549620"></trkpt>
      <trkpt lat="24.984740" lon="121.549990"></trkpt>
      <trkpt lat="24.985030" lon="121.550260"></trkpt>
      <trkpt lat="24.985330" lon="121.550470"></trkpt>
      <trkpt lat="24.985450" lon="121.550540"></trkpt>
      <trkpt lat="24.985580" lon="121.550590"></trkpt>
      <trkpt lat="24.985830" lon="121.550660"></trkpt>
      <trkpt lat="24.986120" lon="121.550680"></trkpt>
      <trkpt lat="24.986260" lon="121.550710"></trkpt>
      <trkpt lat="24.986350" lon="121.550750"></trkpt>
      <trkpt lat="24.986390" lon="121.550760"></trkpt>
      <trkpt lat="24.986410" lon="121.550770"></trkpt>
      <trkpt lat="24.986450" lon="121.550770"></trkpt>
      <trkpt lat="24.986470" lon="121.550750"></trkpt>
      <trkpt lat="24.986480" lon="121.550750"></trkpt>
      <trkpt lat="24.986490" lon="121.550730"></trkpt>
      <trkpt lat="24.986500" lon="121.550720"></trkpt>
      <trkpt lat="24.986500" lon="121.550710"></trkpt>
      <trkpt lat="24.986510" lon="121.550690"></trkpt>
      <trkpt lat="24.986450" lon="121.550720"></trkpt>
      <trkpt lat="24.986440" lon="121.550720"></trkpt>
      <trkpt lat="24.986410" lon="121.550730"></trkpt>
      <trkpt lat="24.986310" lon="121.550690"></trkpt>
      <trkpt lat="24.986130" lon="121.550640"></trkpt>
      <trkpt lat="24.985860" lon="121.550630"></trkpt>
      <trkpt lat="24.985860" lon="121.550600"></trkpt>
      <trkpt lat="24.986130" lon="121.550600"></trkpt>
      <trkpt lat="24.986130" lon="121.550580"></trkpt>
      <trkpt lat="24.986140" lon="121.550560"></trkpt>
      <trkpt lat="24.986150" lon="121.550560"></trkpt>
      <trkpt lat="24.986220" lon="121.550590"></trkpt>
      <trkpt lat="24.986250" lon="121.550590"></trkpt>
      <trkpt lat="24.986310" lon="121.550610"></trkpt>
      <trkpt lat="24.986350" lon="121.550610"></trkpt>
      <trkpt lat="24.986370" lon="121.550600"></trkpt>
      <trkpt lat="24.986390" lon="121.550600"></trkpt>
      <trkpt lat="24.986550" lon="121.550420"></trkpt>
      <trkpt lat="24.986620" lon="121.550370"></trkpt>
      <trkpt lat="24.986650" lon="121.550360"></trkpt>
      <trkpt lat="24.986700" lon="121.550330"></trkpt>
      <trkpt lat="24.986730" lon="121.550330"></trkpt>
      <trkpt lat="24.986800" lon="121.550310"></trkpt>
      <trkpt lat="24.987120" lon="121.550260"></trkpt>
      <trkpt lat="24.987460" lon="121.550160"></trkpt>
      <trkpt lat="24.987790" lon="121.552300"></trkpt>
      <trkpt lat="24.987710" lon="121.552360"></trkpt>
      <trkpt lat="24.987410" lon="121.552400"></trkpt>
      <trkpt lat="24.987320" lon="121.552430"></trkpt>
      <trkpt lat="24.987290" lon="121.552450"></trkpt>
      <trkpt lat="24.987250" lon="121.552460"></trkpt>
      <trkpt lat="24.987220" lon="121.552480"></trkpt>
      <trkpt lat="24.987110" lon="121.552580"></trkpt>
      <trkpt lat="24.986740" lon="121.553000"></trkpt>
      <trkpt lat="24.986580" lon="121.553150"></trkpt>
      <trkpt lat="24.986550" lon="121.553190"></trkpt>
      <trkpt lat="24.986460" lon="121.553240"></trkpt>
      <trkpt lat="24.985900" lon="121.553460"></trkpt>
      <trkpt lat="24.985720" lon="121.553590"></trkpt>
      <trkpt lat="24.985510" lon="121.553800"></trkpt>
      <trkpt lat="24.985230" lon="121.554010"></trkpt>
      <trkpt lat="24.985020" lon="121.554100"></trkpt>
      <trkpt lat="24.984910" lon="121.554160"></trkpt>
      <trkpt lat="24.984670" lon="121.554250"></trkpt>
      <trkpt lat="24.984530" lon="121.554290"></trkpt>
      <trkpt lat="24.984370" lon="121.554300"></trkpt>
      <trkpt lat="24.984150" lon="121.554260"></trkpt>
      <trkpt lat="24.983310" lon="121.554050"></trkpt>
      <trkpt lat="24.983360" lon="121.553980"></trkpt>
      <trkpt lat="24.983420" lon="121.553990"></trkpt>
      <trkpt lat="24.983430" lon="121.554000"></trkpt>
      <trkpt lat="24.983440" lon="121.553980"></trkpt>
      <trkpt lat="24.983370" lon="121.553960"></trkpt>
      <trkpt lat="24.983380" lon="121.553940"></trkpt>
      <trkpt lat="24.983390" lon="121.553940"></trkpt>
      <trkpt lat="24.983420" lon="121.553950"></trkpt>
      <trkpt lat="24.983440" lon="121.553950"></trkpt>
      <trkpt lat="24.983450" lon="121.553920"></trkpt>
      <trkpt lat="24.983250" lon="121.553870"></trkpt>
      <trkpt lat="24.983200" lon="121.553870"></trkpt>
      <trkpt lat="24.983180" lon="121.553860"></trkpt>
      <trkpt lat="24.983130" lon="121.553870"></trkpt>
      <trkpt lat="24.983100" lon="121.553870"></trkpt>
      <trkpt lat="24.981680" lon="121.553510"></trkpt>
      <trkpt lat="24.980720" lon="121.553480"></trkpt>
      <trkpt lat="24.980170" lon="121.553560"></trkpt>
      <trkpt lat="24.979980" lon="121.553600"></trkpt>
      <trkpt lat="24.977670" lon="121.554310"></trkpt>
      <trkpt lat="24.977430" lon="121.554420"></trkpt>
      <trkpt lat="24.977320" lon="121.554490"></trkpt>
      <trkpt lat="24.977190" lon="121.554610"></trkpt>
      <trkpt lat="24.977000" lon="121.554820"></trkpt>
      <trkpt lat="24.976960" lon="121.554890"></trkpt>
      <trkpt lat="24.976980" lon="121.554910"></trkpt>
      <trkpt lat="24.977000" lon="121.554960"></trkpt>
      <trkpt lat="24.976910" lon="121.555200"></trkpt>
      <trkpt lat="24.976850" lon="121.555530"></trkpt>
      <trkpt lat="24.976870" lon="121.555960"></trkpt>
      <trkpt lat="24.976660" lon="121.555960"></trkpt>
      <trkpt lat="24.976550" lon="121.555950"></trkpt>
      <trkpt lat="24.976310" lon="121.555970"></trkpt>
      <trkpt lat="24.976110" lon="121.556020"></trkpt>
      <trkpt lat="24.976080" lon="121.556020"></trkpt>
      <trkpt lat="24.976050" lon="121.556030"></trkpt>
      <trkpt lat="24.976020" lon="121.556030"></trkpt>
      <trkpt lat="24.975960" lon="121.556040"></trkpt>
      <trkpt lat="24.975680" lon="121.556050"></trkpt>
      <trkpt lat="24.975650" lon="121.556040"></trkpt>
      <trkpt lat="24.975590" lon="121.556000"></trkpt>
      <trkpt lat="24.975560" lon="121.555970"></trkpt>
      <trkpt lat="24.975540" lon="121.555930"></trkpt>
      <trkpt lat="24.975530" lon="121.555890"></trkpt>
      <trkpt lat="24.975530" lon="121.555840"></trkpt>
      <trkpt lat="24.975540" lon="121.555800"></trkpt>
      <trkpt lat="24.975560" lon="121.555760"></trkpt>
      <trkpt lat="24.975590" lon="121.555730"></trkpt>
      <trkpt lat="24.975680" lon="121.555680"></trkpt>
      <trkpt lat="24.976020" lon="121.555680"></trkpt>
      <trkpt lat="24.976040" lon="121.555280"></trkpt>
      <trkpt lat="24.976150" lon="121.554560"></trkpt>
      <trkpt lat="24.976270" lon="121.554250"></trkpt>
      <trkpt lat="24.976380" lon="121.554070"></trkpt>
      <trkpt lat="24.976440" lon="121.553930"></trkpt>
      <trkpt lat="24.976440" lon="121.553890"></trkpt>
      <trkpt lat="24.976460" lon="121.553770"></trkpt>
      <trkpt lat="24.976520" lon="121.553640"></trkpt>
      <trkpt lat="24.976640" lon="121.553510"></trkpt>
      <trkpt lat="24.976920" lon="121.553300"></trkpt>
      <trkpt lat="24.976940" lon="121.553280"></trkpt>
      <trkpt lat="24.977060" lon="121.553230"></trkpt>
      <trkpt lat="24.977190" lon="121.553160"></trkpt>
      <trkpt lat="24.977280" lon="121.553100"></trkpt>
      <trkpt lat="24.977310" lon="121.553090"></trkpt>
      <trkpt lat="24.977340" lon="121.553070"></trkpt>
      <trkpt lat="24.977480" lon="121.552920"></trkpt>
      <trkpt lat="24.977520" lon="121.552860"></trkpt>
      <trkpt lat="24.977650" lon="121.552720"></trkpt>
      <trkpt lat="24.977720" lon="121.552660"></trkpt>
      <trkpt lat="24.977740" lon="121.552630"></trkpt>
      <trkpt lat="24.977770" lon="121.552510"></trkpt>
      <trkpt lat="24.977770" lon="121.552440"></trkpt>
      <trkpt lat="24.977710" lon="121.552160"></trkpt>
      <trkpt lat="24.977690" lon="121.552110"></trkpt>
      <trkpt lat="24.977630" lon="121.552010"></trkpt>
      <trkpt lat="24.977620" lon="121.551980"></trkpt>
      <trkpt lat="24.977620" lon="121.551960"></trkpt>
      <trkpt lat="24.977610" lon="121.551930"></trkpt>
      <trkpt lat="24.977620" lon="121.551910"></trkpt>
      <trkpt lat="24.977620" lon="121.551560"></trkpt>
      <trkpt lat="24.977690" lon="121.551310"></trkpt>
      <trkpt lat="24.977680" lon="121.551070"></trkpt>
      <trkpt lat="24.977690" lon="121.551040"></trkpt>
      <trkpt lat="24.977930" lon="121.550840"></trkpt>
      <trkpt lat="24.978270" lon="121.550520"></trkpt>
      <trkpt lat="24.977270" lon="121.548960"></trkpt>
      <trkpt lat="24.977240" lon="121.548900"></trkpt>
      <trkpt lat="24.977100" lon="121.548680"></trkpt>
      <trkpt lat="24.977080" lon="121.548660"></trkpt>
      <trkpt lat="24.974640" lon="121.544810"></trkpt>
      <trkpt lat="24.974140" lon="121.544070"></trkpt>
      <trkpt lat="24.973670" lon="121.544410"></trkpt>
      <trkpt lat="24.973780" lon="121.544610"></trkpt>
    </trkseg>
  </trk>
</gpx>
