<?xml version="1.0" encoding="UTF-8"?>
<gpx version="1.1" creator="2026-routes" xmlns="http://www.topografix.com/GPX/1/1">
  <metadata>
    <name>台東到恆春國小</name>
    <desc>台東→台11→知本→美和→台9→太麻里→大武→達仁→南迴公路→壽卡→縣199→東源→牡丹→車城→統埔→山腳路→保力→台26→恆春國小</desc>
  </metadata>
  <trk>
    <name>Day 9 台東到恆春國小</name>
    <trkseg>
      <trkpt lat="22.793872" lon="121.123577"></trkpt>
      <trkpt lat="22.793707" lon="121.123557"></trkpt>
      <trkpt lat="22.793363" lon="121.123515"></trkpt>
      <trkpt lat="22.793133" lon="121.123487"></trkpt>
      <trkpt lat="22.793029" lon="121.123502"></trkpt>
      <trkpt lat="22.792965" lon="121.123536"></trkpt>
      <trkpt lat="22.792919" lon="121.123596"></trkpt>
      <trkpt lat="22.792882" lon="121.123668"></trkpt>
      <trkpt lat="22.792879" lon="121.123698"></trkpt>
      <trkpt lat="22.792860" lon="121.123910"></trkpt>
      <trkpt lat="22.792849" lon="121.124029"></trkpt>
      <trkpt lat="22.792793" lon="121.124636"></trkpt>
      <trkpt lat="22.792783" lon="121.124743"></trkpt>
      <trkpt lat="22.792651" lon="121.124732"></trkpt>
      <trkpt lat="22.792640" lon="121.125408"></trkpt>
      <trkpt lat="22.792630" lon="121.125988"></trkpt>
      <trkpt lat="22.792620" lon="121.126599"></trkpt>
      <trkpt lat="22.791530" lon="121.126595"></trkpt>
      <trkpt lat="22.790771" lon="121.126588"></trkpt>
      <trkpt lat="22.790126" lon="121.126536"></trkpt>
      <trkpt lat="22.789552" lon="121.126482"></trkpt>
      <trkpt lat="22.788980" lon="121.126440"></trkpt>
      <trkpt lat="22.788766" lon="121.126422"></trkpt>
      <trkpt lat="22.788721" lon="121.126424"></trkpt>
      <trkpt lat="22.788640" lon="121.126452"></trkpt>
      <trkpt lat="22.788072" lon="121.126717"></trkpt>
      <trkpt lat="22.788035" lon="121.126735"></trkpt>
      <trkpt lat="22.787959" lon="121.126776"></trkpt>
      <trkpt lat="22.787915" lon="121.126792"></trkpt>
      <trkpt lat="22.787795" lon="121.126823"></trkpt>
      <trkpt lat="22.786698" lon="121.126904"></trkpt>
      <trkpt lat="22.786193" lon="121.126943"></trkpt>
      <trkpt lat="22.785427" lon="121.127008"></trkpt>
      <trkpt lat="22.785366" lon="121.127047"></trkpt>
      <trkpt lat="22.785054" lon="121.127477"></trkpt>
      <trkpt lat="22.784999" lon="121.127561"></trkpt>
      <trkpt lat="22.784846" lon="121.127686"></trkpt>
      <trkpt lat="22.784515" lon="121.127863"></trkpt>
      <trkpt lat="22.783967" lon="121.127773"></trkpt>
      <trkpt lat="22.782808" lon="121.127620"></trkpt>
      <trkpt lat="22.782066" lon="121.127518"></trkpt>
      <trkpt lat="22.781253" lon="121.127407"></trkpt>
      <trkpt lat="22.781039" lon="121.127378"></trkpt>
      <trkpt lat="22.780728" lon="121.127338"></trkpt>
      <trkpt lat="22.780491" lon="121.127306"></trkpt>
      <trkpt lat="22.779386" lon="121.127155"></trkpt>
      <trkpt lat="22.778138" lon="121.126983"></trkpt>
      <trkpt lat="22.777531" lon="121.126901"></trkpt>
      <trkpt lat="22.777055" lon="121.126816"></trkpt>
      <trkpt lat="22.776581" lon="121.126727"></trkpt>
      <trkpt lat="22.776413" lon="121.126646"></trkpt>
      <trkpt lat="22.776195" lon="121.126517"></trkpt>
      <trkpt lat="22.776120" lon="121.126440"></trkpt>
      <trkpt lat="22.775755" lon="121.126059"></trkpt>
      <trkpt lat="22.775315" lon="121.125618"></trkpt>
      <trkpt lat="22.775153" lon="121.125453"></trkpt>
      <trkpt lat="22.773080" lon="121.123387"></trkpt>
      <trkpt lat="22.772270" lon="121.122596"></trkpt>
      <trkpt lat="22.771995" lon="121.122359"></trkpt>
      <trkpt lat="22.771847" lon="121.122234"></trkpt>
      <trkpt lat="22.771682" lon="121.122150"></trkpt>
      <trkpt lat="22.771528" lon="121.122058"></trkpt>
      <trkpt lat="22.770974" lon="121.121807"></trkpt>
      <trkpt lat="22.770869" lon="121.121751"></trkpt>
      <trkpt lat="22.770228" lon="121.121424"></trkpt>
      <trkpt lat="22.770084" lon="121.121350"></trkpt>
      <trkpt lat="22.769880" lon="121.121244"></trkpt>
      <trkpt lat="22.769673" lon="121.121135"></trkpt>
      <trkpt lat="22.769459" lon="121.121021"></trkpt>
      <trkpt lat="22.768967" lon="121.120905"></trkpt>
      <trkpt lat="22.768691" lon="121.120874"></trkpt>
      <trkpt lat="22.767852" lon="121.120780"></trkpt>
      <trkpt lat="22.767269" lon="121.120729"></trkpt>
      <trkpt lat="22.766019" lon="121.120591"></trkpt>
      <trkpt lat="22.765880" lon="121.120577"></trkpt>
      <trkpt lat="22.765118" lon="121.120494"></trkpt>
      <trkpt lat="22.764420" lon="121.120412"></trkpt>
      <trkpt lat="22.763041" lon="121.120263"></trkpt>
      <trkpt lat="22.762771" lon="121.120233"></trkpt>
      <trkpt lat="22.761624" lon="121.120102"></trkpt>
      <trkpt lat="22.760913" lon="121.120021"></trkpt>
      <trkpt lat="22.760512" lon="121.119975"></trkpt>
      <trkpt lat="22.760252" lon="121.119931"></trkpt>
      <trkpt lat="22.760186" lon="121.120026"></trkpt>
      <trkpt lat="22.760011" lon="121.120200"></trkpt>
      <trkpt lat="22.759133" lon="121.122131"></trkpt>
      <trkpt lat="22.758869" lon="121.122709"></trkpt>
      <trkpt lat="22.758563" lon="121.123384"></trkpt>
      <trkpt lat="22.756781" lon="121.122626"></trkpt>
      <trkpt lat="22.755837" lon="121.122217"></trkpt>
      <trkpt lat="22.755123" lon="121.121892"></trkpt>
      <trkpt lat="22.754228" lon="121.121516"></trkpt>
      <trkpt lat="22.753651" lon="121.121251"></trkpt>
      <trkpt lat="22.753445" lon="121.121110"></trkpt>
      <trkpt lat="22.753363" lon="121.121054"></trkpt>
      <trkpt lat="22.752530" lon="121.120698"></trkpt>
      <trkpt lat="22.752255" lon="121.120572"></trkpt>
      <trkpt lat="22.751679" lon="121.120326"></trkpt>
      <trkpt lat="22.751507" lon="121.120252"></trkpt>
      <trkpt lat="22.751235" lon="121.120136"></trkpt>
      <trkpt lat="22.750195" lon="121.119691"></trkpt>
      <trkpt lat="22.749595" lon="121.119435"></trkpt>
      <trkpt lat="22.748613" lon="121.119008"></trkpt>
      <trkpt lat="22.747830" lon="121.118667"></trkpt>
      <trkpt lat="22.747723" lon="121.118615"></trkpt>
      <trkpt lat="22.747528" lon="121.118526"></trkpt>
      <trkpt lat="22.747148" lon="121.118348"></trkpt>
      <trkpt lat="22.746769" lon="121.118179"></trkpt>
      <trkpt lat="22.746635" lon="121.118119"></trkpt>
      <trkpt lat="22.746087" lon="121.117891"></trkpt>
      <trkpt lat="22.745771" lon="121.117762"></trkpt>
      <trkpt lat="22.745487" lon="121.117642"></trkpt>
      <trkpt lat="22.745040" lon="121.117453"></trkpt>
      <trkpt lat="22.744659" lon="121.117291"></trkpt>
      <trkpt lat="22.744254" lon="121.117120"></trkpt>
      <trkpt lat="22.743101" lon="121.116632"></trkpt>
      <trkpt lat="22.742582" lon="121.116402"></trkpt>
      <trkpt lat="22.741735" lon="121.116028"></trkpt>
      <trkpt lat="22.741687" lon="121.116006"></trkpt>
      <trkpt lat="22.741598" lon="121.115965"></trkpt>
      <trkpt lat="22.741551" lon="121.115945"></trkpt>
      <trkpt lat="22.740712" lon="121.115571"></trkpt>
      <trkpt lat="22.740151" lon="121.115297"></trkpt>
      <trkpt lat="22.739408" lon="121.114972"></trkpt>
      <trkpt lat="22.737146" lon="121.114023"></trkpt>
      <trkpt lat="22.736900" lon="121.113922"></trkpt>
      <trkpt lat="22.736499" lon="121.113758"></trkpt>
      <trkpt lat="22.735808" lon="121.113352"></trkpt>
      <trkpt lat="22.735652" lon="121.113224"></trkpt>
      <trkpt lat="22.735519" lon="121.113083"></trkpt>
      <trkpt lat="22.735274" lon="121.112726"></trkpt>
      <trkpt lat="22.735223" lon="121.112638"></trkpt>
      <trkpt lat="22.735112" lon="121.112477"></trkpt>
      <trkpt lat="22.735059" lon="121.112365"></trkpt>
      <trkpt lat="22.734929" lon="121.112088"></trkpt>
      <trkpt lat="22.734769" lon="121.111661"></trkpt>
      <trkpt lat="22.734647" lon="121.111337"></trkpt>
      <trkpt lat="22.734631" lon="121.111290"></trkpt>
      <trkpt lat="22.734596" lon="121.111205"></trkpt>
      <trkpt lat="22.734580" lon="121.111164"></trkpt>
      <trkpt lat="22.734489" lon="121.110924"></trkpt>
      <trkpt lat="22.733732" lon="121.109054"></trkpt>
      <trkpt lat="22.733524" lon="121.108538"></trkpt>
      <trkpt lat="22.733305" lon="121.108003"></trkpt>
      <trkpt lat="22.732982" lon="121.107182"></trkpt>
      <trkpt lat="22.732895" lon="121.106969"></trkpt>
      <trkpt lat="22.732481" lon="121.105964"></trkpt>
      <trkpt lat="22.731641" lon="121.106449"></trkpt>
      <trkpt lat="22.731164" lon="121.106708"></trkpt>
      <trkpt lat="22.730713" lon="121.106931"></trkpt>
      <trkpt lat="22.730137" lon="121.107216"></trkpt>
      <trkpt lat="22.729640" lon="121.107493"></trkpt>
      <trkpt lat="22.729461" lon="121.107593"></trkpt>
      <trkpt lat="22.728709" lon="121.106081"></trkpt>
      <trkpt lat="22.728565" lon="121.105727"></trkpt>
      <trkpt lat="22.728508" lon="121.105613"></trkpt>
      <trkpt lat="22.728400" lon="121.105408"></trkpt>
      <trkpt lat="22.728351" lon="121.105296"></trkpt>
      <trkpt lat="22.728060" lon="121.104624"></trkpt>
      <trkpt lat="22.727989" lon="121.104481"></trkpt>
      <trkpt lat="22.727906" lon="121.104304"></trkpt>
      <trkpt lat="22.727852" lon="121.104231"></trkpt>
      <trkpt lat="22.727770" lon="121.104026"></trkpt>
      <trkpt lat="22.727668" lon="121.103813"></trkpt>
      <trkpt lat="22.727456" lon="121.103374"></trkpt>
      <trkpt lat="22.726911" lon="121.102267"></trkpt>
      <trkpt lat="22.726819" lon="121.102107"></trkpt>
      <trkpt lat="22.725051" lon="121.098546"></trkpt>
      <trkpt lat="22.722620" lon="121.093508"></trkpt>
      <trkpt lat="22.722376" lon="121.092984"></trkpt>
      <trkpt lat="22.722151" lon="121.092496"></trkpt>
      <trkpt lat="22.722062" lon="121.092216"></trkpt>
      <trkpt lat="22.721950" lon="121.091777"></trkpt>
      <trkpt lat="22.721896" lon="121.091340"></trkpt>
      <trkpt lat="22.721904" lon="121.090974"></trkpt>
      <trkpt lat="22.722238" lon="121.090685"></trkpt>
      <trkpt lat="22.723704" lon="121.089413"></trkpt>
      <trkpt lat="22.724434" lon="121.088781"></trkpt>
      <trkpt lat="22.725049" lon="121.088248"></trkpt>
      <trkpt lat="22.725819" lon="121.087581"></trkpt>
      <trkpt lat="22.724446" lon="121.085722"></trkpt>
      <trkpt lat="22.724008" lon="121.085056"></trkpt>
      <trkpt lat="22.723753" lon="121.084817"></trkpt>
      <trkpt lat="22.723547" lon="121.084457"></trkpt>
      <trkpt lat="22.722738" lon="121.083389"></trkpt>
      <trkpt lat="22.721972" lon="121.082403"></trkpt>
      <trkpt lat="22.721487" lon="121.081746"></trkpt>
      <trkpt lat="22.720981" lon="121.081062"></trkpt>
      <trkpt lat="22.720907" lon="121.080965"></trkpt>
      <trkpt lat="22.720291" lon="121.080162"></trkpt>
      <trkpt lat="22.720211" lon="121.080059"></trkpt>
      <trkpt lat="22.719612" lon="121.079210"></trkpt>
      <trkpt lat="22.719295" lon="121.078741"></trkpt>
      <trkpt lat="22.719244" lon="121.078601"></trkpt>
      <trkpt lat="22.719091" lon="121.078266"></trkpt>
      <trkpt lat="22.718681" lon="121.077328"></trkpt>
      <trkpt lat="22.718252" lon="121.076262"></trkpt>
      <trkpt lat="22.717845" lon="121.075244"></trkpt>
      <trkpt lat="22.717513" lon="121.074409"></trkpt>
      <trkpt lat="22.717012" lon="121.073226"></trkpt>
      <trkpt lat="22.716605" lon="121.072221"></trkpt>
      <trkpt lat="22.716465" lon="121.071922"></trkpt>
      <trkpt lat="22.716182" lon="121.071202"></trkpt>
      <trkpt lat="22.715747" lon="121.070172"></trkpt>
      <trkpt lat="22.715318" lon="121.069197"></trkpt>
      <trkpt lat="22.715103" lon="121.068649"></trkpt>
      <trkpt lat="22.714981" lon="121.068336"></trkpt>
      <trkpt lat="22.714923" lon="121.068257"></trkpt>
      <trkpt lat="22.714874" lon="121.068239"></trkpt>
      <trkpt lat="22.714792" lon="121.068273"></trkpt>
      <trkpt lat="22.714634" lon="121.068366"></trkpt>
      <trkpt lat="22.713777" lon="121.069121"></trkpt>
      <trkpt lat="22.713669" lon="121.068992"></trkpt>
      <trkpt lat="22.713602" lon="121.068903"></trkpt>
      <trkpt lat="22.713556" lon="121.068818"></trkpt>
      <trkpt lat="22.713507" lon="121.068806"></trkpt>
      <trkpt lat="22.713420" lon="121.068789"></trkpt>
      <trkpt lat="22.713336" lon="121.068820"></trkpt>
      <trkpt lat="22.712980" lon="121.068973"></trkpt>
      <trkpt lat="22.712642" lon="121.069150"></trkpt>
      <trkpt lat="22.712396" lon="121.069271"></trkpt>
      <trkpt lat="22.712217" lon="121.069361"></trkpt>
      <trkpt lat="22.711936" lon="121.069495"></trkpt>
      <trkpt lat="22.711732" lon="121.069547"></trkpt>
      <trkpt lat="22.711371" lon="121.069632"></trkpt>
      <trkpt lat="22.711087" lon="121.069097"></trkpt>
      <trkpt lat="22.710978" lon="121.068749"></trkpt>
      <trkpt lat="22.710908" lon="121.068585"></trkpt>
      <trkpt lat="22.710845" lon="121.068367"></trkpt>
      <trkpt lat="22.710748" lon="121.068212"></trkpt>
      <trkpt lat="22.710647" lon="121.068143"></trkpt>
      <trkpt lat="22.710651" lon="121.068068"></trkpt>
      <trkpt lat="22.710633" lon="121.067947"></trkpt>
      <trkpt lat="22.710530" lon="121.067527"></trkpt>
      <trkpt lat="22.710429" lon="121.067255"></trkpt>
      <trkpt lat="22.709847" lon="121.065886"></trkpt>
      <trkpt lat="22.709662" lon="121.065455"></trkpt>
      <trkpt lat="22.709342" lon="121.064739"></trkpt>
      <trkpt lat="22.709133" lon="121.064243"></trkpt>
      <trkpt lat="22.709044" lon="121.064033"></trkpt>
      <trkpt lat="22.708869" lon="121.063621"></trkpt>
      <trkpt lat="22.708844" lon="121.063550"></trkpt>
      <trkpt lat="22.707457" lon="121.060335"></trkpt>
      <trkpt lat="22.706953" lon="121.059092"></trkpt>
      <trkpt lat="22.706357" lon="121.057792"></trkpt>
      <trkpt lat="22.706181" lon="121.057457"></trkpt>
      <trkpt lat="22.705902" lon="121.057007"></trkpt>
      <trkpt lat="22.705790" lon="121.056814"></trkpt>
      <trkpt lat="22.705545" lon="121.056468"></trkpt>
      <trkpt lat="22.705293" lon="121.056129"></trkpt>
      <trkpt lat="22.705018" lon="121.055773"></trkpt>
      <trkpt lat="22.704437" lon="121.055157"></trkpt>
      <trkpt lat="22.704170" lon="121.054878"></trkpt>
      <trkpt lat="22.703678" lon="121.054457"></trkpt>
      <trkpt lat="22.703197" lon="121.054021"></trkpt>
      <trkpt lat="22.702934" lon="121.053815"></trkpt>
      <trkpt lat="22.702729" lon="121.053635"></trkpt>
      <trkpt lat="22.701575" lon="121.052652"></trkpt>
      <trkpt lat="22.701255" lon="121.052437"></trkpt>
      <trkpt lat="22.700942" lon="121.052245"></trkpt>
      <trkpt lat="22.700726" lon="121.052119"></trkpt>
      <trkpt lat="22.700535" lon="121.052017"></trkpt>
      <trkpt lat="22.699761" lon="121.051617"></trkpt>
      <trkpt lat="22.699166" lon="121.051310"></trkpt>
      <trkpt lat="22.697333" lon="121.050361"></trkpt>
      <trkpt lat="22.695793" lon="121.049558"></trkpt>
      <trkpt lat="22.695574" lon="121.049447"></trkpt>
      <trkpt lat="22.695070" lon="121.049187"></trkpt>
      <trkpt lat="22.694952" lon="121.049122"></trkpt>
      <trkpt lat="22.694146" lon="121.048707"></trkpt>
      <trkpt lat="22.693226" lon="121.048250"></trkpt>
      <trkpt lat="22.691982" lon="121.047604"></trkpt>
      <trkpt lat="22.691642" lon="121.047437"></trkpt>
      <trkpt lat="22.691214" lon="121.047153"></trkpt>
      <trkpt lat="22.691216" lon="121.047225"></trkpt>
      <trkpt lat="22.691136" lon="121.048001"></trkpt>
      <trkpt lat="22.691051" lon="121.048505"></trkpt>
      <trkpt lat="22.690645" lon="121.048750"></trkpt>
      <trkpt lat="22.690344" lon="121.048913"></trkpt>
      <trkpt lat="22.690198" lon="121.048948"></trkpt>
      <trkpt lat="22.690096" lon="121.048936"></trkpt>
      <trkpt lat="22.689945" lon="121.048961"></trkpt>
      <trkpt lat="22.689602" lon="121.049012"></trkpt>
      <trkpt lat="22.689189" lon="121.049079"></trkpt>
      <trkpt lat="22.689059" lon="121.049131"></trkpt>
      <trkpt lat="22.688927" lon="121.049235"></trkpt>
      <trkpt lat="22.688733" lon="121.049298"></trkpt>
      <trkpt lat="22.688599" lon="121.049332"></trkpt>
      <trkpt lat="22.688531" lon="121.049350"></trkpt>
      <trkpt lat="22.688333" lon="121.049426"></trkpt>
      <trkpt lat="22.687661" lon="121.049477"></trkpt>
      <trkpt lat="22.687403" lon="121.049473"></trkpt>
      <trkpt lat="22.687089" lon="121.049469"></trkpt>
      <trkpt lat="22.686912" lon="121.049484"></trkpt>
      <trkpt lat="22.686496" lon="121.049615"></trkpt>
      <trkpt lat="22.686419" lon="121.049604"></trkpt>
      <trkpt lat="22.686088" lon="121.049504"></trkpt>
      <trkpt lat="22.685977" lon="121.049356"></trkpt>
      <trkpt lat="22.685680" lon="121.049262"></trkpt>
      <trkpt lat="22.685177" lon="121.049081"></trkpt>
      <trkpt lat="22.684952" lon="121.048888"></trkpt>
      <trkpt lat="22.684827" lon="121.048821"></trkpt>
      <trkpt lat="22.684629" lon="121.048722"></trkpt>
      <trkpt lat="22.684515" lon="121.048670"></trkpt>
      <trkpt lat="22.684419" lon="121.048627"></trkpt>
      <trkpt lat="22.684333" lon="121.048633"></trkpt>
      <trkpt lat="22.684130" lon="121.048691"></trkpt>
      <trkpt lat="22.683998" lon="121.048716"></trkpt>
      <trkpt lat="22.683875" lon="121.048621"></trkpt>
      <trkpt lat="22.683842" lon="121.048556"></trkpt>
      <trkpt lat="22.683841" lon="121.048452"></trkpt>
      <trkpt lat="22.683841" lon="121.048294"></trkpt>
      <trkpt lat="22.683784" lon="121.047783"></trkpt>
      <trkpt lat="22.683755" lon="121.047866"></trkpt>
      <trkpt lat="22.683206" lon="121.047453"></trkpt>
      <trkpt lat="22.682662" lon="121.047062"></trkpt>
      <trkpt lat="22.682372" lon="121.046852"></trkpt>
      <trkpt lat="22.681377" lon="121.046101"></trkpt>
      <trkpt lat="22.679909" lon="121.045066"></trkpt>
      <trkpt lat="22.679142" lon="121.044475"></trkpt>
      <trkpt lat="22.678285" lon="121.043828"></trkpt>
      <trkpt lat="22.677460" lon="121.043279"></trkpt>
      <trkpt lat="22.675830" lon="121.042021"></trkpt>
      <trkpt lat="22.676100" lon="121.041587"></trkpt>
      <trkpt lat="22.676134" lon="121.041476"></trkpt>
      <trkpt lat="22.676137" lon="121.041391"></trkpt>
      <trkpt lat="22.675995" lon="121.041304"></trkpt>
      <trkpt lat="22.675732" lon="121.041074"></trkpt>
      <trkpt lat="22.674761" lon="121.040146"></trkpt>
      <trkpt lat="22.674199" lon="121.039585"></trkpt>
      <trkpt lat="22.673850" lon="121.039247"></trkpt>
      <trkpt lat="22.673500" lon="121.038873"></trkpt>
      <trkpt lat="22.673215" lon="121.038637"></trkpt>
      <trkpt lat="22.672642" lon="121.038088"></trkpt>
      <trkpt lat="22.672535" lon="121.037998"></trkpt>
      <trkpt lat="22.672237" lon="121.037741"></trkpt>
      <trkpt lat="22.671714" lon="121.037241"></trkpt>
      <trkpt lat="22.671674" lon="121.037203"></trkpt>
      <trkpt lat="22.671057" lon="121.036553"></trkpt>
      <trkpt lat="22.670515" lon="121.035991"></trkpt>
      <trkpt lat="22.670005" lon="121.035474"></trkpt>
      <trkpt lat="22.669607" lon="121.035098"></trkpt>
      <trkpt lat="22.668913" lon="121.034329"></trkpt>
      <trkpt lat="22.668619" lon="121.034082"></trkpt>
      <trkpt lat="22.668292" lon="121.033783"></trkpt>
      <trkpt lat="22.667609" lon="121.033112"></trkpt>
      <trkpt lat="22.667029" lon="121.032567"></trkpt>
      <trkpt lat="22.666629" lon="121.032229"></trkpt>
      <trkpt lat="22.666513" lon="121.032105"></trkpt>
      <trkpt lat="22.666230" lon="121.031850"></trkpt>
      <trkpt lat="22.665300" lon="121.031043"></trkpt>
      <trkpt lat="22.665098" lon="121.030850"></trkpt>
      <trkpt lat="22.664789" lon="121.030540"></trkpt>
      <trkpt lat="22.664234" lon="121.029901"></trkpt>
      <trkpt lat="22.663934" lon="121.029594"></trkpt>
      <trkpt lat="22.663730" lon="121.029413"></trkpt>
      <trkpt lat="22.663405" lon="121.029162"></trkpt>
      <trkpt lat="22.663132" lon="121.028977"></trkpt>
      <trkpt lat="22.662555" lon="121.028649"></trkpt>
      <trkpt lat="22.661917" lon="121.028248"></trkpt>
      <trkpt lat="22.661628" lon="121.028066"></trkpt>
      <trkpt lat="22.661262" lon="121.027813"></trkpt>
      <trkpt lat="22.660950" lon="121.027561"></trkpt>
      <trkpt lat="22.660477" lon="121.027220"></trkpt>
      <trkpt lat="22.659965" lon="121.026858"></trkpt>
      <trkpt lat="22.659272" lon="121.026337"></trkpt>
      <trkpt lat="22.658946" lon="121.026095"></trkpt>
      <trkpt lat="22.658599" lon="121.025873"></trkpt>
      <trkpt lat="22.657960" lon="121.025480"></trkpt>
      <trkpt lat="22.657222" lon="121.025083"></trkpt>
      <trkpt lat="22.656490" lon="121.024623"></trkpt>
      <trkpt lat="22.656045" lon="121.024342"></trkpt>
      <trkpt lat="22.655664" lon="121.024093"></trkpt>
      <trkpt lat="22.655310" lon="121.023877"></trkpt>
      <trkpt lat="22.654778" lon="121.023572"></trkpt>
      <trkpt lat="22.654356" lon="121.023314"></trkpt>
      <trkpt lat="22.653522" lon="121.022799"></trkpt>
      <trkpt lat="22.653216" lon="121.022607"></trkpt>
      <trkpt lat="22.653060" lon="121.022514"></trkpt>
      <trkpt lat="22.652808" lon="121.022362"></trkpt>
      <trkpt lat="22.652094" lon="121.021899"></trkpt>
      <trkpt lat="22.651757" lon="121.021665"></trkpt>
      <trkpt lat="22.651391" lon="121.021368"></trkpt>
      <trkpt lat="22.651111" lon="121.021131"></trkpt>
      <trkpt lat="22.650804" lon="121.020902"></trkpt>
      <trkpt lat="22.650521" lon="121.020719"></trkpt>
      <trkpt lat="22.650229" lon="121.020542"></trkpt>
      <trkpt lat="22.650059" lon="121.020456"></trkpt>
      <trkpt lat="22.649430" lon="121.020193"></trkpt>
      <trkpt lat="22.649014" lon="121.020011"></trkpt>
      <trkpt lat="22.648538" lon="121.019835"></trkpt>
      <trkpt lat="22.648161" lon="121.019709"></trkpt>
      <trkpt lat="22.647614" lon="121.019489"></trkpt>
      <trkpt lat="22.647356" lon="121.019383"></trkpt>
      <trkpt lat="22.647153" lon="121.019254"></trkpt>
      <trkpt lat="22.647012" lon="121.019191"></trkpt>
      <trkpt lat="22.646425" lon="121.018816"></trkpt>
      <trkpt lat="22.646071" lon="121.018550"></trkpt>
      <trkpt lat="22.645860" lon="121.018409"></trkpt>
      <trkpt lat="22.645542" lon="121.018277"></trkpt>
      <trkpt lat="22.645316" lon="121.018208"></trkpt>
      <trkpt lat="22.645215" lon="121.018183"></trkpt>
      <trkpt lat="22.644568" lon="121.018010"></trkpt>
      <trkpt lat="22.644063" lon="121.017874"></trkpt>
      <trkpt lat="22.643709" lon="121.017746"></trkpt>
      <trkpt lat="22.643489" lon="121.017644"></trkpt>
      <trkpt lat="22.643103" lon="121.017435"></trkpt>
      <trkpt lat="22.642586" lon="121.017144"></trkpt>
      <trkpt lat="22.642486" lon="121.017096"></trkpt>
      <trkpt lat="22.642152" lon="121.016982"></trkpt>
      <trkpt lat="22.641925" lon="121.016889"></trkpt>
      <trkpt lat="22.641647" lon="121.016804"></trkpt>
      <trkpt lat="22.641260" lon="121.016762"></trkpt>
      <trkpt lat="22.640827" lon="121.016692"></trkpt>
      <trkpt lat="22.640671" lon="121.016668"></trkpt>
      <trkpt lat="22.640200" lon="121.016589"></trkpt>
      <trkpt lat="22.639869" lon="121.016537"></trkpt>
      <trkpt lat="22.639415" lon="121.016474"></trkpt>
      <trkpt lat="22.639071" lon="121.016387"></trkpt>
      <trkpt lat="22.638770" lon="121.016246"></trkpt>
      <trkpt lat="22.637818" lon="121.015742"></trkpt>
      <trkpt lat="22.637412" lon="121.015542"></trkpt>
      <trkpt lat="22.637104" lon="121.015431"></trkpt>
      <trkpt lat="22.636457" lon="121.015235"></trkpt>
      <trkpt lat="22.634968" lon="121.014780"></trkpt>
      <trkpt lat="22.634456" lon="121.014619"></trkpt>
      <trkpt lat="22.634086" lon="121.014491"></trkpt>
      <trkpt lat="22.633493" lon="121.014330"></trkpt>
      <trkpt lat="22.633301" lon="121.014268"></trkpt>
      <trkpt lat="22.633004" lon="121.014150"></trkpt>
      <trkpt lat="22.632597" lon="121.014010"></trkpt>
      <trkpt lat="22.632256" lon="121.013923"></trkpt>
      <trkpt lat="22.631838" lon="121.013839"></trkpt>
      <trkpt lat="22.631537" lon="121.013788"></trkpt>
      <trkpt lat="22.630921" lon="121.013708"></trkpt>
      <trkpt lat="22.630626" lon="121.013648"></trkpt>
      <trkpt lat="22.630268" lon="121.013559"></trkpt>
      <trkpt lat="22.629899" lon="121.013461"></trkpt>
      <trkpt lat="22.629080" lon="121.013268"></trkpt>
      <trkpt lat="22.627823" lon="121.012942"></trkpt>
      <trkpt lat="22.627180" lon="121.012791"></trkpt>
      <trkpt lat="22.626605" lon="121.012655"></trkpt>
      <trkpt lat="22.625841" lon="121.012450"></trkpt>
      <trkpt lat="22.625235" lon="121.012300"></trkpt>
      <trkpt lat="22.624893" lon="121.012202"></trkpt>
      <trkpt lat="22.624381" lon="121.012005"></trkpt>
      <trkpt lat="22.623777" lon="121.011711"></trkpt>
      <trkpt lat="22.623439" lon="121.011531"></trkpt>
      <trkpt lat="22.622002" lon="121.010741"></trkpt>
      <trkpt lat="22.621861" lon="121.010658"></trkpt>
      <trkpt lat="22.621184" lon="121.010286"></trkpt>
      <trkpt lat="22.621006" lon="121.010227"></trkpt>
      <trkpt lat="22.620833" lon="121.010172"></trkpt>
      <trkpt lat="22.620636" lon="121.010137"></trkpt>
      <trkpt lat="22.620462" lon="121.010124"></trkpt>
      <trkpt lat="22.619947" lon="121.010119"></trkpt>
      <trkpt lat="22.619440" lon="121.010123"></trkpt>
      <trkpt lat="22.619208" lon="121.010098"></trkpt>
      <trkpt lat="22.619046" lon="121.010076"></trkpt>
      <trkpt lat="22.618805" lon="121.010044"></trkpt>
      <trkpt lat="22.618542" lon="121.009987"></trkpt>
      <trkpt lat="22.618308" lon="121.009913"></trkpt>
      <trkpt lat="22.618084" lon="121.009810"></trkpt>
      <trkpt lat="22.617619" lon="121.009545"></trkpt>
      <trkpt lat="22.617366" lon="121.009386"></trkpt>
      <trkpt lat="22.616901" lon="121.009116"></trkpt>
      <trkpt lat="22.616045" lon="121.008601"></trkpt>
      <trkpt lat="22.615613" lon="121.008354"></trkpt>
      <trkpt lat="22.615316" lon="121.008172"></trkpt>
      <trkpt lat="22.614659" lon="121.007810"></trkpt>
      <trkpt lat="22.614585" lon="121.007750"></trkpt>
      <trkpt lat="22.613936" lon="121.007337"></trkpt>
      <trkpt lat="22.613246" lon="121.006918"></trkpt>
      <trkpt lat="22.612801" lon="121.006671"></trkpt>
      <trkpt lat="22.611963" lon="121.006161"></trkpt>
      <trkpt lat="22.611363" lon="121.005809"></trkpt>
      <trkpt lat="22.610791" lon="121.005483"></trkpt>
      <trkpt lat="22.609993" lon="121.005041"></trkpt>
      <trkpt lat="22.609577" lon="121.004820"></trkpt>
      <trkpt lat="22.608294" lon="121.004192"></trkpt>
      <trkpt lat="22.607910" lon="121.003994"></trkpt>
      <trkpt lat="22.606674" lon="121.003400"></trkpt>
      <trkpt lat="22.605464" lon="121.002775"></trkpt>
      <trkpt lat="22.604998" lon="121.002479"></trkpt>
      <trkpt lat="22.604025" lon="121.001776"></trkpt>
      <trkpt lat="22.603551" lon="121.001428"></trkpt>
      <trkpt lat="22.603408" lon="121.001275"></trkpt>
      <trkpt lat="22.602914" lon="121.000522"></trkpt>
      <trkpt lat="22.602239" lon="120.999321"></trkpt>
      <trkpt lat="22.601597" lon="120.998215"></trkpt>
      <trkpt lat="22.601300" lon="120.997722"></trkpt>
      <trkpt lat="22.601184" lon="120.997551"></trkpt>
      <trkpt lat="22.601086" lon="120.997429"></trkpt>
      <trkpt lat="22.600992" lon="120.997327"></trkpt>
      <trkpt lat="22.600793" lon="120.997132"></trkpt>
      <trkpt lat="22.599975" lon="120.996392"></trkpt>
      <trkpt lat="22.599661" lon="120.996129"></trkpt>
      <trkpt lat="22.599307" lon="120.995893"></trkpt>
      <trkpt lat="22.598833" lon="120.995575"></trkpt>
      <trkpt lat="22.598301" lon="120.995166"></trkpt>
      <trkpt lat="22.597629" lon="120.994645"></trkpt>
      <trkpt lat="22.596999" lon="120.994156"></trkpt>
      <trkpt lat="22.596220" lon="120.993595"></trkpt>
      <trkpt lat="22.595924" lon="120.993383"></trkpt>
      <trkpt lat="22.595679" lon="120.993247"></trkpt>
      <trkpt lat="22.595532" lon="120.993198"></trkpt>
      <trkpt lat="22.595378" lon="120.993161"></trkpt>
      <trkpt lat="22.595185" lon="120.993161"></trkpt>
      <trkpt lat="22.594662" lon="120.993192"></trkpt>
      <trkpt lat="22.591163" lon="120.993714"></trkpt>
      <trkpt lat="22.590715" lon="120.993767"></trkpt>
      <trkpt lat="22.590397" lon="120.993819"></trkpt>
      <trkpt lat="22.590087" lon="120.993879"></trkpt>
      <trkpt lat="22.589205" lon="120.994115"></trkpt>
      <trkpt lat="22.589015" lon="120.994156"></trkpt>
      <trkpt lat="22.587402" lon="120.994613"></trkpt>
      <trkpt lat="22.587063" lon="120.994709"></trkpt>
      <trkpt lat="22.586704" lon="120.994818"></trkpt>
      <trkpt lat="22.586495" lon="120.994870"></trkpt>
      <trkpt lat="22.585464" lon="120.995121"></trkpt>
      <trkpt lat="22.585164" lon="120.995129"></trkpt>
      <trkpt lat="22.584902" lon="120.995094"></trkpt>
      <trkpt lat="22.584649" lon="120.995003"></trkpt>
      <trkpt lat="22.584230" lon="120.994815"></trkpt>
      <trkpt lat="22.583433" lon="120.994408"></trkpt>
      <trkpt lat="22.582707" lon="120.994038"></trkpt>
      <trkpt lat="22.582336" lon="120.993854"></trkpt>
      <trkpt lat="22.581504" lon="120.993442"></trkpt>
      <trkpt lat="22.579679" lon="120.992447"></trkpt>
      <trkpt lat="22.577949" lon="120.991573"></trkpt>
      <trkpt lat="22.577722" lon="120.991452"></trkpt>
      <trkpt lat="22.577391" lon="120.991271"></trkpt>
      <trkpt lat="22.576553" lon="120.990836"></trkpt>
      <trkpt lat="22.576112" lon="120.990609"></trkpt>
      <trkpt lat="22.575902" lon="120.990487"></trkpt>
      <trkpt lat="22.575405" lon="120.990202"></trkpt>
      <trkpt lat="22.575313" lon="120.990139"></trkpt>
      <trkpt lat="22.575271" lon="120.990109"></trkpt>
      <trkpt lat="22.574652" lon="120.989605"></trkpt>
      <trkpt lat="22.574340" lon="120.989329"></trkpt>
      <trkpt lat="22.573803" lon="120.988758"></trkpt>
      <trkpt lat="22.573510" lon="120.988405"></trkpt>
      <trkpt lat="22.573278" lon="120.988081"></trkpt>
      <trkpt lat="22.573027" lon="120.987734"></trkpt>
      <trkpt lat="22.572717" lon="120.987225"></trkpt>
      <trkpt lat="22.572588" lon="120.986876"></trkpt>
      <trkpt lat="22.572497" lon="120.986395"></trkpt>
      <trkpt lat="22.572449" lon="120.986067"></trkpt>
      <trkpt lat="22.572399" lon="120.985652"></trkpt>
      <trkpt lat="22.572313" lon="120.985100"></trkpt>
      <trkpt lat="22.572251" lon="120.984758"></trkpt>
      <trkpt lat="22.572135" lon="120.984468"></trkpt>
      <trkpt lat="22.572052" lon="120.984278"></trkpt>
      <trkpt lat="22.571819" lon="120.983963"></trkpt>
      <trkpt lat="22.571467" lon="120.983534"></trkpt>
      <trkpt lat="22.570894" lon="120.982856"></trkpt>
      <trkpt lat="22.570779" lon="120.982676"></trkpt>
      <trkpt lat="22.570613" lon="120.982494"></trkpt>
      <trkpt lat="22.570525" lon="120.982415"></trkpt>
      <trkpt lat="22.570429" lon="120.982343"></trkpt>
      <trkpt lat="22.570324" lon="120.982277"></trkpt>
      <trkpt lat="22.570230" lon="120.982231"></trkpt>
      <trkpt lat="22.570071" lon="120.982168"></trkpt>
      <trkpt lat="22.569962" lon="120.982139"></trkpt>
      <trkpt lat="22.569844" lon="120.982118"></trkpt>
      <trkpt lat="22.569648" lon="120.982092"></trkpt>
      <trkpt lat="22.569331" lon="120.982051"></trkpt>
      <trkpt lat="22.569183" lon="120.982017"></trkpt>
      <trkpt lat="22.569067" lon="120.981978"></trkpt>
      <trkpt lat="22.568955" lon="120.981932"></trkpt>
      <trkpt lat="22.568817" lon="120.981854"></trkpt>
      <trkpt lat="22.568700" lon="120.981779"></trkpt>
      <trkpt lat="22.568292" lon="120.981501"></trkpt>
      <trkpt lat="22.568128" lon="120.981398"></trkpt>
      <trkpt lat="22.567992" lon="120.981324"></trkpt>
      <trkpt lat="22.567741" lon="120.981204"></trkpt>
      <trkpt lat="22.567532" lon="120.981125"></trkpt>
      <trkpt lat="22.567330" lon="120.981050"></trkpt>
      <trkpt lat="22.564756" lon="120.980193"></trkpt>
      <trkpt lat="22.564697" lon="120.980170"></trkpt>
      <trkpt lat="22.564568" lon="120.980125"></trkpt>
      <trkpt lat="22.564477" lon="120.980085"></trkpt>
      <trkpt lat="22.564393" lon="120.980033"></trkpt>
      <trkpt lat="22.564308" lon="120.979969"></trkpt>
      <trkpt lat="22.564227" lon="120.979892"></trkpt>
      <trkpt lat="22.564162" lon="120.979809"></trkpt>
      <trkpt lat="22.564098" lon="120.979703"></trkpt>
      <trkpt lat="22.564042" lon="120.979557"></trkpt>
      <trkpt lat="22.563998" lon="120.979422"></trkpt>
      <trkpt lat="22.563959" lon="120.979278"></trkpt>
      <trkpt lat="22.563921" lon="120.979128"></trkpt>
      <trkpt lat="22.563875" lon="120.978979"></trkpt>
      <trkpt lat="22.563827" lon="120.978856"></trkpt>
      <trkpt lat="22.563772" lon="120.978737"></trkpt>
      <trkpt lat="22.563708" lon="120.978640"></trkpt>
      <trkpt lat="22.563641" lon="120.978559"></trkpt>
      <trkpt lat="22.563546" lon="120.978471"></trkpt>
      <trkpt lat="22.563449" lon="120.978402"></trkpt>
      <trkpt lat="22.563340" lon="120.978347"></trkpt>
      <trkpt lat="22.563221" lon="120.978303"></trkpt>
      <trkpt lat="22.563101" lon="120.978272"></trkpt>
      <trkpt lat="22.562980" lon="120.978258"></trkpt>
      <trkpt lat="22.562452" lon="120.978273"></trkpt>
      <trkpt lat="22.562244" lon="120.978267"></trkpt>
      <trkpt lat="22.562123" lon="120.978256"></trkpt>
      <trkpt lat="22.561983" lon="120.978231"></trkpt>
      <trkpt lat="22.561850" lon="120.978201"></trkpt>
      <trkpt lat="22.561528" lon="120.978088"></trkpt>
      <trkpt lat="22.561256" lon="120.977979"></trkpt>
      <trkpt lat="22.561119" lon="120.977928"></trkpt>
      <trkpt lat="22.561010" lon="120.977896"></trkpt>
      <trkpt lat="22.560905" lon="120.977870"></trkpt>
      <trkpt lat="22.560779" lon="120.977846"></trkpt>
      <trkpt lat="22.560169" lon="120.977737"></trkpt>
      <trkpt lat="22.559984" lon="120.977692"></trkpt>
      <trkpt lat="22.558564" lon="120.977261"></trkpt>
      <trkpt lat="22.558296" lon="120.977173"></trkpt>
      <trkpt lat="22.558159" lon="120.977110"></trkpt>
      <trkpt lat="22.558099" lon="120.977074"></trkpt>
      <trkpt lat="22.558021" lon="120.977009"></trkpt>
      <trkpt lat="22.557945" lon="120.976931"></trkpt>
      <trkpt lat="22.557886" lon="120.976840"></trkpt>
      <trkpt lat="22.557832" lon="120.976732"></trkpt>
      <trkpt lat="22.557788" lon="120.976597"></trkpt>
      <trkpt lat="22.557752" lon="120.976451"></trkpt>
      <trkpt lat="22.557705" lon="120.976287"></trkpt>
      <trkpt lat="22.557649" lon="120.976127"></trkpt>
      <trkpt lat="22.557611" lon="120.976048"></trkpt>
      <trkpt lat="22.557571" lon="120.975982"></trkpt>
      <trkpt lat="22.557527" lon="120.975919"></trkpt>
      <trkpt lat="22.557472" lon="120.975860"></trkpt>
      <trkpt lat="22.557403" lon="120.975794"></trkpt>
      <trkpt lat="22.557329" lon="120.975742"></trkpt>
      <trkpt lat="22.557243" lon="120.975697"></trkpt>
      <trkpt lat="22.557125" lon="120.975651"></trkpt>
      <trkpt lat="22.556899" lon="120.975589"></trkpt>
      <trkpt lat="22.556648" lon="120.975519"></trkpt>
      <trkpt lat="22.555473" lon="120.975217"></trkpt>
      <trkpt lat="22.555216" lon="120.975166"></trkpt>
      <trkpt lat="22.554875" lon="120.975086"></trkpt>
      <trkpt lat="22.554553" lon="120.975005"></trkpt>
      <trkpt lat="22.554057" lon="120.974870"></trkpt>
      <trkpt lat="22.553692" lon="120.974743"></trkpt>
      <trkpt lat="22.553174" lon="120.974579"></trkpt>
      <trkpt lat="22.552921" lon="120.974512"></trkpt>
      <trkpt lat="22.552611" lon="120.974434"></trkpt>
      <trkpt lat="22.552446" lon="120.974376"></trkpt>
      <trkpt lat="22.552312" lon="120.974310"></trkpt>
      <trkpt lat="22.552187" lon="120.974228"></trkpt>
      <trkpt lat="22.552066" lon="120.974123"></trkpt>
      <trkpt lat="22.551975" lon="120.974024"></trkpt>
      <trkpt lat="22.551748" lon="120.973754"></trkpt>
      <trkpt lat="22.551654" lon="120.973653"></trkpt>
      <trkpt lat="22.551565" lon="120.973567"></trkpt>
      <trkpt lat="22.551477" lon="120.973500"></trkpt>
      <trkpt lat="22.551388" lon="120.973448"></trkpt>
      <trkpt lat="22.551302" lon="120.973407"></trkpt>
      <trkpt lat="22.551201" lon="120.973370"></trkpt>
      <trkpt lat="22.551092" lon="120.973340"></trkpt>
      <trkpt lat="22.550982" lon="120.973326"></trkpt>
      <trkpt lat="22.550889" lon="120.973322"></trkpt>
      <trkpt lat="22.550708" lon="120.973332"></trkpt>
      <trkpt lat="22.550527" lon="120.973354"></trkpt>
      <trkpt lat="22.550322" lon="120.973383"></trkpt>
      <trkpt lat="22.550160" lon="120.973389"></trkpt>
      <trkpt lat="22.550023" lon="120.973377"></trkpt>
      <trkpt lat="22.549885" lon="120.973353"></trkpt>
      <trkpt lat="22.549719" lon="120.973304"></trkpt>
      <trkpt lat="22.549562" lon="120.973234"></trkpt>
      <trkpt lat="22.549422" lon="120.973145"></trkpt>
      <trkpt lat="22.549238" lon="120.973017"></trkpt>
      <trkpt lat="22.549077" lon="120.972889"></trkpt>
      <trkpt lat="22.548956" lon="120.972775"></trkpt>
      <trkpt lat="22.548846" lon="120.972657"></trkpt>
      <trkpt lat="22.548738" lon="120.972527"></trkpt>
      <trkpt lat="22.548364" lon="120.971975"></trkpt>
      <trkpt lat="22.548282" lon="120.971886"></trkpt>
      <trkpt lat="22.548199" lon="120.971819"></trkpt>
      <trkpt lat="22.548117" lon="120.971771"></trkpt>
      <trkpt lat="22.548025" lon="120.971730"></trkpt>
      <trkpt lat="22.547928" lon="120.971712"></trkpt>
      <trkpt lat="22.547833" lon="120.971708"></trkpt>
      <trkpt lat="22.547730" lon="120.971719"></trkpt>
      <trkpt lat="22.547626" lon="120.971754"></trkpt>
      <trkpt lat="22.547510" lon="120.971817"></trkpt>
      <trkpt lat="22.547136" lon="120.972088"></trkpt>
      <trkpt lat="22.547041" lon="120.972153"></trkpt>
      <trkpt lat="22.546926" lon="120.972218"></trkpt>
      <trkpt lat="22.546804" lon="120.972267"></trkpt>
      <trkpt lat="22.546690" lon="120.972300"></trkpt>
      <trkpt lat="22.546573" lon="120.972316"></trkpt>
      <trkpt lat="22.546464" lon="120.972318"></trkpt>
      <trkpt lat="22.546358" lon="120.972308"></trkpt>
      <trkpt lat="22.546256" lon="120.972288"></trkpt>
      <trkpt lat="22.546153" lon="120.972252"></trkpt>
      <trkpt lat="22.546056" lon="120.972201"></trkpt>
      <trkpt lat="22.545947" lon="120.972127"></trkpt>
      <trkpt lat="22.545845" lon="120.972046"></trkpt>
      <trkpt lat="22.545605" lon="120.971835"></trkpt>
      <trkpt lat="22.545502" lon="120.971755"></trkpt>
      <trkpt lat="22.545392" lon="120.971680"></trkpt>
      <trkpt lat="22.545278" lon="120.971612"></trkpt>
      <trkpt lat="22.545166" lon="120.971560"></trkpt>
      <trkpt lat="22.545037" lon="120.971517"></trkpt>
      <trkpt lat="22.544876" lon="120.971484"></trkpt>
      <trkpt lat="22.544075" lon="120.971340"></trkpt>
      <trkpt lat="22.543411" lon="120.971214"></trkpt>
      <trkpt lat="22.543193" lon="120.971143"></trkpt>
      <trkpt lat="22.542975" lon="120.971053"></trkpt>
      <trkpt lat="22.542674" lon="120.970890"></trkpt>
      <trkpt lat="22.542351" lon="120.970697"></trkpt>
      <trkpt lat="22.542162" lon="120.970606"></trkpt>
      <trkpt lat="22.541992" lon="120.970548"></trkpt>
      <trkpt lat="22.541815" lon="120.970505"></trkpt>
      <trkpt lat="22.541619" lon="120.970477"></trkpt>
      <trkpt lat="22.540430" lon="120.970345"></trkpt>
      <trkpt lat="22.540149" lon="120.970304"></trkpt>
      <trkpt lat="22.539887" lon="120.970245"></trkpt>
      <trkpt lat="22.539662" lon="120.970182"></trkpt>
      <trkpt lat="22.539461" lon="120.970105"></trkpt>
      <trkpt lat="22.539268" lon="120.970032"></trkpt>
      <trkpt lat="22.539087" lon="120.969971"></trkpt>
      <trkpt lat="22.538894" lon="120.969924"></trkpt>
      <trkpt lat="22.538682" lon="120.969896"></trkpt>
      <trkpt lat="22.538312" lon="120.969870"></trkpt>
      <trkpt lat="22.538114" lon="120.969856"></trkpt>
      <trkpt lat="22.537926" lon="120.969824"></trkpt>
      <trkpt lat="22.537756" lon="120.969779"></trkpt>
      <trkpt lat="22.537577" lon="120.969699"></trkpt>
      <trkpt lat="22.536909" lon="120.969342"></trkpt>
      <trkpt lat="22.536757" lon="120.969288"></trkpt>
      <trkpt lat="22.536597" lon="120.969262"></trkpt>
      <trkpt lat="22.536437" lon="120.969264"></trkpt>
      <trkpt lat="22.536262" lon="120.969284"></trkpt>
      <trkpt lat="22.535892" lon="120.969343"></trkpt>
      <trkpt lat="22.535673" lon="120.969381"></trkpt>
      <trkpt lat="22.535490" lon="120.969393"></trkpt>
      <trkpt lat="22.535369" lon="120.969386"></trkpt>
      <trkpt lat="22.535241" lon="120.969363"></trkpt>
      <trkpt lat="22.535072" lon="120.969309"></trkpt>
      <trkpt lat="22.534889" lon="120.969234"></trkpt>
      <trkpt lat="22.534770" lon="120.969164"></trkpt>
      <trkpt lat="22.534564" lon="120.969040"></trkpt>
      <trkpt lat="22.534460" lon="120.968893"></trkpt>
      <trkpt lat="22.534417" lon="120.968818"></trkpt>
      <trkpt lat="22.534384" lon="120.968720"></trkpt>
      <trkpt lat="22.534338" lon="120.968509"></trkpt>
      <trkpt lat="22.534519" lon="120.967848"></trkpt>
      <trkpt lat="22.534613" lon="120.967558"></trkpt>
      <trkpt lat="22.534696" lon="120.967390"></trkpt>
      <trkpt lat="22.534817" lon="120.967155"></trkpt>
      <trkpt lat="22.534839" lon="120.967087"></trkpt>
      <trkpt lat="22.534851" lon="120.967010"></trkpt>
      <trkpt lat="22.534858" lon="120.966874"></trkpt>
      <trkpt lat="22.534863" lon="120.966598"></trkpt>
      <trkpt lat="22.534882" lon="120.966121"></trkpt>
      <trkpt lat="22.534864" lon="120.965976"></trkpt>
      <trkpt lat="22.534811" lon="120.965607"></trkpt>
      <trkpt lat="22.534725" lon="120.965057"></trkpt>
      <trkpt lat="22.534691" lon="120.964768"></trkpt>
      <trkpt lat="22.534690" lon="120.964499"></trkpt>
      <trkpt lat="22.534692" lon="120.964356"></trkpt>
      <trkpt lat="22.534682" lon="120.964259"></trkpt>
      <trkpt lat="22.534621" lon="120.964137"></trkpt>
      <trkpt lat="22.534558" lon="120.964028"></trkpt>
      <trkpt lat="22.534508" lon="120.963973"></trkpt>
      <trkpt lat="22.534390" lon="120.963889"></trkpt>
      <trkpt lat="22.534086" lon="120.963782"></trkpt>
      <trkpt lat="22.533675" lon="120.963632"></trkpt>
      <trkpt lat="22.533434" lon="120.963562"></trkpt>
      <trkpt lat="22.533353" lon="120.963545"></trkpt>
      <trkpt lat="22.532986" lon="120.963515"></trkpt>
      <trkpt lat="22.532953" lon="120.963512"></trkpt>
      <trkpt lat="22.532937" lon="120.963511"></trkpt>
      <trkpt lat="22.532614" lon="120.963493"></trkpt>
      <trkpt lat="22.532290" lon="120.963477"></trkpt>
      <trkpt lat="22.531814" lon="120.963524"></trkpt>
      <trkpt lat="22.530881" lon="120.963668"></trkpt>
      <trkpt lat="22.530614" lon="120.963690"></trkpt>
      <trkpt lat="22.529629" lon="120.963754"></trkpt>
      <trkpt lat="22.528920" lon="120.963837"></trkpt>
      <trkpt lat="22.527581" lon="120.963942"></trkpt>
      <trkpt lat="22.526590" lon="120.964000"></trkpt>
      <trkpt lat="22.525848" lon="120.964061"></trkpt>
      <trkpt lat="22.524845" lon="120.964113"></trkpt>
      <trkpt lat="22.524666" lon="120.964131"></trkpt>
      <trkpt lat="22.524460" lon="120.964168"></trkpt>
      <trkpt lat="22.524256" lon="120.964222"></trkpt>
      <trkpt lat="22.524041" lon="120.964301"></trkpt>
      <trkpt lat="22.523862" lon="120.964393"></trkpt>
      <trkpt lat="22.523821" lon="120.964417"></trkpt>
      <trkpt lat="22.523686" lon="120.964492"></trkpt>
      <trkpt lat="22.523555" lon="120.964576"></trkpt>
      <trkpt lat="22.523411" lon="120.964675"></trkpt>
      <trkpt lat="22.522986" lon="120.965060"></trkpt>
      <trkpt lat="22.522559" lon="120.965415"></trkpt>
      <trkpt lat="22.522471" lon="120.965456"></trkpt>
      <trkpt lat="22.522413" lon="120.965479"></trkpt>
      <trkpt lat="22.522345" lon="120.965505"></trkpt>
      <trkpt lat="22.522284" lon="120.965520"></trkpt>
      <trkpt lat="22.522199" lon="120.965522"></trkpt>
      <trkpt lat="22.522085" lon="120.965515"></trkpt>
      <trkpt lat="22.521680" lon="120.965348"></trkpt>
      <trkpt lat="22.521223" lon="120.965159"></trkpt>
      <trkpt lat="22.521040" lon="120.965085"></trkpt>
      <trkpt lat="22.520818" lon="120.964959"></trkpt>
      <trkpt lat="22.520215" lon="120.964489"></trkpt>
      <trkpt lat="22.519970" lon="120.964329"></trkpt>
      <trkpt lat="22.519761" lon="120.964265"></trkpt>
      <trkpt lat="22.519407" lon="120.964204"></trkpt>
      <trkpt lat="22.518999" lon="120.964062"></trkpt>
      <trkpt lat="22.518697" lon="120.963966"></trkpt>
      <trkpt lat="22.518584" lon="120.963915"></trkpt>
      <trkpt lat="22.518302" lon="120.963740"></trkpt>
      <trkpt lat="22.517833" lon="120.963373"></trkpt>
      <trkpt lat="22.517667" lon="120.963289"></trkpt>
      <trkpt lat="22.517345" lon="120.963143"></trkpt>
      <trkpt lat="22.516815" lon="120.962947"></trkpt>
      <trkpt lat="22.516307" lon="120.962724"></trkpt>
      <trkpt lat="22.515636" lon="120.962429"></trkpt>
      <trkpt lat="22.515103" lon="120.962217"></trkpt>
      <trkpt lat="22.514440" lon="120.961936"></trkpt>
      <trkpt lat="22.514148" lon="120.961798"></trkpt>
      <trkpt lat="22.513832" lon="120.961664"></trkpt>
      <trkpt lat="22.513479" lon="120.961572"></trkpt>
      <trkpt lat="22.512649" lon="120.961339"></trkpt>
      <trkpt lat="22.511813" lon="120.961091"></trkpt>
      <trkpt lat="22.510923" lon="120.960785"></trkpt>
      <trkpt lat="22.510494" lon="120.960663"></trkpt>
      <trkpt lat="22.510074" lon="120.960520"></trkpt>
      <trkpt lat="22.509586" lon="120.960357"></trkpt>
      <trkpt lat="22.509311" lon="120.960284"></trkpt>
      <trkpt lat="22.509100" lon="120.960202"></trkpt>
      <trkpt lat="22.508953" lon="120.960122"></trkpt>
      <trkpt lat="22.507377" lon="120.959230"></trkpt>
      <trkpt lat="22.507144" lon="120.959104"></trkpt>
      <trkpt lat="22.505669" lon="120.958460"></trkpt>
      <trkpt lat="22.505214" lon="120.958258"></trkpt>
      <trkpt lat="22.504691" lon="120.958081"></trkpt>
      <trkpt lat="22.504466" lon="120.958016"></trkpt>
      <trkpt lat="22.504240" lon="120.957965"></trkpt>
      <trkpt lat="22.504000" lon="120.957933"></trkpt>
      <trkpt lat="22.503779" lon="120.957910"></trkpt>
      <trkpt lat="22.503322" lon="120.957882"></trkpt>
      <trkpt lat="22.503078" lon="120.957883"></trkpt>
      <trkpt lat="22.502841" lon="120.957897"></trkpt>
      <trkpt lat="22.502462" lon="120.957945"></trkpt>
      <trkpt lat="22.501975" lon="120.958006"></trkpt>
      <trkpt lat="22.501816" lon="120.958000"></trkpt>
      <trkpt lat="22.501639" lon="120.957975"></trkpt>
      <trkpt lat="22.501447" lon="120.957940"></trkpt>
      <trkpt lat="22.501171" lon="120.957871"></trkpt>
      <trkpt lat="22.500284" lon="120.957639"></trkpt>
      <trkpt lat="22.498585" lon="120.957097"></trkpt>
      <trkpt lat="22.498327" lon="120.956996"></trkpt>
      <trkpt lat="22.498059" lon="120.956883"></trkpt>
      <trkpt lat="22.497770" lon="120.956737"></trkpt>
      <trkpt lat="22.497343" lon="120.956536"></trkpt>
      <trkpt lat="22.497117" lon="120.956423"></trkpt>
      <trkpt lat="22.496761" lon="120.956277"></trkpt>
      <trkpt lat="22.496182" lon="120.956108"></trkpt>
      <trkpt lat="22.495953" lon="120.956054"></trkpt>
      <trkpt lat="22.495676" lon="120.955968"></trkpt>
      <trkpt lat="22.495303" lon="120.955832"></trkpt>
      <trkpt lat="22.494710" lon="120.955628"></trkpt>
      <trkpt lat="22.494482" lon="120.955554"></trkpt>
      <trkpt lat="22.494007" lon="120.955432"></trkpt>
      <trkpt lat="22.493710" lon="120.955309"></trkpt>
      <trkpt lat="22.493368" lon="120.955111"></trkpt>
      <trkpt lat="22.493146" lon="120.955005"></trkpt>
      <trkpt lat="22.491859" lon="120.954511"></trkpt>
      <trkpt lat="22.491202" lon="120.954233"></trkpt>
      <trkpt lat="22.491012" lon="120.954144"></trkpt>
      <trkpt lat="22.490793" lon="120.954061"></trkpt>
      <trkpt lat="22.489730" lon="120.953778"></trkpt>
      <trkpt lat="22.489461" lon="120.953729"></trkpt>
      <trkpt lat="22.489123" lon="120.953688"></trkpt>
      <trkpt lat="22.488470" lon="120.953623"></trkpt>
      <trkpt lat="22.486027" lon="120.953389"></trkpt>
      <trkpt lat="22.485836" lon="120.953360"></trkpt>
      <trkpt lat="22.485668" lon="120.953313"></trkpt>
      <trkpt lat="22.485513" lon="120.953270"></trkpt>
      <trkpt lat="22.485347" lon="120.953205"></trkpt>
      <trkpt lat="22.484653" lon="120.952895"></trkpt>
      <trkpt lat="22.483124" lon="120.952199"></trkpt>
      <trkpt lat="22.482806" lon="120.952066"></trkpt>
      <trkpt lat="22.482445" lon="120.951931"></trkpt>
      <trkpt lat="22.481493" lon="120.951566"></trkpt>
      <trkpt lat="22.480620" lon="120.951247"></trkpt>
      <trkpt lat="22.480397" lon="120.951185"></trkpt>
      <trkpt lat="22.480146" lon="120.951122"></trkpt>
      <trkpt lat="22.479247" lon="120.950919"></trkpt>
      <trkpt lat="22.479091" lon="120.950881"></trkpt>
      <trkpt lat="22.478793" lon="120.950828"></trkpt>
      <trkpt lat="22.478260" lon="120.950743"></trkpt>
      <trkpt lat="22.477915" lon="120.950707"></trkpt>
      <trkpt lat="22.477697" lon="120.950663"></trkpt>
      <trkpt lat="22.477461" lon="120.950606"></trkpt>
      <trkpt lat="22.477257" lon="120.950540"></trkpt>
      <trkpt lat="22.477044" lon="120.950463"></trkpt>
      <trkpt lat="22.476142" lon="120.950089"></trkpt>
      <trkpt lat="22.475862" lon="120.949990"></trkpt>
      <trkpt lat="22.475554" lon="120.949896"></trkpt>
      <trkpt lat="22.474880" lon="120.949701"></trkpt>
      <trkpt lat="22.474618" lon="120.949643"></trkpt>
      <trkpt lat="22.474337" lon="120.949599"></trkpt>
      <trkpt lat="22.473970" lon="120.949555"></trkpt>
      <trkpt lat="22.473804" lon="120.949523"></trkpt>
      <trkpt lat="22.473663" lon="120.949491"></trkpt>
      <trkpt lat="22.473472" lon="120.949435"></trkpt>
      <trkpt lat="22.473282" lon="120.949361"></trkpt>
      <trkpt lat="22.472946" lon="120.949172"></trkpt>
      <trkpt lat="22.472507" lon="120.948972"></trkpt>
      <trkpt lat="22.471945" lon="120.948847"></trkpt>
      <trkpt lat="22.471380" lon="120.948723"></trkpt>
      <trkpt lat="22.470623" lon="120.948512"></trkpt>
      <trkpt lat="22.470018" lon="120.948361"></trkpt>
      <trkpt lat="22.469083" lon="120.948176"></trkpt>
      <trkpt lat="22.468547" lon="120.948047"></trkpt>
      <trkpt lat="22.468079" lon="120.947959"></trkpt>
      <trkpt lat="22.467719" lon="120.947938"></trkpt>
      <trkpt lat="22.467437" lon="120.947904"></trkpt>
      <trkpt lat="22.467252" lon="120.947857"></trkpt>
      <trkpt lat="22.467095" lon="120.947784"></trkpt>
      <trkpt lat="22.466883" lon="120.947654"></trkpt>
      <trkpt lat="22.466747" lon="120.947573"></trkpt>
      <trkpt lat="22.466599" lon="120.947497"></trkpt>
      <trkpt lat="22.466460" lon="120.947456"></trkpt>
      <trkpt lat="22.466186" lon="120.947377"></trkpt>
      <trkpt lat="22.465396" lon="120.947250"></trkpt>
      <trkpt lat="22.464719" lon="120.947074"></trkpt>
      <trkpt lat="22.463936" lon="120.946813"></trkpt>
      <trkpt lat="22.463390" lon="120.946658"></trkpt>
      <trkpt lat="22.463097" lon="120.946562"></trkpt>
      <trkpt lat="22.462928" lon="120.946460"></trkpt>
      <trkpt lat="22.462746" lon="120.946288"></trkpt>
      <trkpt lat="22.462626" lon="120.946084"></trkpt>
      <trkpt lat="22.462510" lon="120.945749"></trkpt>
      <trkpt lat="22.462445" lon="120.945309"></trkpt>
      <trkpt lat="22.462390" lon="120.945058"></trkpt>
      <trkpt lat="22.462288" lon="120.944604"></trkpt>
      <trkpt lat="22.462096" lon="120.944095"></trkpt>
      <trkpt lat="22.461926" lon="120.943773"></trkpt>
      <trkpt lat="22.461681" lon="120.943415"></trkpt>
      <trkpt lat="22.461285" lon="120.942956"></trkpt>
      <trkpt lat="22.460927" lon="120.942660"></trkpt>
      <trkpt lat="22.460583" lon="120.942441"></trkpt>
      <trkpt lat="22.459518" lon="120.941814"></trkpt>
      <trkpt lat="22.459180" lon="120.941610"></trkpt>
      <trkpt lat="22.458051" lon="120.940958"></trkpt>
      <trkpt lat="22.457783" lon="120.940832"></trkpt>
      <trkpt lat="22.457572" lon="120.940766"></trkpt>
      <trkpt lat="22.457437" lon="120.940729"></trkpt>
      <trkpt lat="22.457253" lon="120.940744"></trkpt>
      <trkpt lat="22.456944" lon="120.940822"></trkpt>
      <trkpt lat="22.456759" lon="120.940939"></trkpt>
      <trkpt lat="22.456603" lon="120.941086"></trkpt>
      <trkpt lat="22.456437" lon="120.941317"></trkpt>
      <trkpt lat="22.456003" lon="120.942066"></trkpt>
      <trkpt lat="22.455382" lon="120.943192"></trkpt>
      <trkpt lat="22.455177" lon="120.943579"></trkpt>
      <trkpt lat="22.455034" lon="120.943764"></trkpt>
      <trkpt lat="22.454907" lon="120.943869"></trkpt>
      <trkpt lat="22.454742" lon="120.943959"></trkpt>
      <trkpt lat="22.454611" lon="120.944006"></trkpt>
      <trkpt lat="22.454480" lon="120.944022"></trkpt>
      <trkpt lat="22.454323" lon="120.944014"></trkpt>
      <trkpt lat="22.453955" lon="120.943904"></trkpt>
      <trkpt lat="22.453600" lon="120.943838"></trkpt>
      <trkpt lat="22.452464" lon="120.943570"></trkpt>
      <trkpt lat="22.452257" lon="120.943492"></trkpt>
      <trkpt lat="22.452034" lon="120.943405"></trkpt>
      <trkpt lat="22.451277" lon="120.943006"></trkpt>
      <trkpt lat="22.451185" lon="120.942952"></trkpt>
      <trkpt lat="22.450822" lon="120.942742"></trkpt>
      <trkpt lat="22.450519" lon="120.942548"></trkpt>
      <trkpt lat="22.450111" lon="120.942320"></trkpt>
      <trkpt lat="22.449751" lon="120.942165"></trkpt>
      <trkpt lat="22.449231" lon="120.941957"></trkpt>
      <trkpt lat="22.448820" lon="120.941792"></trkpt>
      <trkpt lat="22.448365" lon="120.941585"></trkpt>
      <trkpt lat="22.447669" lon="120.941240"></trkpt>
      <trkpt lat="22.446405" lon="120.940659"></trkpt>
      <trkpt lat="22.445919" lon="120.940386"></trkpt>
      <trkpt lat="22.445589" lon="120.940222"></trkpt>
      <trkpt lat="22.445215" lon="120.940068"></trkpt>
      <trkpt lat="22.444880" lon="120.939997"></trkpt>
      <trkpt lat="22.444528" lon="120.939856"></trkpt>
      <trkpt lat="22.444102" lon="120.939630"></trkpt>
      <trkpt lat="22.442403" lon="120.938911"></trkpt>
      <trkpt lat="22.440743" lon="120.938287"></trkpt>
      <trkpt lat="22.440368" lon="120.938143"></trkpt>
      <trkpt lat="22.439095" lon="120.937707"></trkpt>
      <trkpt lat="22.438987" lon="120.937672"></trkpt>
      <trkpt lat="22.438745" lon="120.937588"></trkpt>
      <trkpt lat="22.438668" lon="120.937561"></trkpt>
      <trkpt lat="22.438480" lon="120.937494"></trkpt>
      <trkpt lat="22.437366" lon="120.937017"></trkpt>
      <trkpt lat="22.436871" lon="120.936807"></trkpt>
      <trkpt lat="22.436219" lon="120.936532"></trkpt>
      <trkpt lat="22.435766" lon="120.936383"></trkpt>
      <trkpt lat="22.435357" lon="120.936273"></trkpt>
      <trkpt lat="22.435090" lon="120.936183"></trkpt>
      <trkpt lat="22.434920" lon="120.936082"></trkpt>
      <trkpt lat="22.434685" lon="120.935882"></trkpt>
      <trkpt lat="22.434457" lon="120.935689"></trkpt>
      <trkpt lat="22.434303" lon="120.935575"></trkpt>
      <trkpt lat="22.434260" lon="120.935550"></trkpt>
      <trkpt lat="22.434137" lon="120.935512"></trkpt>
      <trkpt lat="22.433946" lon="120.935469"></trkpt>
      <trkpt lat="22.433784" lon="120.935456"></trkpt>
      <trkpt lat="22.433264" lon="120.935474"></trkpt>
      <trkpt lat="22.433072" lon="120.935432"></trkpt>
      <trkpt lat="22.432899" lon="120.935373"></trkpt>
      <trkpt lat="22.432654" lon="120.935221"></trkpt>
      <trkpt lat="22.432412" lon="120.935063"></trkpt>
      <trkpt lat="22.432053" lon="120.934858"></trkpt>
      <trkpt lat="22.431795" lon="120.934759"></trkpt>
      <trkpt lat="22.431369" lon="120.934633"></trkpt>
      <trkpt lat="22.430695" lon="120.934477"></trkpt>
      <trkpt lat="22.430279" lon="120.934356"></trkpt>
      <trkpt lat="22.430164" lon="120.934320"></trkpt>
      <trkpt lat="22.430112" lon="120.934304"></trkpt>
      <trkpt lat="22.429137" lon="120.934001"></trkpt>
      <trkpt lat="22.427700" lon="120.933476"></trkpt>
      <trkpt lat="22.426929" lon="120.933177"></trkpt>
      <trkpt lat="22.425671" lon="120.932673"></trkpt>
      <trkpt lat="22.425259" lon="120.932466"></trkpt>
      <trkpt lat="22.425025" lon="120.932340"></trkpt>
      <trkpt lat="22.424792" lon="120.932219"></trkpt>
      <trkpt lat="22.424676" lon="120.932183"></trkpt>
      <trkpt lat="22.423953" lon="120.931961"></trkpt>
      <trkpt lat="22.423240" lon="120.931731"></trkpt>
      <trkpt lat="22.422905" lon="120.931617"></trkpt>
      <trkpt lat="22.422536" lon="120.931483"></trkpt>
      <trkpt lat="22.422006" lon="120.931279"></trkpt>
      <trkpt lat="22.421412" lon="120.931027"></trkpt>
      <trkpt lat="22.420912" lon="120.930844"></trkpt>
      <trkpt lat="22.420442" lon="120.930622"></trkpt>
      <trkpt lat="22.420323" lon="120.930572"></trkpt>
      <trkpt lat="22.420135" lon="120.930476"></trkpt>
      <trkpt lat="22.419887" lon="120.930304"></trkpt>
      <trkpt lat="22.419681" lon="120.930136"></trkpt>
      <trkpt lat="22.419275" lon="120.929738"></trkpt>
      <trkpt lat="22.418723" lon="120.929205"></trkpt>
      <trkpt lat="22.418307" lon="120.928842"></trkpt>
      <trkpt lat="22.417837" lon="120.928426"></trkpt>
      <trkpt lat="22.417414" lon="120.928109"></trkpt>
      <trkpt lat="22.416993" lon="120.927810"></trkpt>
      <trkpt lat="22.416662" lon="120.927514"></trkpt>
      <trkpt lat="22.416284" lon="120.927180"></trkpt>
      <trkpt lat="22.416049" lon="120.926996"></trkpt>
      <trkpt lat="22.415874" lon="120.926840"></trkpt>
      <trkpt lat="22.415590" lon="120.926680"></trkpt>
      <trkpt lat="22.415370" lon="120.926585"></trkpt>
      <trkpt lat="22.415298" lon="120.926573"></trkpt>
      <trkpt lat="22.414566" lon="120.926336"></trkpt>
      <trkpt lat="22.414093" lon="120.926198"></trkpt>
      <trkpt lat="22.413917" lon="120.926148"></trkpt>
      <trkpt lat="22.413569" lon="120.926115"></trkpt>
      <trkpt lat="22.413272" lon="120.926122"></trkpt>
      <trkpt lat="22.412955" lon="120.926129"></trkpt>
      <trkpt lat="22.412668" lon="120.926059"></trkpt>
      <trkpt lat="22.412339" lon="120.925908"></trkpt>
      <trkpt lat="22.411923" lon="120.925692"></trkpt>
      <trkpt lat="22.411471" lon="120.925464"></trkpt>
      <trkpt lat="22.410949" lon="120.925155"></trkpt>
      <trkpt lat="22.410566" lon="120.924985"></trkpt>
      <trkpt lat="22.410423" lon="120.924921"></trkpt>
      <trkpt lat="22.409819" lon="120.924661"></trkpt>
      <trkpt lat="22.409527" lon="120.924532"></trkpt>
      <trkpt lat="22.409254" lon="120.924407"></trkpt>
      <trkpt lat="22.408681" lon="120.924126"></trkpt>
      <trkpt lat="22.408175" lon="120.923925"></trkpt>
      <trkpt lat="22.407855" lon="120.923763"></trkpt>
      <trkpt lat="22.407587" lon="120.923649"></trkpt>
      <trkpt lat="22.407448" lon="120.923601"></trkpt>
      <trkpt lat="22.407296" lon="120.923564"></trkpt>
      <trkpt lat="22.406876" lon="120.923468"></trkpt>
      <trkpt lat="22.406592" lon="120.923401"></trkpt>
      <trkpt lat="22.406360" lon="120.923327"></trkpt>
      <trkpt lat="22.406165" lon="120.923243"></trkpt>
      <trkpt lat="22.405873" lon="120.923087"></trkpt>
      <trkpt lat="22.405718" lon="120.922981"></trkpt>
      <trkpt lat="22.405561" lon="120.922866"></trkpt>
      <trkpt lat="22.405388" lon="120.922761"></trkpt>
      <trkpt lat="22.405135" lon="120.922715"></trkpt>
      <trkpt lat="22.404775" lon="120.922663"></trkpt>
      <trkpt lat="22.404562" lon="120.922585"></trkpt>
      <trkpt lat="22.404282" lon="120.922455"></trkpt>
      <trkpt lat="22.403466" lon="120.922029"></trkpt>
      <trkpt lat="22.403229" lon="120.921900"></trkpt>
      <trkpt lat="22.402870" lon="120.921704"></trkpt>
      <trkpt lat="22.402736" lon="120.921636"></trkpt>
      <trkpt lat="22.402538" lon="120.921567"></trkpt>
      <trkpt lat="22.402330" lon="120.921575"></trkpt>
      <trkpt lat="22.401620" lon="120.921511"></trkpt>
      <trkpt lat="22.401143" lon="120.921498"></trkpt>
      <trkpt lat="22.400786" lon="120.921465"></trkpt>
      <trkpt lat="22.400540" lon="120.921438"></trkpt>
      <trkpt lat="22.399444" lon="120.921094"></trkpt>
      <trkpt lat="22.398807" lon="120.920899"></trkpt>
      <trkpt lat="22.398697" lon="120.920861"></trkpt>
      <trkpt lat="22.398635" lon="120.920839"></trkpt>
      <trkpt lat="22.398496" lon="120.920755"></trkpt>
      <trkpt lat="22.398276" lon="120.920543"></trkpt>
      <trkpt lat="22.398117" lon="120.920359"></trkpt>
      <trkpt lat="22.398001" lon="120.920265"></trkpt>
      <trkpt lat="22.397820" lon="120.920154"></trkpt>
      <trkpt lat="22.397561" lon="120.920101"></trkpt>
      <trkpt lat="22.397109" lon="120.920012"></trkpt>
      <trkpt lat="22.396829" lon="120.919942"></trkpt>
      <trkpt lat="22.396615" lon="120.919856"></trkpt>
      <trkpt lat="22.396373" lon="120.919711"></trkpt>
      <trkpt lat="22.396178" lon="120.919533"></trkpt>
      <trkpt lat="22.396071" lon="120.919406"></trkpt>
      <trkpt lat="22.395882" lon="120.919242"></trkpt>
      <trkpt lat="22.395696" lon="120.919054"></trkpt>
      <trkpt lat="22.395547" lon="120.918931"></trkpt>
      <trkpt lat="22.395351" lon="120.918848"></trkpt>
      <trkpt lat="22.395131" lon="120.918794"></trkpt>
      <trkpt lat="22.394920" lon="120.918743"></trkpt>
      <trkpt lat="22.394722" lon="120.918740"></trkpt>
      <trkpt lat="22.394573" lon="120.918702"></trkpt>
      <trkpt lat="22.394422" lon="120.918637"></trkpt>
      <trkpt lat="22.394267" lon="120.918527"></trkpt>
      <trkpt lat="22.393885" lon="120.918211"></trkpt>
      <trkpt lat="22.393602" lon="120.917935"></trkpt>
      <trkpt lat="22.393342" lon="120.917646"></trkpt>
      <trkpt lat="22.393039" lon="120.917337"></trkpt>
      <trkpt lat="22.392715" lon="120.917088"></trkpt>
      <trkpt lat="22.392451" lon="120.916932"></trkpt>
      <trkpt lat="22.391982" lon="120.916752"></trkpt>
      <trkpt lat="22.391731" lon="120.916648"></trkpt>
      <trkpt lat="22.391225" lon="120.916385"></trkpt>
      <trkpt lat="22.390841" lon="120.916246"></trkpt>
      <trkpt lat="22.390384" lon="120.916037"></trkpt>
      <trkpt lat="22.389875" lon="120.915793"></trkpt>
      <trkpt lat="22.389455" lon="120.915576"></trkpt>
      <trkpt lat="22.389277" lon="120.915438"></trkpt>
      <trkpt lat="22.388625" lon="120.915055"></trkpt>
      <trkpt lat="22.388492" lon="120.914939"></trkpt>
      <trkpt lat="22.388250" lon="120.914801"></trkpt>
      <trkpt lat="22.387976" lon="120.914716"></trkpt>
      <trkpt lat="22.387817" lon="120.914648"></trkpt>
      <trkpt lat="22.387640" lon="120.914549"></trkpt>
      <trkpt lat="22.387458" lon="120.914393"></trkpt>
      <trkpt lat="22.387255" lon="120.914182"></trkpt>
      <trkpt lat="22.387047" lon="120.914001"></trkpt>
      <trkpt lat="22.386536" lon="120.913654"></trkpt>
      <trkpt lat="22.386255" lon="120.913463"></trkpt>
      <trkpt lat="22.385589" lon="120.913140"></trkpt>
      <trkpt lat="22.385303" lon="120.913021"></trkpt>
      <trkpt lat="22.385020" lon="120.912946"></trkpt>
      <trkpt lat="22.384630" lon="120.912845"></trkpt>
      <trkpt lat="22.383898" lon="120.912696"></trkpt>
      <trkpt lat="22.383264" lon="120.912559"></trkpt>
      <trkpt lat="22.382713" lon="120.912436"></trkpt>
      <trkpt lat="22.382349" lon="120.912381"></trkpt>
      <trkpt lat="22.382087" lon="120.912347"></trkpt>
      <trkpt lat="22.381728" lon="120.912313"></trkpt>
      <trkpt lat="22.381210" lon="120.912263"></trkpt>
      <trkpt lat="22.381074" lon="120.912251"></trkpt>
      <trkpt lat="22.379637" lon="120.912063"></trkpt>
      <trkpt lat="22.379570" lon="120.912053"></trkpt>
      <trkpt lat="22.379350" lon="120.912011"></trkpt>
      <trkpt lat="22.379121" lon="120.911978"></trkpt>
      <trkpt lat="22.378878" lon="120.911922"></trkpt>
      <trkpt lat="22.378479" lon="120.911810"></trkpt>
      <trkpt lat="22.378065" lon="120.911679"></trkpt>
      <trkpt lat="22.377188" lon="120.911440"></trkpt>
      <trkpt lat="22.376222" lon="120.911177"></trkpt>
      <trkpt lat="22.375884" lon="120.911080"></trkpt>
      <trkpt lat="22.375137" lon="120.910935"></trkpt>
      <trkpt lat="22.374314" lon="120.910793"></trkpt>
      <trkpt lat="22.373174" lon="120.910609"></trkpt>
      <trkpt lat="22.371797" lon="120.910366"></trkpt>
      <trkpt lat="22.371587" lon="120.910329"></trkpt>
      <trkpt lat="22.370711" lon="120.910189"></trkpt>
      <trkpt lat="22.370405" lon="120.910121"></trkpt>
      <trkpt lat="22.369480" lon="120.909882"></trkpt>
      <trkpt lat="22.369186" lon="120.909756"></trkpt>
      <trkpt lat="22.368513" lon="120.909440"></trkpt>
      <trkpt lat="22.367756" lon="120.909182"></trkpt>
      <trkpt lat="22.367283" lon="120.909033"></trkpt>
      <trkpt lat="22.366832" lon="120.908880"></trkpt>
      <trkpt lat="22.366576" lon="120.908782"></trkpt>
      <trkpt lat="22.366189" lon="120.908612"></trkpt>
      <trkpt lat="22.365831" lon="120.908394"></trkpt>
      <trkpt lat="22.365135" lon="120.908034"></trkpt>
      <trkpt lat="22.364577" lon="120.907746"></trkpt>
      <trkpt lat="22.364222" lon="120.907569"></trkpt>
      <trkpt lat="22.363414" lon="120.907298"></trkpt>
      <trkpt lat="22.362754" lon="120.907202"></trkpt>
      <trkpt lat="22.362466" lon="120.907154"></trkpt>
      <trkpt lat="22.361983" lon="120.907091"></trkpt>
      <trkpt lat="22.361399" lon="120.907010"></trkpt>
      <trkpt lat="22.361357" lon="120.907004"></trkpt>
      <trkpt lat="22.359956" lon="120.906816"></trkpt>
      <trkpt lat="22.359718" lon="120.906747"></trkpt>
      <trkpt lat="22.359281" lon="120.906667"></trkpt>
      <trkpt lat="22.358999" lon="120.906626"></trkpt>
      <trkpt lat="22.358843" lon="120.906590"></trkpt>
      <trkpt lat="22.358701" lon="120.906544"></trkpt>
      <trkpt lat="22.358579" lon="120.906480"></trkpt>
      <trkpt lat="22.358471" lon="120.906395"></trkpt>
      <trkpt lat="22.358390" lon="120.906290"></trkpt>
      <trkpt lat="22.358111" lon="120.905928"></trkpt>
      <trkpt lat="22.357951" lon="120.905721"></trkpt>
      <trkpt lat="22.357467" lon="120.905094"></trkpt>
      <trkpt lat="22.357447" lon="120.905076"></trkpt>
      <trkpt lat="22.356832" lon="120.904305"></trkpt>
      <trkpt lat="22.356717" lon="120.904204"></trkpt>
      <trkpt lat="22.356493" lon="120.904011"></trkpt>
      <trkpt lat="22.356193" lon="120.903731"></trkpt>
      <trkpt lat="22.355771" lon="120.903318"></trkpt>
      <trkpt lat="22.355487" lon="120.903060"></trkpt>
      <trkpt lat="22.355085" lon="120.902737"></trkpt>
      <trkpt lat="22.354807" lon="120.902560"></trkpt>
      <trkpt lat="22.354283" lon="120.902340"></trkpt>
      <trkpt lat="22.354171" lon="120.902306"></trkpt>
      <trkpt lat="22.354061" lon="120.902245"></trkpt>
      <trkpt lat="22.353843" lon="120.902160"></trkpt>
      <trkpt lat="22.353736" lon="120.902137"></trkpt>
      <trkpt lat="22.353687" lon="120.902108"></trkpt>
      <trkpt lat="22.353271" lon="120.901916"></trkpt>
      <trkpt lat="22.352244" lon="120.901567"></trkpt>
      <trkpt lat="22.351406" lon="120.901222"></trkpt>
      <trkpt lat="22.350660" lon="120.900921"></trkpt>
      <trkpt lat="22.350175" lon="120.900740"></trkpt>
      <trkpt lat="22.348602" lon="120.900226"></trkpt>
      <trkpt lat="22.347829" lon="120.899881"></trkpt>
      <trkpt lat="22.346988" lon="120.899459"></trkpt>
      <trkpt lat="22.346088" lon="120.898998"></trkpt>
      <trkpt lat="22.345554" lon="120.898722"></trkpt>
      <trkpt lat="22.344793" lon="120.898281"></trkpt>
      <trkpt lat="22.344501" lon="120.898086"></trkpt>
      <trkpt lat="22.344183" lon="120.897861"></trkpt>
      <trkpt lat="22.343586" lon="120.897421"></trkpt>
      <trkpt lat="22.343123" lon="120.897044"></trkpt>
      <trkpt lat="22.342913" lon="120.896819"></trkpt>
      <trkpt lat="22.342731" lon="120.896553"></trkpt>
      <trkpt lat="22.342498" lon="120.896082"></trkpt>
      <trkpt lat="22.342140" lon="120.895355"></trkpt>
      <trkpt lat="22.342109" lon="120.895290"></trkpt>
      <trkpt lat="22.341893" lon="120.894844"></trkpt>
      <trkpt lat="22.341488" lon="120.893988"></trkpt>
      <trkpt lat="22.341329" lon="120.893740"></trkpt>
      <trkpt lat="22.341155" lon="120.893575"></trkpt>
      <trkpt lat="22.341137" lon="120.893558"></trkpt>
      <trkpt lat="22.340987" lon="120.893445"></trkpt>
      <trkpt lat="22.340939" lon="120.893411"></trkpt>
      <trkpt lat="22.340563" lon="120.893182"></trkpt>
      <trkpt lat="22.340475" lon="120.893099"></trkpt>
      <trkpt lat="22.340051" lon="120.892780"></trkpt>
      <trkpt lat="22.339623" lon="120.892603"></trkpt>
      <trkpt lat="22.339500" lon="120.892588"></trkpt>
      <trkpt lat="22.339369" lon="120.892572"></trkpt>
      <trkpt lat="22.338952" lon="120.892641"></trkpt>
      <trkpt lat="22.338675" lon="120.892761"></trkpt>
      <trkpt lat="22.338394" lon="120.892943"></trkpt>
      <trkpt lat="22.338056" lon="120.893182"></trkpt>
      <trkpt lat="22.338028" lon="120.893201"></trkpt>
      <trkpt lat="22.336965" lon="120.893960"></trkpt>
      <trkpt lat="22.336770" lon="120.894096"></trkpt>
      <trkpt lat="22.336387" lon="120.894071"></trkpt>
      <trkpt lat="22.335970" lon="120.894041"></trkpt>
      <trkpt lat="22.335864" lon="120.894029"></trkpt>
      <trkpt lat="22.335557" lon="120.894006"></trkpt>
      <trkpt lat="22.334306" lon="120.893813"></trkpt>
      <trkpt lat="22.333861" lon="120.893701"></trkpt>
      <trkpt lat="22.332321" lon="120.893333"></trkpt>
      <trkpt lat="22.332086" lon="120.893244"></trkpt>
      <trkpt lat="22.331877" lon="120.893129"></trkpt>
      <trkpt lat="22.331590" lon="120.892906"></trkpt>
      <trkpt lat="22.331170" lon="120.892557"></trkpt>
      <trkpt lat="22.330870" lon="120.892372"></trkpt>
      <trkpt lat="22.330565" lon="120.892252"></trkpt>
      <trkpt lat="22.330236" lon="120.892178"></trkpt>
      <trkpt lat="22.330175" lon="120.892163"></trkpt>
      <trkpt lat="22.328619" lon="120.892148"></trkpt>
      <trkpt lat="22.326058" lon="120.892103"></trkpt>
      <trkpt lat="22.325032" lon="120.892044"></trkpt>
      <trkpt lat="22.324700" lon="120.892024"></trkpt>
      <trkpt lat="22.324521" lon="120.891961"></trkpt>
      <trkpt lat="22.324356" lon="120.891880"></trkpt>
      <trkpt lat="22.324275" lon="120.891825"></trkpt>
      <trkpt lat="22.324163" lon="120.891740"></trkpt>
      <trkpt lat="22.324006" lon="120.891641"></trkpt>
      <trkpt lat="22.323851" lon="120.891571"></trkpt>
      <trkpt lat="22.323411" lon="120.891526"></trkpt>
      <trkpt lat="22.322840" lon="120.891586"></trkpt>
      <trkpt lat="22.322687" lon="120.891614"></trkpt>
      <trkpt lat="22.322557" lon="120.891660"></trkpt>
      <trkpt lat="22.322307" lon="120.891792"></trkpt>
      <trkpt lat="22.321729" lon="120.891727"></trkpt>
      <trkpt lat="22.320977" lon="120.891644"></trkpt>
      <trkpt lat="22.320141" lon="120.891569"></trkpt>
      <trkpt lat="22.319223" lon="120.891502"></trkpt>
      <trkpt lat="22.318418" lon="120.891453"></trkpt>
      <trkpt lat="22.317982" lon="120.891434"></trkpt>
      <trkpt lat="22.317733" lon="120.891423"></trkpt>
      <trkpt lat="22.316739" lon="120.891392"></trkpt>
      <trkpt lat="22.314670" lon="120.891255"></trkpt>
      <trkpt lat="22.313906" lon="120.891194"></trkpt>
      <trkpt lat="22.313227" lon="120.891166"></trkpt>
      <trkpt lat="22.311925" lon="120.891043"></trkpt>
      <trkpt lat="22.311855" lon="120.891031"></trkpt>
      <trkpt lat="22.311650" lon="120.891007"></trkpt>
      <trkpt lat="22.311450" lon="120.890973"></trkpt>
      <trkpt lat="22.311254" lon="120.890918"></trkpt>
      <trkpt lat="22.311030" lon="120.890812"></trkpt>
      <trkpt lat="22.310868" lon="120.890717"></trkpt>
      <trkpt lat="22.310684" lon="120.890650"></trkpt>
      <trkpt lat="22.309803" lon="120.889973"></trkpt>
      <trkpt lat="22.309181" lon="120.889415"></trkpt>
      <trkpt lat="22.309049" lon="120.889299"></trkpt>
      <trkpt lat="22.308712" lon="120.889005"></trkpt>
      <trkpt lat="22.308517" lon="120.888866"></trkpt>
      <trkpt lat="22.308145" lon="120.888696"></trkpt>
      <trkpt lat="22.307547" lon="120.888500"></trkpt>
      <trkpt lat="22.307407" lon="120.888471"></trkpt>
      <trkpt lat="22.307173" lon="120.888499"></trkpt>
      <trkpt lat="22.307046" lon="120.888543"></trkpt>
      <trkpt lat="22.306254" lon="120.888905"></trkpt>
      <trkpt lat="22.305381" lon="120.889295"></trkpt>
      <trkpt lat="22.305057" lon="120.889438"></trkpt>
      <trkpt lat="22.304955" lon="120.889446"></trkpt>
      <trkpt lat="22.304772" lon="120.889475"></trkpt>
      <trkpt lat="22.304446" lon="120.889481"></trkpt>
      <trkpt lat="22.304029" lon="120.889277"></trkpt>
      <trkpt lat="22.303658" lon="120.889120"></trkpt>
      <trkpt lat="22.303447" lon="120.889012"></trkpt>
      <trkpt lat="22.303262" lon="120.888954"></trkpt>
      <trkpt lat="22.303075" lon="120.888907"></trkpt>
      <trkpt lat="22.302870" lon="120.888870"></trkpt>
      <trkpt lat="22.302109" lon="120.888819"></trkpt>
      <trkpt lat="22.301970" lon="120.888809"></trkpt>
      <trkpt lat="22.301603" lon="120.888784"></trkpt>
      <trkpt lat="22.301052" lon="120.888746"></trkpt>
      <trkpt lat="22.299671" lon="120.888678"></trkpt>
      <trkpt lat="22.299138" lon="120.888675"></trkpt>
      <trkpt lat="22.298810" lon="120.888699"></trkpt>
      <trkpt lat="22.298214" lon="120.888755"></trkpt>
      <trkpt lat="22.297811" lon="120.888748"></trkpt>
      <trkpt lat="22.297339" lon="120.888729"></trkpt>
      <trkpt lat="22.296401" lon="120.888581"></trkpt>
      <trkpt lat="22.296123" lon="120.888543"></trkpt>
      <trkpt lat="22.295815" lon="120.888496"></trkpt>
      <trkpt lat="22.295659" lon="120.888463"></trkpt>
      <trkpt lat="22.295366" lon="120.888359"></trkpt>
      <trkpt lat="22.295261" lon="120.888304"></trkpt>
      <trkpt lat="22.295099" lon="120.888183"></trkpt>
      <trkpt lat="22.294949" lon="120.888006"></trkpt>
      <trkpt lat="22.294846" lon="120.887828"></trkpt>
      <trkpt lat="22.294777" lon="120.887680"></trkpt>
      <trkpt lat="22.294736" lon="120.887408"></trkpt>
      <trkpt lat="22.294729" lon="120.887236"></trkpt>
      <trkpt lat="22.294731" lon="120.887167"></trkpt>
      <trkpt lat="22.294725" lon="120.886891"></trkpt>
      <trkpt lat="22.294722" lon="120.886150"></trkpt>
      <trkpt lat="22.294716" lon="120.885216"></trkpt>
      <trkpt lat="22.294727" lon="120.884798"></trkpt>
      <trkpt lat="22.294726" lon="120.884562"></trkpt>
      <trkpt lat="22.294706" lon="120.884402"></trkpt>
      <trkpt lat="22.294684" lon="120.884229"></trkpt>
      <trkpt lat="22.294621" lon="120.883974"></trkpt>
      <trkpt lat="22.294417" lon="120.883496"></trkpt>
      <trkpt lat="22.294225" lon="120.883079"></trkpt>
      <trkpt lat="22.293960" lon="120.882361"></trkpt>
      <trkpt lat="22.293942" lon="120.882314"></trkpt>
      <trkpt lat="22.293900" lon="120.882193"></trkpt>
      <trkpt lat="22.293809" lon="120.882231"></trkpt>
      <trkpt lat="22.293611" lon="120.882295"></trkpt>
      <trkpt lat="22.293451" lon="120.882274"></trkpt>
      <trkpt lat="22.293346" lon="120.882206"></trkpt>
      <trkpt lat="22.292416" lon="120.881520"></trkpt>
      <trkpt lat="22.291879" lon="120.881127"></trkpt>
      <trkpt lat="22.291574" lon="120.880858"></trkpt>
      <trkpt lat="22.291352" lon="120.880582"></trkpt>
      <trkpt lat="22.291297" lon="120.880503"></trkpt>
      <trkpt lat="22.291093" lon="120.880159"></trkpt>
      <trkpt lat="22.290971" lon="120.879863"></trkpt>
      <trkpt lat="22.290870" lon="120.879498"></trkpt>
      <trkpt lat="22.290697" lon="120.878852"></trkpt>
      <trkpt lat="22.290572" lon="120.878206"></trkpt>
      <trkpt lat="22.290570" lon="120.877927"></trkpt>
      <trkpt lat="22.290605" lon="120.877142"></trkpt>
      <trkpt lat="22.290571" lon="120.876777"></trkpt>
      <trkpt lat="22.290472" lon="120.876483"></trkpt>
      <trkpt lat="22.290339" lon="120.876128"></trkpt>
      <trkpt lat="22.290147" lon="120.875726"></trkpt>
      <trkpt lat="22.290028" lon="120.875323"></trkpt>
      <trkpt lat="22.289995" lon="120.875081"></trkpt>
      <trkpt lat="22.289987" lon="120.874725"></trkpt>
      <trkpt lat="22.289974" lon="120.874400"></trkpt>
      <trkpt lat="22.289941" lon="120.874107"></trkpt>
      <trkpt lat="22.289902" lon="120.873915"></trkpt>
      <trkpt lat="22.289833" lon="120.873700"></trkpt>
      <trkpt lat="22.289728" lon="120.873527"></trkpt>
      <trkpt lat="22.289592" lon="120.873420"></trkpt>
      <trkpt lat="22.289427" lon="120.873326"></trkpt>
      <trkpt lat="22.289016" lon="120.873182"></trkpt>
      <trkpt lat="22.289084" lon="120.873110"></trkpt>
      <trkpt lat="22.289315" lon="120.872913"></trkpt>
      <trkpt lat="22.289358" lon="120.872879"></trkpt>
      <trkpt lat="22.289425" lon="120.872829"></trkpt>
      <trkpt lat="22.289701" lon="120.872636"></trkpt>
      <trkpt lat="22.290020" lon="120.872396"></trkpt>
      <trkpt lat="22.290370" lon="120.872113"></trkpt>
      <trkpt lat="22.290362" lon="120.871984"></trkpt>
      <trkpt lat="22.290283" lon="120.871772"></trkpt>
      <trkpt lat="22.290040" lon="120.871529"></trkpt>
      <trkpt lat="22.289466" lon="120.871223"></trkpt>
      <trkpt lat="22.289362" lon="120.871209"></trkpt>
      <trkpt lat="22.289242" lon="120.871252"></trkpt>
      <trkpt lat="22.289008" lon="120.871388"></trkpt>
      <trkpt lat="22.288884" lon="120.871440"></trkpt>
      <trkpt lat="22.288727" lon="120.871429"></trkpt>
      <trkpt lat="22.288538" lon="120.871346"></trkpt>
      <trkpt lat="22.288409" lon="120.871192"></trkpt>
      <trkpt lat="22.288037" lon="120.870528"></trkpt>
      <trkpt lat="22.287945" lon="120.870410"></trkpt>
      <trkpt lat="22.287769" lon="120.870386"></trkpt>
      <trkpt lat="22.287218" lon="120.870772"></trkpt>
      <trkpt lat="22.287087" lon="120.870823"></trkpt>
      <trkpt lat="22.286930" lon="120.870807"></trkpt>
      <trkpt lat="22.286548" lon="120.870458"></trkpt>
      <trkpt lat="22.286108" lon="120.870049"></trkpt>
      <trkpt lat="22.286013" lon="120.869949"></trkpt>
      <trkpt lat="22.285952" lon="120.869917"></trkpt>
      <trkpt lat="22.285857" lon="120.869916"></trkpt>
      <trkpt lat="22.285149" lon="120.870034"></trkpt>
      <trkpt lat="22.285026" lon="120.870021"></trkpt>
      <trkpt lat="22.284896" lon="120.869962"></trkpt>
      <trkpt lat="22.284805" lon="120.869841"></trkpt>
      <trkpt lat="22.284776" lon="120.869734"></trkpt>
      <trkpt lat="22.284802" lon="120.869573"></trkpt>
      <trkpt lat="22.284950" lon="120.869188"></trkpt>
      <trkpt lat="22.284995" lon="120.869062"></trkpt>
      <trkpt lat="22.284993" lon="120.868992"></trkpt>
      <trkpt lat="22.284949" lon="120.868920"></trkpt>
      <trkpt lat="22.284392" lon="120.868520"></trkpt>
      <trkpt lat="22.284326" lon="120.868473"></trkpt>
      <trkpt lat="22.284312" lon="120.868390"></trkpt>
      <trkpt lat="22.284365" lon="120.868198"></trkpt>
      <trkpt lat="22.284438" lon="120.868050"></trkpt>
      <trkpt lat="22.284494" lon="120.867902"></trkpt>
      <trkpt lat="22.284510" lon="120.867807"></trkpt>
      <trkpt lat="22.284507" lon="120.867702"></trkpt>
      <trkpt lat="22.284470" lon="120.867618"></trkpt>
      <trkpt lat="22.284200" lon="120.867299"></trkpt>
      <trkpt lat="22.284130" lon="120.867232"></trkpt>
      <trkpt lat="22.284070" lon="120.867203"></trkpt>
      <trkpt lat="22.283967" lon="120.867210"></trkpt>
      <trkpt lat="22.283816" lon="120.867207"></trkpt>
      <trkpt lat="22.283556" lon="120.866769"></trkpt>
      <trkpt lat="22.283425" lon="120.866577"></trkpt>
      <trkpt lat="22.282853" lon="120.865736"></trkpt>
      <trkpt lat="22.282652" lon="120.865442"></trkpt>
      <trkpt lat="22.282731" lon="120.865392"></trkpt>
      <trkpt lat="22.282750" lon="120.865345"></trkpt>
      <trkpt lat="22.282757" lon="120.865260"></trkpt>
      <trkpt lat="22.282757" lon="120.865152"></trkpt>
      <trkpt lat="22.282682" lon="120.864853"></trkpt>
      <trkpt lat="22.282634" lon="120.864778"></trkpt>
      <trkpt lat="22.282550" lon="120.864733"></trkpt>
      <trkpt lat="22.282434" lon="120.864698"></trkpt>
      <trkpt lat="22.282234" lon="120.864638"></trkpt>
      <trkpt lat="22.282022" lon="120.864583"></trkpt>
      <trkpt lat="22.281932" lon="120.864997"></trkpt>
      <trkpt lat="22.281733" lon="120.864949"></trkpt>
      <trkpt lat="22.281528" lon="120.864917"></trkpt>
      <trkpt lat="22.281326" lon="120.864869"></trkpt>
      <trkpt lat="22.280909" lon="120.864770"></trkpt>
      <trkpt lat="22.280863" lon="120.864761"></trkpt>
      <trkpt lat="22.280080" lon="120.864601"></trkpt>
      <trkpt lat="22.279874" lon="120.864554"></trkpt>
      <trkpt lat="22.279771" lon="120.864546"></trkpt>
      <trkpt lat="22.278949" lon="120.864601"></trkpt>
      <trkpt lat="22.278774" lon="120.864611"></trkpt>
      <trkpt lat="22.278122" lon="120.864694"></trkpt>
      <trkpt lat="22.277889" lon="120.864721"></trkpt>
      <trkpt lat="22.277932" lon="120.864559"></trkpt>
      <trkpt lat="22.277936" lon="120.864457"></trkpt>
      <trkpt lat="22.277933" lon="120.864410"></trkpt>
      <trkpt lat="22.277875" lon="120.864230"></trkpt>
      <trkpt lat="22.277665" lon="120.863950"></trkpt>
      <trkpt lat="22.277522" lon="120.863842"></trkpt>
      <trkpt lat="22.277400" lon="120.863746"></trkpt>
      <trkpt lat="22.277173" lon="120.863609"></trkpt>
      <trkpt lat="22.277121" lon="120.863491"></trkpt>
      <trkpt lat="22.277121" lon="120.863324"></trkpt>
      <trkpt lat="22.277198" lon="120.863221"></trkpt>
      <trkpt lat="22.277434" lon="120.863121"></trkpt>
      <trkpt lat="22.277596" lon="120.863039"></trkpt>
      <trkpt lat="22.277677" lon="120.862916"></trkpt>
      <trkpt lat="22.277714" lon="120.862779"></trkpt>
      <trkpt lat="22.277717" lon="120.862412"></trkpt>
      <trkpt lat="22.277682" lon="120.862311"></trkpt>
      <trkpt lat="22.277605" lon="120.862224"></trkpt>
      <trkpt lat="22.277530" lon="120.862199"></trkpt>
      <trkpt lat="22.277419" lon="120.862195"></trkpt>
      <trkpt lat="22.277278" lon="120.862190"></trkpt>
      <trkpt lat="22.277153" lon="120.862190"></trkpt>
      <trkpt lat="22.277057" lon="120.862147"></trkpt>
      <trkpt lat="22.276758" lon="120.861909"></trkpt>
      <trkpt lat="22.276569" lon="120.861827"></trkpt>
      <trkpt lat="22.276408" lon="120.861801"></trkpt>
      <trkpt lat="22.276260" lon="120.861795"></trkpt>
      <trkpt lat="22.276047" lon="120.861850"></trkpt>
      <trkpt lat="22.275889" lon="120.861950"></trkpt>
      <trkpt lat="22.275743" lon="120.862094"></trkpt>
      <trkpt lat="22.275603" lon="120.862242"></trkpt>
      <trkpt lat="22.275263" lon="120.862707"></trkpt>
      <trkpt lat="22.275181" lon="120.862818"></trkpt>
      <trkpt lat="22.275104" lon="120.862889"></trkpt>
      <trkpt lat="22.274786" lon="120.863014"></trkpt>
      <trkpt lat="22.274564" lon="120.863110"></trkpt>
      <trkpt lat="22.274388" lon="120.863137"></trkpt>
      <trkpt lat="22.274288" lon="120.863142"></trkpt>
      <trkpt lat="22.274038" lon="120.863085"></trkpt>
      <trkpt lat="22.273953" lon="120.863062"></trkpt>
      <trkpt lat="22.273861" lon="120.862992"></trkpt>
      <trkpt lat="22.273797" lon="120.862881"></trkpt>
      <trkpt lat="22.273797" lon="120.862753"></trkpt>
      <trkpt lat="22.273889" lon="120.862481"></trkpt>
      <trkpt lat="22.273896" lon="120.862378"></trkpt>
      <trkpt lat="22.273843" lon="120.862237"></trkpt>
      <trkpt lat="22.273652" lon="120.862004"></trkpt>
      <trkpt lat="22.273503" lon="120.861903"></trkpt>
      <trkpt lat="22.273374" lon="120.861858"></trkpt>
      <trkpt lat="22.273015" lon="120.861876"></trkpt>
      <trkpt lat="22.272773" lon="120.861876"></trkpt>
      <trkpt lat="22.272651" lon="120.861927"></trkpt>
      <trkpt lat="22.272536" lon="120.861980"></trkpt>
      <trkpt lat="22.272402" lon="120.862108"></trkpt>
      <trkpt lat="22.272189" lon="120.862246"></trkpt>
      <trkpt lat="22.271815" lon="120.862480"></trkpt>
      <trkpt lat="22.271626" lon="120.862572"></trkpt>
      <trkpt lat="22.271520" lon="120.862583"></trkpt>
      <trkpt lat="22.271384" lon="120.862576"></trkpt>
      <trkpt lat="22.271228" lon="120.862558"></trkpt>
      <trkpt lat="22.270962" lon="120.862568"></trkpt>
      <trkpt lat="22.270538" lon="120.862654"></trkpt>
      <trkpt lat="22.270146" lon="120.862759"></trkpt>
      <trkpt lat="22.270001" lon="120.862770"></trkpt>
      <trkpt lat="22.269886" lon="120.862759"></trkpt>
      <trkpt lat="22.269767" lon="120.862698"></trkpt>
      <trkpt lat="22.269495" lon="120.862434"></trkpt>
      <trkpt lat="22.269436" lon="120.862350"></trkpt>
      <trkpt lat="22.269327" lon="120.862100"></trkpt>
      <trkpt lat="22.269178" lon="120.861628"></trkpt>
      <trkpt lat="22.269123" lon="120.861504"></trkpt>
      <trkpt lat="22.268999" lon="120.861343"></trkpt>
      <trkpt lat="22.268477" lon="120.860944"></trkpt>
      <trkpt lat="22.268294" lon="120.860741"></trkpt>
      <trkpt lat="22.268212" lon="120.860580"></trkpt>
      <trkpt lat="22.268132" lon="120.860328"></trkpt>
      <trkpt lat="22.268075" lon="120.860087"></trkpt>
      <trkpt lat="22.268076" lon="120.859829"></trkpt>
      <trkpt lat="22.268173" lon="120.859330"></trkpt>
      <trkpt lat="22.268251" lon="120.859135"></trkpt>
      <trkpt lat="22.268331" lon="120.859038"></trkpt>
      <trkpt lat="22.268445" lon="120.858980"></trkpt>
      <trkpt lat="22.268577" lon="120.858931"></trkpt>
      <trkpt lat="22.268784" lon="120.858834"></trkpt>
      <trkpt lat="22.268933" lon="120.858762"></trkpt>
      <trkpt lat="22.269117" lon="120.858592"></trkpt>
      <trkpt lat="22.269414" lon="120.858421"></trkpt>
      <trkpt lat="22.269561" lon="120.858347"></trkpt>
      <trkpt lat="22.269751" lon="120.858258"></trkpt>
      <trkpt lat="22.269836" lon="120.858197"></trkpt>
      <trkpt lat="22.269885" lon="120.858067"></trkpt>
      <trkpt lat="22.269893" lon="120.857990"></trkpt>
      <trkpt lat="22.269862" lon="120.857879"></trkpt>
      <trkpt lat="22.269797" lon="120.857794"></trkpt>
      <trkpt lat="22.269674" lon="120.857708"></trkpt>
      <trkpt lat="22.269472" lon="120.857666"></trkpt>
      <trkpt lat="22.269297" lon="120.857646"></trkpt>
      <trkpt lat="22.269178" lon="120.857675"></trkpt>
      <trkpt lat="22.268733" lon="120.857847"></trkpt>
      <trkpt lat="22.268419" lon="120.857909"></trkpt>
      <trkpt lat="22.268305" lon="120.857896"></trkpt>
      <trkpt lat="22.268025" lon="120.857860"></trkpt>
      <trkpt lat="22.267453" lon="120.857649"></trkpt>
      <trkpt lat="22.267325" lon="120.857580"></trkpt>
      <trkpt lat="22.267244" lon="120.857488"></trkpt>
      <trkpt lat="22.267221" lon="120.857371"></trkpt>
      <trkpt lat="22.267230" lon="120.857222"></trkpt>
      <trkpt lat="22.267285" lon="120.857104"></trkpt>
      <trkpt lat="22.267407" lon="120.856932"></trkpt>
      <trkpt lat="22.267598" lon="120.856728"></trkpt>
      <trkpt lat="22.267750" lon="120.856610"></trkpt>
      <trkpt lat="22.268011" lon="120.856505"></trkpt>
      <trkpt lat="22.268114" lon="120.856407"></trkpt>
      <trkpt lat="22.268151" lon="120.856301"></trkpt>
      <trkpt lat="22.268148" lon="120.856158"></trkpt>
      <trkpt lat="22.268042" lon="120.855896"></trkpt>
      <trkpt lat="22.267997" lon="120.855711"></trkpt>
      <trkpt lat="22.268001" lon="120.855593"></trkpt>
      <trkpt lat="22.268057" lon="120.855445"></trkpt>
      <trkpt lat="22.268156" lon="120.855370"></trkpt>
      <trkpt lat="22.268352" lon="120.855255"></trkpt>
      <trkpt lat="22.268417" lon="120.855181"></trkpt>
      <trkpt lat="22.268449" lon="120.855103"></trkpt>
      <trkpt lat="22.268467" lon="120.855003"></trkpt>
      <trkpt lat="22.268456" lon="120.854833"></trkpt>
      <trkpt lat="22.268435" lon="120.854739"></trkpt>
      <trkpt lat="22.268271" lon="120.854434"></trkpt>
      <trkpt lat="22.268228" lon="120.854352"></trkpt>
      <trkpt lat="22.268228" lon="120.854259"></trkpt>
      <trkpt lat="22.268271" lon="120.854127"></trkpt>
      <trkpt lat="22.268357" lon="120.854036"></trkpt>
      <trkpt lat="22.268519" lon="120.853980"></trkpt>
      <trkpt lat="22.269552" lon="120.853913"></trkpt>
      <trkpt lat="22.269629" lon="120.853865"></trkpt>
      <trkpt lat="22.269686" lon="120.853803"></trkpt>
      <trkpt lat="22.269722" lon="120.853719"></trkpt>
      <trkpt lat="22.269729" lon="120.853632"></trkpt>
      <trkpt lat="22.269708" lon="120.853533"></trkpt>
      <trkpt lat="22.269679" lon="120.853447"></trkpt>
      <trkpt lat="22.269451" lon="120.853208"></trkpt>
      <trkpt lat="22.269383" lon="120.853105"></trkpt>
      <trkpt lat="22.269356" lon="120.853000"></trkpt>
      <trkpt lat="22.269383" lon="120.852894"></trkpt>
      <trkpt lat="22.269440" lon="120.852823"></trkpt>
      <trkpt lat="22.269528" lon="120.852754"></trkpt>
      <trkpt lat="22.269658" lon="120.852699"></trkpt>
      <trkpt lat="22.270027" lon="120.852614"></trkpt>
      <trkpt lat="22.270141" lon="120.852574"></trkpt>
      <trkpt lat="22.270284" lon="120.852483"></trkpt>
      <trkpt lat="22.270415" lon="120.852373"></trkpt>
      <trkpt lat="22.270851" lon="120.851867"></trkpt>
      <trkpt lat="22.270925" lon="120.851754"></trkpt>
      <trkpt lat="22.270957" lon="120.851647"></trkpt>
      <trkpt lat="22.270969" lon="120.851532"></trkpt>
      <trkpt lat="22.270952" lon="120.851440"></trkpt>
      <trkpt lat="22.270890" lon="120.851261"></trkpt>
      <trkpt lat="22.270795" lon="120.851103"></trkpt>
      <trkpt lat="22.270684" lon="120.851014"></trkpt>
      <trkpt lat="22.270556" lon="120.850952"></trkpt>
      <trkpt lat="22.270062" lon="120.850777"></trkpt>
      <trkpt lat="22.269958" lon="120.850774"></trkpt>
      <trkpt lat="22.269851" lon="120.850783"></trkpt>
      <trkpt lat="22.269714" lon="120.850840"></trkpt>
      <trkpt lat="22.269302" lon="120.851077"></trkpt>
      <trkpt lat="22.269223" lon="120.851120"></trkpt>
      <trkpt lat="22.269089" lon="120.851141"></trkpt>
      <trkpt lat="22.268813" lon="120.851145"></trkpt>
      <trkpt lat="22.268496" lon="120.851206"></trkpt>
      <trkpt lat="22.268287" lon="120.851257"></trkpt>
      <trkpt lat="22.268106" lon="120.851264"></trkpt>
      <trkpt lat="22.267911" lon="120.851231"></trkpt>
      <trkpt lat="22.267750" lon="120.851195"></trkpt>
      <trkpt lat="22.267628" lon="120.851168"></trkpt>
      <trkpt lat="22.267533" lon="120.851108"></trkpt>
      <trkpt lat="22.267492" lon="120.851023"></trkpt>
      <trkpt lat="22.267452" lon="120.850921"></trkpt>
      <trkpt lat="22.267443" lon="120.850771"></trkpt>
      <trkpt lat="22.267507" lon="120.850539"></trkpt>
      <trkpt lat="22.267559" lon="120.850365"></trkpt>
      <trkpt lat="22.267603" lon="120.850110"></trkpt>
      <trkpt lat="22.267574" lon="120.849976"></trkpt>
      <trkpt lat="22.267517" lon="120.849898"></trkpt>
      <trkpt lat="22.267413" lon="120.849832"></trkpt>
      <trkpt lat="22.267293" lon="120.849775"></trkpt>
      <trkpt lat="22.266806" lon="120.849577"></trkpt>
      <trkpt lat="22.266573" lon="120.849452"></trkpt>
      <trkpt lat="22.266263" lon="120.849256"></trkpt>
      <trkpt lat="22.266184" lon="120.849237"></trkpt>
      <trkpt lat="22.266104" lon="120.849240"></trkpt>
      <trkpt lat="22.265899" lon="120.849271"></trkpt>
      <trkpt lat="22.265424" lon="120.849485"></trkpt>
      <trkpt lat="22.264975" lon="120.849652"></trkpt>
      <trkpt lat="22.264696" lon="120.849737"></trkpt>
      <trkpt lat="22.264489" lon="120.849781"></trkpt>
      <trkpt lat="22.264380" lon="120.849798"></trkpt>
      <trkpt lat="22.264230" lon="120.849797"></trkpt>
      <trkpt lat="22.263983" lon="120.849765"></trkpt>
      <trkpt lat="22.263780" lon="120.849758"></trkpt>
      <trkpt lat="22.263649" lon="120.849773"></trkpt>
      <trkpt lat="22.263347" lon="120.849875"></trkpt>
      <trkpt lat="22.263185" lon="120.849912"></trkpt>
      <trkpt lat="22.263065" lon="120.849899"></trkpt>
      <trkpt lat="22.262949" lon="120.849864"></trkpt>
      <trkpt lat="22.262252" lon="120.849536"></trkpt>
      <trkpt lat="22.262117" lon="120.849400"></trkpt>
      <trkpt lat="22.261817" lon="120.849076"></trkpt>
      <trkpt lat="22.261642" lon="120.848834"></trkpt>
      <trkpt lat="22.261548" lon="120.848704"></trkpt>
      <trkpt lat="22.261486" lon="120.848595"></trkpt>
      <trkpt lat="22.261458" lon="120.848496"></trkpt>
      <trkpt lat="22.261439" lon="120.848390"></trkpt>
      <trkpt lat="22.261431" lon="120.848269"></trkpt>
      <trkpt lat="22.261509" lon="120.848008"></trkpt>
      <trkpt lat="22.261622" lon="120.847628"></trkpt>
      <trkpt lat="22.261763" lon="120.847039"></trkpt>
      <trkpt lat="22.261791" lon="120.846897"></trkpt>
      <trkpt lat="22.261796" lon="120.846808"></trkpt>
      <trkpt lat="22.261796" lon="120.846707"></trkpt>
      <trkpt lat="22.261770" lon="120.846590"></trkpt>
      <trkpt lat="22.261622" lon="120.846337"></trkpt>
      <trkpt lat="22.261520" lon="120.846169"></trkpt>
      <trkpt lat="22.261475" lon="120.846062"></trkpt>
      <trkpt lat="22.261449" lon="120.845898"></trkpt>
      <trkpt lat="22.261502" lon="120.845711"></trkpt>
      <trkpt lat="22.261517" lon="120.845583"></trkpt>
      <trkpt lat="22.261500" lon="120.845425"></trkpt>
      <trkpt lat="22.261472" lon="120.845332"></trkpt>
      <trkpt lat="22.261402" lon="120.845217"></trkpt>
      <trkpt lat="22.261303" lon="120.845148"></trkpt>
      <trkpt lat="22.261222" lon="120.845103"></trkpt>
      <trkpt lat="22.261112" lon="120.845081"></trkpt>
      <trkpt lat="22.260952" lon="120.845102"></trkpt>
      <trkpt lat="22.260673" lon="120.845180"></trkpt>
      <trkpt lat="22.260475" lon="120.845220"></trkpt>
      <trkpt lat="22.260310" lon="120.845244"></trkpt>
      <trkpt lat="22.260198" lon="120.845252"></trkpt>
      <trkpt lat="22.260101" lon="120.845225"></trkpt>
      <trkpt lat="22.260000" lon="120.845165"></trkpt>
      <trkpt lat="22.259915" lon="120.845074"></trkpt>
      <trkpt lat="22.259830" lon="120.844949"></trkpt>
      <trkpt lat="22.259770" lon="120.844769"></trkpt>
      <trkpt lat="22.259768" lon="120.844618"></trkpt>
      <trkpt lat="22.259794" lon="120.844455"></trkpt>
      <trkpt lat="22.259802" lon="120.844327"></trkpt>
      <trkpt lat="22.259766" lon="120.844179"></trkpt>
      <trkpt lat="22.259688" lon="120.844065"></trkpt>
      <trkpt lat="22.259591" lon="120.843963"></trkpt>
      <trkpt lat="22.259501" lon="120.843843"></trkpt>
      <trkpt lat="22.259457" lon="120.843703"></trkpt>
      <trkpt lat="22.259299" lon="120.842837"></trkpt>
      <trkpt lat="22.259301" lon="120.842710"></trkpt>
      <trkpt lat="22.259323" lon="120.842627"></trkpt>
      <trkpt lat="22.259354" lon="120.842566"></trkpt>
      <trkpt lat="22.259426" lon="120.842453"></trkpt>
      <trkpt lat="22.259457" lon="120.842373"></trkpt>
      <trkpt lat="22.259483" lon="120.842271"></trkpt>
      <trkpt lat="22.259479" lon="120.842192"></trkpt>
      <trkpt lat="22.259434" lon="120.842098"></trkpt>
      <trkpt lat="22.259366" lon="120.842026"></trkpt>
      <trkpt lat="22.259279" lon="120.841948"></trkpt>
      <trkpt lat="22.259155" lon="120.841909"></trkpt>
      <trkpt lat="22.259004" lon="120.841890"></trkpt>
      <trkpt lat="22.258797" lon="120.841926"></trkpt>
      <trkpt lat="22.258486" lon="120.842019"></trkpt>
      <trkpt lat="22.258219" lon="120.842071"></trkpt>
      <trkpt lat="22.257980" lon="120.842090"></trkpt>
      <trkpt lat="22.257772" lon="120.842049"></trkpt>
      <trkpt lat="22.257404" lon="120.841948"></trkpt>
      <trkpt lat="22.257229" lon="120.841934"></trkpt>
      <trkpt lat="22.256906" lon="120.841905"></trkpt>
      <trkpt lat="22.256682" lon="120.841847"></trkpt>
      <trkpt lat="22.256188" lon="120.841662"></trkpt>
      <trkpt lat="22.255050" lon="120.841194"></trkpt>
      <trkpt lat="22.254891" lon="120.841163"></trkpt>
      <trkpt lat="22.254716" lon="120.841156"></trkpt>
      <trkpt lat="22.254519" lon="120.841160"></trkpt>
      <trkpt lat="22.254377" lon="120.841249"></trkpt>
      <trkpt lat="22.254166" lon="120.841390"></trkpt>
      <trkpt lat="22.253939" lon="120.841462"></trkpt>
      <trkpt lat="22.253826" lon="120.841473"></trkpt>
      <trkpt lat="22.253588" lon="120.841446"></trkpt>
      <trkpt lat="22.253380" lon="120.841447"></trkpt>
      <trkpt lat="22.252921" lon="120.841489"></trkpt>
      <trkpt lat="22.252743" lon="120.841498"></trkpt>
      <trkpt lat="22.252616" lon="120.841489"></trkpt>
      <trkpt lat="22.252512" lon="120.841481"></trkpt>
      <trkpt lat="22.252398" lon="120.841438"></trkpt>
      <trkpt lat="22.252302" lon="120.841371"></trkpt>
      <trkpt lat="22.252217" lon="120.841270"></trkpt>
      <trkpt lat="22.252152" lon="120.841161"></trkpt>
      <trkpt lat="22.251976" lon="120.840826"></trkpt>
      <trkpt lat="22.251703" lon="120.840319"></trkpt>
      <trkpt lat="22.251452" lon="120.839841"></trkpt>
      <trkpt lat="22.251361" lon="120.839660"></trkpt>
      <trkpt lat="22.251277" lon="120.839539"></trkpt>
      <trkpt lat="22.251170" lon="120.839442"></trkpt>
      <trkpt lat="22.250930" lon="120.839300"></trkpt>
      <trkpt lat="22.250831" lon="120.839229"></trkpt>
      <trkpt lat="22.250744" lon="120.839139"></trkpt>
      <trkpt lat="22.250606" lon="120.838945"></trkpt>
      <trkpt lat="22.250516" lon="120.838800"></trkpt>
      <trkpt lat="22.250447" lon="120.838626"></trkpt>
      <trkpt lat="22.250372" lon="120.838415"></trkpt>
      <trkpt lat="22.249927" lon="120.837858"></trkpt>
      <trkpt lat="22.249821" lon="120.837733"></trkpt>
      <trkpt lat="22.249709" lon="120.837656"></trkpt>
      <trkpt lat="22.249644" lon="120.837616"></trkpt>
      <trkpt lat="22.249523" lon="120.837582"></trkpt>
      <trkpt lat="22.249412" lon="120.837595"></trkpt>
      <trkpt lat="22.249344" lon="120.837637"></trkpt>
      <trkpt lat="22.249262" lon="120.837759"></trkpt>
      <trkpt lat="22.249026" lon="120.838373"></trkpt>
      <trkpt lat="22.248957" lon="120.838502"></trkpt>
      <trkpt lat="22.248882" lon="120.838552"></trkpt>
      <trkpt lat="22.248795" lon="120.838567"></trkpt>
      <trkpt lat="22.248712" lon="120.838577"></trkpt>
      <trkpt lat="22.248397" lon="120.838515"></trkpt>
      <trkpt lat="22.248163" lon="120.838497"></trkpt>
      <trkpt lat="22.247869" lon="120.838506"></trkpt>
      <trkpt lat="22.247729" lon="120.838507"></trkpt>
      <trkpt lat="22.247586" lon="120.838488"></trkpt>
      <trkpt lat="22.247472" lon="120.838439"></trkpt>
      <trkpt lat="22.247410" lon="120.838358"></trkpt>
      <trkpt lat="22.247351" lon="120.838238"></trkpt>
      <trkpt lat="22.247323" lon="120.838126"></trkpt>
      <trkpt lat="22.247308" lon="120.837919"></trkpt>
      <trkpt lat="22.247443" lon="120.837219"></trkpt>
      <trkpt lat="22.247453" lon="120.837090"></trkpt>
      <trkpt lat="22.247437" lon="120.836985"></trkpt>
      <trkpt lat="22.247400" lon="120.836886"></trkpt>
      <trkpt lat="22.247335" lon="120.836795"></trkpt>
      <trkpt lat="22.246921" lon="120.836425"></trkpt>
      <trkpt lat="22.246848" lon="120.836337"></trkpt>
      <trkpt lat="22.246797" lon="120.836245"></trkpt>
      <trkpt lat="22.246765" lon="120.836154"></trkpt>
      <trkpt lat="22.246736" lon="120.836009"></trkpt>
      <trkpt lat="22.246734" lon="120.835861"></trkpt>
      <trkpt lat="22.246759" lon="120.835713"></trkpt>
      <trkpt lat="22.246781" lon="120.835622"></trkpt>
      <trkpt lat="22.246821" lon="120.835556"></trkpt>
      <trkpt lat="22.246881" lon="120.835488"></trkpt>
      <trkpt lat="22.246921" lon="120.835460"></trkpt>
      <trkpt lat="22.247066" lon="120.835373"></trkpt>
      <trkpt lat="22.247141" lon="120.835303"></trkpt>
      <trkpt lat="22.247205" lon="120.835231"></trkpt>
      <trkpt lat="22.247235" lon="120.835173"></trkpt>
      <trkpt lat="22.247261" lon="120.835081"></trkpt>
      <trkpt lat="22.247266" lon="120.835009"></trkpt>
      <trkpt lat="22.247244" lon="120.834909"></trkpt>
      <trkpt lat="22.247195" lon="120.834827"></trkpt>
      <trkpt lat="22.247141" lon="120.834774"></trkpt>
      <trkpt lat="22.247045" lon="120.834718"></trkpt>
      <trkpt lat="22.246943" lon="120.834696"></trkpt>
      <trkpt lat="22.246800" lon="120.834704"></trkpt>
      <trkpt lat="22.246641" lon="120.834768"></trkpt>
      <trkpt lat="22.246446" lon="120.834853"></trkpt>
      <trkpt lat="22.246270" lon="120.834951"></trkpt>
      <trkpt lat="22.246195" lon="120.835013"></trkpt>
      <trkpt lat="22.246098" lon="120.835116"></trkpt>
      <trkpt lat="22.245995" lon="120.835256"></trkpt>
      <trkpt lat="22.245900" lon="120.835389"></trkpt>
      <trkpt lat="22.245807" lon="120.835464"></trkpt>
      <trkpt lat="22.245722" lon="120.835516"></trkpt>
      <trkpt lat="22.245609" lon="120.835540"></trkpt>
      <trkpt lat="22.245491" lon="120.835544"></trkpt>
      <trkpt lat="22.245266" lon="120.835511"></trkpt>
      <trkpt lat="22.245275" lon="120.835626"></trkpt>
      <trkpt lat="22.245296" lon="120.835733"></trkpt>
      <trkpt lat="22.245328" lon="120.835822"></trkpt>
      <trkpt lat="22.245404" lon="120.836003"></trkpt>
      <trkpt lat="22.245411" lon="120.836105"></trkpt>
      <trkpt lat="22.245340" lon="120.836252"></trkpt>
      <trkpt lat="22.245161" lon="120.836558"></trkpt>
      <trkpt lat="22.244972" lon="120.836798"></trkpt>
      <trkpt lat="22.244779" lon="120.837048"></trkpt>
      <trkpt lat="22.244663" lon="120.837242"></trkpt>
      <trkpt lat="22.244609" lon="120.837312"></trkpt>
      <trkpt lat="22.244530" lon="120.837409"></trkpt>
      <trkpt lat="22.244346" lon="120.837568"></trkpt>
      <trkpt lat="22.244296" lon="120.837629"></trkpt>
      <trkpt lat="22.244268" lon="120.837687"></trkpt>
      <trkpt lat="22.244267" lon="120.837777"></trkpt>
      <trkpt lat="22.244305" lon="120.837859"></trkpt>
      <trkpt lat="22.244396" lon="120.838019"></trkpt>
      <trkpt lat="22.244431" lon="120.838139"></trkpt>
      <trkpt lat="22.244468" lon="120.838646"></trkpt>
      <trkpt lat="22.244466" lon="120.838761"></trkpt>
      <trkpt lat="22.244442" lon="120.838849"></trkpt>
      <trkpt lat="22.244372" lon="120.838976"></trkpt>
      <trkpt lat="22.244140" lon="120.839281"></trkpt>
      <trkpt lat="22.244078" lon="120.839373"></trkpt>
      <trkpt lat="22.244055" lon="120.839432"></trkpt>
      <trkpt lat="22.244050" lon="120.839515"></trkpt>
      <trkpt lat="22.244073" lon="120.839594"></trkpt>
      <trkpt lat="22.244150" lon="120.839649"></trkpt>
      <trkpt lat="22.244252" lon="120.839742"></trkpt>
      <trkpt lat="22.244402" lon="120.839906"></trkpt>
      <trkpt lat="22.244445" lon="120.840020"></trkpt>
      <trkpt lat="22.244490" lon="120.840278"></trkpt>
      <trkpt lat="22.244586" lon="120.840587"></trkpt>
      <trkpt lat="22.244605" lon="120.840746"></trkpt>
      <trkpt lat="22.244603" lon="120.840798"></trkpt>
      <trkpt lat="22.244586" lon="120.840916"></trkpt>
      <trkpt lat="22.244535" lon="120.841043"></trkpt>
      <trkpt lat="22.244505" lon="120.841114"></trkpt>
      <trkpt lat="22.244286" lon="120.841414"></trkpt>
      <trkpt lat="22.244158" lon="120.841623"></trkpt>
      <trkpt lat="22.244101" lon="120.841682"></trkpt>
      <trkpt lat="22.243967" lon="120.841838"></trkpt>
      <trkpt lat="22.243793" lon="120.841995"></trkpt>
      <trkpt lat="22.243470" lon="120.842317"></trkpt>
      <trkpt lat="22.243390" lon="120.842412"></trkpt>
      <trkpt lat="22.243328" lon="120.842524"></trkpt>
      <trkpt lat="22.243281" lon="120.842636"></trkpt>
      <trkpt lat="22.243257" lon="120.842747"></trkpt>
      <trkpt lat="22.243242" lon="120.842831"></trkpt>
      <trkpt lat="22.243246" lon="120.842988"></trkpt>
      <trkpt lat="22.243270" lon="120.843137"></trkpt>
      <trkpt lat="22.243288" lon="120.843258"></trkpt>
      <trkpt lat="22.243284" lon="120.843364"></trkpt>
      <trkpt lat="22.243234" lon="120.843546"></trkpt>
      <trkpt lat="22.243219" lon="120.843601"></trkpt>
      <trkpt lat="22.243193" lon="120.843704"></trkpt>
      <trkpt lat="22.243164" lon="120.843947"></trkpt>
      <trkpt lat="22.243139" lon="120.844128"></trkpt>
      <trkpt lat="22.243093" lon="120.844226"></trkpt>
      <trkpt lat="22.243007" lon="120.844317"></trkpt>
      <trkpt lat="22.242897" lon="120.844417"></trkpt>
      <trkpt lat="22.242774" lon="120.844530"></trkpt>
      <trkpt lat="22.242688" lon="120.844659"></trkpt>
      <trkpt lat="22.242590" lon="120.844861"></trkpt>
      <trkpt lat="22.242554" lon="120.844991"></trkpt>
      <trkpt lat="22.242549" lon="120.845053"></trkpt>
      <trkpt lat="22.242575" lon="120.845120"></trkpt>
      <trkpt lat="22.242635" lon="120.845187"></trkpt>
      <trkpt lat="22.242761" lon="120.845283"></trkpt>
      <trkpt lat="22.242827" lon="120.845343"></trkpt>
      <trkpt lat="22.242924" lon="120.845451"></trkpt>
      <trkpt lat="22.243173" lon="120.845952"></trkpt>
      <trkpt lat="22.243260" lon="120.846082"></trkpt>
      <trkpt lat="22.243330" lon="120.846191"></trkpt>
      <trkpt lat="22.243367" lon="120.846270"></trkpt>
      <trkpt lat="22.243376" lon="120.846324"></trkpt>
      <trkpt lat="22.243365" lon="120.846413"></trkpt>
      <trkpt lat="22.243320" lon="120.846487"></trkpt>
      <trkpt lat="22.243278" lon="120.846534"></trkpt>
      <trkpt lat="22.243193" lon="120.846595"></trkpt>
      <trkpt lat="22.243052" lon="120.846691"></trkpt>
      <trkpt lat="22.242956" lon="120.846765"></trkpt>
      <trkpt lat="22.242892" lon="120.846832"></trkpt>
      <trkpt lat="22.242803" lon="120.846952"></trkpt>
      <trkpt lat="22.242703" lon="120.847146"></trkpt>
      <trkpt lat="22.242598" lon="120.847363"></trkpt>
      <trkpt lat="22.242552" lon="120.847530"></trkpt>
      <trkpt lat="22.242539" lon="120.847670"></trkpt>
      <trkpt lat="22.242550" lon="120.847900"></trkpt>
      <trkpt lat="22.242563" lon="120.847965"></trkpt>
      <trkpt lat="22.242598" lon="120.848037"></trkpt>
      <trkpt lat="22.242657" lon="120.848114"></trkpt>
      <trkpt lat="22.242724" lon="120.848176"></trkpt>
      <trkpt lat="22.242841" lon="120.848280"></trkpt>
      <trkpt lat="22.242949" lon="120.848414"></trkpt>
      <trkpt lat="22.243092" lon="120.848566"></trkpt>
      <trkpt lat="22.243134" lon="120.848639"></trkpt>
      <trkpt lat="22.243168" lon="120.848735"></trkpt>
      <trkpt lat="22.243198" lon="120.849106"></trkpt>
      <trkpt lat="22.243219" lon="120.849206"></trkpt>
      <trkpt lat="22.243272" lon="120.849375"></trkpt>
      <trkpt lat="22.243294" lon="120.849473"></trkpt>
      <trkpt lat="22.243296" lon="120.849546"></trkpt>
      <trkpt lat="22.243275" lon="120.849644"></trkpt>
      <trkpt lat="22.243204" lon="120.849728"></trkpt>
      <trkpt lat="22.243071" lon="120.849836"></trkpt>
      <trkpt lat="22.242986" lon="120.849953"></trkpt>
      <trkpt lat="22.242947" lon="120.850083"></trkpt>
      <trkpt lat="22.242942" lon="120.850237"></trkpt>
      <trkpt lat="22.242971" lon="120.850383"></trkpt>
      <trkpt lat="22.243014" lon="120.850512"></trkpt>
      <trkpt lat="22.243051" lon="120.850590"></trkpt>
      <trkpt lat="22.243125" lon="120.850664"></trkpt>
      <trkpt lat="22.243288" lon="120.850781"></trkpt>
      <trkpt lat="22.243335" lon="120.850858"></trkpt>
      <trkpt lat="22.243346" lon="120.850934"></trkpt>
      <trkpt lat="22.243333" lon="120.850999"></trkpt>
      <trkpt lat="22.243302" lon="120.851085"></trkpt>
      <trkpt lat="22.243243" lon="120.851252"></trkpt>
      <trkpt lat="22.243130" lon="120.851603"></trkpt>
      <trkpt lat="22.243030" lon="120.852100"></trkpt>
      <trkpt lat="22.242991" lon="120.852203"></trkpt>
      <trkpt lat="22.242882" lon="120.852405"></trkpt>
      <trkpt lat="22.242744" lon="120.852765"></trkpt>
      <trkpt lat="22.242662" lon="120.852914"></trkpt>
      <trkpt lat="22.242574" lon="120.853024"></trkpt>
      <trkpt lat="22.242420" lon="120.853139"></trkpt>
      <trkpt lat="22.242329" lon="120.853239"></trkpt>
      <trkpt lat="22.242290" lon="120.853318"></trkpt>
      <trkpt lat="22.242271" lon="120.853418"></trkpt>
      <trkpt lat="22.242271" lon="120.853598"></trkpt>
      <trkpt lat="22.242311" lon="120.853750"></trkpt>
      <trkpt lat="22.242345" lon="120.853836"></trkpt>
      <trkpt lat="22.242412" lon="120.853976"></trkpt>
      <trkpt lat="22.242360" lon="120.854109"></trkpt>
      <trkpt lat="22.242306" lon="120.854247"></trkpt>
      <trkpt lat="22.242221" lon="120.854365"></trkpt>
      <trkpt lat="22.242086" lon="120.854491"></trkpt>
      <trkpt lat="22.241948" lon="120.854555"></trkpt>
      <trkpt lat="22.241701" lon="120.854633"></trkpt>
      <trkpt lat="22.241284" lon="120.854710"></trkpt>
      <trkpt lat="22.240667" lon="120.854799"></trkpt>
      <trkpt lat="22.240583" lon="120.854846"></trkpt>
      <trkpt lat="22.240546" lon="120.854904"></trkpt>
      <trkpt lat="22.240535" lon="120.854990"></trkpt>
      <trkpt lat="22.240555" lon="120.855060"></trkpt>
      <trkpt lat="22.240604" lon="120.855133"></trkpt>
      <trkpt lat="22.240908" lon="120.855456"></trkpt>
      <trkpt lat="22.240957" lon="120.855569"></trkpt>
      <trkpt lat="22.240970" lon="120.855645"></trkpt>
      <trkpt lat="22.240952" lon="120.855754"></trkpt>
      <trkpt lat="22.240900" lon="120.855888"></trkpt>
      <trkpt lat="22.240862" lon="120.855950"></trkpt>
      <trkpt lat="22.240816" lon="120.855990"></trkpt>
      <trkpt lat="22.240726" lon="120.856026"></trkpt>
      <trkpt lat="22.240540" lon="120.856065"></trkpt>
      <trkpt lat="22.240427" lon="120.856106"></trkpt>
      <trkpt lat="22.240109" lon="120.856286"></trkpt>
      <trkpt lat="22.240059" lon="120.856353"></trkpt>
      <trkpt lat="22.240048" lon="120.856401"></trkpt>
      <trkpt lat="22.240048" lon="120.856475"></trkpt>
      <trkpt lat="22.240064" lon="120.856531"></trkpt>
      <trkpt lat="22.240092" lon="120.856592"></trkpt>
      <trkpt lat="22.240156" lon="120.856686"></trkpt>
      <trkpt lat="22.240283" lon="120.856767"></trkpt>
      <trkpt lat="22.240365" lon="120.856838"></trkpt>
      <trkpt lat="22.240390" lon="120.856870"></trkpt>
      <trkpt lat="22.240411" lon="120.856916"></trkpt>
      <trkpt lat="22.240420" lon="120.856989"></trkpt>
      <trkpt lat="22.240405" lon="120.857060"></trkpt>
      <trkpt lat="22.240362" lon="120.857121"></trkpt>
      <trkpt lat="22.240299" lon="120.857188"></trkpt>
      <trkpt lat="22.240162" lon="120.857258"></trkpt>
      <trkpt lat="22.239995" lon="120.857313"></trkpt>
      <trkpt lat="22.239876" lon="120.857359"></trkpt>
      <trkpt lat="22.239725" lon="120.857453"></trkpt>
      <trkpt lat="22.239656" lon="120.857487"></trkpt>
      <trkpt lat="22.239594" lon="120.857487"></trkpt>
      <trkpt lat="22.239540" lon="120.857453"></trkpt>
      <trkpt lat="22.239498" lon="120.857397"></trkpt>
      <trkpt lat="22.239380" lon="120.857278"></trkpt>
      <trkpt lat="22.239103" lon="120.857097"></trkpt>
      <trkpt lat="22.238857" lon="120.856894"></trkpt>
      <trkpt lat="22.238750" lon="120.856859"></trkpt>
      <trkpt lat="22.238663" lon="120.856869"></trkpt>
      <trkpt lat="22.238590" lon="120.856915"></trkpt>
      <trkpt lat="22.238543" lon="120.856968"></trkpt>
      <trkpt lat="22.238516" lon="120.857043"></trkpt>
      <trkpt lat="22.238495" lon="120.857153"></trkpt>
      <trkpt lat="22.238529" lon="120.857232"></trkpt>
      <trkpt lat="22.238618" lon="120.857410"></trkpt>
      <trkpt lat="22.238640" lon="120.857487"></trkpt>
      <trkpt lat="22.238640" lon="120.857655"></trkpt>
      <trkpt lat="22.238627" lon="120.857795"></trkpt>
      <trkpt lat="22.238571" lon="120.857965"></trkpt>
      <trkpt lat="22.238542" lon="120.858018"></trkpt>
      <trkpt lat="22.238513" lon="120.858069"></trkpt>
      <trkpt lat="22.238452" lon="120.858120"></trkpt>
      <trkpt lat="22.238390" lon="120.858139"></trkpt>
      <trkpt lat="22.238299" lon="120.858142"></trkpt>
      <trkpt lat="22.238251" lon="120.858120"></trkpt>
      <trkpt lat="22.238110" lon="120.858068"></trkpt>
      <trkpt lat="22.238046" lon="120.858068"></trkpt>
      <trkpt lat="22.237993" lon="120.858088"></trkpt>
      <trkpt lat="22.237943" lon="120.858141"></trkpt>
      <trkpt lat="22.237883" lon="120.858227"></trkpt>
      <trkpt lat="22.237792" lon="120.858429"></trkpt>
      <trkpt lat="22.237739" lon="120.858499"></trkpt>
      <trkpt lat="22.237705" lon="120.858536"></trkpt>
      <trkpt lat="22.237660" lon="120.858547"></trkpt>
      <trkpt lat="22.237470" lon="120.858569"></trkpt>
      <trkpt lat="22.237366" lon="120.858571"></trkpt>
      <trkpt lat="22.237304" lon="120.858545"></trkpt>
      <trkpt lat="22.237258" lon="120.858496"></trkpt>
      <trkpt lat="22.237221" lon="120.858418"></trkpt>
      <trkpt lat="22.237151" lon="120.858181"></trkpt>
      <trkpt lat="22.237085" lon="120.857948"></trkpt>
      <trkpt lat="22.237053" lon="120.857869"></trkpt>
      <trkpt lat="22.237007" lon="120.857807"></trkpt>
      <trkpt lat="22.236940" lon="120.857756"></trkpt>
      <trkpt lat="22.236878" lon="120.857731"></trkpt>
      <trkpt lat="22.236839" lon="120.857726"></trkpt>
      <trkpt lat="22.236792" lon="120.857743"></trkpt>
      <trkpt lat="22.236738" lon="120.857781"></trkpt>
      <trkpt lat="22.236709" lon="120.857842"></trkpt>
      <trkpt lat="22.236685" lon="120.857963"></trkpt>
      <trkpt lat="22.236683" lon="120.858055"></trkpt>
      <trkpt lat="22.236726" lon="120.858188"></trkpt>
      <trkpt lat="22.236769" lon="120.858294"></trkpt>
      <trkpt lat="22.236785" lon="120.858389"></trkpt>
      <trkpt lat="22.236775" lon="120.858485"></trkpt>
      <trkpt lat="22.236712" lon="120.858710"></trkpt>
      <trkpt lat="22.236722" lon="120.858798"></trkpt>
      <trkpt lat="22.236753" lon="120.858880"></trkpt>
      <trkpt lat="22.236846" lon="120.859008"></trkpt>
      <trkpt lat="22.236955" lon="120.859193"></trkpt>
      <trkpt lat="22.237087" lon="120.859432"></trkpt>
      <trkpt lat="22.237254" lon="120.859653"></trkpt>
      <trkpt lat="22.237344" lon="120.859758"></trkpt>
      <trkpt lat="22.237366" lon="120.859805"></trkpt>
      <trkpt lat="22.237381" lon="120.859849"></trkpt>
      <trkpt lat="22.237371" lon="120.859904"></trkpt>
      <trkpt lat="22.237341" lon="120.859976"></trkpt>
      <trkpt lat="22.237258" lon="120.860071"></trkpt>
      <trkpt lat="22.237213" lon="120.860099"></trkpt>
      <trkpt lat="22.237175" lon="120.860123"></trkpt>
      <trkpt lat="22.236991" lon="120.860163"></trkpt>
      <trkpt lat="22.236852" lon="120.860191"></trkpt>
      <trkpt lat="22.236690" lon="120.860260"></trkpt>
      <trkpt lat="22.236562" lon="120.860323"></trkpt>
      <trkpt lat="22.236461" lon="120.860315"></trkpt>
      <trkpt lat="22.236356" lon="120.860312"></trkpt>
      <trkpt lat="22.236274" lon="120.860313"></trkpt>
      <trkpt lat="22.236194" lon="120.860348"></trkpt>
      <trkpt lat="22.236165" lon="120.860369"></trkpt>
      <trkpt lat="22.236142" lon="120.860398"></trkpt>
      <trkpt lat="22.236123" lon="120.860443"></trkpt>
      <trkpt lat="22.236100" lon="120.860517"></trkpt>
      <trkpt lat="22.235998" lon="120.860805"></trkpt>
      <trkpt lat="22.235981" lon="120.860896"></trkpt>
      <trkpt lat="22.236001" lon="120.860997"></trkpt>
      <trkpt lat="22.236048" lon="120.861077"></trkpt>
      <trkpt lat="22.236124" lon="120.861146"></trkpt>
      <trkpt lat="22.236176" lon="120.861167"></trkpt>
      <trkpt lat="22.236375" lon="120.861222"></trkpt>
      <trkpt lat="22.236470" lon="120.861267"></trkpt>
      <trkpt lat="22.236534" lon="120.861307"></trkpt>
      <trkpt lat="22.236599" lon="120.861370"></trkpt>
      <trkpt lat="22.236625" lon="120.861431"></trkpt>
      <trkpt lat="22.236631" lon="120.861502"></trkpt>
      <trkpt lat="22.236602" lon="120.861580"></trkpt>
      <trkpt lat="22.236545" lon="120.861664"></trkpt>
      <trkpt lat="22.236450" lon="120.861761"></trkpt>
      <trkpt lat="22.236343" lon="120.861865"></trkpt>
      <trkpt lat="22.236275" lon="120.861945"></trkpt>
      <trkpt lat="22.236224" lon="120.862068"></trkpt>
      <trkpt lat="22.236139" lon="120.862283"></trkpt>
      <trkpt lat="22.236042" lon="120.862469"></trkpt>
      <trkpt lat="22.235950" lon="120.862609"></trkpt>
      <trkpt lat="22.235804" lon="120.862722"></trkpt>
      <trkpt lat="22.235541" lon="120.862923"></trkpt>
      <trkpt lat="22.235280" lon="120.863106"></trkpt>
      <trkpt lat="22.235202" lon="120.863177"></trkpt>
      <trkpt lat="22.235091" lon="120.863242"></trkpt>
      <trkpt lat="22.234932" lon="120.863306"></trkpt>
      <trkpt lat="22.234833" lon="120.863315"></trkpt>
      <trkpt lat="22.234688" lon="120.863324"></trkpt>
      <trkpt lat="22.234580" lon="120.863294"></trkpt>
      <trkpt lat="22.234488" lon="120.863272"></trkpt>
      <trkpt lat="22.234410" lon="120.863268"></trkpt>
      <trkpt lat="22.234333" lon="120.863270"></trkpt>
      <trkpt lat="22.234234" lon="120.863322"></trkpt>
      <trkpt lat="22.234183" lon="120.863398"></trkpt>
      <trkpt lat="22.234173" lon="120.863472"></trkpt>
      <trkpt lat="22.234179" lon="120.863527"></trkpt>
      <trkpt lat="22.234208" lon="120.863581"></trkpt>
      <trkpt lat="22.234329" lon="120.863725"></trkpt>
      <trkpt lat="22.234369" lon="120.863782"></trkpt>
      <trkpt lat="22.234433" lon="120.863908"></trkpt>
      <trkpt lat="22.234511" lon="120.864087"></trkpt>
      <trkpt lat="22.234577" lon="120.864210"></trkpt>
      <trkpt lat="22.234647" lon="120.864286"></trkpt>
      <trkpt lat="22.234785" lon="120.864420"></trkpt>
      <trkpt lat="22.234833" lon="120.864474"></trkpt>
      <trkpt lat="22.234859" lon="120.864521"></trkpt>
      <trkpt lat="22.234867" lon="120.864605"></trkpt>
      <trkpt lat="22.234840" lon="120.864672"></trkpt>
      <trkpt lat="22.234794" lon="120.864721"></trkpt>
      <trkpt lat="22.234619" lon="120.864784"></trkpt>
      <trkpt lat="22.234234" lon="120.864890"></trkpt>
      <trkpt lat="22.234063" lon="120.864963"></trkpt>
      <trkpt lat="22.233948" lon="120.865004"></trkpt>
      <trkpt lat="22.233880" lon="120.865015"></trkpt>
      <trkpt lat="22.233794" lon="120.865014"></trkpt>
      <trkpt lat="22.233667" lon="120.865011"></trkpt>
      <trkpt lat="22.233593" lon="120.865000"></trkpt>
      <trkpt lat="22.233515" lon="120.865001"></trkpt>
      <trkpt lat="22.233415" lon="120.865079"></trkpt>
      <trkpt lat="22.233296" lon="120.865216"></trkpt>
      <trkpt lat="22.233195" lon="120.865309"></trkpt>
      <trkpt lat="22.233154" lon="120.865373"></trkpt>
      <trkpt lat="22.233138" lon="120.865442"></trkpt>
      <trkpt lat="22.233140" lon="120.865517"></trkpt>
      <trkpt lat="22.233180" lon="120.865772"></trkpt>
      <trkpt lat="22.233187" lon="120.865850"></trkpt>
      <trkpt lat="22.233178" lon="120.865918"></trkpt>
      <trkpt lat="22.233123" lon="120.866068"></trkpt>
      <trkpt lat="22.233021" lon="120.866258"></trkpt>
      <trkpt lat="22.232923" lon="120.866431"></trkpt>
      <trkpt lat="22.232834" lon="120.866573"></trkpt>
      <trkpt lat="22.232753" lon="120.866663"></trkpt>
      <trkpt lat="22.232690" lon="120.866694"></trkpt>
      <trkpt lat="22.232614" lon="120.866720"></trkpt>
      <trkpt lat="22.232522" lon="120.866737"></trkpt>
      <trkpt lat="22.232432" lon="120.866734"></trkpt>
      <trkpt lat="22.232301" lon="120.866710"></trkpt>
      <trkpt lat="22.232187" lon="120.866687"></trkpt>
      <trkpt lat="22.232119" lon="120.866685"></trkpt>
      <trkpt lat="22.232026" lon="120.866734"></trkpt>
      <trkpt lat="22.231987" lon="120.866784"></trkpt>
      <trkpt lat="22.231969" lon="120.866849"></trkpt>
      <trkpt lat="22.231964" lon="120.866884"></trkpt>
      <trkpt lat="22.231964" lon="120.866951"></trkpt>
      <trkpt lat="22.231986" lon="120.867026"></trkpt>
      <trkpt lat="22.232099" lon="120.867265"></trkpt>
      <trkpt lat="22.232166" lon="120.867456"></trkpt>
      <trkpt lat="22.232155" lon="120.867632"></trkpt>
      <trkpt lat="22.232125" lon="120.867755"></trkpt>
      <trkpt lat="22.232098" lon="120.867876"></trkpt>
      <trkpt lat="22.232039" lon="120.868031"></trkpt>
      <trkpt lat="22.231954" lon="120.868163"></trkpt>
      <trkpt lat="22.231785" lon="120.868321"></trkpt>
      <trkpt lat="22.231646" lon="120.868411"></trkpt>
      <trkpt lat="22.231419" lon="120.868512"></trkpt>
      <trkpt lat="22.231155" lon="120.868596"></trkpt>
      <trkpt lat="22.230963" lon="120.868629"></trkpt>
      <trkpt lat="22.230805" lon="120.868652"></trkpt>
      <trkpt lat="22.230520" lon="120.868702"></trkpt>
      <trkpt lat="22.230347" lon="120.868719"></trkpt>
      <trkpt lat="22.230119" lon="120.868668"></trkpt>
      <trkpt lat="22.229980" lon="120.868623"></trkpt>
      <trkpt lat="22.229891" lon="120.868591"></trkpt>
      <trkpt lat="22.229783" lon="120.868582"></trkpt>
      <trkpt lat="22.229729" lon="120.868589"></trkpt>
      <trkpt lat="22.229651" lon="120.868612"></trkpt>
      <trkpt lat="22.229584" lon="120.868631"></trkpt>
      <trkpt lat="22.229421" lon="120.868651"></trkpt>
      <trkpt lat="22.229248" lon="120.868632"></trkpt>
      <trkpt lat="22.229020" lon="120.868595"></trkpt>
      <trkpt lat="22.228835" lon="120.868588"></trkpt>
      <trkpt lat="22.228711" lon="120.868576"></trkpt>
      <trkpt lat="22.228581" lon="120.868533"></trkpt>
      <trkpt lat="22.228443" lon="120.868443"></trkpt>
      <trkpt lat="22.228365" lon="120.868361"></trkpt>
      <trkpt lat="22.228288" lon="120.868255"></trkpt>
      <trkpt lat="22.228181" lon="120.868151"></trkpt>
      <trkpt lat="22.228082" lon="120.868106"></trkpt>
      <trkpt lat="22.227972" lon="120.868090"></trkpt>
      <trkpt lat="22.227711" lon="120.868042"></trkpt>
      <trkpt lat="22.227460" lon="120.868017"></trkpt>
      <trkpt lat="22.227290" lon="120.868003"></trkpt>
      <trkpt lat="22.227183" lon="120.867978"></trkpt>
      <trkpt lat="22.227022" lon="120.867921"></trkpt>
      <trkpt lat="22.226844" lon="120.867821"></trkpt>
      <trkpt lat="22.226691" lon="120.867778"></trkpt>
      <trkpt lat="22.226512" lon="120.867775"></trkpt>
      <trkpt lat="22.226461" lon="120.867769"></trkpt>
      <trkpt lat="22.226329" lon="120.867730"></trkpt>
      <trkpt lat="22.226206" lon="120.867701"></trkpt>
      <trkpt lat="22.226141" lon="120.867653"></trkpt>
      <trkpt lat="22.226063" lon="120.867548"></trkpt>
      <trkpt lat="22.226014" lon="120.867510"></trkpt>
      <trkpt lat="22.225932" lon="120.867465"></trkpt>
      <trkpt lat="22.225854" lon="120.867426"></trkpt>
      <trkpt lat="22.225512" lon="120.867288"></trkpt>
      <trkpt lat="22.225458" lon="120.867249"></trkpt>
      <trkpt lat="22.225426" lon="120.867207"></trkpt>
      <trkpt lat="22.225402" lon="120.867145"></trkpt>
      <trkpt lat="22.225367" lon="120.866986"></trkpt>
      <trkpt lat="22.225286" lon="120.866823"></trkpt>
      <trkpt lat="22.225228" lon="120.866740"></trkpt>
      <trkpt lat="22.225150" lon="120.866710"></trkpt>
      <trkpt lat="22.225035" lon="120.866722"></trkpt>
      <trkpt lat="22.224823" lon="120.866768"></trkpt>
      <trkpt lat="22.224652" lon="120.866777"></trkpt>
      <trkpt lat="22.224437" lon="120.866773"></trkpt>
      <trkpt lat="22.224262" lon="120.866799"></trkpt>
      <trkpt lat="22.224068" lon="120.866872"></trkpt>
      <trkpt lat="22.223911" lon="120.866970"></trkpt>
      <trkpt lat="22.223851" lon="120.867006"></trkpt>
      <trkpt lat="22.223821" lon="120.867016"></trkpt>
      <trkpt lat="22.223780" lon="120.867019"></trkpt>
      <trkpt lat="22.223741" lon="120.867012"></trkpt>
      <trkpt lat="22.223705" lon="120.866997"></trkpt>
      <trkpt lat="22.223631" lon="120.866946"></trkpt>
      <trkpt lat="22.223577" lon="120.866923"></trkpt>
      <trkpt lat="22.223528" lon="120.866918"></trkpt>
      <trkpt lat="22.223472" lon="120.866935"></trkpt>
      <trkpt lat="22.223418" lon="120.866964"></trkpt>
      <trkpt lat="22.223374" lon="120.867010"></trkpt>
      <trkpt lat="22.223270" lon="120.867163"></trkpt>
      <trkpt lat="22.223155" lon="120.867386"></trkpt>
      <trkpt lat="22.223075" lon="120.867513"></trkpt>
      <trkpt lat="22.223038" lon="120.867563"></trkpt>
      <trkpt lat="22.222989" lon="120.867599"></trkpt>
      <trkpt lat="22.222888" lon="120.867637"></trkpt>
      <trkpt lat="22.222140" lon="120.867876"></trkpt>
      <trkpt lat="22.221568" lon="120.868047"></trkpt>
      <trkpt lat="22.221474" lon="120.868070"></trkpt>
      <trkpt lat="22.221391" lon="120.868074"></trkpt>
      <trkpt lat="22.221281" lon="120.868065"></trkpt>
      <trkpt lat="22.221095" lon="120.868006"></trkpt>
      <trkpt lat="22.220703" lon="120.867811"></trkpt>
      <trkpt lat="22.220255" lon="120.867525"></trkpt>
      <trkpt lat="22.220149" lon="120.867416"></trkpt>
      <trkpt lat="22.220065" lon="120.867338"></trkpt>
      <trkpt lat="22.219976" lon="120.867232"></trkpt>
      <trkpt lat="22.219935" lon="120.867119"></trkpt>
      <trkpt lat="22.219898" lon="120.867021"></trkpt>
      <trkpt lat="22.219801" lon="120.866928"></trkpt>
      <trkpt lat="22.219648" lon="120.866824"></trkpt>
      <trkpt lat="22.219499" lon="120.866677"></trkpt>
      <trkpt lat="22.219342" lon="120.866469"></trkpt>
      <trkpt lat="22.219232" lon="120.866360"></trkpt>
      <trkpt lat="22.219180" lon="120.866329"></trkpt>
      <trkpt lat="22.219095" lon="120.866328"></trkpt>
      <trkpt lat="22.219012" lon="120.866355"></trkpt>
      <trkpt lat="22.218925" lon="120.866406"></trkpt>
      <trkpt lat="22.218857" lon="120.866440"></trkpt>
      <trkpt lat="22.218793" lon="120.866453"></trkpt>
      <trkpt lat="22.218725" lon="120.866458"></trkpt>
      <trkpt lat="22.218623" lon="120.866437"></trkpt>
      <trkpt lat="22.218417" lon="120.866395"></trkpt>
      <trkpt lat="22.218281" lon="120.866380"></trkpt>
      <trkpt lat="22.218189" lon="120.866406"></trkpt>
      <trkpt lat="22.218060" lon="120.866504"></trkpt>
      <trkpt lat="22.217931" lon="120.866624"></trkpt>
      <trkpt lat="22.217757" lon="120.866746"></trkpt>
      <trkpt lat="22.217627" lon="120.866791"></trkpt>
      <trkpt lat="22.217494" lon="120.866792"></trkpt>
      <trkpt lat="22.217361" lon="120.866768"></trkpt>
      <trkpt lat="22.217307" lon="120.866754"></trkpt>
      <trkpt lat="22.217217" lon="120.866750"></trkpt>
      <trkpt lat="22.217124" lon="120.866789"></trkpt>
      <trkpt lat="22.217006" lon="120.866869"></trkpt>
      <trkpt lat="22.216901" lon="120.866950"></trkpt>
      <trkpt lat="22.216817" lon="120.867008"></trkpt>
      <trkpt lat="22.216765" lon="120.867032"></trkpt>
      <trkpt lat="22.216657" lon="120.867070"></trkpt>
      <trkpt lat="22.216417" lon="120.867101"></trkpt>
      <trkpt lat="22.216252" lon="120.867129"></trkpt>
      <trkpt lat="22.216183" lon="120.867157"></trkpt>
      <trkpt lat="22.216114" lon="120.867185"></trkpt>
      <trkpt lat="22.216043" lon="120.867235"></trkpt>
      <trkpt lat="22.216007" lon="120.867299"></trkpt>
      <trkpt lat="22.216005" lon="120.867367"></trkpt>
      <trkpt lat="22.216015" lon="120.867511"></trkpt>
      <trkpt lat="22.216039" lon="120.867748"></trkpt>
      <trkpt lat="22.216054" lon="120.867933"></trkpt>
      <trkpt lat="22.216053" lon="120.868014"></trkpt>
      <trkpt lat="22.216022" lon="120.868093"></trkpt>
      <trkpt lat="22.215959" lon="120.868144"></trkpt>
      <trkpt lat="22.215898" lon="120.868160"></trkpt>
      <trkpt lat="22.215823" lon="120.868159"></trkpt>
      <trkpt lat="22.215771" lon="120.868136"></trkpt>
      <trkpt lat="22.215696" lon="120.868091"></trkpt>
      <trkpt lat="22.215601" lon="120.868006"></trkpt>
      <trkpt lat="22.215539" lon="120.867937"></trkpt>
      <trkpt lat="22.215516" lon="120.867857"></trkpt>
      <trkpt lat="22.215510" lon="120.867785"></trkpt>
      <trkpt lat="22.215512" lon="120.867740"></trkpt>
      <trkpt lat="22.215524" lon="120.867689"></trkpt>
      <trkpt lat="22.215541" lon="120.867632"></trkpt>
      <trkpt lat="22.215593" lon="120.867468"></trkpt>
      <trkpt lat="22.215636" lon="120.867349"></trkpt>
      <trkpt lat="22.215638" lon="120.867284"></trkpt>
      <trkpt lat="22.215622" lon="120.867219"></trkpt>
      <trkpt lat="22.215589" lon="120.867170"></trkpt>
      <trkpt lat="22.215547" lon="120.867138"></trkpt>
      <trkpt lat="22.215490" lon="120.867108"></trkpt>
      <trkpt lat="22.214890" lon="120.866886"></trkpt>
      <trkpt lat="22.214645" lon="120.866764"></trkpt>
      <trkpt lat="22.214378" lon="120.866625"></trkpt>
      <trkpt lat="22.214327" lon="120.866613"></trkpt>
      <trkpt lat="22.214270" lon="120.866614"></trkpt>
      <trkpt lat="22.214202" lon="120.866626"></trkpt>
      <trkpt lat="22.213708" lon="120.866750"></trkpt>
      <trkpt lat="22.213313" lon="120.866897"></trkpt>
      <trkpt lat="22.212981" lon="120.866995"></trkpt>
      <trkpt lat="22.212808" lon="120.867021"></trkpt>
      <trkpt lat="22.212691" lon="120.867016"></trkpt>
      <trkpt lat="22.212604" lon="120.866999"></trkpt>
      <trkpt lat="22.212283" lon="120.866934"></trkpt>
      <trkpt lat="22.212043" lon="120.866847"></trkpt>
      <trkpt lat="22.211965" lon="120.866812"></trkpt>
      <trkpt lat="22.211852" lon="120.866738"></trkpt>
      <trkpt lat="22.211749" lon="120.866645"></trkpt>
      <trkpt lat="22.211660" lon="120.866550"></trkpt>
      <trkpt lat="22.211489" lon="120.866370"></trkpt>
      <trkpt lat="22.211365" lon="120.866221"></trkpt>
      <trkpt lat="22.211218" lon="120.866010"></trkpt>
      <trkpt lat="22.211171" lon="120.865915"></trkpt>
      <trkpt lat="22.211145" lon="120.865826"></trkpt>
      <trkpt lat="22.211137" lon="120.865739"></trkpt>
      <trkpt lat="22.211126" lon="120.865634"></trkpt>
      <trkpt lat="22.211123" lon="120.865118"></trkpt>
      <trkpt lat="22.211101" lon="120.864868"></trkpt>
      <trkpt lat="22.211069" lon="120.864717"></trkpt>
      <trkpt lat="22.211037" lon="120.864668"></trkpt>
      <trkpt lat="22.210969" lon="120.864621"></trkpt>
      <trkpt lat="22.210928" lon="120.864606"></trkpt>
      <trkpt lat="22.210865" lon="120.864593"></trkpt>
      <trkpt lat="22.210767" lon="120.864589"></trkpt>
      <trkpt lat="22.210654" lon="120.864599"></trkpt>
      <trkpt lat="22.210504" lon="120.864670"></trkpt>
      <trkpt lat="22.210418" lon="120.864693"></trkpt>
      <trkpt lat="22.210391" lon="120.864697"></trkpt>
      <trkpt lat="22.210358" lon="120.864693"></trkpt>
      <trkpt lat="22.210315" lon="120.864677"></trkpt>
      <trkpt lat="22.210263" lon="120.864646"></trkpt>
      <trkpt lat="22.210084" lon="120.864508"></trkpt>
      <trkpt lat="22.209834" lon="120.864362"></trkpt>
      <trkpt lat="22.209707" lon="120.864263"></trkpt>
      <trkpt lat="22.209640" lon="120.864176"></trkpt>
      <trkpt lat="22.209628" lon="120.864123"></trkpt>
      <trkpt lat="22.209638" lon="120.864013"></trkpt>
      <trkpt lat="22.209664" lon="120.863828"></trkpt>
      <trkpt lat="22.209695" lon="120.863576"></trkpt>
      <trkpt lat="22.209723" lon="120.863334"></trkpt>
      <trkpt lat="22.209728" lon="120.863179"></trkpt>
      <trkpt lat="22.209731" lon="120.862999"></trkpt>
      <trkpt lat="22.209713" lon="120.862778"></trkpt>
      <trkpt lat="22.209659" lon="120.862514"></trkpt>
      <trkpt lat="22.209605" lon="120.862320"></trkpt>
      <trkpt lat="22.209583" lon="120.862183"></trkpt>
      <trkpt lat="22.209586" lon="120.862098"></trkpt>
      <trkpt lat="22.209601" lon="120.861927"></trkpt>
      <trkpt lat="22.209593" lon="120.861800"></trkpt>
      <trkpt lat="22.209574" lon="120.861740"></trkpt>
      <trkpt lat="22.209542" lon="120.861682"></trkpt>
      <trkpt lat="22.209484" lon="120.861611"></trkpt>
      <trkpt lat="22.209395" lon="120.861547"></trkpt>
      <trkpt lat="22.209282" lon="120.861487"></trkpt>
      <trkpt lat="22.209212" lon="120.861433"></trkpt>
      <trkpt lat="22.209175" lon="120.861393"></trkpt>
      <trkpt lat="22.209096" lon="120.861304"></trkpt>
      <trkpt lat="22.208987" lon="120.861173"></trkpt>
      <trkpt lat="22.208908" lon="120.861125"></trkpt>
      <trkpt lat="22.208709" lon="120.861087"></trkpt>
      <trkpt lat="22.208555" lon="120.861060"></trkpt>
      <trkpt lat="22.208411" lon="120.861003"></trkpt>
      <trkpt lat="22.208126" lon="120.860906"></trkpt>
      <trkpt lat="22.207989" lon="120.860876"></trkpt>
      <trkpt lat="22.207895" lon="120.860870"></trkpt>
      <trkpt lat="22.207817" lon="120.860860"></trkpt>
      <trkpt lat="22.207761" lon="120.860857"></trkpt>
      <trkpt lat="22.207737" lon="120.860834"></trkpt>
      <trkpt lat="22.207712" lon="120.860798"></trkpt>
      <trkpt lat="22.207693" lon="120.860740"></trkpt>
      <trkpt lat="22.207690" lon="120.860654"></trkpt>
      <trkpt lat="22.207706" lon="120.860535"></trkpt>
      <trkpt lat="22.207743" lon="120.860248"></trkpt>
      <trkpt lat="22.207820" lon="120.859820"></trkpt>
      <trkpt lat="22.207858" lon="120.859586"></trkpt>
      <trkpt lat="22.207861" lon="120.859465"></trkpt>
      <trkpt lat="22.207847" lon="120.859398"></trkpt>
      <trkpt lat="22.207792" lon="120.859321"></trkpt>
      <trkpt lat="22.207589" lon="120.859112"></trkpt>
      <trkpt lat="22.207506" lon="120.859006"></trkpt>
      <trkpt lat="22.207451" lon="120.858921"></trkpt>
      <trkpt lat="22.207408" lon="120.858819"></trkpt>
      <trkpt lat="22.207374" lon="120.858683"></trkpt>
      <trkpt lat="22.207335" lon="120.858593"></trkpt>
      <trkpt lat="22.207287" lon="120.858524"></trkpt>
      <trkpt lat="22.207220" lon="120.858474"></trkpt>
      <trkpt lat="22.207129" lon="120.858442"></trkpt>
      <trkpt lat="22.207023" lon="120.858436"></trkpt>
      <trkpt lat="22.206891" lon="120.858446"></trkpt>
      <trkpt lat="22.206757" lon="120.858486"></trkpt>
      <trkpt lat="22.206692" lon="120.858533"></trkpt>
      <trkpt lat="22.206615" lon="120.858611"></trkpt>
      <trkpt lat="22.206504" lon="120.858829"></trkpt>
      <trkpt lat="22.206432" lon="120.858905"></trkpt>
      <trkpt lat="22.206394" lon="120.858932"></trkpt>
      <trkpt lat="22.206347" lon="120.858941"></trkpt>
      <trkpt lat="22.206308" lon="120.858938"></trkpt>
      <trkpt lat="22.206256" lon="120.858909"></trkpt>
      <trkpt lat="22.206223" lon="120.858859"></trkpt>
      <trkpt lat="22.206200" lon="120.858768"></trkpt>
      <trkpt lat="22.206171" lon="120.858630"></trkpt>
      <trkpt lat="22.206171" lon="120.858506"></trkpt>
      <trkpt lat="22.206183" lon="120.858341"></trkpt>
      <trkpt lat="22.206246" lon="120.858028"></trkpt>
      <trkpt lat="22.206273" lon="120.857891"></trkpt>
      <trkpt lat="22.206246" lon="120.857750"></trkpt>
      <trkpt lat="22.206207" lon="120.857700"></trkpt>
      <trkpt lat="22.206157" lon="120.857663"></trkpt>
      <trkpt lat="22.206098" lon="120.857645"></trkpt>
      <trkpt lat="22.205989" lon="120.857662"></trkpt>
      <trkpt lat="22.205819" lon="120.857769"></trkpt>
      <trkpt lat="22.205759" lon="120.857790"></trkpt>
      <trkpt lat="22.205700" lon="120.857790"></trkpt>
      <trkpt lat="22.205625" lon="120.857773"></trkpt>
      <trkpt lat="22.205564" lon="120.857725"></trkpt>
      <trkpt lat="22.205484" lon="120.857608"></trkpt>
      <trkpt lat="22.205394" lon="120.857502"></trkpt>
      <trkpt lat="22.205303" lon="120.857414"></trkpt>
      <trkpt lat="22.205244" lon="120.857337"></trkpt>
      <trkpt lat="22.205209" lon="120.857172"></trkpt>
      <trkpt lat="22.205178" lon="120.856996"></trkpt>
      <trkpt lat="22.205203" lon="120.856815"></trkpt>
      <trkpt lat="22.205241" lon="120.856720"></trkpt>
      <trkpt lat="22.205265" lon="120.856639"></trkpt>
      <trkpt lat="22.205264" lon="120.856596"></trkpt>
      <trkpt lat="22.205248" lon="120.856537"></trkpt>
      <trkpt lat="22.205195" lon="120.856434"></trkpt>
      <trkpt lat="22.205129" lon="120.856341"></trkpt>
      <trkpt lat="22.205015" lon="120.856196"></trkpt>
      <trkpt lat="22.204966" lon="120.856122"></trkpt>
      <trkpt lat="22.204920" lon="120.856016"></trkpt>
      <trkpt lat="22.204878" lon="120.855882"></trkpt>
      <trkpt lat="22.204862" lon="120.855734"></trkpt>
      <trkpt lat="22.204844" lon="120.855500"></trkpt>
      <trkpt lat="22.204807" lon="120.855376"></trkpt>
      <trkpt lat="22.204741" lon="120.855238"></trkpt>
      <trkpt lat="22.204723" lon="120.855138"></trkpt>
      <trkpt lat="22.204748" lon="120.855040"></trkpt>
      <trkpt lat="22.204779" lon="120.854963"></trkpt>
      <trkpt lat="22.204825" lon="120.854875"></trkpt>
      <trkpt lat="22.204888" lon="120.854769"></trkpt>
      <trkpt lat="22.204956" lon="120.854677"></trkpt>
      <trkpt lat="22.205042" lon="120.854627"></trkpt>
      <trkpt lat="22.205175" lon="120.854587"></trkpt>
      <trkpt lat="22.205260" lon="120.854555"></trkpt>
      <trkpt lat="22.205314" lon="120.854502"></trkpt>
      <trkpt lat="22.205343" lon="120.854436"></trkpt>
      <trkpt lat="22.205383" lon="120.854340"></trkpt>
      <trkpt lat="22.205402" lon="120.854293"></trkpt>
      <trkpt lat="22.205404" lon="120.854288"></trkpt>
      <trkpt lat="22.205435" lon="120.854212"></trkpt>
      <trkpt lat="22.205494" lon="120.853906"></trkpt>
      <trkpt lat="22.205599" lon="120.853341"></trkpt>
      <trkpt lat="22.205682" lon="120.852914"></trkpt>
      <trkpt lat="22.205700" lon="120.852775"></trkpt>
      <trkpt lat="22.205701" lon="120.852688"></trkpt>
      <trkpt lat="22.205684" lon="120.852597"></trkpt>
      <trkpt lat="22.205632" lon="120.852466"></trkpt>
      <trkpt lat="22.205483" lon="120.852114"></trkpt>
      <trkpt lat="22.205456" lon="120.852027"></trkpt>
      <trkpt lat="22.205421" lon="120.851923"></trkpt>
      <trkpt lat="22.205370" lon="120.851637"></trkpt>
      <trkpt lat="22.205298" lon="120.851397"></trkpt>
      <trkpt lat="22.205216" lon="120.851277"></trkpt>
      <trkpt lat="22.205111" lon="120.851156"></trkpt>
      <trkpt lat="22.204998" lon="120.851070"></trkpt>
      <trkpt lat="22.204888" lon="120.850996"></trkpt>
      <trkpt lat="22.204684" lon="120.850936"></trkpt>
      <trkpt lat="22.204529" lon="120.850866"></trkpt>
      <trkpt lat="22.204224" lon="120.850807"></trkpt>
      <trkpt lat="22.204060" lon="120.850738"></trkpt>
      <trkpt lat="22.203971" lon="120.850668"></trkpt>
      <trkpt lat="22.203894" lon="120.850593"></trkpt>
      <trkpt lat="22.203488" lon="120.850152"></trkpt>
      <trkpt lat="22.203330" lon="120.849989"></trkpt>
      <trkpt lat="22.203289" lon="120.849947"></trkpt>
      <trkpt lat="22.203068" lon="120.849700"></trkpt>
      <trkpt lat="22.202967" lon="120.849607"></trkpt>
      <trkpt lat="22.202809" lon="120.849532"></trkpt>
      <trkpt lat="22.202324" lon="120.849374"></trkpt>
      <trkpt lat="22.202262" lon="120.849355"></trkpt>
      <trkpt lat="22.202204" lon="120.849337"></trkpt>
      <trkpt lat="22.201964" lon="120.849261"></trkpt>
      <trkpt lat="22.201612" lon="120.849149"></trkpt>
      <trkpt lat="22.201504" lon="120.849111"></trkpt>
      <trkpt lat="22.201443" lon="120.849089"></trkpt>
      <trkpt lat="22.201311" lon="120.849030"></trkpt>
      <trkpt lat="22.200835" lon="120.848775"></trkpt>
      <trkpt lat="22.200755" lon="120.848754"></trkpt>
      <trkpt lat="22.200627" lon="120.848751"></trkpt>
      <trkpt lat="22.200368" lon="120.848789"></trkpt>
      <trkpt lat="22.199620" lon="120.848888"></trkpt>
      <trkpt lat="22.199531" lon="120.848881"></trkpt>
      <trkpt lat="22.199470" lon="120.848871"></trkpt>
      <trkpt lat="22.199421" lon="120.848856"></trkpt>
      <trkpt lat="22.199333" lon="120.848818"></trkpt>
      <trkpt lat="22.199236" lon="120.848757"></trkpt>
      <trkpt lat="22.199120" lon="120.848668"></trkpt>
      <trkpt lat="22.198735" lon="120.848359"></trkpt>
      <trkpt lat="22.198583" lon="120.848244"></trkpt>
      <trkpt lat="22.198448" lon="120.848177"></trkpt>
      <trkpt lat="22.198353" lon="120.848158"></trkpt>
      <trkpt lat="22.198324" lon="120.848153"></trkpt>
      <trkpt lat="22.198116" lon="120.848146"></trkpt>
      <trkpt lat="22.197363" lon="120.848090"></trkpt>
      <trkpt lat="22.196792" lon="120.848020"></trkpt>
      <trkpt lat="22.196703" lon="120.847993"></trkpt>
      <trkpt lat="22.196603" lon="120.847950"></trkpt>
      <trkpt lat="22.196500" lon="120.847858"></trkpt>
      <trkpt lat="22.196448" lon="120.847774"></trkpt>
      <trkpt lat="22.196342" lon="120.847551"></trkpt>
      <trkpt lat="22.196221" lon="120.847326"></trkpt>
      <trkpt lat="22.196174" lon="120.847272"></trkpt>
      <trkpt lat="22.196131" lon="120.847247"></trkpt>
      <trkpt lat="22.196072" lon="120.847237"></trkpt>
      <trkpt lat="22.195923" lon="120.847244"></trkpt>
      <trkpt lat="22.195219" lon="120.847353"></trkpt>
      <trkpt lat="22.195058" lon="120.847392"></trkpt>
      <trkpt lat="22.194970" lon="120.847429"></trkpt>
      <trkpt lat="22.194836" lon="120.847497"></trkpt>
      <trkpt lat="22.194710" lon="120.847585"></trkpt>
      <trkpt lat="22.194479" lon="120.847803"></trkpt>
      <trkpt lat="22.194075" lon="120.848127"></trkpt>
      <trkpt lat="22.193962" lon="120.848199"></trkpt>
      <trkpt lat="22.193863" lon="120.848225"></trkpt>
      <trkpt lat="22.193733" lon="120.848223"></trkpt>
      <trkpt lat="22.193502" lon="120.848209"></trkpt>
      <trkpt lat="22.192999" lon="120.848173"></trkpt>
      <trkpt lat="22.192377" lon="120.848129"></trkpt>
      <trkpt lat="22.192016" lon="120.848090"></trkpt>
      <trkpt lat="22.191763" lon="120.848087"></trkpt>
      <trkpt lat="22.191507" lon="120.848100"></trkpt>
      <trkpt lat="22.191248" lon="120.848143"></trkpt>
      <trkpt lat="22.190957" lon="120.848140"></trkpt>
      <trkpt lat="22.190806" lon="120.848138"></trkpt>
      <trkpt lat="22.190141" lon="120.848074"></trkpt>
      <trkpt lat="22.189823" lon="120.848052"></trkpt>
      <trkpt lat="22.189569" lon="120.848100"></trkpt>
      <trkpt lat="22.189426" lon="120.848149"></trkpt>
      <trkpt lat="22.189276" lon="120.848240"></trkpt>
      <trkpt lat="22.188974" lon="120.848480"></trkpt>
      <trkpt lat="22.188810" lon="120.848610"></trkpt>
      <trkpt lat="22.188666" lon="120.848680"></trkpt>
      <trkpt lat="22.188576" lon="120.848680"></trkpt>
      <trkpt lat="22.188492" lon="120.848658"></trkpt>
      <trkpt lat="22.188397" lon="120.848621"></trkpt>
      <trkpt lat="22.188299" lon="120.848551"></trkpt>
      <trkpt lat="22.188017" lon="120.848328"></trkpt>
      <trkpt lat="22.187856" lon="120.848252"></trkpt>
      <trkpt lat="22.187768" lon="120.848238"></trkpt>
      <trkpt lat="22.187695" lon="120.848245"></trkpt>
      <trkpt lat="22.187558" lon="120.848287"></trkpt>
      <trkpt lat="22.187420" lon="120.848333"></trkpt>
      <trkpt lat="22.186798" lon="120.848556"></trkpt>
      <trkpt lat="22.186660" lon="120.848588"></trkpt>
      <trkpt lat="22.186489" lon="120.848588"></trkpt>
      <trkpt lat="22.186142" lon="120.848525"></trkpt>
      <trkpt lat="22.184643" lon="120.848107"></trkpt>
      <trkpt lat="22.183963" lon="120.847933"></trkpt>
      <trkpt lat="22.183549" lon="120.847845"></trkpt>
      <trkpt lat="22.183414" lon="120.847811"></trkpt>
      <trkpt lat="22.183120" lon="120.847691"></trkpt>
      <trkpt lat="22.182980" lon="120.847598"></trkpt>
      <trkpt lat="22.182896" lon="120.847423"></trkpt>
      <trkpt lat="22.182638" lon="120.846944"></trkpt>
      <trkpt lat="22.182397" lon="120.846531"></trkpt>
      <trkpt lat="22.182336" lon="120.846469"></trkpt>
      <trkpt lat="22.182236" lon="120.846369"></trkpt>
      <trkpt lat="22.182099" lon="120.846260"></trkpt>
      <trkpt lat="22.181973" lon="120.846181"></trkpt>
      <trkpt lat="22.181846" lon="120.846092"></trkpt>
      <trkpt lat="22.181754" lon="120.846015"></trkpt>
      <trkpt lat="22.181648" lon="120.845891"></trkpt>
      <trkpt lat="22.181597" lon="120.845802"></trkpt>
      <trkpt lat="22.181564" lon="120.845677"></trkpt>
      <trkpt lat="22.181537" lon="120.845469"></trkpt>
      <trkpt lat="22.181532" lon="120.845353"></trkpt>
      <trkpt lat="22.181506" lon="120.845006"></trkpt>
      <trkpt lat="22.181476" lon="120.844750"></trkpt>
      <trkpt lat="22.181447" lon="120.844523"></trkpt>
      <trkpt lat="22.181409" lon="120.844409"></trkpt>
      <trkpt lat="22.181333" lon="120.844199"></trkpt>
      <trkpt lat="22.181247" lon="120.843963"></trkpt>
      <trkpt lat="22.181125" lon="120.843676"></trkpt>
      <trkpt lat="22.181040" lon="120.843570"></trkpt>
      <trkpt lat="22.180948" lon="120.843499"></trkpt>
      <trkpt lat="22.180855" lon="120.843464"></trkpt>
      <trkpt lat="22.180740" lon="120.843436"></trkpt>
      <trkpt lat="22.180560" lon="120.843417"></trkpt>
      <trkpt lat="22.180446" lon="120.843423"></trkpt>
      <trkpt lat="22.180371" lon="120.843443"></trkpt>
      <trkpt lat="22.180275" lon="120.843484"></trkpt>
      <trkpt lat="22.180091" lon="120.843639"></trkpt>
      <trkpt lat="22.180002" lon="120.843721"></trkpt>
      <trkpt lat="22.179915" lon="120.843750"></trkpt>
      <trkpt lat="22.179830" lon="120.843755"></trkpt>
      <trkpt lat="22.179725" lon="120.843720"></trkpt>
      <trkpt lat="22.179668" lon="120.843675"></trkpt>
      <trkpt lat="22.179614" lon="120.843627"></trkpt>
      <trkpt lat="22.179562" lon="120.843537"></trkpt>
      <trkpt lat="22.179534" lon="120.843424"></trkpt>
      <trkpt lat="22.179515" lon="120.843188"></trkpt>
      <trkpt lat="22.179517" lon="120.842936"></trkpt>
      <trkpt lat="22.179503" lon="120.842858"></trkpt>
      <trkpt lat="22.179456" lon="120.842761"></trkpt>
      <trkpt lat="22.179327" lon="120.842548"></trkpt>
      <trkpt lat="22.179273" lon="120.842390"></trkpt>
      <trkpt lat="22.179220" lon="120.842095"></trkpt>
      <trkpt lat="22.179219" lon="120.841864"></trkpt>
      <trkpt lat="22.179231" lon="120.841707"></trkpt>
      <trkpt lat="22.179269" lon="120.841527"></trkpt>
      <trkpt lat="22.179222" lon="120.841394"></trkpt>
      <trkpt lat="22.179180" lon="120.841329"></trkpt>
      <trkpt lat="22.179139" lon="120.841285"></trkpt>
      <trkpt lat="22.179072" lon="120.841240"></trkpt>
      <trkpt lat="22.178944" lon="120.841183"></trkpt>
      <trkpt lat="22.178788" lon="120.841124"></trkpt>
      <trkpt lat="22.178707" lon="120.841094"></trkpt>
      <trkpt lat="22.178486" lon="120.841008"></trkpt>
      <trkpt lat="22.178303" lon="120.840972"></trkpt>
      <trkpt lat="22.178099" lon="120.840952"></trkpt>
      <trkpt lat="22.177790" lon="120.840952"></trkpt>
      <trkpt lat="22.177688" lon="120.840968"></trkpt>
      <trkpt lat="22.177494" lon="120.841042"></trkpt>
      <trkpt lat="22.177339" lon="120.841091"></trkpt>
      <trkpt lat="22.177248" lon="120.841102"></trkpt>
      <trkpt lat="22.177156" lon="120.841092"></trkpt>
      <trkpt lat="22.177079" lon="120.841024"></trkpt>
      <trkpt lat="22.177013" lon="120.840937"></trkpt>
      <trkpt lat="22.176893" lon="120.840762"></trkpt>
      <trkpt lat="22.176815" lon="120.840663"></trkpt>
      <trkpt lat="22.176727" lon="120.840589"></trkpt>
      <trkpt lat="22.176589" lon="120.840475"></trkpt>
      <trkpt lat="22.176469" lon="120.840403"></trkpt>
      <trkpt lat="22.176326" lon="120.840351"></trkpt>
      <trkpt lat="22.176171" lon="120.840296"></trkpt>
      <trkpt lat="22.176099" lon="120.840257"></trkpt>
      <trkpt lat="22.176005" lon="120.840187"></trkpt>
      <trkpt lat="22.175961" lon="120.840111"></trkpt>
      <trkpt lat="22.175926" lon="120.840004"></trkpt>
      <trkpt lat="22.175918" lon="120.839784"></trkpt>
      <trkpt lat="22.175945" lon="120.839440"></trkpt>
      <trkpt lat="22.175978" lon="120.839152"></trkpt>
      <trkpt lat="22.176006" lon="120.838946"></trkpt>
      <trkpt lat="22.176013" lon="120.838860"></trkpt>
      <trkpt lat="22.176007" lon="120.838773"></trkpt>
      <trkpt lat="22.175979" lon="120.838632"></trkpt>
      <trkpt lat="22.175762" lon="120.838166"></trkpt>
      <trkpt lat="22.175620" lon="120.837798"></trkpt>
      <trkpt lat="22.175539" lon="120.837612"></trkpt>
      <trkpt lat="22.175341" lon="120.837304"></trkpt>
      <trkpt lat="22.175056" lon="120.837018"></trkpt>
      <trkpt lat="22.174696" lon="120.836646"></trkpt>
      <trkpt lat="22.174657" lon="120.836600"></trkpt>
      <trkpt lat="22.174630" lon="120.836533"></trkpt>
      <trkpt lat="22.174624" lon="120.836471"></trkpt>
      <trkpt lat="22.174679" lon="120.836240"></trkpt>
      <trkpt lat="22.174717" lon="120.836052"></trkpt>
      <trkpt lat="22.174736" lon="120.835869"></trkpt>
      <trkpt lat="22.174722" lon="120.835731"></trkpt>
      <trkpt lat="22.174686" lon="120.835610"></trkpt>
      <trkpt lat="22.174620" lon="120.835515"></trkpt>
      <trkpt lat="22.174505" lon="120.835394"></trkpt>
      <trkpt lat="22.174008" lon="120.834905"></trkpt>
      <trkpt lat="22.173860" lon="120.834761"></trkpt>
      <trkpt lat="22.173450" lon="120.834367"></trkpt>
      <trkpt lat="22.172802" lon="120.833662"></trkpt>
      <trkpt lat="22.172770" lon="120.833625"></trkpt>
      <trkpt lat="22.172705" lon="120.833549"></trkpt>
      <trkpt lat="22.172687" lon="120.833528"></trkpt>
      <trkpt lat="22.172506" lon="120.833316"></trkpt>
      <trkpt lat="22.172202" lon="120.832933"></trkpt>
      <trkpt lat="22.172171" lon="120.832787"></trkpt>
      <trkpt lat="22.172150" lon="120.832679"></trkpt>
      <trkpt lat="22.172127" lon="120.832610"></trkpt>
      <trkpt lat="22.172078" lon="120.832524"></trkpt>
      <trkpt lat="22.171992" lon="120.832420"></trkpt>
      <trkpt lat="22.171926" lon="120.832352"></trkpt>
      <trkpt lat="22.171867" lon="120.832302"></trkpt>
      <trkpt lat="22.171766" lon="120.832242"></trkpt>
      <trkpt lat="22.171694" lon="120.832213"></trkpt>
      <trkpt lat="22.171566" lon="120.832207"></trkpt>
      <trkpt lat="22.171087" lon="120.832257"></trkpt>
      <trkpt lat="22.170928" lon="120.832254"></trkpt>
      <trkpt lat="22.170830" lon="120.832228"></trkpt>
      <trkpt lat="22.170735" lon="120.832173"></trkpt>
      <trkpt lat="22.170618" lon="120.832069"></trkpt>
      <trkpt lat="22.170415" lon="120.831894"></trkpt>
      <trkpt lat="22.170295" lon="120.831834"></trkpt>
      <trkpt lat="22.170073" lon="120.831724"></trkpt>
      <trkpt lat="22.169761" lon="120.831569"></trkpt>
      <trkpt lat="22.169497" lon="120.831435"></trkpt>
      <trkpt lat="22.169201" lon="120.831264"></trkpt>
      <trkpt lat="22.169105" lon="120.831173"></trkpt>
      <trkpt lat="22.168985" lon="120.831010"></trkpt>
      <trkpt lat="22.168886" lon="120.830792"></trkpt>
      <trkpt lat="22.168701" lon="120.830381"></trkpt>
      <trkpt lat="22.168620" lon="120.830208"></trkpt>
      <trkpt lat="22.168587" lon="120.830148"></trkpt>
      <trkpt lat="22.168503" lon="120.830030"></trkpt>
      <trkpt lat="22.168351" lon="120.829815"></trkpt>
      <trkpt lat="22.167868" lon="120.829160"></trkpt>
      <trkpt lat="22.167500" lon="120.828587"></trkpt>
      <trkpt lat="22.167438" lon="120.828515"></trkpt>
      <trkpt lat="22.167368" lon="120.828481"></trkpt>
      <trkpt lat="22.167321" lon="120.828454"></trkpt>
      <trkpt lat="22.167075" lon="120.828509"></trkpt>
      <trkpt lat="22.167018" lon="120.828518"></trkpt>
      <trkpt lat="22.166953" lon="120.828521"></trkpt>
      <trkpt lat="22.166858" lon="120.828500"></trkpt>
      <trkpt lat="22.166557" lon="120.828421"></trkpt>
      <trkpt lat="22.166199" lon="120.828351"></trkpt>
      <trkpt lat="22.165912" lon="120.828311"></trkpt>
      <trkpt lat="22.165572" lon="120.828246"></trkpt>
      <trkpt lat="22.165412" lon="120.828178"></trkpt>
      <trkpt lat="22.165276" lon="120.828081"></trkpt>
      <trkpt lat="22.165167" lon="120.827991"></trkpt>
      <trkpt lat="22.165063" lon="120.827884"></trkpt>
      <trkpt lat="22.164966" lon="120.827816"></trkpt>
      <trkpt lat="22.164838" lon="120.827775"></trkpt>
      <trkpt lat="22.164663" lon="120.827761"></trkpt>
      <trkpt lat="22.164352" lon="120.827771"></trkpt>
      <trkpt lat="22.163956" lon="120.827809"></trkpt>
      <trkpt lat="22.163636" lon="120.827869"></trkpt>
      <trkpt lat="22.163507" lon="120.827932"></trkpt>
      <trkpt lat="22.163288" lon="120.828092"></trkpt>
      <trkpt lat="22.163164" lon="120.828140"></trkpt>
      <trkpt lat="22.163076" lon="120.828115"></trkpt>
      <trkpt lat="22.162997" lon="120.828075"></trkpt>
      <trkpt lat="22.162871" lon="120.827971"></trkpt>
      <trkpt lat="22.162728" lon="120.827831"></trkpt>
      <trkpt lat="22.162564" lon="120.827659"></trkpt>
      <trkpt lat="22.162486" lon="120.827561"></trkpt>
      <trkpt lat="22.162348" lon="120.827347"></trkpt>
      <trkpt lat="22.162293" lon="120.827234"></trkpt>
      <trkpt lat="22.162275" lon="120.827098"></trkpt>
      <trkpt lat="22.162270" lon="120.826923"></trkpt>
      <trkpt lat="22.162295" lon="120.826785"></trkpt>
      <trkpt lat="22.162325" lon="120.826656"></trkpt>
      <trkpt lat="22.162359" lon="120.826577"></trkpt>
      <trkpt lat="22.162407" lon="120.826506"></trkpt>
      <trkpt lat="22.162477" lon="120.826417"></trkpt>
      <trkpt lat="22.162526" lon="120.826319"></trkpt>
      <trkpt lat="22.162556" lon="120.826199"></trkpt>
      <trkpt lat="22.162566" lon="120.826028"></trkpt>
      <trkpt lat="22.162562" lon="120.825872"></trkpt>
      <trkpt lat="22.162558" lon="120.825618"></trkpt>
      <trkpt lat="22.162545" lon="120.825236"></trkpt>
      <trkpt lat="22.162532" lon="120.825021"></trkpt>
      <trkpt lat="22.162518" lon="120.824851"></trkpt>
      <trkpt lat="22.162510" lon="120.824734"></trkpt>
      <trkpt lat="22.162477" lon="120.824618"></trkpt>
      <trkpt lat="22.162356" lon="120.824512"></trkpt>
      <trkpt lat="22.162229" lon="120.824463"></trkpt>
      <trkpt lat="22.161748" lon="120.824289"></trkpt>
      <trkpt lat="22.161393" lon="120.824198"></trkpt>
      <trkpt lat="22.161232" lon="120.824194"></trkpt>
      <trkpt lat="22.161016" lon="120.824242"></trkpt>
      <trkpt lat="22.160782" lon="120.824313"></trkpt>
      <trkpt lat="22.160636" lon="120.824326"></trkpt>
      <trkpt lat="22.160380" lon="120.824310"></trkpt>
      <trkpt lat="22.160265" lon="120.824330"></trkpt>
      <trkpt lat="22.160121" lon="120.824369"></trkpt>
      <trkpt lat="22.159909" lon="120.824467"></trkpt>
      <trkpt lat="22.159748" lon="120.824383"></trkpt>
      <trkpt lat="22.159651" lon="120.824272"></trkpt>
      <trkpt lat="22.159515" lon="120.824074"></trkpt>
      <trkpt lat="22.159424" lon="120.823998"></trkpt>
      <trkpt lat="22.159284" lon="120.823951"></trkpt>
      <trkpt lat="22.159047" lon="120.823972"></trkpt>
      <trkpt lat="22.158696" lon="120.823964"></trkpt>
      <trkpt lat="22.158450" lon="120.823971"></trkpt>
      <trkpt lat="22.158259" lon="120.823998"></trkpt>
      <trkpt lat="22.158050" lon="120.824057"></trkpt>
      <trkpt lat="22.157826" lon="120.824120"></trkpt>
      <trkpt lat="22.157638" lon="120.824156"></trkpt>
      <trkpt lat="22.157463" lon="120.824200"></trkpt>
      <trkpt lat="22.157365" lon="120.824214"></trkpt>
      <trkpt lat="22.157236" lon="120.824195"></trkpt>
      <trkpt lat="22.157130" lon="120.824170"></trkpt>
      <trkpt lat="22.157047" lon="120.824110"></trkpt>
      <trkpt lat="22.156974" lon="120.823964"></trkpt>
      <trkpt lat="22.156890" lon="120.823711"></trkpt>
      <trkpt lat="22.156800" lon="120.823424"></trkpt>
      <trkpt lat="22.156647" lon="120.822441"></trkpt>
      <trkpt lat="22.156615" lon="120.822200"></trkpt>
      <trkpt lat="22.156588" lon="120.822049"></trkpt>
      <trkpt lat="22.156545" lon="120.821927"></trkpt>
      <trkpt lat="22.156489" lon="120.821836"></trkpt>
      <trkpt lat="22.156414" lon="120.821773"></trkpt>
      <trkpt lat="22.156325" lon="120.821738"></trkpt>
      <trkpt lat="22.155920" lon="120.821625"></trkpt>
      <trkpt lat="22.155756" lon="120.821571"></trkpt>
      <trkpt lat="22.155491" lon="120.821515"></trkpt>
      <trkpt lat="22.155344" lon="120.821514"></trkpt>
      <trkpt lat="22.154958" lon="120.821652"></trkpt>
      <trkpt lat="22.154791" lon="120.821690"></trkpt>
      <trkpt lat="22.154626" lon="120.821676"></trkpt>
      <trkpt lat="22.154506" lon="120.821612"></trkpt>
      <trkpt lat="22.154465" lon="120.821554"></trkpt>
      <trkpt lat="22.154456" lon="120.821444"></trkpt>
      <trkpt lat="22.154498" lon="120.821298"></trkpt>
      <trkpt lat="22.154522" lon="120.821137"></trkpt>
      <trkpt lat="22.154523" lon="120.821013"></trkpt>
      <trkpt lat="22.154491" lon="120.820884"></trkpt>
      <trkpt lat="22.154432" lon="120.820751"></trkpt>
      <trkpt lat="22.154365" lon="120.820641"></trkpt>
      <trkpt lat="22.154255" lon="120.820506"></trkpt>
      <trkpt lat="22.154058" lon="120.820240"></trkpt>
      <trkpt lat="22.153683" lon="120.819705"></trkpt>
      <trkpt lat="22.153475" lon="120.819425"></trkpt>
      <trkpt lat="22.153330" lon="120.819189"></trkpt>
      <trkpt lat="22.153185" lon="120.818980"></trkpt>
      <trkpt lat="22.153126" lon="120.818904"></trkpt>
      <trkpt lat="22.153021" lon="120.818788"></trkpt>
      <trkpt lat="22.152722" lon="120.818580"></trkpt>
      <trkpt lat="22.152619" lon="120.818521"></trkpt>
      <trkpt lat="22.152483" lon="120.818475"></trkpt>
      <trkpt lat="22.152225" lon="120.818451"></trkpt>
      <trkpt lat="22.152016" lon="120.818447"></trkpt>
      <trkpt lat="22.151746" lon="120.818414"></trkpt>
      <trkpt lat="22.151588" lon="120.818361"></trkpt>
      <trkpt lat="22.151390" lon="120.818266"></trkpt>
      <trkpt lat="22.151168" lon="120.818153"></trkpt>
      <trkpt lat="22.150960" lon="120.818064"></trkpt>
      <trkpt lat="22.150811" lon="120.818007"></trkpt>
      <trkpt lat="22.150727" lon="120.818008"></trkpt>
      <trkpt lat="22.150658" lon="120.818041"></trkpt>
      <trkpt lat="22.150640" lon="120.818050"></trkpt>
      <trkpt lat="22.150477" lon="120.818186"></trkpt>
      <trkpt lat="22.150347" lon="120.818251"></trkpt>
      <trkpt lat="22.150272" lon="120.818255"></trkpt>
      <trkpt lat="22.150146" lon="120.818232"></trkpt>
      <trkpt lat="22.150010" lon="120.818152"></trkpt>
      <trkpt lat="22.149867" lon="120.818037"></trkpt>
      <trkpt lat="22.149667" lon="120.817818"></trkpt>
      <trkpt lat="22.149494" lon="120.817581"></trkpt>
      <trkpt lat="22.149328" lon="120.817337"></trkpt>
      <trkpt lat="22.149132" lon="120.817060"></trkpt>
      <trkpt lat="22.148948" lon="120.816814"></trkpt>
      <trkpt lat="22.148674" lon="120.816433"></trkpt>
      <trkpt lat="22.148533" lon="120.816189"></trkpt>
      <trkpt lat="22.148501" lon="120.816134"></trkpt>
      <trkpt lat="22.148434" lon="120.815953"></trkpt>
      <trkpt lat="22.148386" lon="120.815778"></trkpt>
      <trkpt lat="22.148352" lon="120.815640"></trkpt>
      <trkpt lat="22.148284" lon="120.815427"></trkpt>
      <trkpt lat="22.148248" lon="120.815353"></trkpt>
      <trkpt lat="22.148178" lon="120.815279"></trkpt>
      <trkpt lat="22.148074" lon="120.815203"></trkpt>
      <trkpt lat="22.148013" lon="120.815159"></trkpt>
      <trkpt lat="22.147808" lon="120.814993"></trkpt>
      <trkpt lat="22.147678" lon="120.814866"></trkpt>
      <trkpt lat="22.147551" lon="120.814720"></trkpt>
      <trkpt lat="22.147412" lon="120.814506"></trkpt>
      <trkpt lat="22.147304" lon="120.814245"></trkpt>
      <trkpt lat="22.147189" lon="120.813864"></trkpt>
      <trkpt lat="22.147124" lon="120.813674"></trkpt>
      <trkpt lat="22.147104" lon="120.813527"></trkpt>
      <trkpt lat="22.147124" lon="120.813434"></trkpt>
      <trkpt lat="22.147184" lon="120.813303"></trkpt>
      <trkpt lat="22.147242" lon="120.813146"></trkpt>
      <trkpt lat="22.147302" lon="120.812965"></trkpt>
      <trkpt lat="22.147321" lon="120.812822"></trkpt>
      <trkpt lat="22.147294" lon="120.812718"></trkpt>
      <trkpt lat="22.147247" lon="120.812655"></trkpt>
      <trkpt lat="22.147200" lon="120.812601"></trkpt>
      <trkpt lat="22.147138" lon="120.812556"></trkpt>
      <trkpt lat="22.147070" lon="120.812541"></trkpt>
      <trkpt lat="22.146949" lon="120.812545"></trkpt>
      <trkpt lat="22.146706" lon="120.812608"></trkpt>
      <trkpt lat="22.146465" lon="120.812662"></trkpt>
      <trkpt lat="22.146185" lon="120.812727"></trkpt>
      <trkpt lat="22.145817" lon="120.812786"></trkpt>
      <trkpt lat="22.145355" lon="120.812910"></trkpt>
      <trkpt lat="22.145217" lon="120.812940"></trkpt>
      <trkpt lat="22.145088" lon="120.812918"></trkpt>
      <trkpt lat="22.144969" lon="120.812875"></trkpt>
      <trkpt lat="22.144750" lon="120.812730"></trkpt>
      <trkpt lat="22.144532" lon="120.812552"></trkpt>
      <trkpt lat="22.144377" lon="120.812349"></trkpt>
      <trkpt lat="22.144328" lon="120.812116"></trkpt>
      <trkpt lat="22.144338" lon="120.811381"></trkpt>
      <trkpt lat="22.144322" lon="120.811163"></trkpt>
      <trkpt lat="22.144241" lon="120.811064"></trkpt>
      <trkpt lat="22.144145" lon="120.810972"></trkpt>
      <trkpt lat="22.144071" lon="120.810823"></trkpt>
      <trkpt lat="22.144052" lon="120.810728"></trkpt>
      <trkpt lat="22.144104" lon="120.810484"></trkpt>
      <trkpt lat="22.144209" lon="120.809876"></trkpt>
      <trkpt lat="22.144256" lon="120.809586"></trkpt>
      <trkpt lat="22.144309" lon="120.809375"></trkpt>
      <trkpt lat="22.144338" lon="120.809158"></trkpt>
      <trkpt lat="22.144347" lon="120.808755"></trkpt>
      <trkpt lat="22.144347" lon="120.808558"></trkpt>
      <trkpt lat="22.144351" lon="120.808423"></trkpt>
      <trkpt lat="22.144380" lon="120.808180"></trkpt>
      <trkpt lat="22.144439" lon="120.807933"></trkpt>
      <trkpt lat="22.144416" lon="120.807762"></trkpt>
      <trkpt lat="22.144271" lon="120.807402"></trkpt>
      <trkpt lat="22.144165" lon="120.807332"></trkpt>
      <trkpt lat="22.144118" lon="120.807318"></trkpt>
      <trkpt lat="22.144051" lon="120.807299"></trkpt>
      <trkpt lat="22.143909" lon="120.807297"></trkpt>
      <trkpt lat="22.143714" lon="120.807343"></trkpt>
      <trkpt lat="22.143550" lon="120.807422"></trkpt>
      <trkpt lat="22.143335" lon="120.807557"></trkpt>
      <trkpt lat="22.143170" lon="120.807604"></trkpt>
      <trkpt lat="22.142851" lon="120.807690"></trkpt>
      <trkpt lat="22.142314" lon="120.807748"></trkpt>
      <trkpt lat="22.142125" lon="120.807724"></trkpt>
      <trkpt lat="22.142021" lon="120.807679"></trkpt>
      <trkpt lat="22.141928" lon="120.807579"></trkpt>
      <trkpt lat="22.141825" lon="120.807383"></trkpt>
      <trkpt lat="22.141682" lon="120.807092"></trkpt>
      <trkpt lat="22.141609" lon="120.806943"></trkpt>
      <trkpt lat="22.141489" lon="120.806753"></trkpt>
      <trkpt lat="22.141358" lon="120.806549"></trkpt>
      <trkpt lat="22.141159" lon="120.806385"></trkpt>
      <trkpt lat="22.140806" lon="120.806109"></trkpt>
      <trkpt lat="22.140595" lon="120.805803"></trkpt>
      <trkpt lat="22.140373" lon="120.805372"></trkpt>
      <trkpt lat="22.140256" lon="120.805087"></trkpt>
      <trkpt lat="22.140196" lon="120.804873"></trkpt>
      <trkpt lat="22.140169" lon="120.804609"></trkpt>
      <trkpt lat="22.140149" lon="120.804420"></trkpt>
      <trkpt lat="22.140089" lon="120.804299"></trkpt>
      <trkpt lat="22.139994" lon="120.804248"></trkpt>
      <trkpt lat="22.139850" lon="120.804246"></trkpt>
      <trkpt lat="22.139793" lon="120.804252"></trkpt>
      <trkpt lat="22.139713" lon="120.804262"></trkpt>
      <trkpt lat="22.139687" lon="120.804265"></trkpt>
      <trkpt lat="22.139575" lon="120.804244"></trkpt>
      <trkpt lat="22.139446" lon="120.804181"></trkpt>
      <trkpt lat="22.139255" lon="120.804027"></trkpt>
      <trkpt lat="22.138901" lon="120.803744"></trkpt>
      <trkpt lat="22.138830" lon="120.803613"></trkpt>
      <trkpt lat="22.138857" lon="120.803503"></trkpt>
      <trkpt lat="22.138897" lon="120.803420"></trkpt>
      <trkpt lat="22.139017" lon="120.803361"></trkpt>
      <trkpt lat="22.139109" lon="120.803318"></trkpt>
      <trkpt lat="22.139174" lon="120.803233"></trkpt>
      <trkpt lat="22.139168" lon="120.803146"></trkpt>
      <trkpt lat="22.139129" lon="120.803052"></trkpt>
      <trkpt lat="22.139050" lon="120.802980"></trkpt>
      <trkpt lat="22.138951" lon="120.802941"></trkpt>
      <trkpt lat="22.138848" lon="120.802926"></trkpt>
      <trkpt lat="22.138600" lon="120.802973"></trkpt>
      <trkpt lat="22.138339" lon="120.803039"></trkpt>
      <trkpt lat="22.138041" lon="120.803134"></trkpt>
      <trkpt lat="22.137834" lon="120.803146"></trkpt>
      <trkpt lat="22.137691" lon="120.803118"></trkpt>
      <trkpt lat="22.137604" lon="120.803088"></trkpt>
      <trkpt lat="22.137524" lon="120.803032"></trkpt>
      <trkpt lat="22.137420" lon="120.802945"></trkpt>
      <trkpt lat="22.137338" lon="120.802878"></trkpt>
      <trkpt lat="22.137248" lon="120.802847"></trkpt>
      <trkpt lat="22.137127" lon="120.802843"></trkpt>
      <trkpt lat="22.136944" lon="120.802879"></trkpt>
      <trkpt lat="22.136892" lon="120.802911"></trkpt>
      <trkpt lat="22.136836" lon="120.802966"></trkpt>
      <trkpt lat="22.136730" lon="120.803141"></trkpt>
      <trkpt lat="22.136482" lon="120.803410"></trkpt>
      <trkpt lat="22.136425" lon="120.803449"></trkpt>
      <trkpt lat="22.136355" lon="120.803465"></trkpt>
      <trkpt lat="22.136278" lon="120.803436"></trkpt>
      <trkpt lat="22.136249" lon="120.803410"></trkpt>
      <trkpt lat="22.136117" lon="120.803359"></trkpt>
      <trkpt lat="22.136094" lon="120.803299"></trkpt>
      <trkpt lat="22.136102" lon="120.803216"></trkpt>
      <trkpt lat="22.136173" lon="120.802970"></trkpt>
      <trkpt lat="22.136257" lon="120.802732"></trkpt>
      <trkpt lat="22.136277" lon="120.802575"></trkpt>
      <trkpt lat="22.136281" lon="120.802344"></trkpt>
      <trkpt lat="22.136275" lon="120.802079"></trkpt>
      <trkpt lat="22.136294" lon="120.801907"></trkpt>
      <trkpt lat="22.136344" lon="120.801773"></trkpt>
      <trkpt lat="22.136482" lon="120.801608"></trkpt>
      <trkpt lat="22.136592" lon="120.801466"></trkpt>
      <trkpt lat="22.136652" lon="120.801373"></trkpt>
      <trkpt lat="22.136660" lon="120.801283"></trkpt>
      <trkpt lat="22.136624" lon="120.801177"></trkpt>
      <trkpt lat="22.136524" lon="120.800994"></trkpt>
      <trkpt lat="22.136246" lon="120.800465"></trkpt>
      <trkpt lat="22.136097" lon="120.800110"></trkpt>
      <trkpt lat="22.136089" lon="120.799988"></trkpt>
      <trkpt lat="22.136098" lon="120.799891"></trkpt>
      <trkpt lat="22.136150" lon="120.799764"></trkpt>
      <trkpt lat="22.136281" lon="120.799467"></trkpt>
      <trkpt lat="22.136333" lon="120.799282"></trkpt>
      <trkpt lat="22.136320" lon="120.799179"></trkpt>
      <trkpt lat="22.136286" lon="120.799116"></trkpt>
      <trkpt lat="22.136219" lon="120.799013"></trkpt>
      <trkpt lat="22.136163" lon="120.798975"></trkpt>
      <trkpt lat="22.136015" lon="120.798965"></trkpt>
      <trkpt lat="22.135838" lon="120.798983"></trkpt>
      <trkpt lat="22.135659" lon="120.798977"></trkpt>
      <trkpt lat="22.135468" lon="120.798990"></trkpt>
      <trkpt lat="22.135373" lon="120.799016"></trkpt>
      <trkpt lat="22.135266" lon="120.799045"></trkpt>
      <trkpt lat="22.135066" lon="120.799155"></trkpt>
      <trkpt lat="22.134648" lon="120.799387"></trkpt>
      <trkpt lat="22.134561" lon="120.799412"></trkpt>
      <trkpt lat="22.134447" lon="120.799441"></trkpt>
      <trkpt lat="22.134356" lon="120.799450"></trkpt>
      <trkpt lat="22.134122" lon="120.799355"></trkpt>
      <trkpt lat="22.133944" lon="120.799233"></trkpt>
      <trkpt lat="22.133662" lon="120.799038"></trkpt>
      <trkpt lat="22.133350" lon="120.798802"></trkpt>
      <trkpt lat="22.133090" lon="120.798639"></trkpt>
      <trkpt lat="22.132946" lon="120.798540"></trkpt>
      <trkpt lat="22.132706" lon="120.798386"></trkpt>
      <trkpt lat="22.132620" lon="120.798336"></trkpt>
      <trkpt lat="22.132453" lon="120.798215"></trkpt>
      <trkpt lat="22.132312" lon="120.798045"></trkpt>
      <trkpt lat="22.132230" lon="120.797919"></trkpt>
      <trkpt lat="22.132207" lon="120.797837"></trkpt>
      <trkpt lat="22.132192" lon="120.797757"></trkpt>
      <trkpt lat="22.132220" lon="120.797669"></trkpt>
      <trkpt lat="22.132282" lon="120.797575"></trkpt>
      <trkpt lat="22.132449" lon="120.797332"></trkpt>
      <trkpt lat="22.132535" lon="120.797160"></trkpt>
      <trkpt lat="22.132656" lon="120.797012"></trkpt>
      <trkpt lat="22.132694" lon="120.796891"></trkpt>
      <trkpt lat="22.132690" lon="120.796770"></trkpt>
      <trkpt lat="22.132631" lon="120.796652"></trkpt>
      <trkpt lat="22.132561" lon="120.796568"></trkpt>
      <trkpt lat="22.132417" lon="120.796461"></trkpt>
      <trkpt lat="22.132232" lon="120.796348"></trkpt>
      <trkpt lat="22.131862" lon="120.796141"></trkpt>
      <trkpt lat="22.131745" lon="120.796044"></trkpt>
      <trkpt lat="22.131699" lon="120.795955"></trkpt>
      <trkpt lat="22.131700" lon="120.795754"></trkpt>
      <trkpt lat="22.131702" lon="120.795632"></trkpt>
      <trkpt lat="22.131690" lon="120.795534"></trkpt>
      <trkpt lat="22.131663" lon="120.795429"></trkpt>
      <trkpt lat="22.131591" lon="120.795313"></trkpt>
      <trkpt lat="22.131466" lon="120.795205"></trkpt>
      <trkpt lat="22.131314" lon="120.795134"></trkpt>
      <trkpt lat="22.131141" lon="120.795141"></trkpt>
      <trkpt lat="22.130883" lon="120.795172"></trkpt>
      <trkpt lat="22.130700" lon="120.795196"></trkpt>
      <trkpt lat="22.130615" lon="120.795197"></trkpt>
      <trkpt lat="22.130549" lon="120.795163"></trkpt>
      <trkpt lat="22.130487" lon="120.795094"></trkpt>
      <trkpt lat="22.130494" lon="120.794987"></trkpt>
      <trkpt lat="22.130576" lon="120.794854"></trkpt>
      <trkpt lat="22.130679" lon="120.794755"></trkpt>
      <trkpt lat="22.130944" lon="120.794548"></trkpt>
      <trkpt lat="22.131141" lon="120.794366"></trkpt>
      <trkpt lat="22.131210" lon="120.794295"></trkpt>
      <trkpt lat="22.131239" lon="120.794171"></trkpt>
      <trkpt lat="22.131214" lon="120.794065"></trkpt>
      <trkpt lat="22.131131" lon="120.793927"></trkpt>
      <trkpt lat="22.130985" lon="120.793734"></trkpt>
      <trkpt lat="22.130705" lon="120.793427"></trkpt>
      <trkpt lat="22.130346" lon="120.793023"></trkpt>
      <trkpt lat="22.130233" lon="120.792884"></trkpt>
      <trkpt lat="22.130149" lon="120.792747"></trkpt>
      <trkpt lat="22.130109" lon="120.792556"></trkpt>
      <trkpt lat="22.130102" lon="120.792311"></trkpt>
      <trkpt lat="22.130165" lon="120.792017"></trkpt>
      <trkpt lat="22.130206" lon="120.791643"></trkpt>
      <trkpt lat="22.130228" lon="120.791328"></trkpt>
      <trkpt lat="22.130159" lon="120.791084"></trkpt>
      <trkpt lat="22.130084" lon="120.790953"></trkpt>
      <trkpt lat="22.129977" lon="120.790840"></trkpt>
      <trkpt lat="22.129822" lon="120.790725"></trkpt>
      <trkpt lat="22.129644" lon="120.790659"></trkpt>
      <trkpt lat="22.129297" lon="120.790546"></trkpt>
      <trkpt lat="22.128907" lon="120.790410"></trkpt>
      <trkpt lat="22.128472" lon="120.790239"></trkpt>
      <trkpt lat="22.128072" lon="120.789991"></trkpt>
      <trkpt lat="22.127951" lon="120.789908"></trkpt>
      <trkpt lat="22.127865" lon="120.789841"></trkpt>
      <trkpt lat="22.127791" lon="120.789766"></trkpt>
      <trkpt lat="22.127735" lon="120.789699"></trkpt>
      <trkpt lat="22.127697" lon="120.789577"></trkpt>
      <trkpt lat="22.127696" lon="120.789473"></trkpt>
      <trkpt lat="22.127718" lon="120.789313"></trkpt>
      <trkpt lat="22.127765" lon="120.789205"></trkpt>
      <trkpt lat="22.127806" lon="120.789161"></trkpt>
      <trkpt lat="22.127847" lon="120.789134"></trkpt>
      <trkpt lat="22.127898" lon="120.789115"></trkpt>
      <trkpt lat="22.127952" lon="120.789111"></trkpt>
      <trkpt lat="22.128057" lon="120.789134"></trkpt>
      <trkpt lat="22.128213" lon="120.789170"></trkpt>
      <trkpt lat="22.128395" lon="120.789223"></trkpt>
      <trkpt lat="22.128718" lon="120.789283"></trkpt>
      <trkpt lat="22.129155" lon="120.789329"></trkpt>
      <trkpt lat="22.129663" lon="120.789317"></trkpt>
      <trkpt lat="22.129967" lon="120.789314"></trkpt>
      <trkpt lat="22.130131" lon="120.789321"></trkpt>
      <trkpt lat="22.130305" lon="120.789319"></trkpt>
      <trkpt lat="22.130499" lon="120.789254"></trkpt>
      <trkpt lat="22.130651" lon="120.789148"></trkpt>
      <trkpt lat="22.130779" lon="120.789016"></trkpt>
      <trkpt lat="22.130842" lon="120.788891"></trkpt>
      <trkpt lat="22.130905" lon="120.788689"></trkpt>
      <trkpt lat="22.131017" lon="120.788380"></trkpt>
      <trkpt lat="22.131062" lon="120.788232"></trkpt>
      <trkpt lat="22.131151" lon="120.788104"></trkpt>
      <trkpt lat="22.131268" lon="120.788014"></trkpt>
      <trkpt lat="22.131483" lon="120.787923"></trkpt>
      <trkpt lat="22.131581" lon="120.787848"></trkpt>
      <trkpt lat="22.131616" lon="120.787780"></trkpt>
      <trkpt lat="22.131630" lon="120.787711"></trkpt>
      <trkpt lat="22.131633" lon="120.787640"></trkpt>
      <trkpt lat="22.131597" lon="120.787528"></trkpt>
      <trkpt lat="22.131534" lon="120.787432"></trkpt>
      <trkpt lat="22.131427" lon="120.787361"></trkpt>
      <trkpt lat="22.131305" lon="120.787364"></trkpt>
      <trkpt lat="22.131196" lon="120.787403"></trkpt>
      <trkpt lat="22.131027" lon="120.787522"></trkpt>
      <trkpt lat="22.130797" lon="120.787739"></trkpt>
      <trkpt lat="22.130593" lon="120.788002"></trkpt>
      <trkpt lat="22.130371" lon="120.788297"></trkpt>
      <trkpt lat="22.130242" lon="120.788473"></trkpt>
      <trkpt lat="22.130094" lon="120.788627"></trkpt>
      <trkpt lat="22.129993" lon="120.788680"></trkpt>
      <trkpt lat="22.129872" lon="120.788689"></trkpt>
      <trkpt lat="22.129755" lon="120.788662"></trkpt>
      <trkpt lat="22.129540" lon="120.788523"></trkpt>
      <trkpt lat="22.129326" lon="120.788359"></trkpt>
      <trkpt lat="22.129143" lon="120.788217"></trkpt>
      <trkpt lat="22.128959" lon="120.788143"></trkpt>
      <trkpt lat="22.128757" lon="120.788085"></trkpt>
      <trkpt lat="22.128373" lon="120.787993"></trkpt>
      <trkpt lat="22.128268" lon="120.787961"></trkpt>
      <trkpt lat="22.128017" lon="120.787896"></trkpt>
      <trkpt lat="22.127847" lon="120.787814"></trkpt>
      <trkpt lat="22.127689" lon="120.787689"></trkpt>
      <trkpt lat="22.127603" lon="120.787618"></trkpt>
      <trkpt lat="22.127557" lon="120.787567"></trkpt>
      <trkpt lat="22.127524" lon="120.787526"></trkpt>
      <trkpt lat="22.127485" lon="120.787469"></trkpt>
      <trkpt lat="22.127443" lon="120.787376"></trkpt>
      <trkpt lat="22.127342" lon="120.787139"></trkpt>
      <trkpt lat="22.127237" lon="120.786911"></trkpt>
      <trkpt lat="22.127044" lon="120.786441"></trkpt>
      <trkpt lat="22.126930" lon="120.786174"></trkpt>
      <trkpt lat="22.126770" lon="120.785878"></trkpt>
      <trkpt lat="22.126606" lon="120.785665"></trkpt>
      <trkpt lat="22.126420" lon="120.785476"></trkpt>
      <trkpt lat="22.126291" lon="120.785327"></trkpt>
      <trkpt lat="22.126229" lon="120.785223"></trkpt>
      <trkpt lat="22.126198" lon="120.785096"></trkpt>
      <trkpt lat="22.126199" lon="120.784985"></trkpt>
      <trkpt lat="22.126231" lon="120.784856"></trkpt>
      <trkpt lat="22.126331" lon="120.784688"></trkpt>
      <trkpt lat="22.126419" lon="120.784558"></trkpt>
      <trkpt lat="22.126686" lon="120.784223"></trkpt>
      <trkpt lat="22.126803" lon="120.784167"></trkpt>
      <trkpt lat="22.126925" lon="120.784159"></trkpt>
      <trkpt lat="22.127014" lon="120.784194"></trkpt>
      <trkpt lat="22.127096" lon="120.784247"></trkpt>
      <trkpt lat="22.127199" lon="120.784418"></trkpt>
      <trkpt lat="22.127304" lon="120.784884"></trkpt>
      <trkpt lat="22.127367" lon="120.785245"></trkpt>
      <trkpt lat="22.127416" lon="120.785472"></trkpt>
      <trkpt lat="22.127485" lon="120.785706"></trkpt>
      <trkpt lat="22.127575" lon="120.785942"></trkpt>
      <trkpt lat="22.127641" lon="120.786048"></trkpt>
      <trkpt lat="22.127727" lon="120.786140"></trkpt>
      <trkpt lat="22.127869" lon="120.786197"></trkpt>
      <trkpt lat="22.127984" lon="120.786207"></trkpt>
      <trkpt lat="22.128098" lon="120.786197"></trkpt>
      <trkpt lat="22.128172" lon="120.786185"></trkpt>
      <trkpt lat="22.128331" lon="120.786058"></trkpt>
      <trkpt lat="22.128641" lon="120.785775"></trkpt>
      <trkpt lat="22.128708" lon="120.785678"></trkpt>
      <trkpt lat="22.128734" lon="120.785601"></trkpt>
      <trkpt lat="22.128746" lon="120.785540"></trkpt>
      <trkpt lat="22.128747" lon="120.785461"></trkpt>
      <trkpt lat="22.128722" lon="120.785393"></trkpt>
      <trkpt lat="22.128654" lon="120.785288"></trkpt>
      <trkpt lat="22.128384" lon="120.784967"></trkpt>
      <trkpt lat="22.128194" lon="120.784733"></trkpt>
      <trkpt lat="22.128021" lon="120.784528"></trkpt>
      <trkpt lat="22.127724" lon="120.784182"></trkpt>
      <trkpt lat="22.127691" lon="120.784074"></trkpt>
      <trkpt lat="22.127667" lon="120.783972"></trkpt>
      <trkpt lat="22.127652" lon="120.783868"></trkpt>
      <trkpt lat="22.127647" lon="120.783775"></trkpt>
      <trkpt lat="22.127651" lon="120.783701"></trkpt>
      <trkpt lat="22.127692" lon="120.783454"></trkpt>
      <trkpt lat="22.127731" lon="120.783297"></trkpt>
      <trkpt lat="22.127870" lon="120.782659"></trkpt>
      <trkpt lat="22.128011" lon="120.782146"></trkpt>
      <trkpt lat="22.128120" lon="120.781861"></trkpt>
      <trkpt lat="22.128135" lon="120.781823"></trkpt>
      <trkpt lat="22.128265" lon="120.781482"></trkpt>
      <trkpt lat="22.128418" lon="120.781014"></trkpt>
      <trkpt lat="22.128472" lon="120.780762"></trkpt>
      <trkpt lat="22.128513" lon="120.780405"></trkpt>
      <trkpt lat="22.128575" lon="120.779846"></trkpt>
      <trkpt lat="22.128683" lon="120.779475"></trkpt>
      <trkpt lat="22.128816" lon="120.779135"></trkpt>
      <trkpt lat="22.128892" lon="120.778923"></trkpt>
      <trkpt lat="22.128918" lon="120.778806"></trkpt>
      <trkpt lat="22.128917" lon="120.778652"></trkpt>
      <trkpt lat="22.128894" lon="120.778524"></trkpt>
      <trkpt lat="22.128881" lon="120.778449"></trkpt>
      <trkpt lat="22.128828" lon="120.778324"></trkpt>
      <trkpt lat="22.128681" lon="120.778045"></trkpt>
      <trkpt lat="22.128532" lon="120.777788"></trkpt>
      <trkpt lat="22.128269" lon="120.777330"></trkpt>
      <trkpt lat="22.127972" lon="120.776716"></trkpt>
      <trkpt lat="22.127524" lon="120.775808"></trkpt>
      <trkpt lat="22.127432" lon="120.775694"></trkpt>
      <trkpt lat="22.127289" lon="120.775525"></trkpt>
      <trkpt lat="22.127196" lon="120.775416"></trkpt>
      <trkpt lat="22.127169" lon="120.775387"></trkpt>
      <trkpt lat="22.127035" lon="120.775222"></trkpt>
      <trkpt lat="22.126801" lon="120.774979"></trkpt>
      <trkpt lat="22.126517" lon="120.774753"></trkpt>
      <trkpt lat="22.126383" lon="120.774656"></trkpt>
      <trkpt lat="22.126013" lon="120.774358"></trkpt>
      <trkpt lat="22.125569" lon="120.774015"></trkpt>
      <trkpt lat="22.125115" lon="120.773604"></trkpt>
      <trkpt lat="22.124976" lon="120.773447"></trkpt>
      <trkpt lat="22.124593" lon="120.773035"></trkpt>
      <trkpt lat="22.124145" lon="120.772560"></trkpt>
      <trkpt lat="22.124018" lon="120.772409"></trkpt>
      <trkpt lat="22.123656" lon="120.771886"></trkpt>
      <trkpt lat="22.123386" lon="120.771464"></trkpt>
      <trkpt lat="22.123031" lon="120.770905"></trkpt>
      <trkpt lat="22.122763" lon="120.770507"></trkpt>
      <trkpt lat="22.122610" lon="120.770372"></trkpt>
      <trkpt lat="22.122405" lon="120.770216"></trkpt>
      <trkpt lat="22.122243" lon="120.770105"></trkpt>
      <trkpt lat="22.122056" lon="120.769977"></trkpt>
      <trkpt lat="22.121899" lon="120.769840"></trkpt>
      <trkpt lat="22.121682" lon="120.769583"></trkpt>
      <trkpt lat="22.121529" lon="120.769390"></trkpt>
      <trkpt lat="22.121409" lon="120.769203"></trkpt>
      <trkpt lat="22.121318" lon="120.768995"></trkpt>
      <trkpt lat="22.121281" lon="120.768847"></trkpt>
      <trkpt lat="22.121274" lon="120.768655"></trkpt>
      <trkpt lat="22.121298" lon="120.768471"></trkpt>
      <trkpt lat="22.121333" lon="120.768325"></trkpt>
      <trkpt lat="22.121373" lon="120.768083"></trkpt>
      <trkpt lat="22.121380" lon="120.767961"></trkpt>
      <trkpt lat="22.121366" lon="120.767852"></trkpt>
      <trkpt lat="22.121348" lon="120.767711"></trkpt>
      <trkpt lat="22.121259" lon="120.767467"></trkpt>
      <trkpt lat="22.121151" lon="120.767176"></trkpt>
      <trkpt lat="22.121141" lon="120.767147"></trkpt>
      <trkpt lat="22.121071" lon="120.766949"></trkpt>
      <trkpt lat="22.120918" lon="120.766647"></trkpt>
      <trkpt lat="22.120804" lon="120.766496"></trkpt>
      <trkpt lat="22.120724" lon="120.766409"></trkpt>
      <trkpt lat="22.120211" lon="120.765909"></trkpt>
      <trkpt lat="22.120113" lon="120.765813"></trkpt>
      <trkpt lat="22.119987" lon="120.765684"></trkpt>
      <trkpt lat="22.119895" lon="120.765599"></trkpt>
      <trkpt lat="22.119830" lon="120.765554"></trkpt>
      <trkpt lat="22.119675" lon="120.765453"></trkpt>
      <trkpt lat="22.119572" lon="120.765403"></trkpt>
      <trkpt lat="22.119440" lon="120.765355"></trkpt>
      <trkpt lat="22.119231" lon="120.765284"></trkpt>
      <trkpt lat="22.118091" lon="120.765042"></trkpt>
      <trkpt lat="22.117588" lon="120.764960"></trkpt>
      <trkpt lat="22.117264" lon="120.764968"></trkpt>
      <trkpt lat="22.117224" lon="120.764971"></trkpt>
      <trkpt lat="22.116696" lon="120.765089"></trkpt>
      <trkpt lat="22.116192" lon="120.765206"></trkpt>
      <trkpt lat="22.116057" lon="120.765246"></trkpt>
      <trkpt lat="22.115867" lon="120.765337"></trkpt>
      <trkpt lat="22.115626" lon="120.765508"></trkpt>
      <trkpt lat="22.115491" lon="120.765606"></trkpt>
      <trkpt lat="22.115341" lon="120.765704"></trkpt>
      <trkpt lat="22.115179" lon="120.765772"></trkpt>
      <trkpt lat="22.114962" lon="120.765841"></trkpt>
      <trkpt lat="22.114819" lon="120.765870"></trkpt>
      <trkpt lat="22.114678" lon="120.765889"></trkpt>
      <trkpt lat="22.114543" lon="120.765892"></trkpt>
      <trkpt lat="22.114381" lon="120.765852"></trkpt>
      <trkpt lat="22.114265" lon="120.765791"></trkpt>
      <trkpt lat="22.114149" lon="120.765722"></trkpt>
      <trkpt lat="22.113999" lon="120.765570"></trkpt>
      <trkpt lat="22.113916" lon="120.765444"></trkpt>
      <trkpt lat="22.113855" lon="120.765299"></trkpt>
      <trkpt lat="22.113814" lon="120.765147"></trkpt>
      <trkpt lat="22.113798" lon="120.764915"></trkpt>
      <trkpt lat="22.113786" lon="120.764180"></trkpt>
      <trkpt lat="22.113772" lon="120.763936"></trkpt>
      <trkpt lat="22.113730" lon="120.763670"></trkpt>
      <trkpt lat="22.113639" lon="120.763353"></trkpt>
      <trkpt lat="22.113554" lon="120.763101"></trkpt>
      <trkpt lat="22.113479" lon="120.762925"></trkpt>
      <trkpt lat="22.113427" lon="120.762834"></trkpt>
      <trkpt lat="22.113350" lon="120.762728"></trkpt>
      <trkpt lat="22.113170" lon="120.762528"></trkpt>
      <trkpt lat="22.112677" lon="120.762056"></trkpt>
      <trkpt lat="22.112532" lon="120.761870"></trkpt>
      <trkpt lat="22.112417" lon="120.761700"></trkpt>
      <trkpt lat="22.112339" lon="120.761589"></trkpt>
      <trkpt lat="22.112223" lon="120.761495"></trkpt>
      <trkpt lat="22.112066" lon="120.761386"></trkpt>
      <trkpt lat="22.111918" lon="120.761279"></trkpt>
      <trkpt lat="22.111719" lon="120.761146"></trkpt>
      <trkpt lat="22.111615" lon="120.761083"></trkpt>
      <trkpt lat="22.111543" lon="120.761057"></trkpt>
      <trkpt lat="22.111480" lon="120.761049"></trkpt>
      <trkpt lat="22.111428" lon="120.761047"></trkpt>
      <trkpt lat="22.111382" lon="120.761051"></trkpt>
      <trkpt lat="22.111320" lon="120.761069"></trkpt>
      <trkpt lat="22.111066" lon="120.761156"></trkpt>
      <trkpt lat="22.110838" lon="120.761229"></trkpt>
      <trkpt lat="22.110588" lon="120.761261"></trkpt>
      <trkpt lat="22.110470" lon="120.761264"></trkpt>
      <trkpt lat="22.110209" lon="120.761240"></trkpt>
      <trkpt lat="22.109561" lon="120.761117"></trkpt>
      <trkpt lat="22.109376" lon="120.761107"></trkpt>
      <trkpt lat="22.109261" lon="120.761111"></trkpt>
      <trkpt lat="22.109021" lon="120.761159"></trkpt>
      <trkpt lat="22.108930" lon="120.761187"></trkpt>
      <trkpt lat="22.108828" lon="120.761208"></trkpt>
      <trkpt lat="22.108688" lon="120.761247"></trkpt>
      <trkpt lat="22.108334" lon="120.761301"></trkpt>
      <trkpt lat="22.108293" lon="120.761305"></trkpt>
      <trkpt lat="22.108033" lon="120.761380"></trkpt>
      <trkpt lat="22.107869" lon="120.761449"></trkpt>
      <trkpt lat="22.107687" lon="120.761541"></trkpt>
      <trkpt lat="22.107481" lon="120.761697"></trkpt>
      <trkpt lat="22.107142" lon="120.761993"></trkpt>
      <trkpt lat="22.107085" lon="120.762051"></trkpt>
      <trkpt lat="22.106994" lon="120.762161"></trkpt>
      <trkpt lat="22.106917" lon="120.762276"></trkpt>
      <trkpt lat="22.106834" lon="120.762410"></trkpt>
      <trkpt lat="22.106753" lon="120.762556"></trkpt>
      <trkpt lat="22.106552" lon="120.762785"></trkpt>
      <trkpt lat="22.106369" lon="120.762921"></trkpt>
      <trkpt lat="22.105712" lon="120.763204"></trkpt>
      <trkpt lat="22.105597" lon="120.763227"></trkpt>
      <trkpt lat="22.105391" lon="120.763263"></trkpt>
      <trkpt lat="22.104164" lon="120.763324"></trkpt>
      <trkpt lat="22.103235" lon="120.763351"></trkpt>
      <trkpt lat="22.102713" lon="120.763373"></trkpt>
      <trkpt lat="22.102305" lon="120.763383"></trkpt>
      <trkpt lat="22.101897" lon="120.763379"></trkpt>
      <trkpt lat="22.101653" lon="120.763353"></trkpt>
      <trkpt lat="22.101442" lon="120.763232"></trkpt>
      <trkpt lat="22.101327" lon="120.763130"></trkpt>
      <trkpt lat="22.101236" lon="120.762963"></trkpt>
      <trkpt lat="22.101194" lon="120.762827"></trkpt>
      <trkpt lat="22.101166" lon="120.762697"></trkpt>
      <trkpt lat="22.101155" lon="120.762587"></trkpt>
      <trkpt lat="22.101178" lon="120.762441"></trkpt>
      <trkpt lat="22.101221" lon="120.762203"></trkpt>
      <trkpt lat="22.101267" lon="120.762016"></trkpt>
      <trkpt lat="22.101256" lon="120.761817"></trkpt>
      <trkpt lat="22.101240" lon="120.761702"></trkpt>
      <trkpt lat="22.101222" lon="120.761598"></trkpt>
      <trkpt lat="22.101166" lon="120.761402"></trkpt>
      <trkpt lat="22.100979" lon="120.760971"></trkpt>
      <trkpt lat="22.100806" lon="120.760465"></trkpt>
      <trkpt lat="22.100659" lon="120.760109"></trkpt>
      <trkpt lat="22.100612" lon="120.759961"></trkpt>
      <trkpt lat="22.100553" lon="120.759698"></trkpt>
      <trkpt lat="22.100522" lon="120.759107"></trkpt>
      <trkpt lat="22.100516" lon="120.758854"></trkpt>
      <trkpt lat="22.100496" lon="120.758411"></trkpt>
      <trkpt lat="22.100489" lon="120.758269"></trkpt>
      <trkpt lat="22.100443" lon="120.757134"></trkpt>
      <trkpt lat="22.100406" lon="120.756106"></trkpt>
      <trkpt lat="22.100372" lon="120.755881"></trkpt>
      <trkpt lat="22.100331" lon="120.755730"></trkpt>
      <trkpt lat="22.100133" lon="120.755202"></trkpt>
      <trkpt lat="22.099917" lon="120.754858"></trkpt>
      <trkpt lat="22.099844" lon="120.754754"></trkpt>
      <trkpt lat="22.099715" lon="120.754570"></trkpt>
      <trkpt lat="22.099656" lon="120.754497"></trkpt>
      <trkpt lat="22.099580" lon="120.754382"></trkpt>
      <trkpt lat="22.099460" lon="120.754222"></trkpt>
      <trkpt lat="22.099291" lon="120.753996"></trkpt>
      <trkpt lat="22.098990" lon="120.753619"></trkpt>
      <trkpt lat="22.098932" lon="120.753541"></trkpt>
      <trkpt lat="22.098705" lon="120.753235"></trkpt>
      <trkpt lat="22.098532" lon="120.753022"></trkpt>
      <trkpt lat="22.098273" lon="120.752774"></trkpt>
      <trkpt lat="22.098147" lon="120.752668"></trkpt>
      <trkpt lat="22.097550" lon="120.752221"></trkpt>
      <trkpt lat="22.097355" lon="120.752061"></trkpt>
      <trkpt lat="22.097219" lon="120.751950"></trkpt>
      <trkpt lat="22.096997" lon="120.751812"></trkpt>
      <trkpt lat="22.096785" lon="120.751675"></trkpt>
      <trkpt lat="22.096508" lon="120.751473"></trkpt>
      <trkpt lat="22.096444" lon="120.751424"></trkpt>
      <trkpt lat="22.096359" lon="120.751465"></trkpt>
      <trkpt lat="22.095688" lon="120.751808"></trkpt>
      <trkpt lat="22.094813" lon="120.752218"></trkpt>
      <trkpt lat="22.094329" lon="120.752307"></trkpt>
      <trkpt lat="22.093971" lon="120.752255"></trkpt>
      <trkpt lat="22.092335" lon="120.751628"></trkpt>
      <trkpt lat="22.091610" lon="120.751271"></trkpt>
      <trkpt lat="22.090801" lon="120.750754"></trkpt>
      <trkpt lat="22.090241" lon="120.750311"></trkpt>
      <trkpt lat="22.089820" lon="120.749823"></trkpt>
      <trkpt lat="22.089542" lon="120.749461"></trkpt>
      <trkpt lat="22.089098" lon="120.748581"></trkpt>
      <trkpt lat="22.088925" lon="120.747995"></trkpt>
      <trkpt lat="22.088747" lon="120.747249"></trkpt>
      <trkpt lat="22.088673" lon="120.747271"></trkpt>
      <trkpt lat="22.088012" lon="120.747468"></trkpt>
      <trkpt lat="22.087952" lon="120.747486"></trkpt>
      <trkpt lat="22.087934" lon="120.747411"></trkpt>
      <trkpt lat="22.087868" lon="120.747133"></trkpt>
      <trkpt lat="22.087729" lon="120.746744"></trkpt>
      <trkpt lat="22.087330" lon="120.745941"></trkpt>
      <trkpt lat="22.086849" lon="120.745304"></trkpt>
      <trkpt lat="22.086437" lon="120.744930"></trkpt>
      <trkpt lat="22.085753" lon="120.744397"></trkpt>
      <trkpt lat="22.085065" lon="120.743838"></trkpt>
      <trkpt lat="22.084921" lon="120.743712"></trkpt>
      <trkpt lat="22.084494" lon="120.743241"></trkpt>
      <trkpt lat="22.083722" lon="120.742397"></trkpt>
      <trkpt lat="22.083205" lon="120.741839"></trkpt>
      <trkpt lat="22.082429" lon="120.740930"></trkpt>
      <trkpt lat="22.082505" lon="120.740854"></trkpt>
      <trkpt lat="22.082935" lon="120.740326"></trkpt>
      <trkpt lat="22.083003" lon="120.740246"></trkpt>
      <trkpt lat="22.082787" lon="120.739837"></trkpt>
      <trkpt lat="22.082637" lon="120.739489"></trkpt>
      <trkpt lat="22.082527" lon="120.739135"></trkpt>
      <trkpt lat="22.082429" lon="120.738657"></trkpt>
      <trkpt lat="22.082405" lon="120.738402"></trkpt>
      <trkpt lat="22.082424" lon="120.738076"></trkpt>
      <trkpt lat="22.082596" lon="120.737344"></trkpt>
      <trkpt lat="22.082934" lon="120.736467"></trkpt>
      <trkpt lat="22.083447" lon="120.735236"></trkpt>
      <trkpt lat="22.083471" lon="120.734939"></trkpt>
      <trkpt lat="22.083398" lon="120.734527"></trkpt>
      <trkpt lat="22.083014" lon="120.733979"></trkpt>
      <trkpt lat="22.082468" lon="120.733970"></trkpt>
      <trkpt lat="22.081569" lon="120.734101"></trkpt>
      <trkpt lat="22.079660" lon="120.733801"></trkpt>
      <trkpt lat="22.079391" lon="120.733743"></trkpt>
      <trkpt lat="22.079163" lon="120.733610"></trkpt>
      <trkpt lat="22.078257" lon="120.732951"></trkpt>
      <trkpt lat="22.077729" lon="120.732568"></trkpt>
      <trkpt lat="22.074429" lon="120.730151"></trkpt>
      <trkpt lat="22.074272" lon="120.730063"></trkpt>
      <trkpt lat="22.074055" lon="120.729982"></trkpt>
      <trkpt lat="22.073150" lon="120.729759"></trkpt>
      <trkpt lat="22.072827" lon="120.729687"></trkpt>
      <trkpt lat="22.072743" lon="120.729655"></trkpt>
      <trkpt lat="22.072637" lon="120.729611"></trkpt>
      <trkpt lat="22.072558" lon="120.729523"></trkpt>
      <trkpt lat="22.072394" lon="120.729241"></trkpt>
      <trkpt lat="22.072320" lon="120.729037"></trkpt>
      <trkpt lat="22.072208" lon="120.728787"></trkpt>
      <trkpt lat="22.072078" lon="120.728457"></trkpt>
      <trkpt lat="22.072011" lon="120.728255"></trkpt>
      <trkpt lat="22.071981" lon="120.728126"></trkpt>
      <trkpt lat="22.071949" lon="120.727815"></trkpt>
      <trkpt lat="22.071924" lon="120.727449"></trkpt>
      <trkpt lat="22.071914" lon="120.727216"></trkpt>
      <trkpt lat="22.071912" lon="120.727183"></trkpt>
      <trkpt lat="22.071433" lon="120.727471"></trkpt>
      <trkpt lat="22.071163" lon="120.727601"></trkpt>
      <trkpt lat="22.070750" lon="120.727848"></trkpt>
      <trkpt lat="22.069676" lon="120.728573"></trkpt>
      <trkpt lat="22.069616" lon="120.728604"></trkpt>
      <trkpt lat="22.069328" lon="120.728638"></trkpt>
      <trkpt lat="22.069274" lon="120.728635"></trkpt>
      <trkpt lat="22.069197" lon="120.728629"></trkpt>
      <trkpt lat="22.068573" lon="120.728576"></trkpt>
      <trkpt lat="22.068410" lon="120.728562"></trkpt>
      <trkpt lat="22.068244" lon="120.728575"></trkpt>
      <trkpt lat="22.067863" lon="120.728714"></trkpt>
      <trkpt lat="22.067478" lon="120.728803"></trkpt>
      <trkpt lat="22.067268" lon="120.728641"></trkpt>
      <trkpt lat="22.067203" lon="120.728594"></trkpt>
      <trkpt lat="22.067010" lon="120.728454"></trkpt>
      <trkpt lat="22.065951" lon="120.728235"></trkpt>
      <trkpt lat="22.065636" lon="120.728026"></trkpt>
      <trkpt lat="22.064532" lon="120.727240"></trkpt>
      <trkpt lat="22.064233" lon="120.727128"></trkpt>
      <trkpt lat="22.064058" lon="120.727133"></trkpt>
      <trkpt lat="22.063040" lon="120.727532"></trkpt>
      <trkpt lat="22.062886" lon="120.727581"></trkpt>
      <trkpt lat="22.062269" lon="120.727866"></trkpt>
      <trkpt lat="22.061332" lon="120.728294"></trkpt>
      <trkpt lat="22.059740" lon="120.729020"></trkpt>
      <trkpt lat="22.059075" lon="120.729350"></trkpt>
      <trkpt lat="22.057192" lon="120.730208"></trkpt>
      <trkpt lat="22.056768" lon="120.730489"></trkpt>
      <trkpt lat="22.056609" lon="120.730594"></trkpt>
      <trkpt lat="22.056262" lon="120.730790"></trkpt>
      <trkpt lat="22.056161" lon="120.730843"></trkpt>
      <trkpt lat="22.056084" lon="120.730867"></trkpt>
      <trkpt lat="22.055773" lon="120.730922"></trkpt>
      <trkpt lat="22.055729" lon="120.730928"></trkpt>
      <trkpt lat="22.054936" lon="120.731038"></trkpt>
      <trkpt lat="22.054517" lon="120.731101"></trkpt>
      <trkpt lat="22.054496" lon="120.731104"></trkpt>
      <trkpt lat="22.054434" lon="120.731134"></trkpt>
      <trkpt lat="22.054378" lon="120.731184"></trkpt>
      <trkpt lat="22.054270" lon="120.731282"></trkpt>
      <trkpt lat="22.054094" lon="120.731430"></trkpt>
      <trkpt lat="22.053727" lon="120.731703"></trkpt>
      <trkpt lat="22.053350" lon="120.732012"></trkpt>
      <trkpt lat="22.053099" lon="120.732254"></trkpt>
      <trkpt lat="22.053030" lon="120.732326"></trkpt>
      <trkpt lat="22.052819" lon="120.732614"></trkpt>
      <trkpt lat="22.052728" lon="120.732793"></trkpt>
      <trkpt lat="22.052456" lon="120.732720"></trkpt>
      <trkpt lat="22.052366" lon="120.732703"></trkpt>
      <trkpt lat="22.052195" lon="120.732682"></trkpt>
      <trkpt lat="22.052133" lon="120.732671"></trkpt>
      <trkpt lat="22.051840" lon="120.732657"></trkpt>
      <trkpt lat="22.051086" lon="120.732659"></trkpt>
      <trkpt lat="22.051033" lon="120.732645"></trkpt>
      <trkpt lat="22.050646" lon="120.732646"></trkpt>
      <trkpt lat="22.050314" lon="120.732691"></trkpt>
      <trkpt lat="22.049891" lon="120.732806"></trkpt>
      <trkpt lat="22.049327" lon="120.733025"></trkpt>
      <trkpt lat="22.048952" lon="120.733145"></trkpt>
      <trkpt lat="22.048764" lon="120.733193"></trkpt>
      <trkpt lat="22.047785" lon="120.733392"></trkpt>
      <trkpt lat="22.047368" lon="120.733573"></trkpt>
      <trkpt lat="22.046504" lon="120.733931"></trkpt>
      <trkpt lat="22.045896" lon="120.734214"></trkpt>
      <trkpt lat="22.044142" lon="120.734973"></trkpt>
      <trkpt lat="22.042963" lon="120.735492"></trkpt>
      <trkpt lat="22.041608" lon="120.736062"></trkpt>
      <trkpt lat="22.039901" lon="120.736811"></trkpt>
      <trkpt lat="22.039024" lon="120.737177"></trkpt>
      <trkpt lat="22.038638" lon="120.737368"></trkpt>
      <trkpt lat="22.038563" lon="120.737411"></trkpt>
      <trkpt lat="22.038221" lon="120.737570"></trkpt>
      <trkpt lat="22.038048" lon="120.737630"></trkpt>
      <trkpt lat="22.037911" lon="120.737645"></trkpt>
      <trkpt lat="22.037673" lon="120.737712"></trkpt>
      <trkpt lat="22.037575" lon="120.737726"></trkpt>
      <trkpt lat="22.037516" lon="120.737646"></trkpt>
      <trkpt lat="22.037450" lon="120.737696"></trkpt>
      <trkpt lat="22.037366" lon="120.737759"></trkpt>
      <trkpt lat="22.037266" lon="120.737821"></trkpt>
      <trkpt lat="22.037106" lon="120.737892"></trkpt>
      <trkpt lat="22.036649" lon="120.738088"></trkpt>
      <trkpt lat="22.036492" lon="120.738135"></trkpt>
      <trkpt lat="22.036027" lon="120.738328"></trkpt>
      <trkpt lat="22.035467" lon="120.738541"></trkpt>
      <trkpt lat="22.034979" lon="120.738732"></trkpt>
      <trkpt lat="22.033846" lon="120.739177"></trkpt>
      <trkpt lat="22.033721" lon="120.739235"></trkpt>
      <trkpt lat="22.032665" lon="120.739627"></trkpt>
      <trkpt lat="22.032420" lon="120.739724"></trkpt>
      <trkpt lat="22.032198" lon="120.739803"></trkpt>
      <trkpt lat="22.031948" lon="120.739893"></trkpt>
      <trkpt lat="22.031320" lon="120.740149"></trkpt>
      <trkpt lat="22.030594" lon="120.740445"></trkpt>
      <trkpt lat="22.030321" lon="120.740548"></trkpt>
      <trkpt lat="22.029798" lon="120.740768"></trkpt>
      <trkpt lat="22.029287" lon="120.740989"></trkpt>
      <trkpt lat="22.028841" lon="120.741165"></trkpt>
      <trkpt lat="22.028376" lon="120.741348"></trkpt>
      <trkpt lat="22.028058" lon="120.741501"></trkpt>
      <trkpt lat="22.027543" lon="120.741715"></trkpt>
      <trkpt lat="22.027409" lon="120.741771"></trkpt>
      <trkpt lat="22.027294" lon="120.741823"></trkpt>
      <trkpt lat="22.025295" lon="120.742629"></trkpt>
      <trkpt lat="22.025121" lon="120.742704"></trkpt>
      <trkpt lat="22.025073" lon="120.742725"></trkpt>
      <trkpt lat="22.024760" lon="120.742875"></trkpt>
      <trkpt lat="22.024440" lon="120.743010"></trkpt>
      <trkpt lat="22.024185" lon="120.743099"></trkpt>
      <trkpt lat="22.023472" lon="120.743282"></trkpt>
      <trkpt lat="22.023376" lon="120.743302"></trkpt>
      <trkpt lat="22.023309" lon="120.743316"></trkpt>
      <trkpt lat="22.023337" lon="120.743424"></trkpt>
      <trkpt lat="22.023496" lon="120.743888"></trkpt>
      <trkpt lat="22.023678" lon="120.744402"></trkpt>
      <trkpt lat="22.023705" lon="120.744478"></trkpt>
      <trkpt lat="22.024147" lon="120.745711"></trkpt>
      <trkpt lat="22.024188" lon="120.745902"></trkpt>
      <trkpt lat="22.024242" lon="120.746103"></trkpt>
      <trkpt lat="22.024334" lon="120.746510"></trkpt>
      <trkpt lat="22.024339" lon="120.746626"></trkpt>
      <trkpt lat="22.024298" lon="120.746780"></trkpt>
      <trkpt lat="22.024270" lon="120.746895"></trkpt>
      <trkpt lat="22.024229" lon="120.747069"></trkpt>
      <trkpt lat="22.024209" lon="120.747349"></trkpt>
      <trkpt lat="22.024177" lon="120.747440"></trkpt>
      <trkpt lat="22.024044" lon="120.747695"></trkpt>
      <trkpt lat="22.023490" lon="120.747821"></trkpt>
      <trkpt lat="22.023422" lon="120.747834"></trkpt>
      <trkpt lat="22.023354" lon="120.747831"></trkpt>
      <trkpt lat="22.023219" lon="120.747946"></trkpt>
      <trkpt lat="22.023145" lon="120.748025"></trkpt>
      <trkpt lat="22.022971" lon="120.748209"></trkpt>
      <trkpt lat="22.022827" lon="120.748266"></trkpt>
      <trkpt lat="22.022588" lon="120.748337"></trkpt>
      <trkpt lat="22.022363" lon="120.748403"></trkpt>
      <trkpt lat="22.022188" lon="120.748464"></trkpt>
      <trkpt lat="22.021912" lon="120.748573"></trkpt>
      <trkpt lat="22.021784" lon="120.748633"></trkpt>
      <trkpt lat="22.021612" lon="120.748406"></trkpt>
      <trkpt lat="22.021479" lon="120.748459"></trkpt>
      <trkpt lat="22.021161" lon="120.748638"></trkpt>
      <trkpt lat="22.020639" lon="120.748931"></trkpt>
      <trkpt lat="22.020539" lon="120.748990"></trkpt>
      <trkpt lat="22.020375" lon="120.749051"></trkpt>
      <trkpt lat="22.020231" lon="120.749045"></trkpt>
      <trkpt lat="22.020061" lon="120.749000"></trkpt>
      <trkpt lat="22.019879" lon="120.748941"></trkpt>
      <trkpt lat="22.019754" lon="120.748920"></trkpt>
      <trkpt lat="22.019635" lon="120.748973"></trkpt>
      <trkpt lat="22.019501" lon="120.749004"></trkpt>
      <trkpt lat="22.019406" lon="120.748950"></trkpt>
      <trkpt lat="22.019254" lon="120.748873"></trkpt>
      <trkpt lat="22.019126" lon="120.748881"></trkpt>
      <trkpt lat="22.018999" lon="120.748731"></trkpt>
      <trkpt lat="22.018893" lon="120.748644"></trkpt>
      <trkpt lat="22.018704" lon="120.748487"></trkpt>
      <trkpt lat="22.018581" lon="120.748385"></trkpt>
      <trkpt lat="22.018489" lon="120.748328"></trkpt>
      <trkpt lat="22.018371" lon="120.748331"></trkpt>
      <trkpt lat="22.018267" lon="120.748381"></trkpt>
      <trkpt lat="22.017867" lon="120.748521"></trkpt>
      <trkpt lat="22.017423" lon="120.748684"></trkpt>
      <trkpt lat="22.017328" lon="120.748688"></trkpt>
      <trkpt lat="22.017267" lon="120.748691"></trkpt>
      <trkpt lat="22.017213" lon="120.748653"></trkpt>
      <trkpt lat="22.017174" lon="120.748554"></trkpt>
      <trkpt lat="22.017134" lon="120.748406"></trkpt>
      <trkpt lat="22.017101" lon="120.748310"></trkpt>
      <trkpt lat="22.017051" lon="120.748253"></trkpt>
      <trkpt lat="22.016958" lon="120.748242"></trkpt>
      <trkpt lat="22.016753" lon="120.748292"></trkpt>
      <trkpt lat="22.016549" lon="120.748346"></trkpt>
      <trkpt lat="22.016038" lon="120.748595"></trkpt>
      <trkpt lat="22.015868" lon="120.748694"></trkpt>
      <trkpt lat="22.015634" lon="120.748804"></trkpt>
      <trkpt lat="22.015347" lon="120.748976"></trkpt>
      <trkpt lat="22.015214" lon="120.749021"></trkpt>
      <trkpt lat="22.014844" lon="120.749203"></trkpt>
      <trkpt lat="22.014717" lon="120.749268"></trkpt>
      <trkpt lat="22.014550" lon="120.749356"></trkpt>
      <trkpt lat="22.014430" lon="120.749412"></trkpt>
      <trkpt lat="22.014283" lon="120.749493"></trkpt>
      <trkpt lat="22.014145" lon="120.749565"></trkpt>
      <trkpt lat="22.013972" lon="120.749649"></trkpt>
      <trkpt lat="22.013833" lon="120.749644"></trkpt>
      <trkpt lat="22.013672" lon="120.749422"></trkpt>
      <trkpt lat="22.013519" lon="120.749229"></trkpt>
      <trkpt lat="22.013301" lon="120.749173"></trkpt>
      <trkpt lat="22.013007" lon="120.749123"></trkpt>
      <trkpt lat="22.012841" lon="120.749120"></trkpt>
      <trkpt lat="22.012615" lon="120.749155"></trkpt>
      <trkpt lat="22.012292" lon="120.749120"></trkpt>
      <trkpt lat="22.012224" lon="120.749113"></trkpt>
      <trkpt lat="22.012144" lon="120.749121"></trkpt>
      <trkpt lat="22.012085" lon="120.749130"></trkpt>
      <trkpt lat="22.011673" lon="120.749320"></trkpt>
      <trkpt lat="22.011623" lon="120.749341"></trkpt>
      <trkpt lat="22.011182" lon="120.749526"></trkpt>
      <trkpt lat="22.011157" lon="120.749536"></trkpt>
      <trkpt lat="22.010959" lon="120.749541"></trkpt>
      <trkpt lat="22.010884" lon="120.749503"></trkpt>
      <trkpt lat="22.010714" lon="120.749416"></trkpt>
      <trkpt lat="22.010537" lon="120.749331"></trkpt>
      <trkpt lat="22.010431" lon="120.749263"></trkpt>
      <trkpt lat="22.010175" lon="120.749101"></trkpt>
      <trkpt lat="22.009630" lon="120.748797"></trkpt>
      <trkpt lat="22.009597" lon="120.748779"></trkpt>
      <trkpt lat="22.009346" lon="120.748638"></trkpt>
      <trkpt lat="22.009165" lon="120.748535"></trkpt>
      <trkpt lat="22.008773" lon="120.748356"></trkpt>
      <trkpt lat="22.008724" lon="120.748330"></trkpt>
      <trkpt lat="22.008675" lon="120.748303"></trkpt>
      <trkpt lat="22.008617" lon="120.748269"></trkpt>
      <trkpt lat="22.008567" lon="120.748242"></trkpt>
      <trkpt lat="22.008441" lon="120.748164"></trkpt>
      <trkpt lat="22.008270" lon="120.748073"></trkpt>
      <trkpt lat="22.008214" lon="120.748043"></trkpt>
      <trkpt lat="22.008094" lon="120.747989"></trkpt>
      <trkpt lat="22.008013" lon="120.747963"></trkpt>
      <trkpt lat="22.007977" lon="120.747953"></trkpt>
      <trkpt lat="22.007755" lon="120.747899"></trkpt>
      <trkpt lat="22.007665" lon="120.747874"></trkpt>
      <trkpt lat="22.007685" lon="120.747808"></trkpt>
      <trkpt lat="22.007698" lon="120.747724"></trkpt>
      <trkpt lat="22.007697" lon="120.747603"></trkpt>
      <trkpt lat="22.007655" lon="120.747478"></trkpt>
      <trkpt lat="22.007595" lon="120.747352"></trkpt>
      <trkpt lat="22.007107" lon="120.746445"></trkpt>
    </trkseg>
  </trk>
</gpx>
