<?xml version="1.0" encoding="UTF-8"?>
<gpx version="1.1" creator="2026-routes" xmlns="http://www.topografix.com/GPX/1/1">
  <metadata>
    <name>恆春到左營高中</name>
    <desc>恆春→台26→楓港→台1→枋寮→台17→東港→林園→小港→前鎮→台17→左營高中</desc>
  </metadata>
  <trk>
    <name>Day 11 恆春到左營高中</name>
    <trkseg>
      <trkpt lat="22.004088" lon="120.744119"></trkpt>
      <trkpt lat="22.004394" lon="120.744094"></trkpt>
      <trkpt lat="22.005250" lon="120.744014"></trkpt>
      <trkpt lat="22.005547" lon="120.743994"></trkpt>
      <trkpt lat="22.005610" lon="120.743989"></trkpt>
      <trkpt lat="22.005750" lon="120.743978"></trkpt>
      <trkpt lat="22.005846" lon="120.743890"></trkpt>
      <trkpt lat="22.005893" lon="120.743843"></trkpt>
      <trkpt lat="22.006128" lon="120.743590"></trkpt>
      <trkpt lat="22.006567" lon="120.743177"></trkpt>
      <trkpt lat="22.007414" lon="120.743355"></trkpt>
      <trkpt lat="22.007618" lon="120.743391"></trkpt>
      <trkpt lat="22.007970" lon="120.743467"></trkpt>
      <trkpt lat="22.008749" lon="120.743657"></trkpt>
      <trkpt lat="22.008832" lon="120.743676"></trkpt>
      <trkpt lat="22.009171" lon="120.743755"></trkpt>
      <trkpt lat="22.009463" lon="120.743814"></trkpt>
      <trkpt lat="22.009835" lon="120.743905"></trkpt>
      <trkpt lat="22.009868" lon="120.743913"></trkpt>
      <trkpt lat="22.009961" lon="120.743936"></trkpt>
      <trkpt lat="22.010040" lon="120.743954"></trkpt>
      <trkpt lat="22.010083" lon="120.743964"></trkpt>
      <trkpt lat="22.010480" lon="120.744056"></trkpt>
      <trkpt lat="22.011419" lon="120.744276"></trkpt>
      <trkpt lat="22.011659" lon="120.744343"></trkpt>
      <trkpt lat="22.012086" lon="120.744435"></trkpt>
      <trkpt lat="22.012216" lon="120.744455"></trkpt>
      <trkpt lat="22.012347" lon="120.744473"></trkpt>
      <trkpt lat="22.012516" lon="120.744474"></trkpt>
      <trkpt lat="22.012607" lon="120.744474"></trkpt>
      <trkpt lat="22.012994" lon="120.744443"></trkpt>
      <trkpt lat="22.013754" lon="120.744388"></trkpt>
      <trkpt lat="22.014436" lon="120.744332"></trkpt>
      <trkpt lat="22.014787" lon="120.744299"></trkpt>
      <trkpt lat="22.014951" lon="120.744286"></trkpt>
      <trkpt lat="22.015061" lon="120.744280"></trkpt>
      <trkpt lat="22.015543" lon="120.744244"></trkpt>
      <trkpt lat="22.015622" lon="120.744197"></trkpt>
      <trkpt lat="22.015888" lon="120.744232"></trkpt>
      <trkpt lat="22.016540" lon="120.744172"></trkpt>
      <trkpt lat="22.016722" lon="120.744149"></trkpt>
      <trkpt lat="22.017606" lon="120.744124"></trkpt>
      <trkpt lat="22.018333" lon="120.744065"></trkpt>
      <trkpt lat="22.018560" lon="120.744048"></trkpt>
      <trkpt lat="22.019314" lon="120.744000"></trkpt>
      <trkpt lat="22.019973" lon="120.743949"></trkpt>
      <trkpt lat="22.020282" lon="120.743917"></trkpt>
      <trkpt lat="22.021232" lon="120.743835"></trkpt>
      <trkpt lat="22.021621" lon="120.743785"></trkpt>
      <trkpt lat="22.022251" lon="120.743663"></trkpt>
      <trkpt lat="22.022809" lon="120.743522"></trkpt>
      <trkpt lat="22.023225" lon="120.743443"></trkpt>
      <trkpt lat="22.023337" lon="120.743424"></trkpt>
      <trkpt lat="22.023496" lon="120.743382"></trkpt>
      <trkpt lat="22.023760" lon="120.743306"></trkpt>
      <trkpt lat="22.023887" lon="120.743271"></trkpt>
      <trkpt lat="22.024199" lon="120.743194"></trkpt>
      <trkpt lat="22.024339" lon="120.743141"></trkpt>
      <trkpt lat="22.024537" lon="120.743070"></trkpt>
      <trkpt lat="22.024778" lon="120.742974"></trkpt>
      <trkpt lat="22.024957" lon="120.742908"></trkpt>
      <trkpt lat="22.025108" lon="120.742839"></trkpt>
      <trkpt lat="22.025332" lon="120.742753"></trkpt>
      <trkpt lat="22.026418" lon="120.742310"></trkpt>
      <trkpt lat="22.026955" lon="120.742083"></trkpt>
      <trkpt lat="22.027343" lon="120.741920"></trkpt>
      <trkpt lat="22.027446" lon="120.741876"></trkpt>
      <trkpt lat="22.027581" lon="120.741820"></trkpt>
      <trkpt lat="22.028364" lon="120.741495"></trkpt>
      <trkpt lat="22.028421" lon="120.741459"></trkpt>
      <trkpt lat="22.028871" lon="120.741266"></trkpt>
      <trkpt lat="22.029532" lon="120.741002"></trkpt>
      <trkpt lat="22.029967" lon="120.740803"></trkpt>
      <trkpt lat="22.030345" lon="120.740648"></trkpt>
      <trkpt lat="22.030891" lon="120.740425"></trkpt>
      <trkpt lat="22.031161" lon="120.740320"></trkpt>
      <trkpt lat="22.032239" lon="120.739902"></trkpt>
      <trkpt lat="22.032931" lon="120.739628"></trkpt>
      <trkpt lat="22.033884" lon="120.739251"></trkpt>
      <trkpt lat="22.034701" lon="120.738933"></trkpt>
      <trkpt lat="22.034885" lon="120.738863"></trkpt>
      <trkpt lat="22.035497" lon="120.738622"></trkpt>
      <trkpt lat="22.035814" lon="120.738498"></trkpt>
      <trkpt lat="22.036060" lon="120.738401"></trkpt>
      <trkpt lat="22.036301" lon="120.738319"></trkpt>
      <trkpt lat="22.036584" lon="120.738195"></trkpt>
      <trkpt lat="22.036662" lon="120.738164"></trkpt>
      <trkpt lat="22.037132" lon="120.737984"></trkpt>
      <trkpt lat="22.037316" lon="120.737901"></trkpt>
      <trkpt lat="22.037402" lon="120.737846"></trkpt>
      <trkpt lat="22.037575" lon="120.737726"></trkpt>
      <trkpt lat="22.037673" lon="120.737712"></trkpt>
      <trkpt lat="22.037911" lon="120.737645"></trkpt>
      <trkpt lat="22.038048" lon="120.737630"></trkpt>
      <trkpt lat="22.038221" lon="120.737570"></trkpt>
      <trkpt lat="22.038563" lon="120.737411"></trkpt>
      <trkpt lat="22.038638" lon="120.737368"></trkpt>
      <trkpt lat="22.039024" lon="120.737177"></trkpt>
      <trkpt lat="22.039901" lon="120.736811"></trkpt>
      <trkpt lat="22.041608" lon="120.736062"></trkpt>
      <trkpt lat="22.042963" lon="120.735492"></trkpt>
      <trkpt lat="22.044142" lon="120.734973"></trkpt>
      <trkpt lat="22.045896" lon="120.734214"></trkpt>
      <trkpt lat="22.046504" lon="120.733931"></trkpt>
      <trkpt lat="22.047368" lon="120.733573"></trkpt>
      <trkpt lat="22.047785" lon="120.733392"></trkpt>
      <trkpt lat="22.048764" lon="120.733193"></trkpt>
      <trkpt lat="22.048952" lon="120.733145"></trkpt>
      <trkpt lat="22.049327" lon="120.733025"></trkpt>
      <trkpt lat="22.049891" lon="120.732806"></trkpt>
      <trkpt lat="22.050314" lon="120.732691"></trkpt>
      <trkpt lat="22.050646" lon="120.732646"></trkpt>
      <trkpt lat="22.051033" lon="120.732645"></trkpt>
      <trkpt lat="22.051086" lon="120.732659"></trkpt>
      <trkpt lat="22.051840" lon="120.732657"></trkpt>
      <trkpt lat="22.052133" lon="120.732671"></trkpt>
      <trkpt lat="22.052195" lon="120.732682"></trkpt>
      <trkpt lat="22.052366" lon="120.732703"></trkpt>
      <trkpt lat="22.052456" lon="120.732720"></trkpt>
      <trkpt lat="22.052728" lon="120.732793"></trkpt>
      <trkpt lat="22.052819" lon="120.732614"></trkpt>
      <trkpt lat="22.053030" lon="120.732326"></trkpt>
      <trkpt lat="22.053099" lon="120.732254"></trkpt>
      <trkpt lat="22.053350" lon="120.732012"></trkpt>
      <trkpt lat="22.053727" lon="120.731703"></trkpt>
      <trkpt lat="22.054094" lon="120.731430"></trkpt>
      <trkpt lat="22.054270" lon="120.731282"></trkpt>
      <trkpt lat="22.054378" lon="120.731184"></trkpt>
      <trkpt lat="22.054434" lon="120.731134"></trkpt>
      <trkpt lat="22.054496" lon="120.731104"></trkpt>
      <trkpt lat="22.054517" lon="120.731101"></trkpt>
      <trkpt lat="22.054936" lon="120.731038"></trkpt>
      <trkpt lat="22.055729" lon="120.730928"></trkpt>
      <trkpt lat="22.055773" lon="120.730922"></trkpt>
      <trkpt lat="22.056084" lon="120.730867"></trkpt>
      <trkpt lat="22.056161" lon="120.730843"></trkpt>
      <trkpt lat="22.056262" lon="120.730790"></trkpt>
      <trkpt lat="22.056609" lon="120.730594"></trkpt>
      <trkpt lat="22.056768" lon="120.730489"></trkpt>
      <trkpt lat="22.057192" lon="120.730208"></trkpt>
      <trkpt lat="22.059075" lon="120.729350"></trkpt>
      <trkpt lat="22.059740" lon="120.729020"></trkpt>
      <trkpt lat="22.061332" lon="120.728294"></trkpt>
      <trkpt lat="22.062269" lon="120.727866"></trkpt>
      <trkpt lat="22.062886" lon="120.727581"></trkpt>
      <trkpt lat="22.063040" lon="120.727532"></trkpt>
      <trkpt lat="22.064058" lon="120.727133"></trkpt>
      <trkpt lat="22.064233" lon="120.727128"></trkpt>
      <trkpt lat="22.064532" lon="120.727240"></trkpt>
      <trkpt lat="22.065636" lon="120.728026"></trkpt>
      <trkpt lat="22.065951" lon="120.728235"></trkpt>
      <trkpt lat="22.067010" lon="120.728454"></trkpt>
      <trkpt lat="22.067203" lon="120.728594"></trkpt>
      <trkpt lat="22.067268" lon="120.728641"></trkpt>
      <trkpt lat="22.067478" lon="120.728803"></trkpt>
      <trkpt lat="22.067863" lon="120.728714"></trkpt>
      <trkpt lat="22.068244" lon="120.728575"></trkpt>
      <trkpt lat="22.068410" lon="120.728562"></trkpt>
      <trkpt lat="22.068573" lon="120.728576"></trkpt>
      <trkpt lat="22.069197" lon="120.728629"></trkpt>
      <trkpt lat="22.069274" lon="120.728635"></trkpt>
      <trkpt lat="22.069328" lon="120.728638"></trkpt>
      <trkpt lat="22.069616" lon="120.728604"></trkpt>
      <trkpt lat="22.069676" lon="120.728573"></trkpt>
      <trkpt lat="22.070750" lon="120.727848"></trkpt>
      <trkpt lat="22.071163" lon="120.727601"></trkpt>
      <trkpt lat="22.071433" lon="120.727471"></trkpt>
      <trkpt lat="22.071912" lon="120.727183"></trkpt>
      <trkpt lat="22.071917" lon="120.726965"></trkpt>
      <trkpt lat="22.072198" lon="120.727079"></trkpt>
      <trkpt lat="22.072406" lon="120.727171"></trkpt>
      <trkpt lat="22.072718" lon="120.727227"></trkpt>
      <trkpt lat="22.073274" lon="120.727333"></trkpt>
      <trkpt lat="22.073354" lon="120.727282"></trkpt>
      <trkpt lat="22.073445" lon="120.727224"></trkpt>
      <trkpt lat="22.073758" lon="120.727042"></trkpt>
      <trkpt lat="22.073924" lon="120.726870"></trkpt>
      <trkpt lat="22.074186" lon="120.726680"></trkpt>
      <trkpt lat="22.074514" lon="120.726576"></trkpt>
      <trkpt lat="22.074875" lon="120.726391"></trkpt>
      <trkpt lat="22.075472" lon="120.726045"></trkpt>
      <trkpt lat="22.075746" lon="120.725899"></trkpt>
      <trkpt lat="22.075888" lon="120.725775"></trkpt>
      <trkpt lat="22.075932" lon="120.725634"></trkpt>
      <trkpt lat="22.076024" lon="120.725247"></trkpt>
      <trkpt lat="22.076074" lon="120.724837"></trkpt>
      <trkpt lat="22.076084" lon="120.724724"></trkpt>
      <trkpt lat="22.076107" lon="120.724589"></trkpt>
      <trkpt lat="22.076128" lon="120.724530"></trkpt>
      <trkpt lat="22.076168" lon="120.724470"></trkpt>
      <trkpt lat="22.076730" lon="120.723851"></trkpt>
      <trkpt lat="22.077087" lon="120.723429"></trkpt>
      <trkpt lat="22.077822" lon="120.722717"></trkpt>
      <trkpt lat="22.078473" lon="120.722130"></trkpt>
      <trkpt lat="22.078553" lon="120.722050"></trkpt>
      <trkpt lat="22.078715" lon="120.721952"></trkpt>
      <trkpt lat="22.078871" lon="120.721864"></trkpt>
      <trkpt lat="22.079399" lon="120.721594"></trkpt>
      <trkpt lat="22.080371" lon="120.721139"></trkpt>
      <trkpt lat="22.080643" lon="120.720993"></trkpt>
      <trkpt lat="22.081062" lon="120.720847"></trkpt>
      <trkpt lat="22.081480" lon="120.720692"></trkpt>
      <trkpt lat="22.082000" lon="120.720476"></trkpt>
      <trkpt lat="22.083241" lon="120.720051"></trkpt>
      <trkpt lat="22.084000" lon="120.719687"></trkpt>
      <trkpt lat="22.087460" lon="120.718350"></trkpt>
      <trkpt lat="22.087479" lon="120.718334"></trkpt>
      <trkpt lat="22.087510" lon="120.718302"></trkpt>
      <trkpt lat="22.087529" lon="120.718256"></trkpt>
      <trkpt lat="22.087545" lon="120.718188"></trkpt>
      <trkpt lat="22.087500" lon="120.717365"></trkpt>
      <trkpt lat="22.087497" lon="120.716990"></trkpt>
      <trkpt lat="22.087497" lon="120.716852"></trkpt>
      <trkpt lat="22.087513" lon="120.716725"></trkpt>
      <trkpt lat="22.087546" lon="120.716593"></trkpt>
      <trkpt lat="22.087601" lon="120.716379"></trkpt>
      <trkpt lat="22.087631" lon="120.716312"></trkpt>
      <trkpt lat="22.088027" lon="120.716473"></trkpt>
      <trkpt lat="22.089224" lon="120.717007"></trkpt>
      <trkpt lat="22.089484" lon="120.717113"></trkpt>
      <trkpt lat="22.089534" lon="120.717137"></trkpt>
      <trkpt lat="22.089769" lon="120.717237"></trkpt>
      <trkpt lat="22.090235" lon="120.717431"></trkpt>
      <trkpt lat="22.090326" lon="120.717471"></trkpt>
      <trkpt lat="22.091125" lon="120.717850"></trkpt>
      <trkpt lat="22.091505" lon="120.718023"></trkpt>
      <trkpt lat="22.091632" lon="120.718079"></trkpt>
      <trkpt lat="22.092058" lon="120.718271"></trkpt>
      <trkpt lat="22.092219" lon="120.718331"></trkpt>
      <trkpt lat="22.092353" lon="120.718375"></trkpt>
      <trkpt lat="22.092446" lon="120.718400"></trkpt>
      <trkpt lat="22.092593" lon="120.718425"></trkpt>
      <trkpt lat="22.092732" lon="120.718451"></trkpt>
      <trkpt lat="22.092926" lon="120.718468"></trkpt>
      <trkpt lat="22.093048" lon="120.718467"></trkpt>
      <trkpt lat="22.093180" lon="120.718451"></trkpt>
      <trkpt lat="22.093261" lon="120.718443"></trkpt>
      <trkpt lat="22.093310" lon="120.718431"></trkpt>
      <trkpt lat="22.093393" lon="120.718417"></trkpt>
      <trkpt lat="22.093464" lon="120.718401"></trkpt>
      <trkpt lat="22.093740" lon="120.718312"></trkpt>
      <trkpt lat="22.095601" lon="120.717616"></trkpt>
      <trkpt lat="22.095786" lon="120.717562"></trkpt>
      <trkpt lat="22.097105" lon="120.717093"></trkpt>
      <trkpt lat="22.097613" lon="120.716916"></trkpt>
      <trkpt lat="22.097874" lon="120.716854"></trkpt>
      <trkpt lat="22.098129" lon="120.716787"></trkpt>
      <trkpt lat="22.098424" lon="120.716775"></trkpt>
      <trkpt lat="22.099755" lon="120.716864"></trkpt>
      <trkpt lat="22.099982" lon="120.716862"></trkpt>
      <trkpt lat="22.100086" lon="120.716860"></trkpt>
      <trkpt lat="22.100237" lon="120.716829"></trkpt>
      <trkpt lat="22.100370" lon="120.716817"></trkpt>
      <trkpt lat="22.100454" lon="120.716800"></trkpt>
      <trkpt lat="22.100533" lon="120.716786"></trkpt>
      <trkpt lat="22.100828" lon="120.716735"></trkpt>
      <trkpt lat="22.100924" lon="120.716717"></trkpt>
      <trkpt lat="22.101193" lon="120.716659"></trkpt>
      <trkpt lat="22.101801" lon="120.716565"></trkpt>
      <trkpt lat="22.102319" lon="120.716498"></trkpt>
      <trkpt lat="22.102956" lon="120.716451"></trkpt>
      <trkpt lat="22.103405" lon="120.716411"></trkpt>
      <trkpt lat="22.103609" lon="120.716393"></trkpt>
      <trkpt lat="22.103793" lon="120.716388"></trkpt>
      <trkpt lat="22.103933" lon="120.716392"></trkpt>
      <trkpt lat="22.104097" lon="120.716409"></trkpt>
      <trkpt lat="22.104404" lon="120.716468"></trkpt>
      <trkpt lat="22.104533" lon="120.716502"></trkpt>
      <trkpt lat="22.105081" lon="120.716674"></trkpt>
      <trkpt lat="22.105581" lon="120.716814"></trkpt>
      <trkpt lat="22.105813" lon="120.716841"></trkpt>
      <trkpt lat="22.106033" lon="120.716846"></trkpt>
      <trkpt lat="22.106322" lon="120.716819"></trkpt>
      <trkpt lat="22.106635" lon="120.716717"></trkpt>
      <trkpt lat="22.107155" lon="120.716463"></trkpt>
      <trkpt lat="22.107368" lon="120.716363"></trkpt>
      <trkpt lat="22.107496" lon="120.716304"></trkpt>
      <trkpt lat="22.107708" lon="120.716188"></trkpt>
      <trkpt lat="22.107828" lon="120.716103"></trkpt>
      <trkpt lat="22.107970" lon="120.716012"></trkpt>
      <trkpt lat="22.108221" lon="120.715788"></trkpt>
      <trkpt lat="22.108386" lon="120.715558"></trkpt>
      <trkpt lat="22.108441" lon="120.715483"></trkpt>
      <trkpt lat="22.108558" lon="120.715313"></trkpt>
      <trkpt lat="22.109149" lon="120.714507"></trkpt>
      <trkpt lat="22.109343" lon="120.714319"></trkpt>
      <trkpt lat="22.109528" lon="120.714197"></trkpt>
      <trkpt lat="22.109792" lon="120.714080"></trkpt>
      <trkpt lat="22.110074" lon="120.714032"></trkpt>
      <trkpt lat="22.110307" lon="120.714009"></trkpt>
      <trkpt lat="22.110595" lon="120.714002"></trkpt>
      <trkpt lat="22.111155" lon="120.714072"></trkpt>
      <trkpt lat="22.112560" lon="120.714268"></trkpt>
      <trkpt lat="22.112740" lon="120.714289"></trkpt>
      <trkpt lat="22.114849" lon="120.714663"></trkpt>
      <trkpt lat="22.115075" lon="120.714684"></trkpt>
      <trkpt lat="22.115207" lon="120.714684"></trkpt>
      <trkpt lat="22.115321" lon="120.714685"></trkpt>
      <trkpt lat="22.115383" lon="120.714676"></trkpt>
      <trkpt lat="22.115490" lon="120.714658"></trkpt>
      <trkpt lat="22.115604" lon="120.714636"></trkpt>
      <trkpt lat="22.115797" lon="120.714573"></trkpt>
      <trkpt lat="22.116029" lon="120.714471"></trkpt>
      <trkpt lat="22.116540" lon="120.714150"></trkpt>
      <trkpt lat="22.117317" lon="120.713588"></trkpt>
      <trkpt lat="22.117511" lon="120.713444"></trkpt>
      <trkpt lat="22.117770" lon="120.713257"></trkpt>
      <trkpt lat="22.118155" lon="120.712990"></trkpt>
      <trkpt lat="22.118494" lon="120.712751"></trkpt>
      <trkpt lat="22.118768" lon="120.712568"></trkpt>
      <trkpt lat="22.119015" lon="120.712402"></trkpt>
      <trkpt lat="22.119305" lon="120.712224"></trkpt>
      <trkpt lat="22.119382" lon="120.712180"></trkpt>
      <trkpt lat="22.119512" lon="120.712124"></trkpt>
      <trkpt lat="22.119734" lon="120.712060"></trkpt>
      <trkpt lat="22.120032" lon="120.711998"></trkpt>
      <trkpt lat="22.121174" lon="120.711862"></trkpt>
      <trkpt lat="22.121966" lon="120.711763"></trkpt>
      <trkpt lat="22.122718" lon="120.711666"></trkpt>
      <trkpt lat="22.122860" lon="120.711652"></trkpt>
      <trkpt lat="22.123305" lon="120.711566"></trkpt>
      <trkpt lat="22.123480" lon="120.711507"></trkpt>
      <trkpt lat="22.123576" lon="120.711478"></trkpt>
      <trkpt lat="22.123717" lon="120.711418"></trkpt>
      <trkpt lat="22.124108" lon="120.711185"></trkpt>
      <trkpt lat="22.124502" lon="120.710924"></trkpt>
      <trkpt lat="22.125105" lon="120.710531"></trkpt>
      <trkpt lat="22.125739" lon="120.710067"></trkpt>
      <trkpt lat="22.125835" lon="120.710010"></trkpt>
      <trkpt lat="22.126033" lon="120.709896"></trkpt>
      <trkpt lat="22.126179" lon="120.709819"></trkpt>
      <trkpt lat="22.126792" lon="120.709574"></trkpt>
      <trkpt lat="22.127193" lon="120.709436"></trkpt>
      <trkpt lat="22.127558" lon="120.709296"></trkpt>
      <trkpt lat="22.127953" lon="120.709109"></trkpt>
      <trkpt lat="22.128207" lon="120.708989"></trkpt>
      <trkpt lat="22.128386" lon="120.708870"></trkpt>
      <trkpt lat="22.128612" lon="120.708677"></trkpt>
      <trkpt lat="22.129119" lon="120.708139"></trkpt>
      <trkpt lat="22.129433" lon="120.707793"></trkpt>
      <trkpt lat="22.129686" lon="120.707591"></trkpt>
      <trkpt lat="22.129768" lon="120.707525"></trkpt>
      <trkpt lat="22.129960" lon="120.707390"></trkpt>
      <trkpt lat="22.130083" lon="120.707304"></trkpt>
      <trkpt lat="22.131631" lon="120.706229"></trkpt>
      <trkpt lat="22.131851" lon="120.706089"></trkpt>
      <trkpt lat="22.132355" lon="120.705762"></trkpt>
      <trkpt lat="22.132684" lon="120.705565"></trkpt>
      <trkpt lat="22.132855" lon="120.705482"></trkpt>
      <trkpt lat="22.133056" lon="120.705415"></trkpt>
      <trkpt lat="22.133289" lon="120.705368"></trkpt>
      <trkpt lat="22.133620" lon="120.705333"></trkpt>
      <trkpt lat="22.133975" lon="120.705311"></trkpt>
      <trkpt lat="22.134584" lon="120.705274"></trkpt>
      <trkpt lat="22.134946" lon="120.705214"></trkpt>
      <trkpt lat="22.135053" lon="120.705182"></trkpt>
      <trkpt lat="22.135251" lon="120.705117"></trkpt>
      <trkpt lat="22.135606" lon="120.704946"></trkpt>
      <trkpt lat="22.135898" lon="120.704777"></trkpt>
      <trkpt lat="22.136133" lon="120.704643"></trkpt>
      <trkpt lat="22.136882" lon="120.704191"></trkpt>
      <trkpt lat="22.137179" lon="120.704008"></trkpt>
      <trkpt lat="22.137751" lon="120.703742"></trkpt>
      <trkpt lat="22.138263" lon="120.703525"></trkpt>
      <trkpt lat="22.138844" lon="120.703259"></trkpt>
      <trkpt lat="22.138926" lon="120.703205"></trkpt>
      <trkpt lat="22.139113" lon="120.703073"></trkpt>
      <trkpt lat="22.139506" lon="120.702773"></trkpt>
      <trkpt lat="22.140186" lon="120.702246"></trkpt>
      <trkpt lat="22.140322" lon="120.702142"></trkpt>
      <trkpt lat="22.141423" lon="120.701213"></trkpt>
      <trkpt lat="22.142508" lon="120.700479"></trkpt>
      <trkpt lat="22.142807" lon="120.700374"></trkpt>
      <trkpt lat="22.142928" lon="120.700327"></trkpt>
      <trkpt lat="22.143017" lon="120.700309"></trkpt>
      <trkpt lat="22.143108" lon="120.700297"></trkpt>
      <trkpt lat="22.143198" lon="120.700291"></trkpt>
      <trkpt lat="22.143312" lon="120.700295"></trkpt>
      <trkpt lat="22.143647" lon="120.700327"></trkpt>
      <trkpt lat="22.143808" lon="120.700361"></trkpt>
      <trkpt lat="22.143988" lon="120.700429"></trkpt>
      <trkpt lat="22.144334" lon="120.700585"></trkpt>
      <trkpt lat="22.144897" lon="120.700839"></trkpt>
      <trkpt lat="22.145925" lon="120.701293"></trkpt>
      <trkpt lat="22.146232" lon="120.701325"></trkpt>
      <trkpt lat="22.146448" lon="120.701352"></trkpt>
      <trkpt lat="22.146562" lon="120.701353"></trkpt>
      <trkpt lat="22.146739" lon="120.701333"></trkpt>
      <trkpt lat="22.147078" lon="120.701290"></trkpt>
      <trkpt lat="22.147505" lon="120.701243"></trkpt>
      <trkpt lat="22.147624" lon="120.701226"></trkpt>
      <trkpt lat="22.148021" lon="120.701178"></trkpt>
      <trkpt lat="22.149159" lon="120.701039"></trkpt>
      <trkpt lat="22.150358" lon="120.700804"></trkpt>
      <trkpt lat="22.152537" lon="120.700344"></trkpt>
      <trkpt lat="22.153722" lon="120.699998"></trkpt>
      <trkpt lat="22.154640" lon="120.699722"></trkpt>
      <trkpt lat="22.155611" lon="120.699496"></trkpt>
      <trkpt lat="22.155822" lon="120.699456"></trkpt>
      <trkpt lat="22.156515" lon="120.699300"></trkpt>
      <trkpt lat="22.157092" lon="120.699140"></trkpt>
      <trkpt lat="22.158398" lon="120.698870"></trkpt>
      <trkpt lat="22.161640" lon="120.697964"></trkpt>
      <trkpt lat="22.162431" lon="120.697755"></trkpt>
      <trkpt lat="22.162640" lon="120.697700"></trkpt>
      <trkpt lat="22.163633" lon="120.697394"></trkpt>
      <trkpt lat="22.163886" lon="120.697319"></trkpt>
      <trkpt lat="22.164343" lon="120.697170"></trkpt>
      <trkpt lat="22.164409" lon="120.697148"></trkpt>
      <trkpt lat="22.167609" lon="120.696101"></trkpt>
      <trkpt lat="22.167750" lon="120.696054"></trkpt>
      <trkpt lat="22.169090" lon="120.695588"></trkpt>
      <trkpt lat="22.169348" lon="120.695463"></trkpt>
      <trkpt lat="22.169970" lon="120.695163"></trkpt>
      <trkpt lat="22.170273" lon="120.695017"></trkpt>
      <trkpt lat="22.170412" lon="120.694954"></trkpt>
      <trkpt lat="22.170718" lon="120.694824"></trkpt>
      <trkpt lat="22.171094" lon="120.694743"></trkpt>
      <trkpt lat="22.171595" lon="120.694758"></trkpt>
      <trkpt lat="22.172107" lon="120.694924"></trkpt>
      <trkpt lat="22.172377" lon="120.695015"></trkpt>
      <trkpt lat="22.172555" lon="120.695085"></trkpt>
      <trkpt lat="22.172850" lon="120.695183"></trkpt>
      <trkpt lat="22.173125" lon="120.695244"></trkpt>
      <trkpt lat="22.173417" lon="120.695274"></trkpt>
      <trkpt lat="22.173789" lon="120.695255"></trkpt>
      <trkpt lat="22.175307" lon="120.694987"></trkpt>
      <trkpt lat="22.175718" lon="120.694913"></trkpt>
      <trkpt lat="22.175893" lon="120.694881"></trkpt>
      <trkpt lat="22.176834" lon="120.694704"></trkpt>
      <trkpt lat="22.177674" lon="120.694547"></trkpt>
      <trkpt lat="22.178508" lon="120.694384"></trkpt>
      <trkpt lat="22.178998" lon="120.694225"></trkpt>
      <trkpt lat="22.179509" lon="120.693912"></trkpt>
      <trkpt lat="22.180073" lon="120.693603"></trkpt>
      <trkpt lat="22.180388" lon="120.693426"></trkpt>
      <trkpt lat="22.181350" lon="120.692898"></trkpt>
      <trkpt lat="22.181536" lon="120.692781"></trkpt>
      <trkpt lat="22.181748" lon="120.692671"></trkpt>
      <trkpt lat="22.182321" lon="120.692396"></trkpt>
      <trkpt lat="22.182465" lon="120.692353"></trkpt>
      <trkpt lat="22.182572" lon="120.692321"></trkpt>
      <trkpt lat="22.183856" lon="120.691927"></trkpt>
      <trkpt lat="22.184666" lon="120.691698"></trkpt>
      <trkpt lat="22.185386" lon="120.691566"></trkpt>
      <trkpt lat="22.185535" lon="120.691542"></trkpt>
      <trkpt lat="22.186175" lon="120.691458"></trkpt>
      <trkpt lat="22.186523" lon="120.691415"></trkpt>
      <trkpt lat="22.186997" lon="120.691404"></trkpt>
      <trkpt lat="22.187230" lon="120.691426"></trkpt>
      <trkpt lat="22.188066" lon="120.691599"></trkpt>
      <trkpt lat="22.188054" lon="120.691478"></trkpt>
      <trkpt lat="22.188025" lon="120.690988"></trkpt>
      <trkpt lat="22.187990" lon="120.690563"></trkpt>
      <trkpt lat="22.188118" lon="120.690359"></trkpt>
      <trkpt lat="22.188132" lon="120.690132"></trkpt>
      <trkpt lat="22.188138" lon="120.689978"></trkpt>
      <trkpt lat="22.188211" lon="120.689803"></trkpt>
      <trkpt lat="22.188316" lon="120.689664"></trkpt>
      <trkpt lat="22.188394" lon="120.689618"></trkpt>
      <trkpt lat="22.188664" lon="120.689416"></trkpt>
      <trkpt lat="22.188853" lon="120.689267"></trkpt>
      <trkpt lat="22.188980" lon="120.689173"></trkpt>
      <trkpt lat="22.189168" lon="120.689016"></trkpt>
      <trkpt lat="22.189490" lon="120.688760"></trkpt>
      <trkpt lat="22.189689" lon="120.688613"></trkpt>
      <trkpt lat="22.189896" lon="120.688404"></trkpt>
      <trkpt lat="22.190018" lon="120.688529"></trkpt>
      <trkpt lat="22.190171" lon="120.688360"></trkpt>
      <trkpt lat="22.190306" lon="120.688251"></trkpt>
      <trkpt lat="22.190442" lon="120.688143"></trkpt>
      <trkpt lat="22.190594" lon="120.688038"></trkpt>
      <trkpt lat="22.190955" lon="120.687825"></trkpt>
      <trkpt lat="22.191356" lon="120.687465"></trkpt>
      <trkpt lat="22.191860" lon="120.687231"></trkpt>
      <trkpt lat="22.192210" lon="120.687166"></trkpt>
      <trkpt lat="22.192414" lon="120.687129"></trkpt>
      <trkpt lat="22.192808" lon="120.687016"></trkpt>
      <trkpt lat="22.193389" lon="120.688933"></trkpt>
      <trkpt lat="22.193587" lon="120.689335"></trkpt>
      <trkpt lat="22.193697" lon="120.689683"></trkpt>
      <trkpt lat="22.193848" lon="120.689897"></trkpt>
      <trkpt lat="22.194486" lon="120.690410"></trkpt>
      <trkpt lat="22.194763" lon="120.690812"></trkpt>
      <trkpt lat="22.194845" lon="120.690935"></trkpt>
      <trkpt lat="22.194844" lon="120.691067"></trkpt>
      <trkpt lat="22.194892" lon="120.691774"></trkpt>
      <trkpt lat="22.194904" lon="120.691845"></trkpt>
      <trkpt lat="22.194955" lon="120.691942"></trkpt>
      <trkpt lat="22.194997" lon="120.691894"></trkpt>
      <trkpt lat="22.195535" lon="120.691390"></trkpt>
      <trkpt lat="22.195567" lon="120.691356"></trkpt>
      <trkpt lat="22.196132" lon="120.690781"></trkpt>
      <trkpt lat="22.196270" lon="120.690630"></trkpt>
      <trkpt lat="22.196367" lon="120.690532"></trkpt>
      <trkpt lat="22.196568" lon="120.690361"></trkpt>
      <trkpt lat="22.197031" lon="120.689940"></trkpt>
      <trkpt lat="22.197383" lon="120.689727"></trkpt>
      <trkpt lat="22.197541" lon="120.689637"></trkpt>
      <trkpt lat="22.197594" lon="120.689610"></trkpt>
      <trkpt lat="22.198081" lon="120.689465"></trkpt>
      <trkpt lat="22.198476" lon="120.689370"></trkpt>
      <trkpt lat="22.198926" lon="120.689285"></trkpt>
      <trkpt lat="22.199344" lon="120.689195"></trkpt>
      <trkpt lat="22.201351" lon="120.688695"></trkpt>
      <trkpt lat="22.203293" lon="120.688249"></trkpt>
      <trkpt lat="22.203751" lon="120.688147"></trkpt>
      <trkpt lat="22.204153" lon="120.688051"></trkpt>
      <trkpt lat="22.204614" lon="120.687945"></trkpt>
      <trkpt lat="22.204866" lon="120.687914"></trkpt>
      <trkpt lat="22.204926" lon="120.687925"></trkpt>
      <trkpt lat="22.205383" lon="120.687994"></trkpt>
      <trkpt lat="22.205438" lon="120.687962"></trkpt>
      <trkpt lat="22.205585" lon="120.687806"></trkpt>
      <trkpt lat="22.205684" lon="120.687721"></trkpt>
      <trkpt lat="22.205722" lon="120.687688"></trkpt>
      <trkpt lat="22.206053" lon="120.687574"></trkpt>
      <trkpt lat="22.206249" lon="120.687447"></trkpt>
      <trkpt lat="22.206409" lon="120.687389"></trkpt>
      <trkpt lat="22.206737" lon="120.687263"></trkpt>
      <trkpt lat="22.207002" lon="120.687151"></trkpt>
      <trkpt lat="22.207651" lon="120.686863"></trkpt>
      <trkpt lat="22.207983" lon="120.686727"></trkpt>
      <trkpt lat="22.208377" lon="120.686547"></trkpt>
      <trkpt lat="22.209264" lon="120.686140"></trkpt>
      <trkpt lat="22.210150" lon="120.685763"></trkpt>
      <trkpt lat="22.210477" lon="120.685624"></trkpt>
      <trkpt lat="22.211017" lon="120.685305"></trkpt>
      <trkpt lat="22.212391" lon="120.684405"></trkpt>
      <trkpt lat="22.212536" lon="120.684313"></trkpt>
      <trkpt lat="22.212670" lon="120.684218"></trkpt>
      <trkpt lat="22.212796" lon="120.684133"></trkpt>
      <trkpt lat="22.212868" lon="120.684086"></trkpt>
      <trkpt lat="22.214499" lon="120.682998"></trkpt>
      <trkpt lat="22.214866" lon="120.682725"></trkpt>
      <trkpt lat="22.216210" lon="120.681746"></trkpt>
      <trkpt lat="22.216800" lon="120.681282"></trkpt>
      <trkpt lat="22.217505" lon="120.680604"></trkpt>
      <trkpt lat="22.218620" lon="120.679418"></trkpt>
      <trkpt lat="22.218942" lon="120.679104"></trkpt>
      <trkpt lat="22.219101" lon="120.678949"></trkpt>
      <trkpt lat="22.219263" lon="120.678860"></trkpt>
      <trkpt lat="22.219802" lon="120.678667"></trkpt>
      <trkpt lat="22.220782" lon="120.678458"></trkpt>
      <trkpt lat="22.221391" lon="120.678179"></trkpt>
      <trkpt lat="22.221949" lon="120.677817"></trkpt>
      <trkpt lat="22.222307" lon="120.677626"></trkpt>
      <trkpt lat="22.222677" lon="120.677565"></trkpt>
      <trkpt lat="22.222938" lon="120.677634"></trkpt>
      <trkpt lat="22.223409" lon="120.677779"></trkpt>
      <trkpt lat="22.223557" lon="120.677817"></trkpt>
      <trkpt lat="22.223908" lon="120.677905"></trkpt>
      <trkpt lat="22.224226" lon="120.677900"></trkpt>
      <trkpt lat="22.224494" lon="120.677846"></trkpt>
      <trkpt lat="22.224758" lon="120.677696"></trkpt>
      <trkpt lat="22.225093" lon="120.677337"></trkpt>
      <trkpt lat="22.225470" lon="120.676586"></trkpt>
      <trkpt lat="22.225798" lon="120.676162"></trkpt>
      <trkpt lat="22.226031" lon="120.675950"></trkpt>
      <trkpt lat="22.226262" lon="120.675862"></trkpt>
      <trkpt lat="22.226727" lon="120.675743"></trkpt>
      <trkpt lat="22.227109" lon="120.675762"></trkpt>
      <trkpt lat="22.227452" lon="120.675832"></trkpt>
      <trkpt lat="22.227943" lon="120.675880"></trkpt>
      <trkpt lat="22.228257" lon="120.675871"></trkpt>
      <trkpt lat="22.228666" lon="120.675784"></trkpt>
      <trkpt lat="22.228963" lon="120.675662"></trkpt>
      <trkpt lat="22.229130" lon="120.675572"></trkpt>
      <trkpt lat="22.229196" lon="120.675528"></trkpt>
      <trkpt lat="22.230205" lon="120.674701"></trkpt>
      <trkpt lat="22.230612" lon="120.674439"></trkpt>
      <trkpt lat="22.231092" lon="120.674214"></trkpt>
      <trkpt lat="22.231949" lon="120.673908"></trkpt>
      <trkpt lat="22.233557" lon="120.673092"></trkpt>
      <trkpt lat="22.234413" lon="120.672612"></trkpt>
      <trkpt lat="22.235039" lon="120.672115"></trkpt>
      <trkpt lat="22.235373" lon="120.672104"></trkpt>
      <trkpt lat="22.235563" lon="120.672074"></trkpt>
      <trkpt lat="22.236151" lon="120.671473"></trkpt>
      <trkpt lat="22.236885" lon="120.670858"></trkpt>
      <trkpt lat="22.237337" lon="120.670494"></trkpt>
      <trkpt lat="22.237685" lon="120.670191"></trkpt>
      <trkpt lat="22.237803" lon="120.669903"></trkpt>
      <trkpt lat="22.238106" lon="120.669664"></trkpt>
      <trkpt lat="22.239316" lon="120.668667"></trkpt>
      <trkpt lat="22.239860" lon="120.668162"></trkpt>
      <trkpt lat="22.239999" lon="120.668033"></trkpt>
      <trkpt lat="22.240174" lon="120.667862"></trkpt>
      <trkpt lat="22.240676" lon="120.667371"></trkpt>
      <trkpt lat="22.241130" lon="120.666854"></trkpt>
      <trkpt lat="22.241327" lon="120.666661"></trkpt>
      <trkpt lat="22.241381" lon="120.666602"></trkpt>
      <trkpt lat="22.242363" lon="120.665613"></trkpt>
      <trkpt lat="22.243042" lon="120.664883"></trkpt>
      <trkpt lat="22.243569" lon="120.664303"></trkpt>
      <trkpt lat="22.243747" lon="120.664108"></trkpt>
      <trkpt lat="22.244813" lon="120.662843"></trkpt>
      <trkpt lat="22.246605" lon="120.660888"></trkpt>
      <trkpt lat="22.247066" lon="120.660378"></trkpt>
      <trkpt lat="22.247848" lon="120.659494"></trkpt>
      <trkpt lat="22.248231" lon="120.659041"></trkpt>
      <trkpt lat="22.248533" lon="120.658620"></trkpt>
      <trkpt lat="22.248948" lon="120.658037"></trkpt>
      <trkpt lat="22.249172" lon="120.657821"></trkpt>
      <trkpt lat="22.249289" lon="120.657693"></trkpt>
      <trkpt lat="22.249726" lon="120.657417"></trkpt>
      <trkpt lat="22.249986" lon="120.657242"></trkpt>
      <trkpt lat="22.250293" lon="120.657119"></trkpt>
      <trkpt lat="22.250540" lon="120.657025"></trkpt>
      <trkpt lat="22.251020" lon="120.656867"></trkpt>
      <trkpt lat="22.251349" lon="120.656746"></trkpt>
      <trkpt lat="22.251685" lon="120.656611"></trkpt>
      <trkpt lat="22.252177" lon="120.656344"></trkpt>
      <trkpt lat="22.253381" lon="120.655701"></trkpt>
      <trkpt lat="22.254323" lon="120.655232"></trkpt>
      <trkpt lat="22.254555" lon="120.655109"></trkpt>
      <trkpt lat="22.255259" lon="120.654735"></trkpt>
      <trkpt lat="22.257276" lon="120.653698"></trkpt>
      <trkpt lat="22.257505" lon="120.653569"></trkpt>
      <trkpt lat="22.257460" lon="120.653465"></trkpt>
      <trkpt lat="22.257500" lon="120.653302"></trkpt>
      <trkpt lat="22.257552" lon="120.653155"></trkpt>
      <trkpt lat="22.258850" lon="120.651720"></trkpt>
      <trkpt lat="22.259478" lon="120.651076"></trkpt>
      <trkpt lat="22.259626" lon="120.650931"></trkpt>
      <trkpt lat="22.259764" lon="120.650834"></trkpt>
      <trkpt lat="22.260023" lon="120.650684"></trkpt>
      <trkpt lat="22.260293" lon="120.650688"></trkpt>
      <trkpt lat="22.261147" lon="120.650847"></trkpt>
      <trkpt lat="22.261824" lon="120.651001"></trkpt>
      <trkpt lat="22.261911" lon="120.651030"></trkpt>
      <trkpt lat="22.261978" lon="120.651062"></trkpt>
      <trkpt lat="22.262061" lon="120.651111"></trkpt>
      <trkpt lat="22.262254" lon="120.651251"></trkpt>
      <trkpt lat="22.262689" lon="120.651566"></trkpt>
      <trkpt lat="22.263017" lon="120.651821"></trkpt>
      <trkpt lat="22.263118" lon="120.651900"></trkpt>
      <trkpt lat="22.263197" lon="120.651936"></trkpt>
      <trkpt lat="22.263710" lon="120.652095"></trkpt>
      <trkpt lat="22.263905" lon="120.652173"></trkpt>
      <trkpt lat="22.264119" lon="120.652249"></trkpt>
      <trkpt lat="22.264565" lon="120.652470"></trkpt>
      <trkpt lat="22.264634" lon="120.652499"></trkpt>
      <trkpt lat="22.264868" lon="120.652610"></trkpt>
      <trkpt lat="22.265041" lon="120.652688"></trkpt>
      <trkpt lat="22.265146" lon="120.652709"></trkpt>
      <trkpt lat="22.265870" lon="120.652888"></trkpt>
      <trkpt lat="22.266274" lon="120.652981"></trkpt>
      <trkpt lat="22.266456" lon="120.653066"></trkpt>
      <trkpt lat="22.266560" lon="120.653163"></trkpt>
      <trkpt lat="22.267007" lon="120.653121"></trkpt>
      <trkpt lat="22.267441" lon="120.653081"></trkpt>
      <trkpt lat="22.267886" lon="120.653006"></trkpt>
      <trkpt lat="22.268384" lon="120.652894"></trkpt>
      <trkpt lat="22.268630" lon="120.652831"></trkpt>
      <trkpt lat="22.268882" lon="120.652745"></trkpt>
      <trkpt lat="22.269115" lon="120.652644"></trkpt>
      <trkpt lat="22.269521" lon="120.652398"></trkpt>
      <trkpt lat="22.270494" lon="120.651823"></trkpt>
      <trkpt lat="22.271162" lon="120.651415"></trkpt>
      <trkpt lat="22.271233" lon="120.651372"></trkpt>
      <trkpt lat="22.272279" lon="120.650735"></trkpt>
      <trkpt lat="22.272683" lon="120.650551"></trkpt>
      <trkpt lat="22.273316" lon="120.650347"></trkpt>
      <trkpt lat="22.273767" lon="120.650203"></trkpt>
      <trkpt lat="22.274221" lon="120.650049"></trkpt>
      <trkpt lat="22.274824" lon="120.649852"></trkpt>
      <trkpt lat="22.275321" lon="120.649717"></trkpt>
      <trkpt lat="22.275440" lon="120.649695"></trkpt>
      <trkpt lat="22.275526" lon="120.649679"></trkpt>
      <trkpt lat="22.275857" lon="120.649619"></trkpt>
      <trkpt lat="22.277633" lon="120.649354"></trkpt>
      <trkpt lat="22.278020" lon="120.649280"></trkpt>
      <trkpt lat="22.278099" lon="120.649264"></trkpt>
      <trkpt lat="22.278813" lon="120.649128"></trkpt>
      <trkpt lat="22.279271" lon="120.649001"></trkpt>
      <trkpt lat="22.279641" lon="120.648877"></trkpt>
      <trkpt lat="22.279795" lon="120.648817"></trkpt>
      <trkpt lat="22.280170" lon="120.648670"></trkpt>
      <trkpt lat="22.280537" lon="120.648493"></trkpt>
      <trkpt lat="22.280611" lon="120.648458"></trkpt>
      <trkpt lat="22.281438" lon="120.648061"></trkpt>
      <trkpt lat="22.281879" lon="120.647873"></trkpt>
      <trkpt lat="22.281955" lon="120.647841"></trkpt>
      <trkpt lat="22.282128" lon="120.647767"></trkpt>
      <trkpt lat="22.283243" lon="120.647290"></trkpt>
      <trkpt lat="22.283734" lon="120.647065"></trkpt>
      <trkpt lat="22.284203" lon="120.646783"></trkpt>
      <trkpt lat="22.284551" lon="120.646499"></trkpt>
      <trkpt lat="22.284876" lon="120.646222"></trkpt>
      <trkpt lat="22.285327" lon="120.645911"></trkpt>
      <trkpt lat="22.285769" lon="120.645691"></trkpt>
      <trkpt lat="22.286080" lon="120.645568"></trkpt>
      <trkpt lat="22.286715" lon="120.645360"></trkpt>
      <trkpt lat="22.286767" lon="120.645342"></trkpt>
      <trkpt lat="22.286844" lon="120.645317"></trkpt>
      <trkpt lat="22.287318" lon="120.645162"></trkpt>
      <trkpt lat="22.288100" lon="120.644905"></trkpt>
      <trkpt lat="22.289101" lon="120.644598"></trkpt>
      <trkpt lat="22.289332" lon="120.644529"></trkpt>
      <trkpt lat="22.289412" lon="120.644506"></trkpt>
      <trkpt lat="22.289731" lon="120.644410"></trkpt>
      <trkpt lat="22.290619" lon="120.644150"></trkpt>
      <trkpt lat="22.290696" lon="120.644129"></trkpt>
      <trkpt lat="22.291073" lon="120.644027"></trkpt>
      <trkpt lat="22.291582" lon="120.643952"></trkpt>
      <trkpt lat="22.292768" lon="120.644040"></trkpt>
      <trkpt lat="22.294086" lon="120.644188"></trkpt>
      <trkpt lat="22.294970" lon="120.644276"></trkpt>
      <trkpt lat="22.295466" lon="120.644290"></trkpt>
      <trkpt lat="22.295914" lon="120.644263"></trkpt>
      <trkpt lat="22.296014" lon="120.644258"></trkpt>
      <trkpt lat="22.296681" lon="120.644184"></trkpt>
      <trkpt lat="22.297123" lon="120.644140"></trkpt>
      <trkpt lat="22.298007" lon="120.644070"></trkpt>
      <trkpt lat="22.298148" lon="120.644747"></trkpt>
      <trkpt lat="22.298187" lon="120.644933"></trkpt>
      <trkpt lat="22.298251" lon="120.645118"></trkpt>
      <trkpt lat="22.298783" lon="120.645114"></trkpt>
      <trkpt lat="22.298860" lon="120.645124"></trkpt>
      <trkpt lat="22.299202" lon="120.645169"></trkpt>
      <trkpt lat="22.299358" lon="120.645163"></trkpt>
      <trkpt lat="22.300379" lon="120.645095"></trkpt>
      <trkpt lat="22.300752" lon="120.645041"></trkpt>
      <trkpt lat="22.300909" lon="120.645018"></trkpt>
      <trkpt lat="22.301134" lon="120.645005"></trkpt>
      <trkpt lat="22.301471" lon="120.645031"></trkpt>
      <trkpt lat="22.302042" lon="120.645020"></trkpt>
      <trkpt lat="22.302403" lon="120.645002"></trkpt>
      <trkpt lat="22.302529" lon="120.645180"></trkpt>
      <trkpt lat="22.302645" lon="120.645210"></trkpt>
      <trkpt lat="22.303048" lon="120.645294"></trkpt>
      <trkpt lat="22.303262" lon="120.645268"></trkpt>
      <trkpt lat="22.303405" lon="120.645057"></trkpt>
      <trkpt lat="22.304007" lon="120.644752"></trkpt>
      <trkpt lat="22.304457" lon="120.644632"></trkpt>
      <trkpt lat="22.304914" lon="120.644543"></trkpt>
      <trkpt lat="22.305009" lon="120.644549"></trkpt>
      <trkpt lat="22.305201" lon="120.644364"></trkpt>
      <trkpt lat="22.305278" lon="120.644338"></trkpt>
      <trkpt lat="22.305600" lon="120.644226"></trkpt>
      <trkpt lat="22.306439" lon="120.643855"></trkpt>
      <trkpt lat="22.307449" lon="120.643297"></trkpt>
      <trkpt lat="22.307774" lon="120.643064"></trkpt>
      <trkpt lat="22.308139" lon="120.642740"></trkpt>
      <trkpt lat="22.308727" lon="120.642171"></trkpt>
      <trkpt lat="22.309090" lon="120.641879"></trkpt>
      <trkpt lat="22.308999" lon="120.641666"></trkpt>
      <trkpt lat="22.308778" lon="120.641553"></trkpt>
      <trkpt lat="22.308581" lon="120.641450"></trkpt>
      <trkpt lat="22.308690" lon="120.641377"></trkpt>
      <trkpt lat="22.309437" lon="120.640865"></trkpt>
      <trkpt lat="22.310055" lon="120.640421"></trkpt>
      <trkpt lat="22.310371" lon="120.640230"></trkpt>
      <trkpt lat="22.310506" lon="120.640654"></trkpt>
      <trkpt lat="22.310982" lon="120.640300"></trkpt>
      <trkpt lat="22.311445" lon="120.639960"></trkpt>
      <trkpt lat="22.311466" lon="120.639772"></trkpt>
      <trkpt lat="22.311649" lon="120.639584"></trkpt>
      <trkpt lat="22.313235" lon="120.638372"></trkpt>
      <trkpt lat="22.315647" lon="120.636434"></trkpt>
      <trkpt lat="22.317286" lon="120.635097"></trkpt>
      <trkpt lat="22.317505" lon="120.634940"></trkpt>
      <trkpt lat="22.318247" lon="120.634429"></trkpt>
      <trkpt lat="22.319808" lon="120.633308"></trkpt>
      <trkpt lat="22.320468" lon="120.632828"></trkpt>
      <trkpt lat="22.321061" lon="120.632396"></trkpt>
      <trkpt lat="22.322357" lon="120.631440"></trkpt>
      <trkpt lat="22.322780" lon="120.631107"></trkpt>
      <trkpt lat="22.323578" lon="120.630563"></trkpt>
      <trkpt lat="22.324132" lon="120.630145"></trkpt>
      <trkpt lat="22.324393" lon="120.629989"></trkpt>
      <trkpt lat="22.325190" lon="120.629411"></trkpt>
      <trkpt lat="22.326370" lon="120.628561"></trkpt>
      <trkpt lat="22.326401" lon="120.628551"></trkpt>
      <trkpt lat="22.326516" lon="120.628511"></trkpt>
      <trkpt lat="22.326570" lon="120.628493"></trkpt>
      <trkpt lat="22.326672" lon="120.628444"></trkpt>
      <trkpt lat="22.326982" lon="120.628342"></trkpt>
      <trkpt lat="22.327032" lon="120.628335"></trkpt>
      <trkpt lat="22.327081" lon="120.628346"></trkpt>
      <trkpt lat="22.327689" lon="120.628696"></trkpt>
      <trkpt lat="22.327930" lon="120.628845"></trkpt>
      <trkpt lat="22.327983" lon="120.628743"></trkpt>
      <trkpt lat="22.328014" lon="120.628683"></trkpt>
      <trkpt lat="22.328205" lon="120.628568"></trkpt>
      <trkpt lat="22.329386" lon="120.627704"></trkpt>
      <trkpt lat="22.330407" lon="120.626956"></trkpt>
      <trkpt lat="22.331959" lon="120.625819"></trkpt>
      <trkpt lat="22.334665" lon="120.623828"></trkpt>
      <trkpt lat="22.334782" lon="120.623700"></trkpt>
      <trkpt lat="22.334952" lon="120.623392"></trkpt>
      <trkpt lat="22.335053" lon="120.623273"></trkpt>
      <trkpt lat="22.335102" lon="120.623205"></trkpt>
      <trkpt lat="22.335113" lon="120.623121"></trkpt>
      <trkpt lat="22.335042" lon="120.622369"></trkpt>
      <trkpt lat="22.335087" lon="120.622283"></trkpt>
      <trkpt lat="22.335162" lon="120.622190"></trkpt>
      <trkpt lat="22.336077" lon="120.621520"></trkpt>
      <trkpt lat="22.336225" lon="120.621407"></trkpt>
      <trkpt lat="22.338208" lon="120.619946"></trkpt>
      <trkpt lat="22.339732" lon="120.618834"></trkpt>
      <trkpt lat="22.341801" lon="120.617334"></trkpt>
      <trkpt lat="22.343234" lon="120.616212"></trkpt>
      <trkpt lat="22.343280" lon="120.616095"></trkpt>
      <trkpt lat="22.343179" lon="120.615695"></trkpt>
      <trkpt lat="22.343024" lon="120.615269"></trkpt>
      <trkpt lat="22.342938" lon="120.615102"></trkpt>
      <trkpt lat="22.342522" lon="120.614594"></trkpt>
      <trkpt lat="22.342283" lon="120.614341"></trkpt>
      <trkpt lat="22.342070" lon="120.614096"></trkpt>
      <trkpt lat="22.341988" lon="120.613962"></trkpt>
      <trkpt lat="22.341836" lon="120.613735"></trkpt>
      <trkpt lat="22.341578" lon="120.613383"></trkpt>
      <trkpt lat="22.341465" lon="120.613160"></trkpt>
      <trkpt lat="22.341367" lon="120.612987"></trkpt>
      <trkpt lat="22.341317" lon="120.612906"></trkpt>
      <trkpt lat="22.341363" lon="120.612874"></trkpt>
      <trkpt lat="22.341840" lon="120.612573"></trkpt>
      <trkpt lat="22.342480" lon="120.612176"></trkpt>
      <trkpt lat="22.343558" lon="120.611497"></trkpt>
      <trkpt lat="22.343679" lon="120.611421"></trkpt>
      <trkpt lat="22.343999" lon="120.611213"></trkpt>
      <trkpt lat="22.344333" lon="120.610994"></trkpt>
      <trkpt lat="22.344979" lon="120.610586"></trkpt>
      <trkpt lat="22.345427" lon="120.610307"></trkpt>
      <trkpt lat="22.345582" lon="120.610211"></trkpt>
      <trkpt lat="22.345719" lon="120.610126"></trkpt>
      <trkpt lat="22.345880" lon="120.610026"></trkpt>
      <trkpt lat="22.346348" lon="120.609735"></trkpt>
      <trkpt lat="22.347020" lon="120.609310"></trkpt>
      <trkpt lat="22.346998" lon="120.609190"></trkpt>
      <trkpt lat="22.347018" lon="120.609038"></trkpt>
      <trkpt lat="22.347219" lon="120.608756"></trkpt>
      <trkpt lat="22.347325" lon="120.608464"></trkpt>
      <trkpt lat="22.347404" lon="120.608252"></trkpt>
      <trkpt lat="22.347674" lon="120.607380"></trkpt>
      <trkpt lat="22.347778" lon="120.607014"></trkpt>
      <trkpt lat="22.347931" lon="120.606661"></trkpt>
      <trkpt lat="22.348062" lon="120.606439"></trkpt>
      <trkpt lat="22.348164" lon="120.606299"></trkpt>
      <trkpt lat="22.349636" lon="120.604801"></trkpt>
      <trkpt lat="22.351247" lon="120.603195"></trkpt>
      <trkpt lat="22.351600" lon="120.602782"></trkpt>
      <trkpt lat="22.351648" lon="120.602736"></trkpt>
      <trkpt lat="22.351692" lon="120.602694"></trkpt>
      <trkpt lat="22.351729" lon="120.602658"></trkpt>
      <trkpt lat="22.351881" lon="120.602513"></trkpt>
      <trkpt lat="22.352345" lon="120.602068"></trkpt>
      <trkpt lat="22.352796" lon="120.601601"></trkpt>
      <trkpt lat="22.352887" lon="120.601534"></trkpt>
      <trkpt lat="22.353005" lon="120.601426"></trkpt>
      <trkpt lat="22.353751" lon="120.601158"></trkpt>
      <trkpt lat="22.355075" lon="120.600681"></trkpt>
      <trkpt lat="22.355455" lon="120.600544"></trkpt>
      <trkpt lat="22.355851" lon="120.600304"></trkpt>
      <trkpt lat="22.356466" lon="120.600241"></trkpt>
      <trkpt lat="22.356803" lon="120.600246"></trkpt>
      <trkpt lat="22.357060" lon="120.600263"></trkpt>
      <trkpt lat="22.357425" lon="120.600287"></trkpt>
      <trkpt lat="22.358959" lon="120.600383"></trkpt>
      <trkpt lat="22.359674" lon="120.600404"></trkpt>
      <trkpt lat="22.359992" lon="120.600344"></trkpt>
      <trkpt lat="22.360268" lon="120.600274"></trkpt>
      <trkpt lat="22.360657" lon="120.600151"></trkpt>
      <trkpt lat="22.360745" lon="120.600107"></trkpt>
      <trkpt lat="22.360975" lon="120.599990"></trkpt>
      <trkpt lat="22.361238" lon="120.599823"></trkpt>
      <trkpt lat="22.361428" lon="120.599698"></trkpt>
      <trkpt lat="22.361750" lon="120.599483"></trkpt>
      <trkpt lat="22.362250" lon="120.599172"></trkpt>
      <trkpt lat="22.362600" lon="120.598926"></trkpt>
      <trkpt lat="22.362672" lon="120.598866"></trkpt>
      <trkpt lat="22.362996" lon="120.598483"></trkpt>
      <trkpt lat="22.363294" lon="120.598066"></trkpt>
      <trkpt lat="22.363336" lon="120.598010"></trkpt>
      <trkpt lat="22.363590" lon="120.597678"></trkpt>
      <trkpt lat="22.363863" lon="120.597303"></trkpt>
      <trkpt lat="22.364242" lon="120.596807"></trkpt>
      <trkpt lat="22.364481" lon="120.596477"></trkpt>
      <trkpt lat="22.364612" lon="120.596328"></trkpt>
      <trkpt lat="22.364785" lon="120.596146"></trkpt>
      <trkpt lat="22.364967" lon="120.595965"></trkpt>
      <trkpt lat="22.365183" lon="120.595799"></trkpt>
      <trkpt lat="22.365410" lon="120.595637"></trkpt>
      <trkpt lat="22.365857" lon="120.595306"></trkpt>
      <trkpt lat="22.366228" lon="120.595023"></trkpt>
      <trkpt lat="22.366633" lon="120.594715"></trkpt>
      <trkpt lat="22.366758" lon="120.594620"></trkpt>
      <trkpt lat="22.366995" lon="120.594439"></trkpt>
      <trkpt lat="22.367002" lon="120.594434"></trkpt>
      <trkpt lat="22.367118" lon="120.594346"></trkpt>
      <trkpt lat="22.367345" lon="120.594173"></trkpt>
      <trkpt lat="22.367018" lon="120.593624"></trkpt>
      <trkpt lat="22.366824" lon="120.593315"></trkpt>
      <trkpt lat="22.366762" lon="120.593212"></trkpt>
      <trkpt lat="22.366474" lon="120.592807"></trkpt>
      <trkpt lat="22.366775" lon="120.592526"></trkpt>
      <trkpt lat="22.367105" lon="120.592129"></trkpt>
      <trkpt lat="22.367717" lon="120.591400"></trkpt>
      <trkpt lat="22.367230" lon="120.590888"></trkpt>
      <trkpt lat="22.367119" lon="120.590744"></trkpt>
      <trkpt lat="22.368920" lon="120.588877"></trkpt>
      <trkpt lat="22.368931" lon="120.588865"></trkpt>
      <trkpt lat="22.371448" lon="120.586024"></trkpt>
      <trkpt lat="22.372250" lon="120.585131"></trkpt>
      <trkpt lat="22.372697" lon="120.584542"></trkpt>
      <trkpt lat="22.372994" lon="120.584150"></trkpt>
      <trkpt lat="22.373559" lon="120.583375"></trkpt>
      <trkpt lat="22.374896" lon="120.581539"></trkpt>
      <trkpt lat="22.376450" lon="120.579390"></trkpt>
      <trkpt lat="22.377096" lon="120.578466"></trkpt>
      <trkpt lat="22.377531" lon="120.578096"></trkpt>
      <trkpt lat="22.378034" lon="120.577530"></trkpt>
      <trkpt lat="22.378303" lon="120.577227"></trkpt>
      <trkpt lat="22.378629" lon="120.576772"></trkpt>
      <trkpt lat="22.379418" lon="120.575539"></trkpt>
      <trkpt lat="22.379637" lon="120.575151"></trkpt>
      <trkpt lat="22.379760" lon="120.574820"></trkpt>
      <trkpt lat="22.379998" lon="120.574530"></trkpt>
      <trkpt lat="22.380520" lon="120.574018"></trkpt>
      <trkpt lat="22.380630" lon="120.573856"></trkpt>
      <trkpt lat="22.380753" lon="120.573635"></trkpt>
      <trkpt lat="22.381026" lon="120.573193"></trkpt>
      <trkpt lat="22.381401" lon="120.572688"></trkpt>
      <trkpt lat="22.382178" lon="120.571506"></trkpt>
      <trkpt lat="22.382289" lon="120.571375"></trkpt>
      <trkpt lat="22.382405" lon="120.571289"></trkpt>
      <trkpt lat="22.382550" lon="120.571194"></trkpt>
      <trkpt lat="22.382681" lon="120.571088"></trkpt>
      <trkpt lat="22.382909" lon="120.570544"></trkpt>
      <trkpt lat="22.383028" lon="120.570336"></trkpt>
      <trkpt lat="22.384585" lon="120.567952"></trkpt>
      <trkpt lat="22.384978" lon="120.567305"></trkpt>
      <trkpt lat="22.385264" lon="120.566868"></trkpt>
      <trkpt lat="22.386086" lon="120.565633"></trkpt>
      <trkpt lat="22.386845" lon="120.564355"></trkpt>
      <trkpt lat="22.387716" lon="120.562760"></trkpt>
      <trkpt lat="22.387974" lon="120.562299"></trkpt>
      <trkpt lat="22.388371" lon="120.561645"></trkpt>
      <trkpt lat="22.388728" lon="120.561226"></trkpt>
      <trkpt lat="22.389452" lon="120.560379"></trkpt>
      <trkpt lat="22.390057" lon="120.559542"></trkpt>
      <trkpt lat="22.390722" lon="120.558115"></trkpt>
      <trkpt lat="22.390916" lon="120.557667"></trkpt>
      <trkpt lat="22.391036" lon="120.557458"></trkpt>
      <trkpt lat="22.391257" lon="120.557099"></trkpt>
      <trkpt lat="22.392130" lon="120.555843"></trkpt>
      <trkpt lat="22.392765" lon="120.555200"></trkpt>
      <trkpt lat="22.393042" lon="120.554834"></trkpt>
      <trkpt lat="22.393346" lon="120.554433"></trkpt>
      <trkpt lat="22.393372" lon="120.554399"></trkpt>
      <trkpt lat="22.393718" lon="120.553921"></trkpt>
      <trkpt lat="22.393779" lon="120.553837"></trkpt>
      <trkpt lat="22.394117" lon="120.553370"></trkpt>
      <trkpt lat="22.394363" lon="120.553031"></trkpt>
      <trkpt lat="22.394610" lon="120.552691"></trkpt>
      <trkpt lat="22.394659" lon="120.552624"></trkpt>
      <trkpt lat="22.394678" lon="120.552548"></trkpt>
      <trkpt lat="22.394684" lon="120.552525"></trkpt>
      <trkpt lat="22.394794" lon="120.552209"></trkpt>
      <trkpt lat="22.394845" lon="120.552025"></trkpt>
      <trkpt lat="22.394878" lon="120.551908"></trkpt>
      <trkpt lat="22.394926" lon="120.551687"></trkpt>
      <trkpt lat="22.394940" lon="120.551429"></trkpt>
      <trkpt lat="22.394951" lon="120.551228"></trkpt>
      <trkpt lat="22.394995" lon="120.551054"></trkpt>
      <trkpt lat="22.395079" lon="120.550805"></trkpt>
      <trkpt lat="22.395145" lon="120.550670"></trkpt>
      <trkpt lat="22.395247" lon="120.550528"></trkpt>
      <trkpt lat="22.395364" lon="120.550445"></trkpt>
      <trkpt lat="22.395474" lon="120.550374"></trkpt>
      <trkpt lat="22.395568" lon="120.550306"></trkpt>
      <trkpt lat="22.396059" lon="120.549955"></trkpt>
      <trkpt lat="22.396081" lon="120.549911"></trkpt>
      <trkpt lat="22.396077" lon="120.549876"></trkpt>
      <trkpt lat="22.395913" lon="120.549623"></trkpt>
      <trkpt lat="22.395861" lon="120.549516"></trkpt>
      <trkpt lat="22.395865" lon="120.549437"></trkpt>
      <trkpt lat="22.395887" lon="120.549358"></trkpt>
      <trkpt lat="22.397548" lon="120.546384"></trkpt>
      <trkpt lat="22.397656" lon="120.546234"></trkpt>
      <trkpt lat="22.397740" lon="120.546195"></trkpt>
      <trkpt lat="22.397825" lon="120.546189"></trkpt>
      <trkpt lat="22.397891" lon="120.546143"></trkpt>
      <trkpt lat="22.397947" lon="120.546040"></trkpt>
      <trkpt lat="22.398138" lon="120.545672"></trkpt>
      <trkpt lat="22.398174" lon="120.545577"></trkpt>
      <trkpt lat="22.398210" lon="120.545453"></trkpt>
      <trkpt lat="22.398252" lon="120.545192"></trkpt>
      <trkpt lat="22.398397" lon="120.544860"></trkpt>
      <trkpt lat="22.398523" lon="120.544697"></trkpt>
      <trkpt lat="22.398559" lon="120.544567"></trkpt>
      <trkpt lat="22.398607" lon="120.544346"></trkpt>
      <trkpt lat="22.398897" lon="120.543760"></trkpt>
      <trkpt lat="22.399149" lon="120.543232"></trkpt>
      <trkpt lat="22.399926" lon="120.541766"></trkpt>
      <trkpt lat="22.400684" lon="120.540279"></trkpt>
      <trkpt lat="22.400757" lon="120.540307"></trkpt>
      <trkpt lat="22.400968" lon="120.540118"></trkpt>
      <trkpt lat="22.401239" lon="120.539916"></trkpt>
      <trkpt lat="22.401593" lon="120.539568"></trkpt>
      <trkpt lat="22.401864" lon="120.539192"></trkpt>
      <trkpt lat="22.402001" lon="120.539288"></trkpt>
      <trkpt lat="22.402068" lon="120.539329"></trkpt>
      <trkpt lat="22.402157" lon="120.539352"></trkpt>
      <trkpt lat="22.402523" lon="120.539374"></trkpt>
      <trkpt lat="22.402856" lon="120.539380"></trkpt>
      <trkpt lat="22.402985" lon="120.539412"></trkpt>
      <trkpt lat="22.403089" lon="120.539508"></trkpt>
      <trkpt lat="22.403172" lon="120.539647"></trkpt>
      <trkpt lat="22.403328" lon="120.540073"></trkpt>
      <trkpt lat="22.403406" lon="120.540275"></trkpt>
      <trkpt lat="22.403540" lon="120.540388"></trkpt>
      <trkpt lat="22.403729" lon="120.540431"></trkpt>
      <trkpt lat="22.404069" lon="120.540495"></trkpt>
      <trkpt lat="22.404720" lon="120.540645"></trkpt>
      <trkpt lat="22.404834" lon="120.540701"></trkpt>
      <trkpt lat="22.404983" lon="120.540774"></trkpt>
      <trkpt lat="22.405196" lon="120.540898"></trkpt>
      <trkpt lat="22.405390" lon="120.541053"></trkpt>
      <trkpt lat="22.405609" lon="120.541329"></trkpt>
      <trkpt lat="22.405752" lon="120.541509"></trkpt>
      <trkpt lat="22.405831" lon="120.541708"></trkpt>
      <trkpt lat="22.405940" lon="120.541939"></trkpt>
      <trkpt lat="22.407333" lon="120.541023"></trkpt>
      <trkpt lat="22.409222" lon="120.539747"></trkpt>
      <trkpt lat="22.411188" lon="120.538432"></trkpt>
      <trkpt lat="22.412151" lon="120.537825"></trkpt>
      <trkpt lat="22.413084" lon="120.537193"></trkpt>
      <trkpt lat="22.412205" lon="120.535652"></trkpt>
      <trkpt lat="22.411290" lon="120.534060"></trkpt>
      <trkpt lat="22.411421" lon="120.533970"></trkpt>
      <trkpt lat="22.413180" lon="120.532769"></trkpt>
      <trkpt lat="22.415134" lon="120.531479"></trkpt>
      <trkpt lat="22.417039" lon="120.530219"></trkpt>
      <trkpt lat="22.418662" lon="120.529142"></trkpt>
      <trkpt lat="22.420267" lon="120.528070"></trkpt>
      <trkpt lat="22.420505" lon="120.527918"></trkpt>
      <trkpt lat="22.420535" lon="120.527879"></trkpt>
      <trkpt lat="22.421693" lon="120.525788"></trkpt>
      <trkpt lat="22.422187" lon="120.524915"></trkpt>
      <trkpt lat="22.422795" lon="120.523839"></trkpt>
      <trkpt lat="22.423084" lon="120.523352"></trkpt>
      <trkpt lat="22.424981" lon="120.524646"></trkpt>
      <trkpt lat="22.426517" lon="120.525707"></trkpt>
      <trkpt lat="22.428695" lon="120.527212"></trkpt>
      <trkpt lat="22.428763" lon="120.527251"></trkpt>
      <trkpt lat="22.428980" lon="120.526927"></trkpt>
      <trkpt lat="22.429189" lon="120.526615"></trkpt>
      <trkpt lat="22.429372" lon="120.526347"></trkpt>
      <trkpt lat="22.429738" lon="120.525821"></trkpt>
      <trkpt lat="22.429791" lon="120.525725"></trkpt>
      <trkpt lat="22.429821" lon="120.525640"></trkpt>
      <trkpt lat="22.429911" lon="120.525454"></trkpt>
      <trkpt lat="22.431351" lon="120.521763"></trkpt>
      <trkpt lat="22.432023" lon="120.519891"></trkpt>
      <trkpt lat="22.432038" lon="120.519835"></trkpt>
      <trkpt lat="22.432402" lon="120.518408"></trkpt>
      <trkpt lat="22.432516" lon="120.518018"></trkpt>
      <trkpt lat="22.432587" lon="120.517844"></trkpt>
      <trkpt lat="22.432684" lon="120.517650"></trkpt>
      <trkpt lat="22.432724" lon="120.517581"></trkpt>
      <trkpt lat="22.432955" lon="120.517192"></trkpt>
      <trkpt lat="22.433312" lon="120.516595"></trkpt>
      <trkpt lat="22.433449" lon="120.516378"></trkpt>
      <trkpt lat="22.433745" lon="120.515915"></trkpt>
      <trkpt lat="22.433830" lon="120.515774"></trkpt>
      <trkpt lat="22.433991" lon="120.515509"></trkpt>
      <trkpt lat="22.433997" lon="120.515500"></trkpt>
      <trkpt lat="22.434091" lon="120.515371"></trkpt>
      <trkpt lat="22.434324" lon="120.515109"></trkpt>
      <trkpt lat="22.434441" lon="120.514996"></trkpt>
      <trkpt lat="22.434692" lon="120.514762"></trkpt>
      <trkpt lat="22.434662" lon="120.514682"></trkpt>
      <trkpt lat="22.434606" lon="120.514530"></trkpt>
      <trkpt lat="22.434596" lon="120.514503"></trkpt>
      <trkpt lat="22.434216" lon="120.513480"></trkpt>
      <trkpt lat="22.434000" lon="120.512895"></trkpt>
      <trkpt lat="22.433588" lon="120.511758"></trkpt>
      <trkpt lat="22.433539" lon="120.511622"></trkpt>
      <trkpt lat="22.433330" lon="120.511067"></trkpt>
      <trkpt lat="22.432928" lon="120.509997"></trkpt>
      <trkpt lat="22.432710" lon="120.509418"></trkpt>
      <trkpt lat="22.432117" lon="120.507808"></trkpt>
      <trkpt lat="22.431927" lon="120.507415"></trkpt>
      <trkpt lat="22.431605" lon="120.506808"></trkpt>
      <trkpt lat="22.431551" lon="120.506675"></trkpt>
      <trkpt lat="22.431491" lon="120.506294"></trkpt>
      <trkpt lat="22.431440" lon="120.505834"></trkpt>
      <trkpt lat="22.431423" lon="120.505384"></trkpt>
      <trkpt lat="22.431433" lon="120.505125"></trkpt>
      <trkpt lat="22.431447" lon="120.504782"></trkpt>
      <trkpt lat="22.431491" lon="120.504390"></trkpt>
      <trkpt lat="22.431576" lon="120.503902"></trkpt>
      <trkpt lat="22.431660" lon="120.503333"></trkpt>
      <trkpt lat="22.431695" lon="120.502893"></trkpt>
      <trkpt lat="22.431695" lon="120.502738"></trkpt>
      <trkpt lat="22.431695" lon="120.502529"></trkpt>
      <trkpt lat="22.431680" lon="120.502148"></trkpt>
      <trkpt lat="22.431700" lon="120.501998"></trkpt>
      <trkpt lat="22.431716" lon="120.501907"></trkpt>
      <trkpt lat="22.431781" lon="120.501548"></trkpt>
      <trkpt lat="22.431875" lon="120.500760"></trkpt>
      <trkpt lat="22.431913" lon="120.500082"></trkpt>
      <trkpt lat="22.431954" lon="120.499387"></trkpt>
      <trkpt lat="22.431970" lon="120.499070"></trkpt>
      <trkpt lat="22.431958" lon="120.498511"></trkpt>
      <trkpt lat="22.431947" lon="120.497962"></trkpt>
      <trkpt lat="22.431933" lon="120.497862"></trkpt>
      <trkpt lat="22.431824" lon="120.497074"></trkpt>
      <trkpt lat="22.431776" lon="120.496714"></trkpt>
      <trkpt lat="22.431585" lon="120.495189"></trkpt>
      <trkpt lat="22.431499" lon="120.494476"></trkpt>
      <trkpt lat="22.431395" lon="120.493294"></trkpt>
      <trkpt lat="22.431360" lon="120.492790"></trkpt>
      <trkpt lat="22.431258" lon="120.492469"></trkpt>
      <trkpt lat="22.431124" lon="120.492174"></trkpt>
      <trkpt lat="22.430889" lon="120.491738"></trkpt>
      <trkpt lat="22.430567" lon="120.491288"></trkpt>
      <trkpt lat="22.430231" lon="120.490817"></trkpt>
      <trkpt lat="22.430106" lon="120.490718"></trkpt>
      <trkpt lat="22.429937" lon="120.490585"></trkpt>
      <trkpt lat="22.429654" lon="120.490456"></trkpt>
      <trkpt lat="22.429523" lon="120.490388"></trkpt>
      <trkpt lat="22.429604" lon="120.490039"></trkpt>
      <trkpt lat="22.429727" lon="120.489933"></trkpt>
      <trkpt lat="22.430027" lon="120.489031"></trkpt>
      <trkpt lat="22.430084" lon="120.488856"></trkpt>
      <trkpt lat="22.430166" lon="120.488589"></trkpt>
      <trkpt lat="22.430427" lon="120.488021"></trkpt>
      <trkpt lat="22.430570" lon="120.487554"></trkpt>
      <trkpt lat="22.430806" lon="120.487042"></trkpt>
      <trkpt lat="22.430998" lon="120.486704"></trkpt>
      <trkpt lat="22.431437" lon="120.486160"></trkpt>
      <trkpt lat="22.431606" lon="120.486048"></trkpt>
      <trkpt lat="22.431705" lon="120.485923"></trkpt>
      <trkpt lat="22.431967" lon="120.485274"></trkpt>
      <trkpt lat="22.432069" lon="120.485068"></trkpt>
      <trkpt lat="22.432186" lon="120.484932"></trkpt>
      <trkpt lat="22.432329" lon="120.484848"></trkpt>
      <trkpt lat="22.432986" lon="120.483423"></trkpt>
      <trkpt lat="22.433046" lon="120.483457"></trkpt>
      <trkpt lat="22.433120" lon="120.483490"></trkpt>
      <trkpt lat="22.433198" lon="120.483477"></trkpt>
      <trkpt lat="22.433336" lon="120.483273"></trkpt>
      <trkpt lat="22.433823" lon="120.482307"></trkpt>
      <trkpt lat="22.434445" lon="120.480846"></trkpt>
      <trkpt lat="22.434699" lon="120.480255"></trkpt>
      <trkpt lat="22.435020" lon="120.479646"></trkpt>
      <trkpt lat="22.435350" lon="120.479088"></trkpt>
      <trkpt lat="22.435837" lon="120.478189"></trkpt>
      <trkpt lat="22.436429" lon="120.477084"></trkpt>
      <trkpt lat="22.436454" lon="120.477039"></trkpt>
      <trkpt lat="22.437030" lon="120.475974"></trkpt>
      <trkpt lat="22.437084" lon="120.475875"></trkpt>
      <trkpt lat="22.437484" lon="120.475135"></trkpt>
      <trkpt lat="22.437659" lon="120.474811"></trkpt>
      <trkpt lat="22.438009" lon="120.474161"></trkpt>
      <trkpt lat="22.438548" lon="120.473142"></trkpt>
      <trkpt lat="22.438757" lon="120.472743"></trkpt>
      <trkpt lat="22.438773" lon="120.472716"></trkpt>
      <trkpt lat="22.439166" lon="120.472028"></trkpt>
      <trkpt lat="22.439593" lon="120.471284"></trkpt>
      <trkpt lat="22.439628" lon="120.471221"></trkpt>
      <trkpt lat="22.440070" lon="120.470418"></trkpt>
      <trkpt lat="22.440448" lon="120.469752"></trkpt>
      <trkpt lat="22.440675" lon="120.469364"></trkpt>
      <trkpt lat="22.440837" lon="120.469087"></trkpt>
      <trkpt lat="22.441271" lon="120.468183"></trkpt>
      <trkpt lat="22.441636" lon="120.467436"></trkpt>
      <trkpt lat="22.442092" lon="120.466498"></trkpt>
      <trkpt lat="22.442505" lon="120.465641"></trkpt>
      <trkpt lat="22.442937" lon="120.464799"></trkpt>
      <trkpt lat="22.443278" lon="120.463987"></trkpt>
      <trkpt lat="22.443964" lon="120.462409"></trkpt>
      <trkpt lat="22.444317" lon="120.461682"></trkpt>
      <trkpt lat="22.444519" lon="120.461258"></trkpt>
      <trkpt lat="22.444656" lon="120.460922"></trkpt>
      <trkpt lat="22.444913" lon="120.460370"></trkpt>
      <trkpt lat="22.445240" lon="120.459641"></trkpt>
      <trkpt lat="22.445277" lon="120.459575"></trkpt>
      <trkpt lat="22.445649" lon="120.458915"></trkpt>
      <trkpt lat="22.445682" lon="120.458846"></trkpt>
      <trkpt lat="22.445721" lon="120.458781"></trkpt>
      <trkpt lat="22.445838" lon="120.458586"></trkpt>
      <trkpt lat="22.446385" lon="120.457862"></trkpt>
      <trkpt lat="22.447022" lon="120.457088"></trkpt>
      <trkpt lat="22.447220" lon="120.456881"></trkpt>
      <trkpt lat="22.447533" lon="120.456553"></trkpt>
      <trkpt lat="22.448056" lon="120.456008"></trkpt>
      <trkpt lat="22.448477" lon="120.455588"></trkpt>
      <trkpt lat="22.448892" lon="120.455139"></trkpt>
      <trkpt lat="22.449301" lon="120.454693"></trkpt>
      <trkpt lat="22.449849" lon="120.454104"></trkpt>
      <trkpt lat="22.450846" lon="120.453058"></trkpt>
      <trkpt lat="22.451283" lon="120.452676"></trkpt>
      <trkpt lat="22.451490" lon="120.452570"></trkpt>
      <trkpt lat="22.451781" lon="120.452462"></trkpt>
      <trkpt lat="22.452213" lon="120.452401"></trkpt>
      <trkpt lat="22.452323" lon="120.452403"></trkpt>
      <trkpt lat="22.452672" lon="120.452435"></trkpt>
      <trkpt lat="22.453258" lon="120.452558"></trkpt>
      <trkpt lat="22.453390" lon="120.452598"></trkpt>
      <trkpt lat="22.453534" lon="120.452643"></trkpt>
      <trkpt lat="22.454079" lon="120.452803"></trkpt>
      <trkpt lat="22.454641" lon="120.453026"></trkpt>
      <trkpt lat="22.454871" lon="120.453141"></trkpt>
      <trkpt lat="22.455463" lon="120.453418"></trkpt>
      <trkpt lat="22.455982" lon="120.453712"></trkpt>
      <trkpt lat="22.456375" lon="120.453979"></trkpt>
      <trkpt lat="22.456476" lon="120.454048"></trkpt>
      <trkpt lat="22.456880" lon="120.454351"></trkpt>
      <trkpt lat="22.456924" lon="120.454384"></trkpt>
      <trkpt lat="22.457203" lon="120.454596"></trkpt>
      <trkpt lat="22.457849" lon="120.455157"></trkpt>
      <trkpt lat="22.457869" lon="120.455179"></trkpt>
      <trkpt lat="22.458054" lon="120.455383"></trkpt>
      <trkpt lat="22.458372" lon="120.455705"></trkpt>
      <trkpt lat="22.458743" lon="120.456188"></trkpt>
      <trkpt lat="22.459089" lon="120.456628"></trkpt>
      <trkpt lat="22.459368" lon="120.457041"></trkpt>
      <trkpt lat="22.459524" lon="120.457259"></trkpt>
      <trkpt lat="22.459572" lon="120.457215"></trkpt>
      <trkpt lat="22.459598" lon="120.457252"></trkpt>
      <trkpt lat="22.459697" lon="120.457251"></trkpt>
      <trkpt lat="22.459890" lon="120.457196"></trkpt>
      <trkpt lat="22.460068" lon="120.457164"></trkpt>
      <trkpt lat="22.460170" lon="120.457134"></trkpt>
      <trkpt lat="22.460254" lon="120.457194"></trkpt>
      <trkpt lat="22.460460" lon="120.457282"></trkpt>
      <trkpt lat="22.460522" lon="120.457303"></trkpt>
      <trkpt lat="22.460810" lon="120.457401"></trkpt>
      <trkpt lat="22.461343" lon="120.457581"></trkpt>
      <trkpt lat="22.461937" lon="120.457782"></trkpt>
      <trkpt lat="22.462193" lon="120.456906"></trkpt>
      <trkpt lat="22.462295" lon="120.456560"></trkpt>
      <trkpt lat="22.462337" lon="120.456413"></trkpt>
      <trkpt lat="22.462382" lon="120.456259"></trkpt>
      <trkpt lat="22.462391" lon="120.456228"></trkpt>
      <trkpt lat="22.462449" lon="120.456029"></trkpt>
      <trkpt lat="22.462475" lon="120.455940"></trkpt>
      <trkpt lat="22.462530" lon="120.455753"></trkpt>
      <trkpt lat="22.462539" lon="120.455632"></trkpt>
      <trkpt lat="22.462492" lon="120.454761"></trkpt>
      <trkpt lat="22.463125" lon="120.454720"></trkpt>
      <trkpt lat="22.463766" lon="120.454667"></trkpt>
      <trkpt lat="22.463855" lon="120.454621"></trkpt>
      <trkpt lat="22.464001" lon="120.454596"></trkpt>
      <trkpt lat="22.464141" lon="120.454591"></trkpt>
      <trkpt lat="22.464265" lon="120.454601"></trkpt>
      <trkpt lat="22.464355" lon="120.454616"></trkpt>
      <trkpt lat="22.464484" lon="120.454663"></trkpt>
      <trkpt lat="22.464925" lon="120.454816"></trkpt>
      <trkpt lat="22.465111" lon="120.454220"></trkpt>
      <trkpt lat="22.465140" lon="120.454126"></trkpt>
      <trkpt lat="22.465239" lon="120.453808"></trkpt>
      <trkpt lat="22.465268" lon="120.453716"></trkpt>
      <trkpt lat="22.465354" lon="120.453438"></trkpt>
      <trkpt lat="22.465544" lon="120.452769"></trkpt>
      <trkpt lat="22.465565" lon="120.452701"></trkpt>
      <trkpt lat="22.465601" lon="120.452587"></trkpt>
      <trkpt lat="22.465629" lon="120.452506"></trkpt>
      <trkpt lat="22.465704" lon="120.452350"></trkpt>
      <trkpt lat="22.465908" lon="120.451924"></trkpt>
      <trkpt lat="22.466218" lon="120.451304"></trkpt>
      <trkpt lat="22.466375" lon="120.450989"></trkpt>
      <trkpt lat="22.466724" lon="120.450286"></trkpt>
      <trkpt lat="22.466834" lon="120.450063"></trkpt>
      <trkpt lat="22.466889" lon="120.449951"></trkpt>
      <trkpt lat="22.466946" lon="120.449842"></trkpt>
      <trkpt lat="22.467277" lon="120.449213"></trkpt>
      <trkpt lat="22.467325" lon="120.449114"></trkpt>
      <trkpt lat="22.467578" lon="120.448596"></trkpt>
      <trkpt lat="22.467607" lon="120.448536"></trkpt>
      <trkpt lat="22.467632" lon="120.448487"></trkpt>
      <trkpt lat="22.468032" lon="120.447725"></trkpt>
      <trkpt lat="22.468062" lon="120.447668"></trkpt>
      <trkpt lat="22.468209" lon="120.447383"></trkpt>
      <trkpt lat="22.468302" lon="120.447248"></trkpt>
      <trkpt lat="22.468309" lon="120.447238"></trkpt>
      <trkpt lat="22.468401" lon="120.447170"></trkpt>
      <trkpt lat="22.468488" lon="120.447113"></trkpt>
      <trkpt lat="22.468510" lon="120.447098"></trkpt>
      <trkpt lat="22.468814" lon="120.446963"></trkpt>
      <trkpt lat="22.468908" lon="120.446921"></trkpt>
      <trkpt lat="22.469004" lon="120.446874"></trkpt>
      <trkpt lat="22.469193" lon="120.446777"></trkpt>
      <trkpt lat="22.472584" lon="120.445375"></trkpt>
      <trkpt lat="22.473853" lon="120.444829"></trkpt>
      <trkpt lat="22.473995" lon="120.444755"></trkpt>
      <trkpt lat="22.474221" lon="120.444734"></trkpt>
      <trkpt lat="22.474540" lon="120.444677"></trkpt>
      <trkpt lat="22.474821" lon="120.444647"></trkpt>
      <trkpt lat="22.475390" lon="120.444578"></trkpt>
      <trkpt lat="22.475582" lon="120.444560"></trkpt>
      <trkpt lat="22.476276" lon="120.444511"></trkpt>
      <trkpt lat="22.476530" lon="120.444473"></trkpt>
      <trkpt lat="22.476886" lon="120.444421"></trkpt>
      <trkpt lat="22.477500" lon="120.444354"></trkpt>
      <trkpt lat="22.478345" lon="120.444283"></trkpt>
      <trkpt lat="22.478702" lon="120.444231"></trkpt>
      <trkpt lat="22.480287" lon="120.444000"></trkpt>
      <trkpt lat="22.480673" lon="120.443938"></trkpt>
      <trkpt lat="22.481127" lon="120.443857"></trkpt>
      <trkpt lat="22.481316" lon="120.443831"></trkpt>
      <trkpt lat="22.481463" lon="120.443807"></trkpt>
      <trkpt lat="22.481873" lon="120.443713"></trkpt>
      <trkpt lat="22.481934" lon="120.443689"></trkpt>
      <trkpt lat="22.482192" lon="120.443587"></trkpt>
      <trkpt lat="22.482488" lon="120.443463"></trkpt>
      <trkpt lat="22.482711" lon="120.443386"></trkpt>
      <trkpt lat="22.483467" lon="120.443073"></trkpt>
      <trkpt lat="22.483580" lon="120.443043"></trkpt>
      <trkpt lat="22.484009" lon="120.442809"></trkpt>
      <trkpt lat="22.484686" lon="120.442554"></trkpt>
      <trkpt lat="22.485467" lon="120.442236"></trkpt>
      <trkpt lat="22.487522" lon="120.441396"></trkpt>
      <trkpt lat="22.489477" lon="120.440571"></trkpt>
      <trkpt lat="22.490161" lon="120.440289"></trkpt>
      <trkpt lat="22.493014" lon="120.442963"></trkpt>
      <trkpt lat="22.493120" lon="120.443039"></trkpt>
      <trkpt lat="22.494613" lon="120.443845"></trkpt>
      <trkpt lat="22.494724" lon="120.443885"></trkpt>
      <trkpt lat="22.494842" lon="120.443890"></trkpt>
      <trkpt lat="22.495457" lon="120.443850"></trkpt>
      <trkpt lat="22.496192" lon="120.443772"></trkpt>
      <trkpt lat="22.496319" lon="120.443735"></trkpt>
      <trkpt lat="22.496332" lon="120.443697"></trkpt>
      <trkpt lat="22.496394" lon="120.443528"></trkpt>
      <trkpt lat="22.496424" lon="120.443457"></trkpt>
      <trkpt lat="22.496649" lon="120.442838"></trkpt>
      <trkpt lat="22.496840" lon="120.442402"></trkpt>
      <trkpt lat="22.497358" lon="120.441436"></trkpt>
      <trkpt lat="22.497860" lon="120.440484"></trkpt>
      <trkpt lat="22.498374" lon="120.439420"></trkpt>
      <trkpt lat="22.498943" lon="120.438267"></trkpt>
      <trkpt lat="22.499430" lon="120.437267"></trkpt>
      <trkpt lat="22.499532" lon="120.437021"></trkpt>
      <trkpt lat="22.499595" lon="120.436771"></trkpt>
      <trkpt lat="22.499690" lon="120.436374"></trkpt>
      <trkpt lat="22.499751" lon="120.435905"></trkpt>
      <trkpt lat="22.499785" lon="120.435540"></trkpt>
      <trkpt lat="22.499778" lon="120.434710"></trkpt>
      <trkpt lat="22.499694" lon="120.433701"></trkpt>
      <trkpt lat="22.499526" lon="120.431792"></trkpt>
      <trkpt lat="22.498297" lon="120.417494"></trkpt>
      <trkpt lat="22.498232" lon="120.416923"></trkpt>
      <trkpt lat="22.498126" lon="120.416261"></trkpt>
      <trkpt lat="22.498056" lon="120.415883"></trkpt>
      <trkpt lat="22.497933" lon="120.415338"></trkpt>
      <trkpt lat="22.497911" lon="120.415237"></trkpt>
      <trkpt lat="22.497838" lon="120.414751"></trkpt>
      <trkpt lat="22.497794" lon="120.414257"></trkpt>
      <trkpt lat="22.497786" lon="120.413643"></trkpt>
      <trkpt lat="22.497821" lon="120.413034"></trkpt>
      <trkpt lat="22.497873" lon="120.412444"></trkpt>
      <trkpt lat="22.497940" lon="120.411828"></trkpt>
      <trkpt lat="22.498084" lon="120.411068"></trkpt>
      <trkpt lat="22.498224" lon="120.410292"></trkpt>
      <trkpt lat="22.498237" lon="120.410213"></trkpt>
      <trkpt lat="22.498374" lon="120.409389"></trkpt>
      <trkpt lat="22.498458" lon="120.408797"></trkpt>
      <trkpt lat="22.498475" lon="120.408705"></trkpt>
      <trkpt lat="22.498537" lon="120.408370"></trkpt>
      <trkpt lat="22.498571" lon="120.408180"></trkpt>
      <trkpt lat="22.498642" lon="120.407924"></trkpt>
      <trkpt lat="22.498728" lon="120.407680"></trkpt>
      <trkpt lat="22.498977" lon="120.407009"></trkpt>
      <trkpt lat="22.499027" lon="120.406873"></trkpt>
      <trkpt lat="22.499201" lon="120.406410"></trkpt>
      <trkpt lat="22.499333" lon="120.406339"></trkpt>
      <trkpt lat="22.499537" lon="120.405811"></trkpt>
      <trkpt lat="22.499961" lon="120.404600"></trkpt>
      <trkpt lat="22.500033" lon="120.404251"></trkpt>
      <trkpt lat="22.500907" lon="120.401965"></trkpt>
      <trkpt lat="22.500967" lon="120.401777"></trkpt>
      <trkpt lat="22.501013" lon="120.401607"></trkpt>
      <trkpt lat="22.501060" lon="120.401446"></trkpt>
      <trkpt lat="22.501088" lon="120.401278"></trkpt>
      <trkpt lat="22.501113" lon="120.400779"></trkpt>
      <trkpt lat="22.501046" lon="120.400230"></trkpt>
      <trkpt lat="22.501027" lon="120.400051"></trkpt>
      <trkpt lat="22.500950" lon="120.399094"></trkpt>
      <trkpt lat="22.500841" lon="120.397988"></trkpt>
      <trkpt lat="22.500825" lon="120.397863"></trkpt>
      <trkpt lat="22.500668" lon="120.396330"></trkpt>
      <trkpt lat="22.501359" lon="120.396145"></trkpt>
      <trkpt lat="22.501508" lon="120.396102"></trkpt>
      <trkpt lat="22.501846" lon="120.396002"></trkpt>
      <trkpt lat="22.501974" lon="120.395975"></trkpt>
      <trkpt lat="22.502741" lon="120.395897"></trkpt>
      <trkpt lat="22.502588" lon="120.395511"></trkpt>
      <trkpt lat="22.503354" lon="120.395310"></trkpt>
      <trkpt lat="22.503742" lon="120.395159"></trkpt>
      <trkpt lat="22.504370" lon="120.394966"></trkpt>
      <trkpt lat="22.503742" lon="120.395159"></trkpt>
      <trkpt lat="22.503805" lon="120.394960"></trkpt>
      <trkpt lat="22.504012" lon="120.394614"></trkpt>
      <trkpt lat="22.504091" lon="120.394422"></trkpt>
      <trkpt lat="22.504121" lon="120.394243"></trkpt>
      <trkpt lat="22.504102" lon="120.394061"></trkpt>
      <trkpt lat="22.503999" lon="120.393649"></trkpt>
      <trkpt lat="22.503791" lon="120.393064"></trkpt>
      <trkpt lat="22.503690" lon="120.392811"></trkpt>
      <trkpt lat="22.503510" lon="120.392303"></trkpt>
      <trkpt lat="22.503409" lon="120.392017"></trkpt>
      <trkpt lat="22.503330" lon="120.391764"></trkpt>
      <trkpt lat="22.503278" lon="120.391554"></trkpt>
      <trkpt lat="22.503202" lon="120.391268"></trkpt>
      <trkpt lat="22.503152" lon="120.391000"></trkpt>
      <trkpt lat="22.503104" lon="120.390706"></trkpt>
      <trkpt lat="22.503093" lon="120.390494"></trkpt>
      <trkpt lat="22.503111" lon="120.390208"></trkpt>
      <trkpt lat="22.503219" lon="120.389697"></trkpt>
      <trkpt lat="22.503249" lon="120.389541"></trkpt>
      <trkpt lat="22.503288" lon="120.389328"></trkpt>
      <trkpt lat="22.503368" lon="120.388893"></trkpt>
      <trkpt lat="22.503472" lon="120.388436"></trkpt>
      <trkpt lat="22.503544" lon="120.388140"></trkpt>
      <trkpt lat="22.503561" lon="120.388046"></trkpt>
      <trkpt lat="22.503571" lon="120.387995"></trkpt>
      <trkpt lat="22.503602" lon="120.387641"></trkpt>
      <trkpt lat="22.503626" lon="120.387141"></trkpt>
      <trkpt lat="22.503641" lon="120.386694"></trkpt>
      <trkpt lat="22.503643" lon="120.386414"></trkpt>
      <trkpt lat="22.503636" lon="120.386088"></trkpt>
      <trkpt lat="22.503673" lon="120.385892"></trkpt>
      <trkpt lat="22.503754" lon="120.385507"></trkpt>
      <trkpt lat="22.503781" lon="120.385365"></trkpt>
      <trkpt lat="22.503792" lon="120.385230"></trkpt>
      <trkpt lat="22.503791" lon="120.385117"></trkpt>
      <trkpt lat="22.503785" lon="120.384966"></trkpt>
      <trkpt lat="22.503769" lon="120.384764"></trkpt>
      <trkpt lat="22.503664" lon="120.383889"></trkpt>
      <trkpt lat="22.503640" lon="120.383607"></trkpt>
      <trkpt lat="22.503611" lon="120.383199"></trkpt>
      <trkpt lat="22.503587" lon="120.382730"></trkpt>
      <trkpt lat="22.503548" lon="120.382583"></trkpt>
      <trkpt lat="22.503441" lon="120.382418"></trkpt>
      <trkpt lat="22.503463" lon="120.382263"></trkpt>
      <trkpt lat="22.503470" lon="120.382152"></trkpt>
      <trkpt lat="22.503480" lon="120.382018"></trkpt>
      <trkpt lat="22.503482" lon="120.381973"></trkpt>
      <trkpt lat="22.503487" lon="120.381829"></trkpt>
      <trkpt lat="22.503488" lon="120.381797"></trkpt>
      <trkpt lat="22.503506" lon="120.381645"></trkpt>
      <trkpt lat="22.503551" lon="120.380806"></trkpt>
      <trkpt lat="22.503587" lon="120.380470"></trkpt>
      <trkpt lat="22.503625" lon="120.380245"></trkpt>
      <trkpt lat="22.503661" lon="120.380026"></trkpt>
      <trkpt lat="22.503875" lon="120.378844"></trkpt>
      <trkpt lat="22.504139" lon="120.377410"></trkpt>
      <trkpt lat="22.504163" lon="120.377264"></trkpt>
      <trkpt lat="22.504245" lon="120.376817"></trkpt>
      <trkpt lat="22.504380" lon="120.376075"></trkpt>
      <trkpt lat="22.504549" lon="120.375152"></trkpt>
      <trkpt lat="22.504606" lon="120.374843"></trkpt>
      <trkpt lat="22.504756" lon="120.374023"></trkpt>
      <trkpt lat="22.504847" lon="120.373524"></trkpt>
      <trkpt lat="22.505035" lon="120.372499"></trkpt>
      <trkpt lat="22.505061" lon="120.372363"></trkpt>
      <trkpt lat="22.505097" lon="120.372179"></trkpt>
      <trkpt lat="22.505153" lon="120.371930"></trkpt>
      <trkpt lat="22.505215" lon="120.371729"></trkpt>
      <trkpt lat="22.505330" lon="120.371456"></trkpt>
      <trkpt lat="22.505384" lon="120.371352"></trkpt>
      <trkpt lat="22.505562" lon="120.371063"></trkpt>
      <trkpt lat="22.505864" lon="120.370628"></trkpt>
      <trkpt lat="22.506733" lon="120.369341"></trkpt>
      <trkpt lat="22.506876" lon="120.369159"></trkpt>
      <trkpt lat="22.506904" lon="120.369126"></trkpt>
      <trkpt lat="22.506963" lon="120.369055"></trkpt>
      <trkpt lat="22.507009" lon="120.369000"></trkpt>
      <trkpt lat="22.507065" lon="120.368933"></trkpt>
      <trkpt lat="22.507222" lon="120.368767"></trkpt>
      <trkpt lat="22.507823" lon="120.368200"></trkpt>
      <trkpt lat="22.507847" lon="120.368177"></trkpt>
      <trkpt lat="22.508097" lon="120.367925"></trkpt>
      <trkpt lat="22.508199" lon="120.367834"></trkpt>
      <trkpt lat="22.508303" lon="120.367657"></trkpt>
      <trkpt lat="22.508434" lon="120.367457"></trkpt>
      <trkpt lat="22.508538" lon="120.367255"></trkpt>
      <trkpt lat="22.508753" lon="120.366779"></trkpt>
      <trkpt lat="22.508789" lon="120.366701"></trkpt>
      <trkpt lat="22.509097" lon="120.365960"></trkpt>
      <trkpt lat="22.509180" lon="120.365741"></trkpt>
      <trkpt lat="22.509193" lon="120.365702"></trkpt>
      <trkpt lat="22.509603" lon="120.364495"></trkpt>
      <trkpt lat="22.509832" lon="120.363828"></trkpt>
      <trkpt lat="22.509926" lon="120.363596"></trkpt>
      <trkpt lat="22.510042" lon="120.363374"></trkpt>
      <trkpt lat="22.510153" lon="120.363194"></trkpt>
      <trkpt lat="22.510309" lon="120.362983"></trkpt>
      <trkpt lat="22.510419" lon="120.362863"></trkpt>
      <trkpt lat="22.510532" lon="120.362770"></trkpt>
      <trkpt lat="22.510833" lon="120.362648"></trkpt>
      <trkpt lat="22.510915" lon="120.362629"></trkpt>
      <trkpt lat="22.511013" lon="120.362606"></trkpt>
      <trkpt lat="22.511604" lon="120.362523"></trkpt>
      <trkpt lat="22.512060" lon="120.362393"></trkpt>
      <trkpt lat="22.512327" lon="120.362256"></trkpt>
      <trkpt lat="22.512505" lon="120.362135"></trkpt>
      <trkpt lat="22.512766" lon="120.361844"></trkpt>
      <trkpt lat="22.512870" lon="120.361728"></trkpt>
      <trkpt lat="22.512916" lon="120.361666"></trkpt>
      <trkpt lat="22.513118" lon="120.361473"></trkpt>
      <trkpt lat="22.513254" lon="120.361355"></trkpt>
      <trkpt lat="22.513491" lon="120.361251"></trkpt>
      <trkpt lat="22.513601" lon="120.361226"></trkpt>
      <trkpt lat="22.513743" lon="120.361223"></trkpt>
      <trkpt lat="22.513749" lon="120.361224"></trkpt>
      <trkpt lat="22.513837" lon="120.361226"></trkpt>
      <trkpt lat="22.513985" lon="120.361265"></trkpt>
      <trkpt lat="22.514068" lon="120.361298"></trkpt>
      <trkpt lat="22.514290" lon="120.361415"></trkpt>
      <trkpt lat="22.514524" lon="120.361542"></trkpt>
      <trkpt lat="22.515060" lon="120.361832"></trkpt>
      <trkpt lat="22.515211" lon="120.361917"></trkpt>
      <trkpt lat="22.515407" lon="120.362033"></trkpt>
      <trkpt lat="22.516110" lon="120.362473"></trkpt>
      <trkpt lat="22.516733" lon="120.362841"></trkpt>
      <trkpt lat="22.518738" lon="120.363974"></trkpt>
      <trkpt lat="22.518818" lon="120.364019"></trkpt>
      <trkpt lat="22.519258" lon="120.364268"></trkpt>
      <trkpt lat="22.519739" lon="120.364540"></trkpt>
      <trkpt lat="22.520349" lon="120.364885"></trkpt>
      <trkpt lat="22.521068" lon="120.365291"></trkpt>
      <trkpt lat="22.521325" lon="120.365436"></trkpt>
      <trkpt lat="22.521475" lon="120.365521"></trkpt>
      <trkpt lat="22.521736" lon="120.365669"></trkpt>
      <trkpt lat="22.522609" lon="120.366148"></trkpt>
      <trkpt lat="22.523209" lon="120.366477"></trkpt>
      <trkpt lat="22.523399" lon="120.366581"></trkpt>
      <trkpt lat="22.523651" lon="120.366719"></trkpt>
      <trkpt lat="22.524979" lon="120.367447"></trkpt>
      <trkpt lat="22.526564" lon="120.368318"></trkpt>
      <trkpt lat="22.526626" lon="120.368352"></trkpt>
      <trkpt lat="22.527685" lon="120.368933"></trkpt>
      <trkpt lat="22.528871" lon="120.369576"></trkpt>
      <trkpt lat="22.529975" lon="120.370176"></trkpt>
      <trkpt lat="22.530698" lon="120.370587"></trkpt>
      <trkpt lat="22.531043" lon="120.370782"></trkpt>
      <trkpt lat="22.531098" lon="120.370813"></trkpt>
      <trkpt lat="22.531262" lon="120.370906"></trkpt>
      <trkpt lat="22.532176" lon="120.371417"></trkpt>
      <trkpt lat="22.532329" lon="120.371503"></trkpt>
      <trkpt lat="22.534286" lon="120.372583"></trkpt>
      <trkpt lat="22.534509" lon="120.372705"></trkpt>
      <trkpt lat="22.535047" lon="120.372978"></trkpt>
      <trkpt lat="22.535699" lon="120.373297"></trkpt>
      <trkpt lat="22.535939" lon="120.373370"></trkpt>
      <trkpt lat="22.535978" lon="120.373382"></trkpt>
      <trkpt lat="22.536116" lon="120.373416"></trkpt>
      <trkpt lat="22.536215" lon="120.373437"></trkpt>
      <trkpt lat="22.536851" lon="120.373569"></trkpt>
      <trkpt lat="22.537594" lon="120.373589"></trkpt>
      <trkpt lat="22.538427" lon="120.373499"></trkpt>
      <trkpt lat="22.539230" lon="120.373262"></trkpt>
      <trkpt lat="22.539727" lon="120.373044"></trkpt>
      <trkpt lat="22.540990" lon="120.372233"></trkpt>
      <trkpt lat="22.541196" lon="120.372100"></trkpt>
      <trkpt lat="22.541266" lon="120.372033"></trkpt>
      <trkpt lat="22.541410" lon="120.371935"></trkpt>
      <trkpt lat="22.542939" lon="120.370886"></trkpt>
      <trkpt lat="22.544507" lon="120.369777"></trkpt>
      <trkpt lat="22.544714" lon="120.369606"></trkpt>
      <trkpt lat="22.544960" lon="120.369456"></trkpt>
      <trkpt lat="22.545432" lon="120.369125"></trkpt>
      <trkpt lat="22.545744" lon="120.368905"></trkpt>
      <trkpt lat="22.547817" lon="120.367422"></trkpt>
      <trkpt lat="22.549872" lon="120.365966"></trkpt>
      <trkpt lat="22.550500" lon="120.365515"></trkpt>
      <trkpt lat="22.551301" lon="120.364940"></trkpt>
      <trkpt lat="22.552733" lon="120.363849"></trkpt>
      <trkpt lat="22.553184" lon="120.363507"></trkpt>
      <trkpt lat="22.553247" lon="120.363453"></trkpt>
      <trkpt lat="22.553658" lon="120.363132"></trkpt>
      <trkpt lat="22.553745" lon="120.363063"></trkpt>
      <trkpt lat="22.554364" lon="120.362563"></trkpt>
      <trkpt lat="22.555623" lon="120.361545"></trkpt>
      <trkpt lat="22.556729" lon="120.360661"></trkpt>
      <trkpt lat="22.558868" lon="120.358971"></trkpt>
      <trkpt lat="22.559084" lon="120.358797"></trkpt>
      <trkpt lat="22.560933" lon="120.357313"></trkpt>
      <trkpt lat="22.561078" lon="120.357097"></trkpt>
      <trkpt lat="22.561149" lon="120.357043"></trkpt>
      <trkpt lat="22.561258" lon="120.356958"></trkpt>
      <trkpt lat="22.562504" lon="120.355962"></trkpt>
      <trkpt lat="22.562610" lon="120.355862"></trkpt>
      <trkpt lat="22.562728" lon="120.355751"></trkpt>
      <trkpt lat="22.563389" lon="120.355203"></trkpt>
      <trkpt lat="22.563623" lon="120.354985"></trkpt>
      <trkpt lat="22.564766" lon="120.353966"></trkpt>
      <trkpt lat="22.565060" lon="120.353704"></trkpt>
      <trkpt lat="22.565505" lon="120.353308"></trkpt>
      <trkpt lat="22.566399" lon="120.352460"></trkpt>
      <trkpt lat="22.566336" lon="120.352370"></trkpt>
      <trkpt lat="22.566256" lon="120.352272"></trkpt>
      <trkpt lat="22.566195" lon="120.352204"></trkpt>
      <trkpt lat="22.566136" lon="120.352129"></trkpt>
      <trkpt lat="22.565691" lon="120.352529"></trkpt>
      <trkpt lat="22.565070" lon="120.353091"></trkpt>
      <trkpt lat="22.565691" lon="120.352529"></trkpt>
      <trkpt lat="22.566136" lon="120.352129"></trkpt>
      <trkpt lat="22.566226" lon="120.352044"></trkpt>
      <trkpt lat="22.566328" lon="120.352190"></trkpt>
      <trkpt lat="22.566649" lon="120.351899"></trkpt>
      <trkpt lat="22.566692" lon="120.351740"></trkpt>
      <trkpt lat="22.566731" lon="120.351686"></trkpt>
      <trkpt lat="22.566842" lon="120.351592"></trkpt>
      <trkpt lat="22.566995" lon="120.351433"></trkpt>
      <trkpt lat="22.567175" lon="120.351203"></trkpt>
      <trkpt lat="22.567265" lon="120.351045"></trkpt>
      <trkpt lat="22.567389" lon="120.350772"></trkpt>
      <trkpt lat="22.567456" lon="120.350565"></trkpt>
      <trkpt lat="22.567498" lon="120.350328"></trkpt>
      <trkpt lat="22.567528" lon="120.350118"></trkpt>
      <trkpt lat="22.567539" lon="120.349988"></trkpt>
      <trkpt lat="22.567533" lon="120.349759"></trkpt>
      <trkpt lat="22.567544" lon="120.349554"></trkpt>
      <trkpt lat="22.567555" lon="120.348764"></trkpt>
      <trkpt lat="22.567567" lon="120.348436"></trkpt>
      <trkpt lat="22.567567" lon="120.348412"></trkpt>
      <trkpt lat="22.567581" lon="120.348286"></trkpt>
      <trkpt lat="22.567585" lon="120.348132"></trkpt>
      <trkpt lat="22.567578" lon="120.348061"></trkpt>
      <trkpt lat="22.567569" lon="120.348008"></trkpt>
      <trkpt lat="22.567555" lon="120.347926"></trkpt>
      <trkpt lat="22.567557" lon="120.347876"></trkpt>
      <trkpt lat="22.567596" lon="120.347762"></trkpt>
      <trkpt lat="22.567613" lon="120.347318"></trkpt>
      <trkpt lat="22.567608" lon="120.347290"></trkpt>
      <trkpt lat="22.567597" lon="120.347205"></trkpt>
      <trkpt lat="22.567599" lon="120.347130"></trkpt>
      <trkpt lat="22.567613" lon="120.346997"></trkpt>
      <trkpt lat="22.567604" lon="120.346729"></trkpt>
      <trkpt lat="22.567602" lon="120.346679"></trkpt>
      <trkpt lat="22.567618" lon="120.346188"></trkpt>
      <trkpt lat="22.567614" lon="120.345220"></trkpt>
      <trkpt lat="22.567540" lon="120.344768"></trkpt>
      <trkpt lat="22.567504" lon="120.344706"></trkpt>
      <trkpt lat="22.567429" lon="120.344761"></trkpt>
      <trkpt lat="22.567400" lon="120.344702"></trkpt>
      <trkpt lat="22.567342" lon="120.344585"></trkpt>
      <trkpt lat="22.567310" lon="120.344520"></trkpt>
      <trkpt lat="22.567236" lon="120.344576"></trkpt>
      <trkpt lat="22.567218" lon="120.344540"></trkpt>
      <trkpt lat="22.567183" lon="120.344259"></trkpt>
      <trkpt lat="22.567140" lon="120.343881"></trkpt>
      <trkpt lat="22.567127" lon="120.343322"></trkpt>
      <trkpt lat="22.567153" lon="120.342150"></trkpt>
      <trkpt lat="22.567174" lon="120.341269"></trkpt>
      <trkpt lat="22.567199" lon="120.340606"></trkpt>
      <trkpt lat="22.567210" lon="120.340219"></trkpt>
      <trkpt lat="22.567219" lon="120.339924"></trkpt>
      <trkpt lat="22.567221" lon="120.339824"></trkpt>
      <trkpt lat="22.567171" lon="120.339740"></trkpt>
      <trkpt lat="22.567522" lon="120.339445"></trkpt>
      <trkpt lat="22.567823" lon="120.339193"></trkpt>
      <trkpt lat="22.569122" lon="120.338080"></trkpt>
      <trkpt lat="22.569401" lon="120.337828"></trkpt>
      <trkpt lat="22.569416" lon="120.337816"></trkpt>
      <trkpt lat="22.569445" lon="120.337794"></trkpt>
      <trkpt lat="22.569477" lon="120.337768"></trkpt>
      <trkpt lat="22.569548" lon="120.337639"></trkpt>
      <trkpt lat="22.569573" lon="120.337663"></trkpt>
      <trkpt lat="22.569622" lon="120.337709"></trkpt>
      <trkpt lat="22.569655" lon="120.337730"></trkpt>
      <trkpt lat="22.569680" lon="120.337713"></trkpt>
      <trkpt lat="22.570122" lon="120.337333"></trkpt>
      <trkpt lat="22.570502" lon="120.337006"></trkpt>
      <trkpt lat="22.570538" lon="120.336950"></trkpt>
      <trkpt lat="22.570596" lon="120.336816"></trkpt>
      <trkpt lat="22.570614" lon="120.336776"></trkpt>
      <trkpt lat="22.570692" lon="120.336606"></trkpt>
      <trkpt lat="22.570725" lon="120.336572"></trkpt>
      <trkpt lat="22.571248" lon="120.336119"></trkpt>
      <trkpt lat="22.572149" lon="120.335362"></trkpt>
      <trkpt lat="22.572634" lon="120.334948"></trkpt>
      <trkpt lat="22.573014" lon="120.334631"></trkpt>
      <trkpt lat="22.573468" lon="120.334242"></trkpt>
      <trkpt lat="22.573582" lon="120.334149"></trkpt>
      <trkpt lat="22.573657" lon="120.334095"></trkpt>
      <trkpt lat="22.573787" lon="120.334018"></trkpt>
      <trkpt lat="22.573852" lon="120.333978"></trkpt>
      <trkpt lat="22.574042" lon="120.333813"></trkpt>
      <trkpt lat="22.574146" lon="120.333731"></trkpt>
      <trkpt lat="22.574323" lon="120.333617"></trkpt>
      <trkpt lat="22.574434" lon="120.333544"></trkpt>
      <trkpt lat="22.574572" lon="120.333460"></trkpt>
      <trkpt lat="22.574724" lon="120.333356"></trkpt>
      <trkpt lat="22.574825" lon="120.333297"></trkpt>
      <trkpt lat="22.574912" lon="120.333242"></trkpt>
      <trkpt lat="22.575000" lon="120.333153"></trkpt>
      <trkpt lat="22.575065" lon="120.333103"></trkpt>
      <trkpt lat="22.575190" lon="120.333033"></trkpt>
      <trkpt lat="22.575289" lon="120.332967"></trkpt>
      <trkpt lat="22.575449" lon="120.332836"></trkpt>
      <trkpt lat="22.575654" lon="120.332662"></trkpt>
      <trkpt lat="22.576018" lon="120.332348"></trkpt>
      <trkpt lat="22.576114" lon="120.332260"></trkpt>
      <trkpt lat="22.576136" lon="120.332224"></trkpt>
      <trkpt lat="22.576155" lon="120.332175"></trkpt>
      <trkpt lat="22.576198" lon="120.332123"></trkpt>
      <trkpt lat="22.576269" lon="120.332071"></trkpt>
      <trkpt lat="22.576300" lon="120.332029"></trkpt>
      <trkpt lat="22.576325" lon="120.331887"></trkpt>
      <trkpt lat="22.576465" lon="120.331779"></trkpt>
      <trkpt lat="22.576583" lon="120.331688"></trkpt>
      <trkpt lat="22.576618" lon="120.331690"></trkpt>
      <trkpt lat="22.576661" lon="120.331693"></trkpt>
      <trkpt lat="22.576779" lon="120.331647"></trkpt>
      <trkpt lat="22.577761" lon="120.330811"></trkpt>
      <trkpt lat="22.579415" lon="120.329414"></trkpt>
      <trkpt lat="22.579945" lon="120.328976"></trkpt>
      <trkpt lat="22.579979" lon="120.328929"></trkpt>
      <trkpt lat="22.580003" lon="120.328876"></trkpt>
      <trkpt lat="22.580163" lon="120.328725"></trkpt>
      <trkpt lat="22.580198" lon="120.328692"></trkpt>
      <trkpt lat="22.580221" lon="120.328671"></trkpt>
      <trkpt lat="22.580288" lon="120.328670"></trkpt>
      <trkpt lat="22.580334" lon="120.328649"></trkpt>
      <trkpt lat="22.580427" lon="120.328579"></trkpt>
      <trkpt lat="22.580507" lon="120.328525"></trkpt>
      <trkpt lat="22.580627" lon="120.328431"></trkpt>
      <trkpt lat="22.583316" lon="120.326171"></trkpt>
      <trkpt lat="22.583393" lon="120.326103"></trkpt>
      <trkpt lat="22.583444" lon="120.326032"></trkpt>
      <trkpt lat="22.583500" lon="120.325940"></trkpt>
      <trkpt lat="22.583592" lon="120.325855"></trkpt>
      <trkpt lat="22.583677" lon="120.325784"></trkpt>
      <trkpt lat="22.583886" lon="120.325608"></trkpt>
      <trkpt lat="22.584017" lon="120.325498"></trkpt>
      <trkpt lat="22.584278" lon="120.325300"></trkpt>
      <trkpt lat="22.585163" lon="120.324578"></trkpt>
      <trkpt lat="22.585914" lon="120.323932"></trkpt>
      <trkpt lat="22.586733" lon="120.323247"></trkpt>
      <trkpt lat="22.586912" lon="120.323125"></trkpt>
      <trkpt lat="22.587081" lon="120.323010"></trkpt>
      <trkpt lat="22.587829" lon="120.322387"></trkpt>
      <trkpt lat="22.587904" lon="120.322200"></trkpt>
      <trkpt lat="22.588098" lon="120.321989"></trkpt>
      <trkpt lat="22.588240" lon="120.321869"></trkpt>
      <trkpt lat="22.588329" lon="120.321849"></trkpt>
      <trkpt lat="22.588382" lon="120.321837"></trkpt>
      <trkpt lat="22.588488" lon="120.321813"></trkpt>
      <trkpt lat="22.588552" lon="120.321786"></trkpt>
      <trkpt lat="22.588764" lon="120.321610"></trkpt>
      <trkpt lat="22.589329" lon="120.321138"></trkpt>
      <trkpt lat="22.590703" lon="120.319981"></trkpt>
      <trkpt lat="22.592179" lon="120.318745"></trkpt>
      <trkpt lat="22.592255" lon="120.318653"></trkpt>
      <trkpt lat="22.592330" lon="120.318527"></trkpt>
      <trkpt lat="22.592463" lon="120.318370"></trkpt>
      <trkpt lat="22.592599" lon="120.318266"></trkpt>
      <trkpt lat="22.592711" lon="120.318244"></trkpt>
      <trkpt lat="22.592779" lon="120.318221"></trkpt>
      <trkpt lat="22.592824" lon="120.318199"></trkpt>
      <trkpt lat="22.593222" lon="120.317848"></trkpt>
      <trkpt lat="22.593355" lon="120.317732"></trkpt>
      <trkpt lat="22.593745" lon="120.317393"></trkpt>
      <trkpt lat="22.594267" lon="120.316939"></trkpt>
      <trkpt lat="22.594511" lon="120.316742"></trkpt>
      <trkpt lat="22.594587" lon="120.316701"></trkpt>
      <trkpt lat="22.594749" lon="120.316577"></trkpt>
      <trkpt lat="22.594756" lon="120.316560"></trkpt>
      <trkpt lat="22.594780" lon="120.316504"></trkpt>
      <trkpt lat="22.594854" lon="120.316424"></trkpt>
      <trkpt lat="22.595052" lon="120.316376"></trkpt>
      <trkpt lat="22.595293" lon="120.316155"></trkpt>
      <trkpt lat="22.595326" lon="120.316125"></trkpt>
      <trkpt lat="22.595401" lon="120.316067"></trkpt>
      <trkpt lat="22.595440" lon="120.316038"></trkpt>
      <trkpt lat="22.595526" lon="120.315972"></trkpt>
      <trkpt lat="22.595588" lon="120.315924"></trkpt>
      <trkpt lat="22.595642" lon="120.315883"></trkpt>
      <trkpt lat="22.595718" lon="120.315856"></trkpt>
      <trkpt lat="22.595767" lon="120.315817"></trkpt>
      <trkpt lat="22.595797" lon="120.315793"></trkpt>
      <trkpt lat="22.595844" lon="120.315756"></trkpt>
      <trkpt lat="22.595904" lon="120.315685"></trkpt>
      <trkpt lat="22.596009" lon="120.315824"></trkpt>
      <trkpt lat="22.596191" lon="120.316108"></trkpt>
      <trkpt lat="22.596298" lon="120.316023"></trkpt>
      <trkpt lat="22.596388" lon="120.315952"></trkpt>
      <trkpt lat="22.598500" lon="120.314273"></trkpt>
      <trkpt lat="22.598553" lon="120.314231"></trkpt>
      <trkpt lat="22.598652" lon="120.314152"></trkpt>
      <trkpt lat="22.598765" lon="120.314058"></trkpt>
      <trkpt lat="22.599690" lon="120.313296"></trkpt>
      <trkpt lat="22.601495" lon="120.311819"></trkpt>
      <trkpt lat="22.601542" lon="120.311780"></trkpt>
      <trkpt lat="22.601679" lon="120.311672"></trkpt>
      <trkpt lat="22.601690" lon="120.311663"></trkpt>
      <trkpt lat="22.601818" lon="120.311548"></trkpt>
      <trkpt lat="22.601881" lon="120.311706"></trkpt>
      <trkpt lat="22.604054" lon="120.314310"></trkpt>
      <trkpt lat="22.604092" lon="120.314356"></trkpt>
      <trkpt lat="22.604172" lon="120.314452"></trkpt>
      <trkpt lat="22.604217" lon="120.314507"></trkpt>
      <trkpt lat="22.604887" lon="120.315336"></trkpt>
      <trkpt lat="22.605188" lon="120.315629"></trkpt>
      <trkpt lat="22.605377" lon="120.315708"></trkpt>
      <trkpt lat="22.605459" lon="120.315742"></trkpt>
      <trkpt lat="22.605573" lon="120.315790"></trkpt>
      <trkpt lat="22.605643" lon="120.315695"></trkpt>
      <trkpt lat="22.605729" lon="120.315599"></trkpt>
      <trkpt lat="22.605739" lon="120.315588"></trkpt>
      <trkpt lat="22.606872" lon="120.314336"></trkpt>
      <trkpt lat="22.606969" lon="120.314235"></trkpt>
      <trkpt lat="22.606872" lon="120.314336"></trkpt>
      <trkpt lat="22.607079" lon="120.314598"></trkpt>
      <trkpt lat="22.607279" lon="120.314854"></trkpt>
      <trkpt lat="22.608171" lon="120.313968"></trkpt>
      <trkpt lat="22.608662" lon="120.313430"></trkpt>
      <trkpt lat="22.609114" lon="120.312932"></trkpt>
      <trkpt lat="22.609163" lon="120.312880"></trkpt>
      <trkpt lat="22.609546" lon="120.313116"></trkpt>
      <trkpt lat="22.609819" lon="120.313291"></trkpt>
      <trkpt lat="22.609854" lon="120.313314"></trkpt>
      <trkpt lat="22.610015" lon="120.313417"></trkpt>
      <trkpt lat="22.610065" lon="120.313301"></trkpt>
      <trkpt lat="22.610132" lon="120.313154"></trkpt>
      <trkpt lat="22.610187" lon="120.313029"></trkpt>
      <trkpt lat="22.610223" lon="120.312947"></trkpt>
      <trkpt lat="22.610236" lon="120.312918"></trkpt>
      <trkpt lat="22.610315" lon="120.312740"></trkpt>
      <trkpt lat="22.610386" lon="120.312580"></trkpt>
      <trkpt lat="22.610714" lon="120.311843"></trkpt>
      <trkpt lat="22.611067" lon="120.311050"></trkpt>
      <trkpt lat="22.611212" lon="120.310724"></trkpt>
      <trkpt lat="22.611971" lon="120.311061"></trkpt>
      <trkpt lat="22.612448" lon="120.311267"></trkpt>
      <trkpt lat="22.612887" lon="120.311405"></trkpt>
      <trkpt lat="22.613077" lon="120.311463"></trkpt>
      <trkpt lat="22.613337" lon="120.311524"></trkpt>
      <trkpt lat="22.613728" lon="120.311615"></trkpt>
      <trkpt lat="22.614282" lon="120.311687"></trkpt>
      <trkpt lat="22.615006" lon="120.311806"></trkpt>
      <trkpt lat="22.615400" lon="120.311846"></trkpt>
      <trkpt lat="22.615739" lon="120.311851"></trkpt>
      <trkpt lat="22.615996" lon="120.311834"></trkpt>
      <trkpt lat="22.616203" lon="120.311788"></trkpt>
      <trkpt lat="22.616327" lon="120.311764"></trkpt>
      <trkpt lat="22.616282" lon="120.311625"></trkpt>
      <trkpt lat="22.616108" lon="120.311093"></trkpt>
      <trkpt lat="22.616081" lon="120.311012"></trkpt>
      <trkpt lat="22.616197" lon="120.310970"></trkpt>
      <trkpt lat="22.616531" lon="120.310852"></trkpt>
      <trkpt lat="22.616921" lon="120.310707"></trkpt>
      <trkpt lat="22.617242" lon="120.310586"></trkpt>
      <trkpt lat="22.617672" lon="120.310412"></trkpt>
      <trkpt lat="22.618016" lon="120.310284"></trkpt>
      <trkpt lat="22.618334" lon="120.310156"></trkpt>
      <trkpt lat="22.618648" lon="120.310028"></trkpt>
      <trkpt lat="22.618834" lon="120.309950"></trkpt>
      <trkpt lat="22.618897" lon="120.309924"></trkpt>
      <trkpt lat="22.619003" lon="120.309887"></trkpt>
      <trkpt lat="22.619111" lon="120.309847"></trkpt>
      <trkpt lat="22.619212" lon="120.309808"></trkpt>
      <trkpt lat="22.619335" lon="120.309759"></trkpt>
      <trkpt lat="22.619378" lon="120.309742"></trkpt>
      <trkpt lat="22.619428" lon="120.309722"></trkpt>
      <trkpt lat="22.619607" lon="120.309651"></trkpt>
      <trkpt lat="22.619882" lon="120.309554"></trkpt>
      <trkpt lat="22.620250" lon="120.309423"></trkpt>
      <trkpt lat="22.620627" lon="120.309261"></trkpt>
      <trkpt lat="22.620990" lon="120.309113"></trkpt>
      <trkpt lat="22.621374" lon="120.308963"></trkpt>
      <trkpt lat="22.621162" lon="120.308323"></trkpt>
      <trkpt lat="22.620959" lon="120.307711"></trkpt>
      <trkpt lat="22.621324" lon="120.307567"></trkpt>
      <trkpt lat="22.621552" lon="120.307457"></trkpt>
      <trkpt lat="22.621601" lon="120.307433"></trkpt>
      <trkpt lat="22.621719" lon="120.307378"></trkpt>
      <trkpt lat="22.621826" lon="120.307339"></trkpt>
      <trkpt lat="22.621852" lon="120.307329"></trkpt>
      <trkpt lat="22.622173" lon="120.307212"></trkpt>
      <trkpt lat="22.622521" lon="120.307069"></trkpt>
      <trkpt lat="22.622891" lon="120.306933"></trkpt>
      <trkpt lat="22.623182" lon="120.306819"></trkpt>
      <trkpt lat="22.623211" lon="120.306807"></trkpt>
      <trkpt lat="22.623312" lon="120.306767"></trkpt>
      <trkpt lat="22.623357" lon="120.306751"></trkpt>
      <trkpt lat="22.623390" lon="120.306737"></trkpt>
      <trkpt lat="22.623660" lon="120.306629"></trkpt>
      <trkpt lat="22.623935" lon="120.306536"></trkpt>
      <trkpt lat="22.623960" lon="120.306528"></trkpt>
      <trkpt lat="22.624029" lon="120.306504"></trkpt>
      <trkpt lat="22.624061" lon="120.306495"></trkpt>
      <trkpt lat="22.624087" lon="120.306487"></trkpt>
      <trkpt lat="22.624315" lon="120.306416"></trkpt>
      <trkpt lat="22.624465" lon="120.306358"></trkpt>
      <trkpt lat="22.624656" lon="120.306276"></trkpt>
      <trkpt lat="22.624703" lon="120.306256"></trkpt>
      <trkpt lat="22.624795" lon="120.306217"></trkpt>
      <trkpt lat="22.624897" lon="120.306177"></trkpt>
      <trkpt lat="22.624947" lon="120.306158"></trkpt>
      <trkpt lat="22.624989" lon="120.306142"></trkpt>
      <trkpt lat="22.625267" lon="120.306034"></trkpt>
      <trkpt lat="22.625497" lon="120.305945"></trkpt>
      <trkpt lat="22.625598" lon="120.305906"></trkpt>
      <trkpt lat="22.625621" lon="120.305899"></trkpt>
      <trkpt lat="22.625844" lon="120.305842"></trkpt>
      <trkpt lat="22.625916" lon="120.305824"></trkpt>
      <trkpt lat="22.626266" lon="120.305767"></trkpt>
      <trkpt lat="22.626676" lon="120.305709"></trkpt>
      <trkpt lat="22.627109" lon="120.305723"></trkpt>
      <trkpt lat="22.627146" lon="120.305725"></trkpt>
      <trkpt lat="22.627302" lon="120.305728"></trkpt>
      <trkpt lat="22.627427" lon="120.305733"></trkpt>
      <trkpt lat="22.627542" lon="120.305741"></trkpt>
      <trkpt lat="22.627654" lon="120.305746"></trkpt>
      <trkpt lat="22.627679" lon="120.305747"></trkpt>
      <trkpt lat="22.627720" lon="120.305750"></trkpt>
      <trkpt lat="22.628094" lon="120.305776"></trkpt>
      <trkpt lat="22.628450" lon="120.305815"></trkpt>
      <trkpt lat="22.628807" lon="120.305852"></trkpt>
      <trkpt lat="22.628886" lon="120.304572"></trkpt>
      <trkpt lat="22.628892" lon="120.304464"></trkpt>
      <trkpt lat="22.628898" lon="120.304386"></trkpt>
      <trkpt lat="22.629015" lon="120.302723"></trkpt>
      <trkpt lat="22.629062" lon="120.302329"></trkpt>
      <trkpt lat="22.629103" lon="120.301903"></trkpt>
      <trkpt lat="22.629118" lon="120.301749"></trkpt>
      <trkpt lat="22.629132" lon="120.301578"></trkpt>
      <trkpt lat="22.629096" lon="120.301436"></trkpt>
      <trkpt lat="22.628994" lon="120.301107"></trkpt>
      <trkpt lat="22.629453" lon="120.300944"></trkpt>
      <trkpt lat="22.629903" lon="120.300778"></trkpt>
      <trkpt lat="22.630319" lon="120.300618"></trkpt>
      <trkpt lat="22.630670" lon="120.300504"></trkpt>
      <trkpt lat="22.630700" lon="120.300493"></trkpt>
      <trkpt lat="22.630819" lon="120.300449"></trkpt>
      <trkpt lat="22.630930" lon="120.300408"></trkpt>
      <trkpt lat="22.630997" lon="120.300375"></trkpt>
      <trkpt lat="22.631033" lon="120.300362"></trkpt>
      <trkpt lat="22.631334" lon="120.300229"></trkpt>
      <trkpt lat="22.631657" lon="120.300108"></trkpt>
      <trkpt lat="22.631437" lon="120.299485"></trkpt>
      <trkpt lat="22.631223" lon="120.298929"></trkpt>
      <trkpt lat="22.631589" lon="120.298762"></trkpt>
      <trkpt lat="22.631750" lon="120.298701"></trkpt>
      <trkpt lat="22.631793" lon="120.298684"></trkpt>
      <trkpt lat="22.631918" lon="120.298626"></trkpt>
      <trkpt lat="22.631994" lon="120.298602"></trkpt>
      <trkpt lat="22.632049" lon="120.298584"></trkpt>
      <trkpt lat="22.632271" lon="120.298501"></trkpt>
      <trkpt lat="22.632584" lon="120.298382"></trkpt>
      <trkpt lat="22.632635" lon="120.298364"></trkpt>
      <trkpt lat="22.632902" lon="120.298266"></trkpt>
      <trkpt lat="22.633102" lon="120.298187"></trkpt>
      <trkpt lat="22.633190" lon="120.298151"></trkpt>
      <trkpt lat="22.633495" lon="120.298024"></trkpt>
      <trkpt lat="22.633728" lon="120.297933"></trkpt>
      <trkpt lat="22.633854" lon="120.297885"></trkpt>
      <trkpt lat="22.633982" lon="120.297840"></trkpt>
      <trkpt lat="22.634325" lon="120.297721"></trkpt>
      <trkpt lat="22.634576" lon="120.297626"></trkpt>
      <trkpt lat="22.634627" lon="120.297607"></trkpt>
      <trkpt lat="22.634677" lon="120.297586"></trkpt>
      <trkpt lat="22.634989" lon="120.297459"></trkpt>
      <trkpt lat="22.635297" lon="120.297342"></trkpt>
      <trkpt lat="22.635371" lon="120.297314"></trkpt>
      <trkpt lat="22.635415" lon="120.297297"></trkpt>
      <trkpt lat="22.635474" lon="120.297274"></trkpt>
      <trkpt lat="22.635684" lon="120.297194"></trkpt>
      <trkpt lat="22.635797" lon="120.297151"></trkpt>
      <trkpt lat="22.635870" lon="120.297124"></trkpt>
      <trkpt lat="22.635923" lon="120.297103"></trkpt>
      <trkpt lat="22.636168" lon="120.297013"></trkpt>
      <trkpt lat="22.636203" lon="120.296999"></trkpt>
      <trkpt lat="22.636314" lon="120.296956"></trkpt>
      <trkpt lat="22.636556" lon="120.296862"></trkpt>
      <trkpt lat="22.636641" lon="120.296829"></trkpt>
      <trkpt lat="22.636664" lon="120.296821"></trkpt>
      <trkpt lat="22.636753" lon="120.296786"></trkpt>
      <trkpt lat="22.636898" lon="120.296739"></trkpt>
      <trkpt lat="22.636936" lon="120.296728"></trkpt>
      <trkpt lat="22.636968" lon="120.296720"></trkpt>
      <trkpt lat="22.637206" lon="120.296633"></trkpt>
      <trkpt lat="22.637559" lon="120.296543"></trkpt>
      <trkpt lat="22.637707" lon="120.296506"></trkpt>
      <trkpt lat="22.637736" lon="120.296499"></trkpt>
      <trkpt lat="22.637867" lon="120.296468"></trkpt>
      <trkpt lat="22.637983" lon="120.296443"></trkpt>
      <trkpt lat="22.638014" lon="120.296435"></trkpt>
      <trkpt lat="22.638339" lon="120.296373"></trkpt>
      <trkpt lat="22.638579" lon="120.296331"></trkpt>
      <trkpt lat="22.638761" lon="120.296318"></trkpt>
      <trkpt lat="22.638850" lon="120.296312"></trkpt>
      <trkpt lat="22.638887" lon="120.296310"></trkpt>
      <trkpt lat="22.639154" lon="120.296298"></trkpt>
      <trkpt lat="22.639510" lon="120.296284"></trkpt>
      <trkpt lat="22.639836" lon="120.296276"></trkpt>
      <trkpt lat="22.639876" lon="120.296277"></trkpt>
      <trkpt lat="22.639956" lon="120.296273"></trkpt>
      <trkpt lat="22.640105" lon="120.296267"></trkpt>
      <trkpt lat="22.640161" lon="120.296264"></trkpt>
      <trkpt lat="22.640191" lon="120.296263"></trkpt>
      <trkpt lat="22.640846" lon="120.296235"></trkpt>
      <trkpt lat="22.640890" lon="120.296233"></trkpt>
      <trkpt lat="22.640933" lon="120.296230"></trkpt>
      <trkpt lat="22.641310" lon="120.296203"></trkpt>
      <trkpt lat="22.641532" lon="120.296195"></trkpt>
      <trkpt lat="22.641645" lon="120.296197"></trkpt>
      <trkpt lat="22.641718" lon="120.296201"></trkpt>
      <trkpt lat="22.641798" lon="120.296204"></trkpt>
      <trkpt lat="22.643147" lon="120.296312"></trkpt>
      <trkpt lat="22.644353" lon="120.296398"></trkpt>
      <trkpt lat="22.644445" lon="120.296405"></trkpt>
      <trkpt lat="22.644513" lon="120.296410"></trkpt>
      <trkpt lat="22.645283" lon="120.296472"></trkpt>
      <trkpt lat="22.645489" lon="120.296490"></trkpt>
      <trkpt lat="22.645759" lon="120.296515"></trkpt>
      <trkpt lat="22.645914" lon="120.296529"></trkpt>
      <trkpt lat="22.646026" lon="120.296541"></trkpt>
      <trkpt lat="22.647080" lon="120.296650"></trkpt>
      <trkpt lat="22.647928" lon="120.296724"></trkpt>
      <trkpt lat="22.647980" lon="120.296726"></trkpt>
      <trkpt lat="22.648074" lon="120.296731"></trkpt>
      <trkpt lat="22.648092" lon="120.296637"></trkpt>
      <trkpt lat="22.648125" lon="120.296535"></trkpt>
      <trkpt lat="22.648194" lon="120.296263"></trkpt>
      <trkpt lat="22.648303" lon="120.295805"></trkpt>
      <trkpt lat="22.648584" lon="120.294567"></trkpt>
      <trkpt lat="22.648868" lon="120.293320"></trkpt>
      <trkpt lat="22.649014" lon="120.292691"></trkpt>
      <trkpt lat="22.649079" lon="120.292465"></trkpt>
      <trkpt lat="22.649149" lon="120.292324"></trkpt>
      <trkpt lat="22.649213" lon="120.292189"></trkpt>
      <trkpt lat="22.649234" lon="120.292103"></trkpt>
      <trkpt lat="22.649304" lon="120.292103"></trkpt>
      <trkpt lat="22.649342" lon="120.292103"></trkpt>
      <trkpt lat="22.649782" lon="120.292111"></trkpt>
      <trkpt lat="22.649808" lon="120.292112"></trkpt>
      <trkpt lat="22.649833" lon="120.292112"></trkpt>
      <trkpt lat="22.649846" lon="120.291996"></trkpt>
      <trkpt lat="22.649860" lon="120.291864"></trkpt>
      <trkpt lat="22.649870" lon="120.291756"></trkpt>
      <trkpt lat="22.649882" lon="120.291680"></trkpt>
      <trkpt lat="22.649885" lon="120.291660"></trkpt>
      <trkpt lat="22.649900" lon="120.291560"></trkpt>
      <trkpt lat="22.649955" lon="120.291356"></trkpt>
      <trkpt lat="22.650078" lon="120.290963"></trkpt>
      <trkpt lat="22.650379" lon="120.289982"></trkpt>
      <trkpt lat="22.650393" lon="120.289942"></trkpt>
      <trkpt lat="22.650433" lon="120.289812"></trkpt>
      <trkpt lat="22.650532" lon="120.289816"></trkpt>
      <trkpt lat="22.650564" lon="120.289817"></trkpt>
      <trkpt lat="22.650671" lon="120.289824"></trkpt>
      <trkpt lat="22.650724" lon="120.289826"></trkpt>
      <trkpt lat="22.650803" lon="120.289831"></trkpt>
      <trkpt lat="22.650879" lon="120.289835"></trkpt>
      <trkpt lat="22.650909" lon="120.289836"></trkpt>
      <trkpt lat="22.651146" lon="120.289848"></trkpt>
      <trkpt lat="22.651194" lon="120.289850"></trkpt>
      <trkpt lat="22.651306" lon="120.289856"></trkpt>
      <trkpt lat="22.651392" lon="120.289860"></trkpt>
      <trkpt lat="22.651434" lon="120.289862"></trkpt>
      <trkpt lat="22.651888" lon="120.289890"></trkpt>
      <trkpt lat="22.652925" lon="120.289947"></trkpt>
      <trkpt lat="22.653031" lon="120.289952"></trkpt>
      <trkpt lat="22.653129" lon="120.289958"></trkpt>
      <trkpt lat="22.653899" lon="120.289999"></trkpt>
      <trkpt lat="22.654087" lon="120.290008"></trkpt>
      <trkpt lat="22.654152" lon="120.290011"></trkpt>
      <trkpt lat="22.654230" lon="120.290014"></trkpt>
      <trkpt lat="22.654610" lon="120.290028"></trkpt>
      <trkpt lat="22.654643" lon="120.290028"></trkpt>
      <trkpt lat="22.654733" lon="120.290038"></trkpt>
      <trkpt lat="22.654817" lon="120.290053"></trkpt>
      <trkpt lat="22.654852" lon="120.290055"></trkpt>
      <trkpt lat="22.654889" lon="120.290059"></trkpt>
      <trkpt lat="22.654920" lon="120.290055"></trkpt>
      <trkpt lat="22.655054" lon="120.290056"></trkpt>
      <trkpt lat="22.656045" lon="120.290076"></trkpt>
      <trkpt lat="22.656144" lon="120.290080"></trkpt>
      <trkpt lat="22.656218" lon="120.290084"></trkpt>
      <trkpt lat="22.657280" lon="120.290140"></trkpt>
      <trkpt lat="22.657324" lon="120.290142"></trkpt>
      <trkpt lat="22.657455" lon="120.290149"></trkpt>
      <trkpt lat="22.657530" lon="120.290152"></trkpt>
      <trkpt lat="22.657582" lon="120.290155"></trkpt>
      <trkpt lat="22.658851" lon="120.290220"></trkpt>
      <trkpt lat="22.658883" lon="120.290221"></trkpt>
      <trkpt lat="22.658998" lon="120.290227"></trkpt>
      <trkpt lat="22.659111" lon="120.290233"></trkpt>
      <trkpt lat="22.659135" lon="120.290234"></trkpt>
      <trkpt lat="22.661060" lon="120.290324"></trkpt>
      <trkpt lat="22.661099" lon="120.290326"></trkpt>
      <trkpt lat="22.661217" lon="120.290329"></trkpt>
      <trkpt lat="22.661350" lon="120.290338"></trkpt>
      <trkpt lat="22.661394" lon="120.290340"></trkpt>
      <trkpt lat="22.661849" lon="120.290362"></trkpt>
      <trkpt lat="22.661908" lon="120.290365"></trkpt>
      <trkpt lat="22.661976" lon="120.290368"></trkpt>
      <trkpt lat="22.662030" lon="120.290371"></trkpt>
      <trkpt lat="22.662060" lon="120.290372"></trkpt>
      <trkpt lat="22.662427" lon="120.290390"></trkpt>
      <trkpt lat="22.662467" lon="120.290392"></trkpt>
      <trkpt lat="22.662572" lon="120.290397"></trkpt>
      <trkpt lat="22.662579" lon="120.290282"></trkpt>
      <trkpt lat="22.662582" lon="120.290239"></trkpt>
      <trkpt lat="22.662672" lon="120.288715"></trkpt>
      <trkpt lat="22.662677" lon="120.288637"></trkpt>
      <trkpt lat="22.662681" lon="120.288558"></trkpt>
      <trkpt lat="22.662686" lon="120.288462"></trkpt>
      <trkpt lat="22.662752" lon="120.288360"></trkpt>
      <trkpt lat="22.662772" lon="120.288328"></trkpt>
      <trkpt lat="22.663161" lon="120.287728"></trkpt>
      <trkpt lat="22.663393" lon="120.287362"></trkpt>
      <trkpt lat="22.663996" lon="120.286395"></trkpt>
      <trkpt lat="22.664015" lon="120.286369"></trkpt>
      <trkpt lat="22.664091" lon="120.286270"></trkpt>
      <trkpt lat="22.664172" lon="120.286168"></trkpt>
      <trkpt lat="22.664230" lon="120.286232"></trkpt>
      <trkpt lat="22.664958" lon="120.286764"></trkpt>
      <trkpt lat="22.665091" lon="120.286854"></trkpt>
      <trkpt lat="22.666019" lon="120.287486"></trkpt>
      <trkpt lat="22.666095" lon="120.287532"></trkpt>
      <trkpt lat="22.666232" lon="120.287625"></trkpt>
      <trkpt lat="22.666298" lon="120.287668"></trkpt>
      <trkpt lat="22.666801" lon="120.288006"></trkpt>
      <trkpt lat="22.667462" lon="120.288449"></trkpt>
      <trkpt lat="22.667531" lon="120.288508"></trkpt>
      <trkpt lat="22.667671" lon="120.288626"></trkpt>
      <trkpt lat="22.667720" lon="120.288667"></trkpt>
      <trkpt lat="22.667836" lon="120.288765"></trkpt>
      <trkpt lat="22.667898" lon="120.288817"></trkpt>
      <trkpt lat="22.667984" lon="120.288869"></trkpt>
      <trkpt lat="22.668043" lon="120.288904"></trkpt>
      <trkpt lat="22.668290" lon="120.289049"></trkpt>
      <trkpt lat="22.668640" lon="120.289309"></trkpt>
      <trkpt lat="22.668786" lon="120.289435"></trkpt>
      <trkpt lat="22.668890" lon="120.289483"></trkpt>
      <trkpt lat="22.669072" lon="120.289577"></trkpt>
      <trkpt lat="22.669139" lon="120.289616"></trkpt>
      <trkpt lat="22.669270" lon="120.289804"></trkpt>
      <trkpt lat="22.669389" lon="120.289911"></trkpt>
      <trkpt lat="22.669714" lon="120.290130"></trkpt>
      <trkpt lat="22.670159" lon="120.290461"></trkpt>
      <trkpt lat="22.670285" lon="120.290587"></trkpt>
      <trkpt lat="22.670407" lon="120.290772"></trkpt>
      <trkpt lat="22.670470" lon="120.290841"></trkpt>
      <trkpt lat="22.670575" lon="120.290873"></trkpt>
      <trkpt lat="22.670724" lon="120.291018"></trkpt>
      <trkpt lat="22.670798" lon="120.291140"></trkpt>
      <trkpt lat="22.670873" lon="120.291276"></trkpt>
      <trkpt lat="22.670974" lon="120.291389"></trkpt>
      <trkpt lat="22.671115" lon="120.291533"></trkpt>
      <trkpt lat="22.671354" lon="120.291774"></trkpt>
      <trkpt lat="22.671442" lon="120.291863"></trkpt>
      <trkpt lat="22.671560" lon="120.291959"></trkpt>
      <trkpt lat="22.671692" lon="120.292066"></trkpt>
      <trkpt lat="22.671753" lon="120.292144"></trkpt>
      <trkpt lat="22.671843" lon="120.292245"></trkpt>
      <trkpt lat="22.671978" lon="120.292356"></trkpt>
      <trkpt lat="22.672114" lon="120.292443"></trkpt>
      <trkpt lat="22.672287" lon="120.292534"></trkpt>
      <trkpt lat="22.672353" lon="120.292612"></trkpt>
      <trkpt lat="22.672392" lon="120.292726"></trkpt>
      <trkpt lat="22.672426" lon="120.292748"></trkpt>
      <trkpt lat="22.672486" lon="120.292750"></trkpt>
      <trkpt lat="22.672547" lon="120.292797"></trkpt>
      <trkpt lat="22.672660" lon="120.292953"></trkpt>
      <trkpt lat="22.672739" lon="120.293151"></trkpt>
      <trkpt lat="22.672892" lon="120.293120"></trkpt>
      <trkpt lat="22.673011" lon="120.293324"></trkpt>
      <trkpt lat="22.673094" lon="120.293355"></trkpt>
      <trkpt lat="22.673186" lon="120.293355"></trkpt>
      <trkpt lat="22.673281" lon="120.293321"></trkpt>
      <trkpt lat="22.673317" lon="120.293339"></trkpt>
      <trkpt lat="22.673506" lon="120.293554"></trkpt>
      <trkpt lat="22.673688" lon="120.293852"></trkpt>
      <trkpt lat="22.673766" lon="120.293949"></trkpt>
      <trkpt lat="22.673874" lon="120.294041"></trkpt>
      <trkpt lat="22.674004" lon="120.294116"></trkpt>
      <trkpt lat="22.674197" lon="120.294154"></trkpt>
      <trkpt lat="22.674393" lon="120.294336"></trkpt>
      <trkpt lat="22.674471" lon="120.294355"></trkpt>
      <trkpt lat="22.674694" lon="120.294545"></trkpt>
      <trkpt lat="22.674808" lon="120.294697"></trkpt>
      <trkpt lat="22.674900" lon="120.294809"></trkpt>
      <trkpt lat="22.674738" lon="120.294923"></trkpt>
      <trkpt lat="22.674561" lon="120.295139"></trkpt>
      <trkpt lat="22.674731" lon="120.295283"></trkpt>
      <trkpt lat="22.674800" lon="120.295348"></trkpt>
      <trkpt lat="22.674834" lon="120.295379"></trkpt>
      <trkpt lat="22.674857" lon="120.295403"></trkpt>
      <trkpt lat="22.674934" lon="120.295458"></trkpt>
      <trkpt lat="22.675115" lon="120.295583"></trkpt>
      <trkpt lat="22.675245" lon="120.295674"></trkpt>
      <trkpt lat="22.675431" lon="120.295918"></trkpt>
      <trkpt lat="22.675513" lon="120.295983"></trkpt>
      <trkpt lat="22.675594" lon="120.295999"></trkpt>
      <trkpt lat="22.675697" lon="120.296018"></trkpt>
      <trkpt lat="22.675768" lon="120.296060"></trkpt>
      <trkpt lat="22.675895" lon="120.296175"></trkpt>
      <trkpt lat="22.676069" lon="120.296402"></trkpt>
      <trkpt lat="22.676176" lon="120.296518"></trkpt>
      <trkpt lat="22.676331" lon="120.296686"></trkpt>
      <trkpt lat="22.676419" lon="120.296732"></trkpt>
      <trkpt lat="22.676529" lon="120.296747"></trkpt>
      <trkpt lat="22.676635" lon="120.296835"></trkpt>
      <trkpt lat="22.676756" lon="120.297012"></trkpt>
      <trkpt lat="22.676940" lon="120.297135"></trkpt>
      <trkpt lat="22.677028" lon="120.297269"></trkpt>
      <trkpt lat="22.677135" lon="120.297445"></trkpt>
      <trkpt lat="22.677305" lon="120.297591"></trkpt>
      <trkpt lat="22.677620" lon="120.297733"></trkpt>
      <trkpt lat="22.677679" lon="120.297758"></trkpt>
      <trkpt lat="22.677867" lon="120.297860"></trkpt>
      <trkpt lat="22.678132" lon="120.298082"></trkpt>
      <trkpt lat="22.678168" lon="120.298117"></trkpt>
      <trkpt lat="22.678204" lon="120.298199"></trkpt>
      <trkpt lat="22.678211" lon="120.298274"></trkpt>
      <trkpt lat="22.678203" lon="120.298338"></trkpt>
      <trkpt lat="22.678213" lon="120.298410"></trkpt>
      <trkpt lat="22.678260" lon="120.298491"></trkpt>
      <trkpt lat="22.678297" lon="120.298523"></trkpt>
      <trkpt lat="22.678339" lon="120.298539"></trkpt>
      <trkpt lat="22.678358" lon="120.298539"></trkpt>
      <trkpt lat="22.678449" lon="120.298544"></trkpt>
      <trkpt lat="22.678579" lon="120.298548"></trkpt>
      <trkpt lat="22.678686" lon="120.298571"></trkpt>
      <trkpt lat="22.678749" lon="120.298592"></trkpt>
      <trkpt lat="22.678819" lon="120.298641"></trkpt>
      <trkpt lat="22.678888" lon="120.298705"></trkpt>
      <trkpt lat="22.678941" lon="120.298785"></trkpt>
      <trkpt lat="22.678992" lon="120.298919"></trkpt>
      <trkpt lat="22.679020" lon="120.299001"></trkpt>
      <trkpt lat="22.679034" lon="120.299083"></trkpt>
      <trkpt lat="22.679046" lon="120.299111"></trkpt>
      <trkpt lat="22.679060" lon="120.299137"></trkpt>
      <trkpt lat="22.679099" lon="120.299166"></trkpt>
      <trkpt lat="22.679128" lon="120.299173"></trkpt>
      <trkpt lat="22.679159" lon="120.299178"></trkpt>
      <trkpt lat="22.679217" lon="120.299159"></trkpt>
      <trkpt lat="22.679276" lon="120.299121"></trkpt>
      <trkpt lat="22.679278" lon="120.299120"></trkpt>
      <trkpt lat="22.679524" lon="120.298835"></trkpt>
      <trkpt lat="22.679598" lon="120.298780"></trkpt>
      <trkpt lat="22.679696" lon="120.298726"></trkpt>
      <trkpt lat="22.679837" lon="120.298667"></trkpt>
      <trkpt lat="22.679862" lon="120.298654"></trkpt>
      <trkpt lat="22.679953" lon="120.298568"></trkpt>
      <trkpt lat="22.680067" lon="120.298435"></trkpt>
      <trkpt lat="22.680139" lon="120.298333"></trkpt>
      <trkpt lat="22.680208" lon="120.298249"></trkpt>
      <trkpt lat="22.680346" lon="120.298067"></trkpt>
      <trkpt lat="22.680483" lon="120.297892"></trkpt>
      <trkpt lat="22.680510" lon="120.297879"></trkpt>
      <trkpt lat="22.680802" lon="120.297518"></trkpt>
      <trkpt lat="22.680856" lon="120.297478"></trkpt>
      <trkpt lat="22.680892" lon="120.297413"></trkpt>
      <trkpt lat="22.681198" lon="120.297584"></trkpt>
      <trkpt lat="22.682381" lon="120.298265"></trkpt>
      <trkpt lat="22.682812" lon="120.298509"></trkpt>
      <trkpt lat="22.682967" lon="120.298554"></trkpt>
      <trkpt lat="22.683809" lon="120.298744"></trkpt>
      <trkpt lat="22.684345" lon="120.299074"></trkpt>
      <trkpt lat="22.684888" lon="120.299420"></trkpt>
      <trkpt lat="22.685393" lon="120.299710"></trkpt>
      <trkpt lat="22.685530" lon="120.299769"></trkpt>
      <trkpt lat="22.685764" lon="120.299834"></trkpt>
      <trkpt lat="22.686154" lon="120.299886"></trkpt>
      <trkpt lat="22.686420" lon="120.299955"></trkpt>
      <trkpt lat="22.686519" lon="120.300009"></trkpt>
      <trkpt lat="22.686580" lon="120.300043"></trkpt>
      <trkpt lat="22.686874" lon="120.300190"></trkpt>
      <trkpt lat="22.687382" lon="120.300460"></trkpt>
      <trkpt lat="22.687954" lon="120.300789"></trkpt>
      <trkpt lat="22.688090" lon="120.300813"></trkpt>
      <trkpt lat="22.688261" lon="120.300776"></trkpt>
      <trkpt lat="22.688590" lon="120.300639"></trkpt>
      <trkpt lat="22.688711" lon="120.300571"></trkpt>
      <trkpt lat="22.688944" lon="120.300460"></trkpt>
      <trkpt lat="22.689370" lon="120.300189"></trkpt>
      <trkpt lat="22.689522" lon="120.299954"></trkpt>
      <trkpt lat="22.689591" lon="120.299849"></trkpt>
      <trkpt lat="22.689997" lon="120.299032"></trkpt>
      <trkpt lat="22.690076" lon="120.299070"></trkpt>
      <trkpt lat="22.690158" lon="120.299119"></trkpt>
      <trkpt lat="22.690239" lon="120.298934"></trkpt>
      <trkpt lat="22.690290" lon="120.298819"></trkpt>
      <trkpt lat="22.690300" lon="120.298796"></trkpt>
      <trkpt lat="22.690463" lon="120.298424"></trkpt>
      <trkpt lat="22.690481" lon="120.298383"></trkpt>
      <trkpt lat="22.690490" lon="120.298274"></trkpt>
      <trkpt lat="22.690585" lon="120.298336"></trkpt>
      <trkpt lat="22.690610" lon="120.298353"></trkpt>
      <trkpt lat="22.690813" lon="120.298486"></trkpt>
      <trkpt lat="22.691145" lon="120.298697"></trkpt>
      <trkpt lat="22.691587" lon="120.297799"></trkpt>
      <trkpt lat="22.691298" lon="120.297603"></trkpt>
      <trkpt lat="22.691130" lon="120.297469"></trkpt>
      <trkpt lat="22.691056" lon="120.297376"></trkpt>
      <trkpt lat="22.690973" lon="120.297244"></trkpt>
      <trkpt lat="22.690715" lon="120.296741"></trkpt>
      <trkpt lat="22.690481" lon="120.296348"></trkpt>
      <trkpt lat="22.690251" lon="120.296016"></trkpt>
      <trkpt lat="22.690181" lon="120.295933"></trkpt>
      <trkpt lat="22.690138" lon="120.295881"></trkpt>
      <trkpt lat="22.690220" lon="120.295803"></trkpt>
      <trkpt lat="22.690260" lon="120.295765"></trkpt>
      <trkpt lat="22.690376" lon="120.295702"></trkpt>
      <trkpt lat="22.690492" lon="120.295679"></trkpt>
      <trkpt lat="22.691005" lon="120.295630"></trkpt>
      <trkpt lat="22.691724" lon="120.295561"></trkpt>
      <trkpt lat="22.691951" lon="120.295530"></trkpt>
      <trkpt lat="22.692210" lon="120.295484"></trkpt>
      <trkpt lat="22.692685" lon="120.295416"></trkpt>
      <trkpt lat="22.693472" lon="120.295261"></trkpt>
      <trkpt lat="22.693606" lon="120.295234"></trkpt>
      <trkpt lat="22.693605" lon="120.295347"></trkpt>
      <trkpt lat="22.693603" lon="120.295502"></trkpt>
    </trkseg>
  </trk>
</gpx>
