<?xml version="1.0" encoding="UTF-8"?>
<gpx version="1.1" creator="2026-routes" xmlns="http://www.topografix.com/GPX/1/1">
  <metadata>
    <name>新店到羅東國中</name>
    <desc>新店→台9→坪林→頭城→礁溪→台9→宜蘭→羅東國中</desc>
  </metadata>
  <trk>
    <name>Day 4 新店到羅東國中</name>
    <trkseg>
      <trkpt lat="24.974070" lon="121.544390"></trkpt>
      <trkpt lat="24.973960" lon="121.544210"></trkpt>
      <trkpt lat="24.974140" lon="121.544070"></trkpt>
      <trkpt lat="24.973520" lon="121.543140"></trkpt>
      <trkpt lat="24.973490" lon="121.543080"></trkpt>
      <trkpt lat="24.973490" lon="121.542860"></trkpt>
      <trkpt lat="24.972090" lon="121.542830"></trkpt>
      <trkpt lat="24.971940" lon="121.542810"></trkpt>
      <trkpt lat="24.971850" lon="121.542820"></trkpt>
      <trkpt lat="24.971460" lon="121.542740"></trkpt>
      <trkpt lat="24.971290" lon="121.542690"></trkpt>
      <trkpt lat="24.970720" lon="121.542460"></trkpt>
      <trkpt lat="24.969320" lon="121.541980"></trkpt>
      <trkpt lat="24.969050" lon="121.541870"></trkpt>
      <trkpt lat="24.967910" lon="121.541500"></trkpt>
      <trkpt lat="24.967560" lon="121.541410"></trkpt>
      <trkpt lat="24.967520" lon="121.541390"></trkpt>
      <trkpt lat="24.967290" lon="121.541310"></trkpt>
      <trkpt lat="24.967200" lon="121.541260"></trkpt>
      <trkpt lat="24.966610" lon="121.541070"></trkpt>
      <trkpt lat="24.965980" lon="121.540810"></trkpt>
      <trkpt lat="24.965240" lon="121.540460"></trkpt>
      <trkpt lat="24.965110" lon="121.540440"></trkpt>
      <trkpt lat="24.964960" lon="121.540390"></trkpt>
      <trkpt lat="24.962550" lon="121.539370"></trkpt>
      <trkpt lat="24.962130" lon="121.539170"></trkpt>
      <trkpt lat="24.961500" lon="121.538920"></trkpt>
      <trkpt lat="24.961230" lon="121.538830"></trkpt>
      <trkpt lat="24.958960" lon="121.537900"></trkpt>
      <trkpt lat="24.958830" lon="121.538010"></trkpt>
      <trkpt lat="24.958530" lon="121.538060"></trkpt>
      <trkpt lat="24.958480" lon="121.538060"></trkpt>
      <trkpt lat="24.957170" lon="121.538250"></trkpt>
      <trkpt lat="24.956150" lon="121.538510"></trkpt>
      <trkpt lat="24.955920" lon="121.538590"></trkpt>
      <trkpt lat="24.955740" lon="121.538690"></trkpt>
      <trkpt lat="24.955580" lon="121.538800"></trkpt>
      <trkpt lat="24.954920" lon="121.539680"></trkpt>
      <trkpt lat="24.954760" lon="121.539850"></trkpt>
      <trkpt lat="24.954680" lon="121.539920"></trkpt>
      <trkpt lat="24.954540" lon="121.540010"></trkpt>
      <trkpt lat="24.954150" lon="121.540190"></trkpt>
      <trkpt lat="24.954070" lon="121.540210"></trkpt>
      <trkpt lat="24.953370" lon="121.540530"></trkpt>
      <trkpt lat="24.953240" lon="121.540570"></trkpt>
      <trkpt lat="24.953190" lon="121.540570"></trkpt>
      <trkpt lat="24.953170" lon="121.540580"></trkpt>
      <trkpt lat="24.953150" lon="121.540580"></trkpt>
      <trkpt lat="24.953140" lon="121.540570"></trkpt>
      <trkpt lat="24.953120" lon="121.540570"></trkpt>
      <trkpt lat="24.953030" lon="121.540600"></trkpt>
      <trkpt lat="24.952850" lon="121.540930"></trkpt>
      <trkpt lat="24.952830" lon="121.541020"></trkpt>
      <trkpt lat="24.952870" lon="121.542570"></trkpt>
      <trkpt lat="24.952900" lon="121.542850"></trkpt>
      <trkpt lat="24.953120" lon="121.543880"></trkpt>
      <trkpt lat="24.953140" lon="121.544040"></trkpt>
      <trkpt lat="24.953120" lon="121.544360"></trkpt>
      <trkpt lat="24.953070" lon="121.544740"></trkpt>
      <trkpt lat="24.952910" lon="121.545260"></trkpt>
      <trkpt lat="24.952740" lon="121.545970"></trkpt>
      <trkpt lat="24.952650" lon="121.546540"></trkpt>
      <trkpt lat="24.952600" lon="121.546700"></trkpt>
      <trkpt lat="24.952530" lon="121.546820"></trkpt>
      <trkpt lat="24.952500" lon="121.546850"></trkpt>
      <trkpt lat="24.951990" lon="121.547510"></trkpt>
      <trkpt lat="24.951950" lon="121.547550"></trkpt>
      <trkpt lat="24.951940" lon="121.547570"></trkpt>
      <trkpt lat="24.951930" lon="121.547580"></trkpt>
      <trkpt lat="24.951930" lon="121.547640"></trkpt>
      <trkpt lat="24.951450" lon="121.548380"></trkpt>
      <trkpt lat="24.951410" lon="121.548520"></trkpt>
      <trkpt lat="24.951410" lon="121.548670"></trkpt>
      <trkpt lat="24.951450" lon="121.549230"></trkpt>
      <trkpt lat="24.951460" lon="121.549270"></trkpt>
      <trkpt lat="24.951460" lon="121.549400"></trkpt>
      <trkpt lat="24.951500" lon="121.549550"></trkpt>
      <trkpt lat="24.951570" lon="121.549690"></trkpt>
      <trkpt lat="24.951660" lon="121.549790"></trkpt>
      <trkpt lat="24.952740" lon="121.550550"></trkpt>
      <trkpt lat="24.952860" lon="121.550650"></trkpt>
      <trkpt lat="24.952960" lon="121.550780"></trkpt>
      <trkpt lat="24.953030" lon="121.550920"></trkpt>
      <trkpt lat="24.953090" lon="121.551170"></trkpt>
      <trkpt lat="24.953650" lon="121.555540"></trkpt>
      <trkpt lat="24.953680" lon="121.555590"></trkpt>
      <trkpt lat="24.953930" lon="121.557600"></trkpt>
      <trkpt lat="24.954400" lon="121.559530"></trkpt>
      <trkpt lat="24.954440" lon="121.559780"></trkpt>
      <trkpt lat="24.954450" lon="121.559920"></trkpt>
      <trkpt lat="24.954460" lon="121.559940"></trkpt>
      <trkpt lat="24.954440" lon="121.560250"></trkpt>
      <trkpt lat="24.954410" lon="121.560400"></trkpt>
      <trkpt lat="24.954390" lon="121.560460"></trkpt>
      <trkpt lat="24.954340" lon="121.560730"></trkpt>
      <trkpt lat="24.953450" lon="121.564030"></trkpt>
      <trkpt lat="24.953310" lon="121.564720"></trkpt>
      <trkpt lat="24.953310" lon="121.564870"></trkpt>
      <trkpt lat="24.953330" lon="121.565020"></trkpt>
      <trkpt lat="24.953490" lon="121.565340"></trkpt>
      <trkpt lat="24.954310" lon="121.566580"></trkpt>
      <trkpt lat="24.954600" lon="121.566890"></trkpt>
      <trkpt lat="24.954780" lon="121.567030"></trkpt>
      <trkpt lat="24.955080" lon="121.567310"></trkpt>
      <trkpt lat="24.955220" lon="121.567470"></trkpt>
      <trkpt lat="24.955610" lon="121.567990"></trkpt>
      <trkpt lat="24.955750" lon="121.568210"></trkpt>
      <trkpt lat="24.955870" lon="121.568540"></trkpt>
      <trkpt lat="24.956080" lon="121.569340"></trkpt>
      <trkpt lat="24.956110" lon="121.569400"></trkpt>
      <trkpt lat="24.956110" lon="121.569410"></trkpt>
      <trkpt lat="24.956200" lon="121.569570"></trkpt>
      <trkpt lat="24.956210" lon="121.569580"></trkpt>
      <trkpt lat="24.956500" lon="121.570070"></trkpt>
      <trkpt lat="24.956500" lon="121.570080"></trkpt>
      <trkpt lat="24.956580" lon="121.570240"></trkpt>
      <trkpt lat="24.956590" lon="121.570350"></trkpt>
      <trkpt lat="24.956550" lon="121.570540"></trkpt>
      <trkpt lat="24.956520" lon="121.570610"></trkpt>
      <trkpt lat="24.956420" lon="121.570690"></trkpt>
      <trkpt lat="24.956290" lon="121.570750"></trkpt>
      <trkpt lat="24.956200" lon="121.570750"></trkpt>
      <trkpt lat="24.956150" lon="121.570730"></trkpt>
      <trkpt lat="24.956080" lon="121.570680"></trkpt>
      <trkpt lat="24.955000" lon="121.568940"></trkpt>
      <trkpt lat="24.954860" lon="121.568770"></trkpt>
      <trkpt lat="24.954670" lon="121.568610"></trkpt>
      <trkpt lat="24.954280" lon="121.568240"></trkpt>
      <trkpt lat="24.954010" lon="121.567940"></trkpt>
      <trkpt lat="24.953770" lon="121.567710"></trkpt>
      <trkpt lat="24.953630" lon="121.567610"></trkpt>
      <trkpt lat="24.952600" lon="121.567020"></trkpt>
      <trkpt lat="24.952510" lon="121.567020"></trkpt>
      <trkpt lat="24.952500" lon="121.567030"></trkpt>
      <trkpt lat="24.952480" lon="121.567030"></trkpt>
      <trkpt lat="24.952340" lon="121.567100"></trkpt>
      <trkpt lat="24.952090" lon="121.567290"></trkpt>
      <trkpt lat="24.951590" lon="121.567720"></trkpt>
      <trkpt lat="24.951520" lon="121.567820"></trkpt>
      <trkpt lat="24.951490" lon="121.567890"></trkpt>
      <trkpt lat="24.951320" lon="121.568090"></trkpt>
      <trkpt lat="24.951300" lon="121.568100"></trkpt>
      <trkpt lat="24.951260" lon="121.568140"></trkpt>
      <trkpt lat="24.951240" lon="121.568150"></trkpt>
      <trkpt lat="24.951220" lon="121.568170"></trkpt>
      <trkpt lat="24.951130" lon="121.568210"></trkpt>
      <trkpt lat="24.951120" lon="121.568220"></trkpt>
      <trkpt lat="24.951080" lon="121.568240"></trkpt>
      <trkpt lat="24.951070" lon="121.568240"></trkpt>
      <trkpt lat="24.951040" lon="121.568250"></trkpt>
      <trkpt lat="24.950910" lon="121.568320"></trkpt>
      <trkpt lat="24.950890" lon="121.568340"></trkpt>
      <trkpt lat="24.950860" lon="121.568350"></trkpt>
      <trkpt lat="24.950740" lon="121.568470"></trkpt>
      <trkpt lat="24.950710" lon="121.568540"></trkpt>
      <trkpt lat="24.950690" lon="121.568560"></trkpt>
      <trkpt lat="24.950670" lon="121.568630"></trkpt>
      <trkpt lat="24.950650" lon="121.568660"></trkpt>
      <trkpt lat="24.950640" lon="121.568690"></trkpt>
      <trkpt lat="24.950590" lon="121.568770"></trkpt>
      <trkpt lat="24.950550" lon="121.568810"></trkpt>
      <trkpt lat="24.950520" lon="121.568830"></trkpt>
      <trkpt lat="24.950500" lon="121.568850"></trkpt>
      <trkpt lat="24.950450" lon="121.568880"></trkpt>
      <trkpt lat="24.950150" lon="121.569150"></trkpt>
      <trkpt lat="24.950030" lon="121.569290"></trkpt>
      <trkpt lat="24.949950" lon="121.569420"></trkpt>
      <trkpt lat="24.949910" lon="121.569530"></trkpt>
      <trkpt lat="24.949910" lon="121.569620"></trkpt>
      <trkpt lat="24.949960" lon="121.569750"></trkpt>
      <trkpt lat="24.950150" lon="121.570110"></trkpt>
      <trkpt lat="24.950180" lon="121.570190"></trkpt>
      <trkpt lat="24.950200" lon="121.570210"></trkpt>
      <trkpt lat="24.950230" lon="121.570270"></trkpt>
      <trkpt lat="24.950250" lon="121.570380"></trkpt>
      <trkpt lat="24.950240" lon="121.570600"></trkpt>
      <trkpt lat="24.950200" lon="121.570820"></trkpt>
      <trkpt lat="24.950190" lon="121.571000"></trkpt>
      <trkpt lat="24.950220" lon="121.571150"></trkpt>
      <trkpt lat="24.950280" lon="121.571250"></trkpt>
      <trkpt lat="24.950400" lon="121.571380"></trkpt>
      <trkpt lat="24.950530" lon="121.571460"></trkpt>
      <trkpt lat="24.950590" lon="121.571520"></trkpt>
      <trkpt lat="24.950640" lon="121.571600"></trkpt>
      <trkpt lat="24.950660" lon="121.571650"></trkpt>
      <trkpt lat="24.950670" lon="121.571740"></trkpt>
      <trkpt lat="24.950670" lon="121.571850"></trkpt>
      <trkpt lat="24.950590" lon="121.572100"></trkpt>
      <trkpt lat="24.950570" lon="121.572220"></trkpt>
      <trkpt lat="24.950570" lon="121.572290"></trkpt>
      <trkpt lat="24.950630" lon="121.572470"></trkpt>
      <trkpt lat="24.950660" lon="121.572500"></trkpt>
      <trkpt lat="24.950670" lon="121.572520"></trkpt>
      <trkpt lat="24.950730" lon="121.572560"></trkpt>
      <trkpt lat="24.950830" lon="121.572610"></trkpt>
      <trkpt lat="24.951020" lon="121.572660"></trkpt>
      <trkpt lat="24.951140" lon="121.572730"></trkpt>
      <trkpt lat="24.951280" lon="121.572860"></trkpt>
      <trkpt lat="24.951300" lon="121.572900"></trkpt>
      <trkpt lat="24.951380" lon="121.573000"></trkpt>
      <trkpt lat="24.951390" lon="121.573020"></trkpt>
      <trkpt lat="24.951400" lon="121.573030"></trkpt>
      <trkpt lat="24.951420" lon="121.573070"></trkpt>
      <trkpt lat="24.951450" lon="121.573100"></trkpt>
      <trkpt lat="24.951460" lon="121.573140"></trkpt>
      <trkpt lat="24.951480" lon="121.573180"></trkpt>
      <trkpt lat="24.951500" lon="121.573320"></trkpt>
      <trkpt lat="24.951500" lon="121.573420"></trkpt>
      <trkpt lat="24.951480" lon="121.573520"></trkpt>
      <trkpt lat="24.951460" lon="121.573560"></trkpt>
      <trkpt lat="24.951450" lon="121.573570"></trkpt>
      <trkpt lat="24.951420" lon="121.573650"></trkpt>
      <trkpt lat="24.951320" lon="121.573820"></trkpt>
      <trkpt lat="24.951250" lon="121.573990"></trkpt>
      <trkpt lat="24.951230" lon="121.574020"></trkpt>
      <trkpt lat="24.951210" lon="121.574080"></trkpt>
      <trkpt lat="24.951190" lon="121.574180"></trkpt>
      <trkpt lat="24.951190" lon="121.574300"></trkpt>
      <trkpt lat="24.951220" lon="121.574490"></trkpt>
      <trkpt lat="24.951270" lon="121.574680"></trkpt>
      <trkpt lat="24.951470" lon="121.575180"></trkpt>
      <trkpt lat="24.951620" lon="121.575670"></trkpt>
      <trkpt lat="24.951700" lon="121.576150"></trkpt>
      <trkpt lat="24.951730" lon="121.576500"></trkpt>
      <trkpt lat="24.951780" lon="121.576840"></trkpt>
      <trkpt lat="24.951790" lon="121.576990"></trkpt>
      <trkpt lat="24.951800" lon="121.577040"></trkpt>
      <trkpt lat="24.951780" lon="121.577160"></trkpt>
      <trkpt lat="24.951730" lon="121.577290"></trkpt>
      <trkpt lat="24.951440" lon="121.577750"></trkpt>
      <trkpt lat="24.951110" lon="121.578180"></trkpt>
      <trkpt lat="24.951030" lon="121.578400"></trkpt>
      <trkpt lat="24.951010" lon="121.578490"></trkpt>
      <trkpt lat="24.950980" lon="121.578780"></trkpt>
      <trkpt lat="24.950920" lon="121.579040"></trkpt>
      <trkpt lat="24.950890" lon="121.579110"></trkpt>
      <trkpt lat="24.950800" lon="121.579260"></trkpt>
      <trkpt lat="24.950600" lon="121.579540"></trkpt>
      <trkpt lat="24.950560" lon="121.579580"></trkpt>
      <trkpt lat="24.950520" lon="121.579640"></trkpt>
      <trkpt lat="24.950460" lon="121.579780"></trkpt>
      <trkpt lat="24.950320" lon="121.580490"></trkpt>
      <trkpt lat="24.950280" lon="121.580830"></trkpt>
      <trkpt lat="24.950330" lon="121.581230"></trkpt>
      <trkpt lat="24.950340" lon="121.581450"></trkpt>
      <trkpt lat="24.950330" lon="121.581560"></trkpt>
      <trkpt lat="24.950270" lon="121.581830"></trkpt>
      <trkpt lat="24.950200" lon="121.582050"></trkpt>
      <trkpt lat="24.950190" lon="121.582150"></trkpt>
      <trkpt lat="24.950190" lon="121.582710"></trkpt>
      <trkpt lat="24.950170" lon="121.582940"></trkpt>
      <trkpt lat="24.950100" lon="121.583400"></trkpt>
      <trkpt lat="24.949990" lon="121.583810"></trkpt>
      <trkpt lat="24.949960" lon="121.583990"></trkpt>
      <trkpt lat="24.949920" lon="121.584130"></trkpt>
      <trkpt lat="24.949920" lon="121.584280"></trkpt>
      <trkpt lat="24.949970" lon="121.584620"></trkpt>
      <trkpt lat="24.950020" lon="121.584850"></trkpt>
      <trkpt lat="24.950030" lon="121.584860"></trkpt>
      <trkpt lat="24.950070" lon="121.584980"></trkpt>
      <trkpt lat="24.950150" lon="121.585070"></trkpt>
      <trkpt lat="24.950230" lon="121.585120"></trkpt>
      <trkpt lat="24.950560" lon="121.585210"></trkpt>
      <trkpt lat="24.950690" lon="121.585290"></trkpt>
      <trkpt lat="24.950760" lon="121.585380"></trkpt>
      <trkpt lat="24.950880" lon="121.585660"></trkpt>
      <trkpt lat="24.950920" lon="121.585720"></trkpt>
      <trkpt lat="24.950990" lon="121.585800"></trkpt>
      <trkpt lat="24.951170" lon="121.585920"></trkpt>
      <trkpt lat="24.951300" lon="121.585990"></trkpt>
      <trkpt lat="24.951400" lon="121.586030"></trkpt>
      <trkpt lat="24.951480" lon="121.586120"></trkpt>
      <trkpt lat="24.951660" lon="121.586420"></trkpt>
      <trkpt lat="24.951740" lon="121.586490"></trkpt>
      <trkpt lat="24.951820" lon="121.586540"></trkpt>
      <trkpt lat="24.951980" lon="121.586600"></trkpt>
      <trkpt lat="24.952530" lon="121.586680"></trkpt>
      <trkpt lat="24.952600" lon="121.586720"></trkpt>
      <trkpt lat="24.952690" lon="121.586790"></trkpt>
      <trkpt lat="24.952750" lon="121.586850"></trkpt>
      <trkpt lat="24.952790" lon="121.586950"></trkpt>
      <trkpt lat="24.952790" lon="121.586990"></trkpt>
      <trkpt lat="24.952780" lon="121.587030"></trkpt>
      <trkpt lat="24.952780" lon="121.587080"></trkpt>
      <trkpt lat="24.952740" lon="121.587150"></trkpt>
      <trkpt lat="24.952300" lon="121.587740"></trkpt>
      <trkpt lat="24.952260" lon="121.587810"></trkpt>
      <trkpt lat="24.952200" lon="121.587950"></trkpt>
      <trkpt lat="24.952120" lon="121.588330"></trkpt>
      <trkpt lat="24.952110" lon="121.588350"></trkpt>
      <trkpt lat="24.952010" lon="121.588710"></trkpt>
      <trkpt lat="24.952000" lon="121.588920"></trkpt>
      <trkpt lat="24.952040" lon="121.589100"></trkpt>
      <trkpt lat="24.952050" lon="121.589190"></trkpt>
      <trkpt lat="24.952130" lon="121.589500"></trkpt>
      <trkpt lat="24.952380" lon="121.590270"></trkpt>
      <trkpt lat="24.952600" lon="121.590660"></trkpt>
      <trkpt lat="24.953040" lon="121.591200"></trkpt>
      <trkpt lat="24.953070" lon="121.591260"></trkpt>
      <trkpt lat="24.953100" lon="121.591370"></trkpt>
      <trkpt lat="24.953120" lon="121.591490"></trkpt>
      <trkpt lat="24.953160" lon="121.592460"></trkpt>
      <trkpt lat="24.953150" lon="121.592840"></trkpt>
      <trkpt lat="24.953140" lon="121.592900"></trkpt>
      <trkpt lat="24.953140" lon="121.592950"></trkpt>
      <trkpt lat="24.953110" lon="121.593060"></trkpt>
      <trkpt lat="24.953050" lon="121.593170"></trkpt>
      <trkpt lat="24.952820" lon="121.593400"></trkpt>
      <trkpt lat="24.952800" lon="121.593430"></trkpt>
      <trkpt lat="24.952770" lon="121.593460"></trkpt>
      <trkpt lat="24.952720" lon="121.593570"></trkpt>
      <trkpt lat="24.952620" lon="121.594070"></trkpt>
      <trkpt lat="24.952460" lon="121.594440"></trkpt>
      <trkpt lat="24.952460" lon="121.594480"></trkpt>
      <trkpt lat="24.952450" lon="121.594510"></trkpt>
      <trkpt lat="24.952450" lon="121.594630"></trkpt>
      <trkpt lat="24.952470" lon="121.594750"></trkpt>
      <trkpt lat="24.952650" lon="121.595360"></trkpt>
      <trkpt lat="24.952680" lon="121.595700"></trkpt>
      <trkpt lat="24.952680" lon="121.596000"></trkpt>
      <trkpt lat="24.952700" lon="121.596130"></trkpt>
      <trkpt lat="24.952700" lon="121.596190"></trkpt>
      <trkpt lat="24.952800" lon="121.596560"></trkpt>
      <trkpt lat="24.952810" lon="121.596630"></trkpt>
      <trkpt lat="24.952810" lon="121.596800"></trkpt>
      <trkpt lat="24.952690" lon="121.597200"></trkpt>
      <trkpt lat="24.952690" lon="121.597310"></trkpt>
      <trkpt lat="24.952710" lon="121.597380"></trkpt>
      <trkpt lat="24.953100" lon="121.598220"></trkpt>
      <trkpt lat="24.953380" lon="121.598750"></trkpt>
      <trkpt lat="24.953390" lon="121.598780"></trkpt>
      <trkpt lat="24.953400" lon="121.598850"></trkpt>
      <trkpt lat="24.953490" lon="121.599140"></trkpt>
      <trkpt lat="24.954600" lon="121.601630"></trkpt>
      <trkpt lat="24.954650" lon="121.601720"></trkpt>
      <trkpt lat="24.954690" lon="121.601770"></trkpt>
      <trkpt lat="24.954710" lon="121.601810"></trkpt>
      <trkpt lat="24.954720" lon="121.601810"></trkpt>
      <trkpt lat="24.954760" lon="121.601850"></trkpt>
      <trkpt lat="24.954830" lon="121.601900"></trkpt>
      <trkpt lat="24.954860" lon="121.601910"></trkpt>
      <trkpt lat="24.954870" lon="121.601920"></trkpt>
      <trkpt lat="24.955020" lon="121.601970"></trkpt>
      <trkpt lat="24.955040" lon="121.601970"></trkpt>
      <trkpt lat="24.955160" lon="121.602000"></trkpt>
      <trkpt lat="24.955190" lon="121.602000"></trkpt>
      <trkpt lat="24.955270" lon="121.602040"></trkpt>
      <trkpt lat="24.955330" lon="121.602080"></trkpt>
      <trkpt lat="24.955390" lon="121.602170"></trkpt>
      <trkpt lat="24.955400" lon="121.602210"></trkpt>
      <trkpt lat="24.955420" lon="121.602250"></trkpt>
      <trkpt lat="24.955450" lon="121.602440"></trkpt>
      <trkpt lat="24.955450" lon="121.602530"></trkpt>
      <trkpt lat="24.955460" lon="121.602600"></trkpt>
      <trkpt lat="24.955460" lon="121.602730"></trkpt>
      <trkpt lat="24.955440" lon="121.602820"></trkpt>
      <trkpt lat="24.955390" lon="121.602930"></trkpt>
      <trkpt lat="24.955330" lon="121.603010"></trkpt>
      <trkpt lat="24.955290" lon="121.603040"></trkpt>
      <trkpt lat="24.955210" lon="121.603120"></trkpt>
      <trkpt lat="24.955190" lon="121.603150"></trkpt>
      <trkpt lat="24.955160" lon="121.603170"></trkpt>
      <trkpt lat="24.955120" lon="121.603220"></trkpt>
      <trkpt lat="24.955110" lon="121.603240"></trkpt>
      <trkpt lat="24.955080" lon="121.603270"></trkpt>
      <trkpt lat="24.955080" lon="121.603290"></trkpt>
      <trkpt lat="24.955060" lon="121.603320"></trkpt>
      <trkpt lat="24.955060" lon="121.603350"></trkpt>
      <trkpt lat="24.955050" lon="121.603390"></trkpt>
      <trkpt lat="24.955050" lon="121.603530"></trkpt>
      <trkpt lat="24.955070" lon="121.603600"></trkpt>
      <trkpt lat="24.955090" lon="121.603630"></trkpt>
      <trkpt lat="24.955120" lon="121.603710"></trkpt>
      <trkpt lat="24.955140" lon="121.603730"></trkpt>
      <trkpt lat="24.955160" lon="121.603760"></trkpt>
      <trkpt lat="24.955200" lon="121.603800"></trkpt>
      <trkpt lat="24.955350" lon="121.603880"></trkpt>
      <trkpt lat="24.955750" lon="121.604040"></trkpt>
      <trkpt lat="24.955820" lon="121.604080"></trkpt>
      <trkpt lat="24.955850" lon="121.604090"></trkpt>
      <trkpt lat="24.955900" lon="121.604120"></trkpt>
      <trkpt lat="24.955930" lon="121.604130"></trkpt>
      <trkpt lat="24.955940" lon="121.604150"></trkpt>
      <trkpt lat="24.955960" lon="121.604150"></trkpt>
      <trkpt lat="24.955970" lon="121.604170"></trkpt>
      <trkpt lat="24.955990" lon="121.604180"></trkpt>
      <trkpt lat="24.956010" lon="121.604220"></trkpt>
      <trkpt lat="24.956030" lon="121.604240"></trkpt>
      <trkpt lat="24.956070" lon="121.604320"></trkpt>
      <trkpt lat="24.956070" lon="121.604350"></trkpt>
      <trkpt lat="24.956080" lon="121.604370"></trkpt>
      <trkpt lat="24.956070" lon="121.604690"></trkpt>
      <trkpt lat="24.956000" lon="121.605330"></trkpt>
      <trkpt lat="24.955990" lon="121.605350"></trkpt>
      <trkpt lat="24.955990" lon="121.605360"></trkpt>
      <trkpt lat="24.955970" lon="121.605420"></trkpt>
      <trkpt lat="24.955930" lon="121.605500"></trkpt>
      <trkpt lat="24.955650" lon="121.605880"></trkpt>
      <trkpt lat="24.955620" lon="121.606020"></trkpt>
      <trkpt lat="24.955620" lon="121.606070"></trkpt>
      <trkpt lat="24.955650" lon="121.606190"></trkpt>
      <trkpt lat="24.955670" lon="121.606240"></trkpt>
      <trkpt lat="24.955850" lon="121.606440"></trkpt>
      <trkpt lat="24.955960" lon="121.606510"></trkpt>
      <trkpt lat="24.956210" lon="121.606550"></trkpt>
      <trkpt lat="24.957110" lon="121.606640"></trkpt>
      <trkpt lat="24.957210" lon="121.606670"></trkpt>
      <trkpt lat="24.957350" lon="121.606760"></trkpt>
      <trkpt lat="24.957760" lon="121.607260"></trkpt>
      <trkpt lat="24.958040" lon="121.607650"></trkpt>
      <trkpt lat="24.958100" lon="121.607800"></trkpt>
      <trkpt lat="24.958100" lon="121.607870"></trkpt>
      <trkpt lat="24.958110" lon="121.607910"></trkpt>
      <trkpt lat="24.958090" lon="121.608020"></trkpt>
      <trkpt lat="24.958060" lon="121.608090"></trkpt>
      <trkpt lat="24.958050" lon="121.608130"></trkpt>
      <trkpt lat="24.957940" lon="121.608320"></trkpt>
      <trkpt lat="24.957850" lon="121.608420"></trkpt>
      <trkpt lat="24.957810" lon="121.608450"></trkpt>
      <trkpt lat="24.957680" lon="121.608520"></trkpt>
      <trkpt lat="24.957540" lon="121.608560"></trkpt>
      <trkpt lat="24.957270" lon="121.608600"></trkpt>
      <trkpt lat="24.957070" lon="121.608660"></trkpt>
      <trkpt lat="24.957020" lon="121.608690"></trkpt>
      <trkpt lat="24.956980" lon="121.608730"></trkpt>
      <trkpt lat="24.956850" lon="121.608910"></trkpt>
      <trkpt lat="24.956830" lon="121.608970"></trkpt>
      <trkpt lat="24.956800" lon="121.609190"></trkpt>
      <trkpt lat="24.956800" lon="121.609320"></trkpt>
      <trkpt lat="24.956820" lon="121.609450"></trkpt>
      <trkpt lat="24.956870" lon="121.609610"></trkpt>
      <trkpt lat="24.957320" lon="121.610780"></trkpt>
      <trkpt lat="24.957480" lon="121.611260"></trkpt>
      <trkpt lat="24.957700" lon="121.611770"></trkpt>
      <trkpt lat="24.957880" lon="121.612090"></trkpt>
      <trkpt lat="24.957980" lon="121.612230"></trkpt>
      <trkpt lat="24.958030" lon="121.612280"></trkpt>
      <trkpt lat="24.958070" lon="121.612310"></trkpt>
      <trkpt lat="24.958280" lon="121.612430"></trkpt>
      <trkpt lat="24.958500" lon="121.612480"></trkpt>
      <trkpt lat="24.959840" lon="121.612550"></trkpt>
      <trkpt lat="24.960070" lon="121.612590"></trkpt>
      <trkpt lat="24.960340" lon="121.612760"></trkpt>
      <trkpt lat="24.960450" lon="121.612910"></trkpt>
      <trkpt lat="24.961210" lon="121.614330"></trkpt>
      <trkpt lat="24.961280" lon="121.614440"></trkpt>
      <trkpt lat="24.961320" lon="121.614580"></trkpt>
      <trkpt lat="24.961310" lon="121.614610"></trkpt>
      <trkpt lat="24.961310" lon="121.614670"></trkpt>
      <trkpt lat="24.961240" lon="121.614810"></trkpt>
      <trkpt lat="24.961180" lon="121.614880"></trkpt>
      <trkpt lat="24.961140" lon="121.614910"></trkpt>
      <trkpt lat="24.961060" lon="121.614950"></trkpt>
      <trkpt lat="24.960980" lon="121.614950"></trkpt>
      <trkpt lat="24.960900" lon="121.614930"></trkpt>
      <trkpt lat="24.960830" lon="121.614900"></trkpt>
      <trkpt lat="24.960740" lon="121.614810"></trkpt>
      <trkpt lat="24.959930" lon="121.613740"></trkpt>
      <trkpt lat="24.959590" lon="121.613370"></trkpt>
      <trkpt lat="24.959480" lon="121.613280"></trkpt>
      <trkpt lat="24.959380" lon="121.613230"></trkpt>
      <trkpt lat="24.959340" lon="121.613220"></trkpt>
      <trkpt lat="24.959240" lon="121.613220"></trkpt>
      <trkpt lat="24.959190" lon="121.613230"></trkpt>
      <trkpt lat="24.959050" lon="121.613300"></trkpt>
      <trkpt lat="24.958940" lon="121.613400"></trkpt>
      <trkpt lat="24.958890" lon="121.613490"></trkpt>
      <trkpt lat="24.958850" lon="121.613710"></trkpt>
      <trkpt lat="24.958820" lon="121.614850"></trkpt>
      <trkpt lat="24.958850" lon="121.615030"></trkpt>
      <trkpt lat="24.958930" lon="121.615270"></trkpt>
      <trkpt lat="24.959110" lon="121.615630"></trkpt>
      <trkpt lat="24.959230" lon="121.616030"></trkpt>
      <trkpt lat="24.959390" lon="121.616720"></trkpt>
      <trkpt lat="24.959470" lon="121.616930"></trkpt>
      <trkpt lat="24.959590" lon="121.617120"></trkpt>
      <trkpt lat="24.959600" lon="121.617150"></trkpt>
      <trkpt lat="24.959790" lon="121.617450"></trkpt>
      <trkpt lat="24.959840" lon="121.617580"></trkpt>
      <trkpt lat="24.959860" lon="121.617710"></trkpt>
      <trkpt lat="24.959860" lon="121.617770"></trkpt>
      <trkpt lat="24.959820" lon="121.617920"></trkpt>
      <trkpt lat="24.959770" lon="121.618010"></trkpt>
      <trkpt lat="24.959710" lon="121.618080"></trkpt>
      <trkpt lat="24.959590" lon="121.618180"></trkpt>
      <trkpt lat="24.959460" lon="121.618320"></trkpt>
      <trkpt lat="24.959440" lon="121.618360"></trkpt>
      <trkpt lat="24.959410" lon="121.618390"></trkpt>
      <trkpt lat="24.959370" lon="121.618470"></trkpt>
      <trkpt lat="24.959350" lon="121.618560"></trkpt>
      <trkpt lat="24.959330" lon="121.618610"></trkpt>
      <trkpt lat="24.959280" lon="121.618800"></trkpt>
      <trkpt lat="24.959280" lon="121.618840"></trkpt>
      <trkpt lat="24.959200" lon="121.619170"></trkpt>
      <trkpt lat="24.959160" lon="121.619510"></trkpt>
      <trkpt lat="24.959140" lon="121.620600"></trkpt>
      <trkpt lat="24.959110" lon="121.620830"></trkpt>
      <trkpt lat="24.959080" lon="121.620950"></trkpt>
      <trkpt lat="24.959040" lon="121.621040"></trkpt>
      <trkpt lat="24.958990" lon="121.621110"></trkpt>
      <trkpt lat="24.958910" lon="121.621180"></trkpt>
      <trkpt lat="24.958810" lon="121.621230"></trkpt>
      <trkpt lat="24.958680" lon="121.621270"></trkpt>
      <trkpt lat="24.958230" lon="121.621300"></trkpt>
      <trkpt lat="24.958010" lon="121.621360"></trkpt>
      <trkpt lat="24.957890" lon="121.621490"></trkpt>
      <trkpt lat="24.957790" lon="121.621670"></trkpt>
      <trkpt lat="24.957770" lon="121.621740"></trkpt>
      <trkpt lat="24.957760" lon="121.621810"></trkpt>
      <trkpt lat="24.957760" lon="121.621890"></trkpt>
      <trkpt lat="24.957750" lon="121.621950"></trkpt>
      <trkpt lat="24.957880" lon="121.622730"></trkpt>
      <trkpt lat="24.957870" lon="121.623080"></trkpt>
      <trkpt lat="24.957840" lon="121.623130"></trkpt>
      <trkpt lat="24.957830" lon="121.623170"></trkpt>
      <trkpt lat="24.957710" lon="121.623320"></trkpt>
      <trkpt lat="24.957600" lon="121.623390"></trkpt>
      <trkpt lat="24.957480" lon="121.623440"></trkpt>
      <trkpt lat="24.956870" lon="121.623620"></trkpt>
      <trkpt lat="24.956360" lon="121.623860"></trkpt>
      <trkpt lat="24.956350" lon="121.623860"></trkpt>
      <trkpt lat="24.956310" lon="121.623880"></trkpt>
      <trkpt lat="24.955370" lon="121.623980"></trkpt>
      <trkpt lat="24.955280" lon="121.624000"></trkpt>
      <trkpt lat="24.955170" lon="121.624050"></trkpt>
      <trkpt lat="24.955060" lon="121.624130"></trkpt>
      <trkpt lat="24.954920" lon="121.624280"></trkpt>
      <trkpt lat="24.954710" lon="121.624590"></trkpt>
      <trkpt lat="24.954480" lon="121.625070"></trkpt>
      <trkpt lat="24.954390" lon="121.625400"></trkpt>
      <trkpt lat="24.954410" lon="121.625670"></trkpt>
      <trkpt lat="24.954800" lon="121.627050"></trkpt>
      <trkpt lat="24.954850" lon="121.627370"></trkpt>
      <trkpt lat="24.954810" lon="121.627570"></trkpt>
      <trkpt lat="24.954690" lon="121.627860"></trkpt>
      <trkpt lat="24.953330" lon="121.630410"></trkpt>
      <trkpt lat="24.953320" lon="121.630420"></trkpt>
      <trkpt lat="24.953140" lon="121.630760"></trkpt>
      <trkpt lat="24.953030" lon="121.630910"></trkpt>
      <trkpt lat="24.953000" lon="121.630940"></trkpt>
      <trkpt lat="24.952840" lon="121.631050"></trkpt>
      <trkpt lat="24.952670" lon="121.631100"></trkpt>
      <trkpt lat="24.952390" lon="121.631120"></trkpt>
      <trkpt lat="24.952270" lon="121.631140"></trkpt>
      <trkpt lat="24.952130" lon="121.631220"></trkpt>
      <trkpt lat="24.952020" lon="121.631300"></trkpt>
      <trkpt lat="24.951890" lon="121.631430"></trkpt>
      <trkpt lat="24.951840" lon="121.631500"></trkpt>
      <trkpt lat="24.951790" lon="121.631600"></trkpt>
      <trkpt lat="24.951780" lon="121.631680"></trkpt>
      <trkpt lat="24.951780" lon="121.631770"></trkpt>
      <trkpt lat="24.951800" lon="121.631940"></trkpt>
      <trkpt lat="24.952510" lon="121.633080"></trkpt>
      <trkpt lat="24.953090" lon="121.633880"></trkpt>
      <trkpt lat="24.953170" lon="121.634150"></trkpt>
      <trkpt lat="24.953290" lon="121.634730"></trkpt>
      <trkpt lat="24.953320" lon="121.634830"></trkpt>
      <trkpt lat="24.953350" lon="121.634870"></trkpt>
      <trkpt lat="24.953380" lon="121.634930"></trkpt>
      <trkpt lat="24.953530" lon="121.635060"></trkpt>
      <trkpt lat="24.953930" lon="121.635300"></trkpt>
      <trkpt lat="24.954000" lon="121.635360"></trkpt>
      <trkpt lat="24.954060" lon="121.635430"></trkpt>
      <trkpt lat="24.954090" lon="121.635490"></trkpt>
      <trkpt lat="24.954130" lon="121.635620"></trkpt>
      <trkpt lat="24.954170" lon="121.635820"></trkpt>
      <trkpt lat="24.954170" lon="121.636020"></trkpt>
      <trkpt lat="24.954140" lon="121.636230"></trkpt>
      <trkpt lat="24.954020" lon="121.636680"></trkpt>
      <trkpt lat="24.954000" lon="121.636850"></trkpt>
      <trkpt lat="24.954000" lon="121.636970"></trkpt>
      <trkpt lat="24.954130" lon="121.637470"></trkpt>
      <trkpt lat="24.954180" lon="121.637730"></trkpt>
      <trkpt lat="24.954130" lon="121.637900"></trkpt>
      <trkpt lat="24.954080" lon="121.637990"></trkpt>
      <trkpt lat="24.954020" lon="121.638050"></trkpt>
      <trkpt lat="24.954010" lon="121.638070"></trkpt>
      <trkpt lat="24.953960" lon="121.638110"></trkpt>
      <trkpt lat="24.952350" lon="121.639150"></trkpt>
      <trkpt lat="24.952140" lon="121.639310"></trkpt>
      <trkpt lat="24.951970" lon="121.639510"></trkpt>
      <trkpt lat="24.951910" lon="121.639600"></trkpt>
      <trkpt lat="24.951850" lon="121.639720"></trkpt>
      <trkpt lat="24.951420" lon="121.640360"></trkpt>
      <trkpt lat="24.951350" lon="121.640540"></trkpt>
      <trkpt lat="24.951340" lon="121.640610"></trkpt>
      <trkpt lat="24.951330" lon="121.641630"></trkpt>
      <trkpt lat="24.951340" lon="121.641710"></trkpt>
      <trkpt lat="24.951390" lon="121.641920"></trkpt>
      <trkpt lat="24.951460" lon="121.642080"></trkpt>
      <trkpt lat="24.951620" lon="121.642250"></trkpt>
      <trkpt lat="24.952310" lon="121.642700"></trkpt>
      <trkpt lat="24.952520" lon="121.642860"></trkpt>
      <trkpt lat="24.952740" lon="121.643100"></trkpt>
      <trkpt lat="24.952800" lon="121.643240"></trkpt>
      <trkpt lat="24.952820" lon="121.643360"></trkpt>
      <trkpt lat="24.952820" lon="121.643420"></trkpt>
      <trkpt lat="24.952800" lon="121.643530"></trkpt>
      <trkpt lat="24.952340" lon="121.645140"></trkpt>
      <trkpt lat="24.952270" lon="121.645320"></trkpt>
      <trkpt lat="24.952200" lon="121.645460"></trkpt>
      <trkpt lat="24.952130" lon="121.645540"></trkpt>
      <trkpt lat="24.952120" lon="121.645570"></trkpt>
      <trkpt lat="24.951680" lon="121.646220"></trkpt>
      <trkpt lat="24.950820" lon="121.647290"></trkpt>
      <trkpt lat="24.950190" lon="121.647930"></trkpt>
      <trkpt lat="24.949570" lon="121.648650"></trkpt>
      <trkpt lat="24.949520" lon="121.648720"></trkpt>
      <trkpt lat="24.949390" lon="121.648850"></trkpt>
      <trkpt lat="24.949290" lon="121.648920"></trkpt>
      <trkpt lat="24.949190" lon="121.648950"></trkpt>
      <trkpt lat="24.949110" lon="121.648950"></trkpt>
      <trkpt lat="24.949020" lon="121.648930"></trkpt>
      <trkpt lat="24.948530" lon="121.648680"></trkpt>
      <trkpt lat="24.948380" lon="121.648630"></trkpt>
      <trkpt lat="24.948310" lon="121.648620"></trkpt>
      <trkpt lat="24.948260" lon="121.648620"></trkpt>
      <trkpt lat="24.948190" lon="121.648630"></trkpt>
      <trkpt lat="24.948100" lon="121.648660"></trkpt>
      <trkpt lat="24.948000" lon="121.648710"></trkpt>
      <trkpt lat="24.947630" lon="121.649070"></trkpt>
      <trkpt lat="24.947500" lon="121.649140"></trkpt>
      <trkpt lat="24.947350" lon="121.649150"></trkpt>
      <trkpt lat="24.946310" lon="121.649010"></trkpt>
      <trkpt lat="24.945000" lon="121.648950"></trkpt>
      <trkpt lat="24.944880" lon="121.648960"></trkpt>
      <trkpt lat="24.944690" lon="121.649020"></trkpt>
      <trkpt lat="24.944620" lon="121.649060"></trkpt>
      <trkpt lat="24.944590" lon="121.649090"></trkpt>
      <trkpt lat="24.944560" lon="121.649110"></trkpt>
      <trkpt lat="24.944480" lon="121.649310"></trkpt>
      <trkpt lat="24.944460" lon="121.649400"></trkpt>
      <trkpt lat="24.944460" lon="121.649530"></trkpt>
      <trkpt lat="24.944470" lon="121.649590"></trkpt>
      <trkpt lat="24.944470" lon="121.649670"></trkpt>
      <trkpt lat="24.944610" lon="121.649950"></trkpt>
      <trkpt lat="24.944720" lon="121.650110"></trkpt>
      <trkpt lat="24.944940" lon="121.650350"></trkpt>
      <trkpt lat="24.944980" lon="121.650370"></trkpt>
      <trkpt lat="24.945070" lon="121.650390"></trkpt>
      <trkpt lat="24.945100" lon="121.650390"></trkpt>
      <trkpt lat="24.945260" lon="121.650320"></trkpt>
      <trkpt lat="24.945330" lon="121.650260"></trkpt>
      <trkpt lat="24.945400" lon="121.650220"></trkpt>
      <trkpt lat="24.945650" lon="121.650110"></trkpt>
      <trkpt lat="24.945830" lon="121.650080"></trkpt>
      <trkpt lat="24.946150" lon="121.650050"></trkpt>
      <trkpt lat="24.946340" lon="121.650060"></trkpt>
      <trkpt lat="24.946390" lon="121.650080"></trkpt>
      <trkpt lat="24.946440" lon="121.650110"></trkpt>
      <trkpt lat="24.946480" lon="121.650150"></trkpt>
      <trkpt lat="24.946500" lon="121.650180"></trkpt>
      <trkpt lat="24.946530" lon="121.650260"></trkpt>
      <trkpt lat="24.946540" lon="121.650330"></trkpt>
      <trkpt lat="24.946550" lon="121.650350"></trkpt>
      <trkpt lat="24.946580" lon="121.650540"></trkpt>
      <trkpt lat="24.946620" lon="121.650700"></trkpt>
      <trkpt lat="24.946630" lon="121.650710"></trkpt>
      <trkpt lat="24.946660" lon="121.650790"></trkpt>
      <trkpt lat="24.946760" lon="121.650920"></trkpt>
      <trkpt lat="24.946930" lon="121.651040"></trkpt>
      <trkpt lat="24.947030" lon="121.651130"></trkpt>
      <trkpt lat="24.947060" lon="121.651170"></trkpt>
      <trkpt lat="24.947070" lon="121.651200"></trkpt>
      <trkpt lat="24.947090" lon="121.651230"></trkpt>
      <trkpt lat="24.947090" lon="121.651290"></trkpt>
      <trkpt lat="24.947100" lon="121.651290"></trkpt>
      <trkpt lat="24.947100" lon="121.651330"></trkpt>
      <trkpt lat="24.947090" lon="121.651390"></trkpt>
      <trkpt lat="24.947060" lon="121.651490"></trkpt>
      <trkpt lat="24.946970" lon="121.651680"></trkpt>
      <trkpt lat="24.946910" lon="121.651850"></trkpt>
      <trkpt lat="24.946910" lon="121.651980"></trkpt>
      <trkpt lat="24.946930" lon="121.652090"></trkpt>
      <trkpt lat="24.947020" lon="121.652420"></trkpt>
      <trkpt lat="24.947030" lon="121.652420"></trkpt>
      <trkpt lat="24.947060" lon="121.652560"></trkpt>
      <trkpt lat="24.947060" lon="121.652710"></trkpt>
      <trkpt lat="24.947010" lon="121.652830"></trkpt>
      <trkpt lat="24.946940" lon="121.652940"></trkpt>
      <trkpt lat="24.946830" lon="121.653040"></trkpt>
      <trkpt lat="24.945680" lon="121.653770"></trkpt>
      <trkpt lat="24.945590" lon="121.653860"></trkpt>
      <trkpt lat="24.945520" lon="121.653950"></trkpt>
      <trkpt lat="24.945500" lon="121.654020"></trkpt>
      <trkpt lat="24.945500" lon="121.654180"></trkpt>
      <trkpt lat="24.945540" lon="121.654440"></trkpt>
      <trkpt lat="24.945540" lon="121.654530"></trkpt>
      <trkpt lat="24.945520" lon="121.654600"></trkpt>
      <trkpt lat="24.945160" lon="121.655350"></trkpt>
      <trkpt lat="24.944750" lon="121.656020"></trkpt>
      <trkpt lat="24.944730" lon="121.656220"></trkpt>
      <trkpt lat="24.944730" lon="121.656320"></trkpt>
      <trkpt lat="24.944760" lon="121.656410"></trkpt>
      <trkpt lat="24.944820" lon="121.656470"></trkpt>
      <trkpt lat="24.944860" lon="121.656500"></trkpt>
      <trkpt lat="24.944930" lon="121.656530"></trkpt>
      <trkpt lat="24.944970" lon="121.656560"></trkpt>
      <trkpt lat="24.945040" lon="121.656590"></trkpt>
      <trkpt lat="24.945120" lon="121.656610"></trkpt>
      <trkpt lat="24.945140" lon="121.656620"></trkpt>
      <trkpt lat="24.945200" lon="121.656630"></trkpt>
      <trkpt lat="24.945300" lon="121.656700"></trkpt>
      <trkpt lat="24.945300" lon="121.656710"></trkpt>
      <trkpt lat="24.945330" lon="121.656760"></trkpt>
      <trkpt lat="24.945350" lon="121.656810"></trkpt>
      <trkpt lat="24.945350" lon="121.656900"></trkpt>
      <trkpt lat="24.945270" lon="121.657270"></trkpt>
      <trkpt lat="24.945140" lon="121.657440"></trkpt>
      <trkpt lat="24.944960" lon="121.657780"></trkpt>
      <trkpt lat="24.944850" lon="121.658060"></trkpt>
      <trkpt lat="24.944780" lon="121.658380"></trkpt>
      <trkpt lat="24.944780" lon="121.658590"></trkpt>
      <trkpt lat="24.944790" lon="121.658620"></trkpt>
      <trkpt lat="24.944860" lon="121.658750"></trkpt>
      <trkpt lat="24.944880" lon="121.658770"></trkpt>
      <trkpt lat="24.944900" lon="121.658780"></trkpt>
      <trkpt lat="24.944970" lon="121.658800"></trkpt>
      <trkpt lat="24.945200" lon="121.658800"></trkpt>
      <trkpt lat="24.945240" lon="121.658790"></trkpt>
      <trkpt lat="24.945470" lon="121.658790"></trkpt>
      <trkpt lat="24.945520" lon="121.658800"></trkpt>
      <trkpt lat="24.945550" lon="121.658820"></trkpt>
      <trkpt lat="24.945660" lon="121.658940"></trkpt>
      <trkpt lat="24.945870" lon="121.659050"></trkpt>
      <trkpt lat="24.945930" lon="121.659060"></trkpt>
      <trkpt lat="24.946590" lon="121.659030"></trkpt>
      <trkpt lat="24.946650" lon="121.659020"></trkpt>
      <trkpt lat="24.946750" lon="121.658990"></trkpt>
      <trkpt lat="24.946760" lon="121.658980"></trkpt>
      <trkpt lat="24.946910" lon="121.658890"></trkpt>
      <trkpt lat="24.946920" lon="121.658890"></trkpt>
      <trkpt lat="24.946990" lon="121.658800"></trkpt>
      <trkpt lat="24.947020" lon="121.658780"></trkpt>
      <trkpt lat="24.947300" lon="121.658520"></trkpt>
      <trkpt lat="24.947590" lon="121.658160"></trkpt>
      <trkpt lat="24.947900" lon="121.657870"></trkpt>
      <trkpt lat="24.947990" lon="121.657770"></trkpt>
      <trkpt lat="24.948050" lon="121.657760"></trkpt>
      <trkpt lat="24.948060" lon="121.657750"></trkpt>
      <trkpt lat="24.948130" lon="121.657720"></trkpt>
      <trkpt lat="24.948250" lon="121.657700"></trkpt>
      <trkpt lat="24.948300" lon="121.657700"></trkpt>
      <trkpt lat="24.948410" lon="121.657720"></trkpt>
      <trkpt lat="24.948440" lon="121.657740"></trkpt>
      <trkpt lat="24.948500" lon="121.657800"></trkpt>
      <trkpt lat="24.949240" lon="121.658870"></trkpt>
      <trkpt lat="24.949220" lon="121.658920"></trkpt>
      <trkpt lat="24.949200" lon="121.659020"></trkpt>
      <trkpt lat="24.949160" lon="121.659130"></trkpt>
      <trkpt lat="24.948980" lon="121.659410"></trkpt>
      <trkpt lat="24.948930" lon="121.659520"></trkpt>
      <trkpt lat="24.948890" lon="121.659690"></trkpt>
      <trkpt lat="24.948880" lon="121.659800"></trkpt>
      <trkpt lat="24.948900" lon="121.659930"></trkpt>
      <trkpt lat="24.949000" lon="121.660270"></trkpt>
      <trkpt lat="24.949000" lon="121.660290"></trkpt>
      <trkpt lat="24.949040" lon="121.660430"></trkpt>
      <trkpt lat="24.949020" lon="121.660610"></trkpt>
      <trkpt lat="24.948980" lon="121.660770"></trkpt>
      <trkpt lat="24.948530" lon="121.661900"></trkpt>
      <trkpt lat="24.948490" lon="121.662080"></trkpt>
      <trkpt lat="24.948490" lon="121.662150"></trkpt>
      <trkpt lat="24.948500" lon="121.662220"></trkpt>
      <trkpt lat="24.948560" lon="121.662410"></trkpt>
      <trkpt lat="24.948670" lon="121.662510"></trkpt>
      <trkpt lat="24.948810" lon="121.662590"></trkpt>
      <trkpt lat="24.949150" lon="121.662730"></trkpt>
      <trkpt lat="24.949580" lon="121.662970"></trkpt>
      <trkpt lat="24.949700" lon="121.663060"></trkpt>
      <trkpt lat="24.950170" lon="121.663590"></trkpt>
      <trkpt lat="24.950190" lon="121.663640"></trkpt>
      <trkpt lat="24.950230" lon="121.663700"></trkpt>
      <trkpt lat="24.950240" lon="121.663760"></trkpt>
      <trkpt lat="24.950240" lon="121.663820"></trkpt>
      <trkpt lat="24.950210" lon="121.663910"></trkpt>
      <trkpt lat="24.950140" lon="121.663970"></trkpt>
      <trkpt lat="24.950040" lon="121.664030"></trkpt>
      <trkpt lat="24.949920" lon="121.664070"></trkpt>
      <trkpt lat="24.949730" lon="121.664090"></trkpt>
      <trkpt lat="24.949590" lon="121.664120"></trkpt>
      <trkpt lat="24.949400" lon="121.664180"></trkpt>
      <trkpt lat="24.949200" lon="121.664270"></trkpt>
      <trkpt lat="24.948990" lon="121.664530"></trkpt>
      <trkpt lat="24.948960" lon="121.664590"></trkpt>
      <trkpt lat="24.948950" lon="121.664590"></trkpt>
      <trkpt lat="24.948880" lon="121.664670"></trkpt>
      <trkpt lat="24.948810" lon="121.664690"></trkpt>
      <trkpt lat="24.948800" lon="121.664700"></trkpt>
      <trkpt lat="24.948750" lon="121.664710"></trkpt>
      <trkpt lat="24.948710" lon="121.664710"></trkpt>
      <trkpt lat="24.948660" lon="121.664720"></trkpt>
      <trkpt lat="24.948240" lon="121.664680"></trkpt>
      <trkpt lat="24.948040" lon="121.664680"></trkpt>
      <trkpt lat="24.947940" lon="121.664700"></trkpt>
      <trkpt lat="24.947750" lon="121.664770"></trkpt>
      <trkpt lat="24.947580" lon="121.664800"></trkpt>
      <trkpt lat="24.947270" lon="121.664800"></trkpt>
      <trkpt lat="24.947110" lon="121.664780"></trkpt>
      <trkpt lat="24.946990" lon="121.664790"></trkpt>
      <trkpt lat="24.946860" lon="121.664820"></trkpt>
      <trkpt lat="24.946780" lon="121.664860"></trkpt>
      <trkpt lat="24.946710" lon="121.664920"></trkpt>
      <trkpt lat="24.946670" lon="121.664970"></trkpt>
      <trkpt lat="24.946580" lon="121.665130"></trkpt>
      <trkpt lat="24.946550" lon="121.665160"></trkpt>
      <trkpt lat="24.946500" lon="121.665190"></trkpt>
      <trkpt lat="24.946470" lon="121.665220"></trkpt>
      <trkpt lat="24.946400" lon="121.665230"></trkpt>
      <trkpt lat="24.946330" lon="121.665230"></trkpt>
      <trkpt lat="24.946170" lon="121.665200"></trkpt>
      <trkpt lat="24.946050" lon="121.665130"></trkpt>
      <trkpt lat="24.946020" lon="121.665100"></trkpt>
      <trkpt lat="24.945990" lon="121.665080"></trkpt>
      <trkpt lat="24.945740" lon="121.664760"></trkpt>
      <trkpt lat="24.945610" lon="121.664620"></trkpt>
      <trkpt lat="24.945520" lon="121.664560"></trkpt>
      <trkpt lat="24.945480" lon="121.664550"></trkpt>
      <trkpt lat="24.945450" lon="121.664550"></trkpt>
      <trkpt lat="24.945420" lon="121.664540"></trkpt>
      <trkpt lat="24.945380" lon="121.664540"></trkpt>
      <trkpt lat="24.945350" lon="121.664550"></trkpt>
      <trkpt lat="24.945330" lon="121.664550"></trkpt>
      <trkpt lat="24.945230" lon="121.664620"></trkpt>
      <trkpt lat="24.945160" lon="121.664700"></trkpt>
      <trkpt lat="24.944980" lon="121.665060"></trkpt>
      <trkpt lat="24.944910" lon="121.665150"></trkpt>
      <trkpt lat="24.944850" lon="121.665190"></trkpt>
      <trkpt lat="24.944820" lon="121.665220"></trkpt>
      <trkpt lat="24.944650" lon="121.665290"></trkpt>
      <trkpt lat="24.944580" lon="121.665310"></trkpt>
      <trkpt lat="24.944480" lon="121.665370"></trkpt>
      <trkpt lat="24.944390" lon="121.665450"></trkpt>
      <trkpt lat="24.944350" lon="121.665500"></trkpt>
      <trkpt lat="24.944150" lon="121.665880"></trkpt>
      <trkpt lat="24.944120" lon="121.665910"></trkpt>
      <trkpt lat="24.944100" lon="121.665940"></trkpt>
      <trkpt lat="24.944070" lon="121.665970"></trkpt>
      <trkpt lat="24.944010" lon="121.666010"></trkpt>
      <trkpt lat="24.943810" lon="121.666110"></trkpt>
      <trkpt lat="24.943640" lon="121.666170"></trkpt>
      <trkpt lat="24.943460" lon="121.666190"></trkpt>
      <trkpt lat="24.943320" lon="121.666170"></trkpt>
      <trkpt lat="24.943180" lon="121.666120"></trkpt>
      <trkpt lat="24.943080" lon="121.666070"></trkpt>
      <trkpt lat="24.942930" lon="121.666030"></trkpt>
      <trkpt lat="24.942880" lon="121.666030"></trkpt>
      <trkpt lat="24.942770" lon="121.666010"></trkpt>
      <trkpt lat="24.942590" lon="121.666010"></trkpt>
      <trkpt lat="24.942420" lon="121.666090"></trkpt>
      <trkpt lat="24.942370" lon="121.666130"></trkpt>
      <trkpt lat="24.942320" lon="121.666190"></trkpt>
      <trkpt lat="24.942260" lon="121.666350"></trkpt>
      <trkpt lat="24.942250" lon="121.666440"></trkpt>
      <trkpt lat="24.942250" lon="121.666540"></trkpt>
      <trkpt lat="24.942260" lon="121.666610"></trkpt>
      <trkpt lat="24.942260" lon="121.666690"></trkpt>
      <trkpt lat="24.942290" lon="121.666880"></trkpt>
      <trkpt lat="24.942350" lon="121.667130"></trkpt>
      <trkpt lat="24.942410" lon="121.667220"></trkpt>
      <trkpt lat="24.942450" lon="121.667260"></trkpt>
      <trkpt lat="24.942510" lon="121.667290"></trkpt>
      <trkpt lat="24.942610" lon="121.667320"></trkpt>
      <trkpt lat="24.942790" lon="121.667340"></trkpt>
      <trkpt lat="24.943000" lon="121.667330"></trkpt>
      <trkpt lat="24.943150" lon="121.667290"></trkpt>
      <trkpt lat="24.943300" lon="121.667230"></trkpt>
      <trkpt lat="24.943330" lon="121.667210"></trkpt>
      <trkpt lat="24.943470" lon="121.667170"></trkpt>
      <trkpt lat="24.943570" lon="121.667190"></trkpt>
      <trkpt lat="24.943660" lon="121.667230"></trkpt>
      <trkpt lat="24.943690" lon="121.667250"></trkpt>
      <trkpt lat="24.943720" lon="121.667290"></trkpt>
      <trkpt lat="24.943750" lon="121.667370"></trkpt>
      <trkpt lat="24.943760" lon="121.667420"></trkpt>
      <trkpt lat="24.943760" lon="121.667520"></trkpt>
      <trkpt lat="24.943570" lon="121.668330"></trkpt>
      <trkpt lat="24.943570" lon="121.668440"></trkpt>
      <trkpt lat="24.943610" lon="121.668610"></trkpt>
      <trkpt lat="24.943640" lon="121.668680"></trkpt>
      <trkpt lat="24.943660" lon="121.668750"></trkpt>
      <trkpt lat="24.943700" lon="121.668830"></trkpt>
      <trkpt lat="24.943740" lon="121.668880"></trkpt>
      <trkpt lat="24.943740" lon="121.668890"></trkpt>
      <trkpt lat="24.943780" lon="121.668930"></trkpt>
      <trkpt lat="24.943890" lon="121.668980"></trkpt>
      <trkpt lat="24.943930" lon="121.668980"></trkpt>
      <trkpt lat="24.944050" lon="121.668950"></trkpt>
      <trkpt lat="24.944170" lon="121.668850"></trkpt>
      <trkpt lat="24.944340" lon="121.668670"></trkpt>
      <trkpt lat="24.944400" lon="121.668620"></trkpt>
      <trkpt lat="24.944470" lon="121.668580"></trkpt>
      <trkpt lat="24.944520" lon="121.668560"></trkpt>
      <trkpt lat="24.944570" lon="121.668550"></trkpt>
      <trkpt lat="24.944660" lon="121.668560"></trkpt>
      <trkpt lat="24.944670" lon="121.668570"></trkpt>
      <trkpt lat="24.944700" lon="121.668580"></trkpt>
      <trkpt lat="24.944790" lon="121.668660"></trkpt>
      <trkpt lat="24.944830" lon="121.668720"></trkpt>
      <trkpt lat="24.944890" lon="121.668860"></trkpt>
      <trkpt lat="24.944910" lon="121.668890"></trkpt>
      <trkpt lat="24.944970" lon="121.669040"></trkpt>
      <trkpt lat="24.944980" lon="121.669040"></trkpt>
      <trkpt lat="24.945010" lon="121.669100"></trkpt>
      <trkpt lat="24.945060" lon="121.669140"></trkpt>
      <trkpt lat="24.945150" lon="121.669190"></trkpt>
      <trkpt lat="24.945320" lon="121.669190"></trkpt>
      <trkpt lat="24.945450" lon="121.669140"></trkpt>
      <trkpt lat="24.945460" lon="121.669140"></trkpt>
      <trkpt lat="24.945630" lon="121.669070"></trkpt>
      <trkpt lat="24.945640" lon="121.669070"></trkpt>
      <trkpt lat="24.945830" lon="121.668990"></trkpt>
      <trkpt lat="24.945860" lon="121.668960"></trkpt>
      <trkpt lat="24.945940" lon="121.668850"></trkpt>
      <trkpt lat="24.945980" lon="121.668760"></trkpt>
      <trkpt lat="24.946030" lon="121.668410"></trkpt>
      <trkpt lat="24.946090" lon="121.668220"></trkpt>
      <trkpt lat="24.946110" lon="121.668190"></trkpt>
      <trkpt lat="24.946150" lon="121.668160"></trkpt>
      <trkpt lat="24.946160" lon="121.668140"></trkpt>
      <trkpt lat="24.946250" lon="121.668100"></trkpt>
      <trkpt lat="24.946310" lon="121.668090"></trkpt>
      <trkpt lat="24.946370" lon="121.668090"></trkpt>
      <trkpt lat="24.946400" lon="121.668100"></trkpt>
      <trkpt lat="24.946460" lon="121.668160"></trkpt>
      <trkpt lat="24.946500" lon="121.668220"></trkpt>
      <trkpt lat="24.946580" lon="121.668400"></trkpt>
      <trkpt lat="24.946690" lon="121.668730"></trkpt>
      <trkpt lat="24.946770" lon="121.669060"></trkpt>
      <trkpt lat="24.946770" lon="121.669120"></trkpt>
      <trkpt lat="24.946800" lon="121.669320"></trkpt>
      <trkpt lat="24.946820" lon="121.669380"></trkpt>
      <trkpt lat="24.946890" lon="121.669490"></trkpt>
      <trkpt lat="24.947000" lon="121.669570"></trkpt>
      <trkpt lat="24.947170" lon="121.669660"></trkpt>
      <trkpt lat="24.947200" lon="121.669690"></trkpt>
      <trkpt lat="24.947220" lon="121.669720"></trkpt>
      <trkpt lat="24.947240" lon="121.669800"></trkpt>
      <trkpt lat="24.947240" lon="121.669890"></trkpt>
      <trkpt lat="24.947210" lon="121.669970"></trkpt>
      <trkpt lat="24.947140" lon="121.670070"></trkpt>
      <trkpt lat="24.947080" lon="121.670100"></trkpt>
      <trkpt lat="24.946980" lon="121.670130"></trkpt>
      <trkpt lat="24.946850" lon="121.670110"></trkpt>
      <trkpt lat="24.946730" lon="121.670070"></trkpt>
      <trkpt lat="24.946650" lon="121.670030"></trkpt>
      <trkpt lat="24.946490" lon="121.670000"></trkpt>
      <trkpt lat="24.946350" lon="121.670000"></trkpt>
      <trkpt lat="24.946190" lon="121.670060"></trkpt>
      <trkpt lat="24.946020" lon="121.670180"></trkpt>
      <trkpt lat="24.945780" lon="121.670300"></trkpt>
      <trkpt lat="24.945560" lon="121.670350"></trkpt>
      <trkpt lat="24.945130" lon="121.670410"></trkpt>
      <trkpt lat="24.945050" lon="121.670430"></trkpt>
      <trkpt lat="24.944930" lon="121.670480"></trkpt>
      <trkpt lat="24.944890" lon="121.670510"></trkpt>
      <trkpt lat="24.944850" lon="121.670580"></trkpt>
      <trkpt lat="24.944830" lon="121.670650"></trkpt>
      <trkpt lat="24.944830" lon="121.670710"></trkpt>
      <trkpt lat="24.944840" lon="121.670780"></trkpt>
      <trkpt lat="24.944870" lon="121.670890"></trkpt>
      <trkpt lat="24.944870" lon="121.670900"></trkpt>
      <trkpt lat="24.944890" lon="121.670960"></trkpt>
      <trkpt lat="24.944890" lon="121.671050"></trkpt>
      <trkpt lat="24.944860" lon="121.671120"></trkpt>
      <trkpt lat="24.944820" lon="121.671170"></trkpt>
      <trkpt lat="24.944770" lon="121.671190"></trkpt>
      <trkpt lat="24.944720" lon="121.671220"></trkpt>
      <trkpt lat="24.944630" lon="121.671240"></trkpt>
      <trkpt lat="24.944550" lon="121.671240"></trkpt>
      <trkpt lat="24.944490" lon="121.671220"></trkpt>
      <trkpt lat="24.944430" lon="121.671190"></trkpt>
      <trkpt lat="24.944410" lon="121.671170"></trkpt>
      <trkpt lat="24.944350" lon="121.671130"></trkpt>
      <trkpt lat="24.944290" lon="121.671060"></trkpt>
      <trkpt lat="24.944260" lon="121.671010"></trkpt>
      <trkpt lat="24.944090" lon="121.670860"></trkpt>
      <trkpt lat="24.944010" lon="121.670830"></trkpt>
      <trkpt lat="24.943960" lon="121.670820"></trkpt>
      <trkpt lat="24.943830" lon="121.670820"></trkpt>
      <trkpt lat="24.943580" lon="121.670900"></trkpt>
      <trkpt lat="24.943500" lon="121.670910"></trkpt>
      <trkpt lat="24.943450" lon="121.670900"></trkpt>
      <trkpt lat="24.943340" lon="121.670900"></trkpt>
      <trkpt lat="24.943150" lon="121.670870"></trkpt>
      <trkpt lat="24.942770" lon="121.670740"></trkpt>
      <trkpt lat="24.942670" lon="121.670720"></trkpt>
      <trkpt lat="24.942650" lon="121.670710"></trkpt>
      <trkpt lat="24.942610" lon="121.670700"></trkpt>
      <trkpt lat="24.942390" lon="121.670700"></trkpt>
      <trkpt lat="24.942350" lon="121.670710"></trkpt>
      <trkpt lat="24.942300" lon="121.670740"></trkpt>
      <trkpt lat="24.942250" lon="121.670760"></trkpt>
      <trkpt lat="24.942180" lon="121.670800"></trkpt>
      <trkpt lat="24.941620" lon="121.671210"></trkpt>
      <trkpt lat="24.941440" lon="121.671410"></trkpt>
      <trkpt lat="24.941280" lon="121.671640"></trkpt>
      <trkpt lat="24.941220" lon="121.671760"></trkpt>
      <trkpt lat="24.941160" lon="121.671950"></trkpt>
      <trkpt lat="24.941140" lon="121.672100"></trkpt>
      <trkpt lat="24.941140" lon="121.672190"></trkpt>
      <trkpt lat="24.941160" lon="121.672340"></trkpt>
      <trkpt lat="24.941170" lon="121.672370"></trkpt>
      <trkpt lat="24.941210" lon="121.672600"></trkpt>
      <trkpt lat="24.941280" lon="121.673260"></trkpt>
      <trkpt lat="24.941330" lon="121.673350"></trkpt>
      <trkpt lat="24.941400" lon="121.673410"></trkpt>
      <trkpt lat="24.941440" lon="121.673430"></trkpt>
      <trkpt lat="24.941480" lon="121.673460"></trkpt>
      <trkpt lat="24.941580" lon="121.673500"></trkpt>
      <trkpt lat="24.941660" lon="121.673560"></trkpt>
      <trkpt lat="24.941690" lon="121.673590"></trkpt>
      <trkpt lat="24.941710" lon="121.673620"></trkpt>
      <trkpt lat="24.941760" lon="121.673760"></trkpt>
      <trkpt lat="24.941770" lon="121.673810"></trkpt>
      <trkpt lat="24.941770" lon="121.673860"></trkpt>
      <trkpt lat="24.941760" lon="121.673930"></trkpt>
      <trkpt lat="24.941730" lon="121.674030"></trkpt>
      <trkpt lat="24.941520" lon="121.674300"></trkpt>
      <trkpt lat="24.941480" lon="121.674370"></trkpt>
      <trkpt lat="24.941470" lon="121.674420"></trkpt>
      <trkpt lat="24.941480" lon="121.674730"></trkpt>
      <trkpt lat="24.941540" lon="121.675040"></trkpt>
      <trkpt lat="24.941540" lon="121.675150"></trkpt>
      <trkpt lat="24.941520" lon="121.675270"></trkpt>
      <trkpt lat="24.941470" lon="121.675350"></trkpt>
      <trkpt lat="24.941420" lon="121.675410"></trkpt>
      <trkpt lat="24.941410" lon="121.675430"></trkpt>
      <trkpt lat="24.941340" lon="121.675490"></trkpt>
      <trkpt lat="24.941180" lon="121.675580"></trkpt>
      <trkpt lat="24.941120" lon="121.675600"></trkpt>
      <trkpt lat="24.940950" lon="121.675690"></trkpt>
      <trkpt lat="24.940850" lon="121.675720"></trkpt>
      <trkpt lat="24.940810" lon="121.675720"></trkpt>
      <trkpt lat="24.940650" lon="121.675650"></trkpt>
      <trkpt lat="24.940610" lon="121.675640"></trkpt>
      <trkpt lat="24.940540" lon="121.675640"></trkpt>
      <trkpt lat="24.940470" lon="121.675650"></trkpt>
      <trkpt lat="24.940400" lon="121.675680"></trkpt>
      <trkpt lat="24.940310" lon="121.675740"></trkpt>
      <trkpt lat="24.940280" lon="121.675800"></trkpt>
      <trkpt lat="24.940260" lon="121.675890"></trkpt>
      <trkpt lat="24.940260" lon="121.675930"></trkpt>
      <trkpt lat="24.940200" lon="121.676150"></trkpt>
      <trkpt lat="24.940120" lon="121.676270"></trkpt>
      <trkpt lat="24.940110" lon="121.676270"></trkpt>
      <trkpt lat="24.940040" lon="121.676300"></trkpt>
      <trkpt lat="24.939840" lon="121.676250"></trkpt>
      <trkpt lat="24.939690" lon="121.676230"></trkpt>
      <trkpt lat="24.939630" lon="121.676230"></trkpt>
      <trkpt lat="24.939560" lon="121.676240"></trkpt>
      <trkpt lat="24.939490" lon="121.676260"></trkpt>
      <trkpt lat="24.939450" lon="121.676280"></trkpt>
      <trkpt lat="24.939370" lon="121.676300"></trkpt>
      <trkpt lat="24.939320" lon="121.676320"></trkpt>
      <trkpt lat="24.939270" lon="121.676350"></trkpt>
      <trkpt lat="24.939120" lon="121.676490"></trkpt>
      <trkpt lat="24.938930" lon="121.676640"></trkpt>
      <trkpt lat="24.938700" lon="121.676870"></trkpt>
      <trkpt lat="24.938080" lon="121.677400"></trkpt>
      <trkpt lat="24.937960" lon="121.677520"></trkpt>
      <trkpt lat="24.937930" lon="121.677560"></trkpt>
      <trkpt lat="24.937850" lon="121.677640"></trkpt>
      <trkpt lat="24.937850" lon="121.677650"></trkpt>
      <trkpt lat="24.937840" lon="121.677650"></trkpt>
      <trkpt lat="24.937830" lon="121.677680"></trkpt>
      <trkpt lat="24.937810" lon="121.677710"></trkpt>
      <trkpt lat="24.937780" lon="121.677830"></trkpt>
      <trkpt lat="24.937780" lon="121.678030"></trkpt>
      <trkpt lat="24.937800" lon="121.678120"></trkpt>
      <trkpt lat="24.937840" lon="121.678190"></trkpt>
      <trkpt lat="24.937880" lon="121.678340"></trkpt>
      <trkpt lat="24.938040" lon="121.678710"></trkpt>
      <trkpt lat="24.938110" lon="121.678790"></trkpt>
      <trkpt lat="24.938170" lon="121.678920"></trkpt>
      <trkpt lat="24.938320" lon="121.679320"></trkpt>
      <trkpt lat="24.938340" lon="121.679350"></trkpt>
      <trkpt lat="24.938520" lon="121.679740"></trkpt>
      <trkpt lat="24.938540" lon="121.679800"></trkpt>
      <trkpt lat="24.938650" lon="121.679970"></trkpt>
      <trkpt lat="24.938680" lon="121.680040"></trkpt>
      <trkpt lat="24.938740" lon="121.680130"></trkpt>
      <trkpt lat="24.938900" lon="121.680260"></trkpt>
      <trkpt lat="24.939220" lon="121.680600"></trkpt>
      <trkpt lat="24.939340" lon="121.680690"></trkpt>
      <trkpt lat="24.939460" lon="121.680830"></trkpt>
      <trkpt lat="24.939490" lon="121.680850"></trkpt>
      <trkpt lat="24.939630" lon="121.680980"></trkpt>
      <trkpt lat="24.939780" lon="121.681090"></trkpt>
      <trkpt lat="24.939830" lon="121.681100"></trkpt>
      <trkpt lat="24.939880" lon="121.681120"></trkpt>
      <trkpt lat="24.939960" lon="121.681140"></trkpt>
      <trkpt lat="24.940230" lon="121.681140"></trkpt>
      <trkpt lat="24.940340" lon="121.681160"></trkpt>
      <trkpt lat="24.940500" lon="121.681170"></trkpt>
      <trkpt lat="24.940730" lon="121.681240"></trkpt>
      <trkpt lat="24.940920" lon="121.681350"></trkpt>
      <trkpt lat="24.941060" lon="121.681470"></trkpt>
      <trkpt lat="24.941270" lon="121.681720"></trkpt>
      <trkpt lat="24.941380" lon="121.681880"></trkpt>
      <trkpt lat="24.941410" lon="121.681940"></trkpt>
      <trkpt lat="24.941440" lon="121.682100"></trkpt>
      <trkpt lat="24.941420" lon="121.682220"></trkpt>
      <trkpt lat="24.941400" lon="121.682290"></trkpt>
      <trkpt lat="24.941290" lon="121.682450"></trkpt>
      <trkpt lat="24.941050" lon="121.682570"></trkpt>
      <trkpt lat="24.940880" lon="121.682680"></trkpt>
      <trkpt lat="24.940850" lon="121.682720"></trkpt>
      <trkpt lat="24.940800" lon="121.682810"></trkpt>
      <trkpt lat="24.940770" lon="121.682990"></trkpt>
      <trkpt lat="24.940770" lon="121.683120"></trkpt>
      <trkpt lat="24.940780" lon="121.683180"></trkpt>
      <trkpt lat="24.940840" lon="121.683310"></trkpt>
      <trkpt lat="24.940880" lon="121.683370"></trkpt>
      <trkpt lat="24.941140" lon="121.683960"></trkpt>
      <trkpt lat="24.941270" lon="121.684310"></trkpt>
      <trkpt lat="24.941290" lon="121.684390"></trkpt>
      <trkpt lat="24.941290" lon="121.684440"></trkpt>
      <trkpt lat="24.941300" lon="121.684480"></trkpt>
      <trkpt lat="24.941300" lon="121.684570"></trkpt>
      <trkpt lat="24.941260" lon="121.684660"></trkpt>
      <trkpt lat="24.941190" lon="121.684740"></trkpt>
      <trkpt lat="24.941150" lon="121.684750"></trkpt>
      <trkpt lat="24.941090" lon="121.684780"></trkpt>
      <trkpt lat="24.940930" lon="121.684800"></trkpt>
      <trkpt lat="24.940760" lon="121.684800"></trkpt>
      <trkpt lat="24.940630" lon="121.684750"></trkpt>
      <trkpt lat="24.940570" lon="121.684710"></trkpt>
      <trkpt lat="24.940260" lon="121.684430"></trkpt>
      <trkpt lat="24.940260" lon="121.684420"></trkpt>
      <trkpt lat="24.940100" lon="121.684300"></trkpt>
      <trkpt lat="24.940090" lon="121.684300"></trkpt>
      <trkpt lat="24.940020" lon="121.684250"></trkpt>
      <trkpt lat="24.939630" lon="121.684040"></trkpt>
      <trkpt lat="24.939520" lon="121.683960"></trkpt>
      <trkpt lat="24.939310" lon="121.683860"></trkpt>
      <trkpt lat="24.939300" lon="121.683860"></trkpt>
      <trkpt lat="24.939290" lon="121.683850"></trkpt>
      <trkpt lat="24.938940" lon="121.683700"></trkpt>
      <trkpt lat="24.938670" lon="121.683640"></trkpt>
      <trkpt lat="24.938360" lon="121.683620"></trkpt>
      <trkpt lat="24.938050" lon="121.683530"></trkpt>
      <trkpt lat="24.937430" lon="121.683210"></trkpt>
      <trkpt lat="24.937390" lon="121.683200"></trkpt>
      <trkpt lat="24.937320" lon="121.683200"></trkpt>
      <trkpt lat="24.937260" lon="121.683190"></trkpt>
      <trkpt lat="24.937190" lon="121.683200"></trkpt>
      <trkpt lat="24.937120" lon="121.683230"></trkpt>
      <trkpt lat="24.937050" lon="121.683280"></trkpt>
      <trkpt lat="24.936990" lon="121.683340"></trkpt>
      <trkpt lat="24.936940" lon="121.683410"></trkpt>
      <trkpt lat="24.936730" lon="121.683930"></trkpt>
      <trkpt lat="24.936590" lon="121.684160"></trkpt>
      <trkpt lat="24.936340" lon="121.684470"></trkpt>
      <trkpt lat="24.936260" lon="121.684540"></trkpt>
      <trkpt lat="24.935720" lon="121.685140"></trkpt>
      <trkpt lat="24.935640" lon="121.685280"></trkpt>
      <trkpt lat="24.935180" lon="121.686420"></trkpt>
      <trkpt lat="24.935080" lon="121.686520"></trkpt>
      <trkpt lat="24.935010" lon="121.686570"></trkpt>
      <trkpt lat="24.934880" lon="121.686690"></trkpt>
      <trkpt lat="24.934820" lon="121.686760"></trkpt>
      <trkpt lat="24.934790" lon="121.686810"></trkpt>
      <trkpt lat="24.934760" lon="121.686930"></trkpt>
      <trkpt lat="24.934760" lon="121.686980"></trkpt>
      <trkpt lat="24.934780" lon="121.687070"></trkpt>
      <trkpt lat="24.934900" lon="121.687370"></trkpt>
      <trkpt lat="24.934920" lon="121.687440"></trkpt>
      <trkpt lat="24.934970" lon="121.687530"></trkpt>
      <trkpt lat="24.934990" lon="121.687620"></trkpt>
      <trkpt lat="24.935030" lon="121.687990"></trkpt>
      <trkpt lat="24.935060" lon="121.688100"></trkpt>
      <trkpt lat="24.935130" lon="121.688250"></trkpt>
      <trkpt lat="24.935540" lon="121.688940"></trkpt>
      <trkpt lat="24.935580" lon="121.689060"></trkpt>
      <trkpt lat="24.935730" lon="121.689290"></trkpt>
      <trkpt lat="24.935760" lon="121.689320"></trkpt>
      <trkpt lat="24.935810" lon="121.689410"></trkpt>
      <trkpt lat="24.935920" lon="121.689570"></trkpt>
      <trkpt lat="24.936190" lon="121.690030"></trkpt>
      <trkpt lat="24.936220" lon="121.690070"></trkpt>
      <trkpt lat="24.936470" lon="121.690630"></trkpt>
      <trkpt lat="24.936510" lon="121.690690"></trkpt>
      <trkpt lat="24.936570" lon="121.690760"></trkpt>
      <trkpt lat="24.936630" lon="121.690810"></trkpt>
      <trkpt lat="24.936740" lon="121.690950"></trkpt>
      <trkpt lat="24.936780" lon="121.691070"></trkpt>
      <trkpt lat="24.936810" lon="121.691200"></trkpt>
      <trkpt lat="24.936820" lon="121.691300"></trkpt>
      <trkpt lat="24.936820" lon="121.691640"></trkpt>
      <trkpt lat="24.936860" lon="121.692270"></trkpt>
      <trkpt lat="24.936860" lon="121.692600"></trkpt>
      <trkpt lat="24.936850" lon="121.692690"></trkpt>
      <trkpt lat="24.936820" lon="121.692790"></trkpt>
      <trkpt lat="24.936800" lon="121.692830"></trkpt>
      <trkpt lat="24.936770" lon="121.692920"></trkpt>
      <trkpt lat="24.936680" lon="121.693090"></trkpt>
      <trkpt lat="24.936360" lon="121.693540"></trkpt>
      <trkpt lat="24.936290" lon="121.693610"></trkpt>
      <trkpt lat="24.936210" lon="121.693670"></trkpt>
      <trkpt lat="24.936070" lon="121.693820"></trkpt>
      <trkpt lat="24.935980" lon="121.693960"></trkpt>
      <trkpt lat="24.935920" lon="121.694090"></trkpt>
      <trkpt lat="24.935780" lon="121.694490"></trkpt>
      <trkpt lat="24.935760" lon="121.694590"></trkpt>
      <trkpt lat="24.935600" lon="121.694970"></trkpt>
      <trkpt lat="24.935220" lon="121.695550"></trkpt>
      <trkpt lat="24.935090" lon="121.695720"></trkpt>
      <trkpt lat="24.935090" lon="121.695730"></trkpt>
      <trkpt lat="24.934840" lon="121.696070"></trkpt>
      <trkpt lat="24.934770" lon="121.696220"></trkpt>
      <trkpt lat="24.934750" lon="121.696310"></trkpt>
      <trkpt lat="24.934740" lon="121.696410"></trkpt>
      <trkpt lat="24.934760" lon="121.696510"></trkpt>
      <trkpt lat="24.934780" lon="121.696570"></trkpt>
      <trkpt lat="24.935220" lon="121.697390"></trkpt>
      <trkpt lat="24.935610" lon="121.698260"></trkpt>
      <trkpt lat="24.935620" lon="121.698300"></trkpt>
      <trkpt lat="24.936040" lon="121.698980"></trkpt>
      <trkpt lat="24.936270" lon="121.699420"></trkpt>
      <trkpt lat="24.936490" lon="121.699980"></trkpt>
      <trkpt lat="24.936530" lon="121.700050"></trkpt>
      <trkpt lat="24.936610" lon="121.700290"></trkpt>
      <trkpt lat="24.936650" lon="121.700640"></trkpt>
      <trkpt lat="24.936650" lon="121.701310"></trkpt>
      <trkpt lat="24.936620" lon="121.701740"></trkpt>
      <trkpt lat="24.936570" lon="121.702100"></trkpt>
      <trkpt lat="24.936520" lon="121.702330"></trkpt>
      <trkpt lat="24.936500" lon="121.702480"></trkpt>
      <trkpt lat="24.936430" lon="121.702670"></trkpt>
      <trkpt lat="24.934630" lon="121.706570"></trkpt>
      <trkpt lat="24.934600" lon="121.706680"></trkpt>
      <trkpt lat="24.934570" lon="121.706750"></trkpt>
      <trkpt lat="24.934530" lon="121.706940"></trkpt>
      <trkpt lat="24.934520" lon="121.707120"></trkpt>
      <trkpt lat="24.934530" lon="121.707190"></trkpt>
      <trkpt lat="24.934530" lon="121.707290"></trkpt>
      <trkpt lat="24.934590" lon="121.707580"></trkpt>
      <trkpt lat="24.935080" lon="121.709350"></trkpt>
      <trkpt lat="24.935240" lon="121.710040"></trkpt>
      <trkpt lat="24.935250" lon="121.710120"></trkpt>
      <trkpt lat="24.935260" lon="121.710150"></trkpt>
      <trkpt lat="24.935260" lon="121.710320"></trkpt>
      <trkpt lat="24.935270" lon="121.710340"></trkpt>
      <trkpt lat="24.935230" lon="121.710490"></trkpt>
      <trkpt lat="24.935130" lon="121.710680"></trkpt>
      <trkpt lat="24.935010" lon="121.710770"></trkpt>
      <trkpt lat="24.934230" lon="121.710960"></trkpt>
      <trkpt lat="24.934100" lon="121.710980"></trkpt>
      <trkpt lat="24.934050" lon="121.710980"></trkpt>
      <trkpt lat="24.933990" lon="121.710970"></trkpt>
      <trkpt lat="24.933920" lon="121.710970"></trkpt>
      <trkpt lat="24.933810" lon="121.710900"></trkpt>
      <trkpt lat="24.933780" lon="121.710870"></trkpt>
      <trkpt lat="24.933760" lon="121.710840"></trkpt>
      <trkpt lat="24.933590" lon="121.710400"></trkpt>
      <trkpt lat="24.933450" lon="121.710170"></trkpt>
      <trkpt lat="24.933350" lon="121.710050"></trkpt>
      <trkpt lat="24.933250" lon="121.709960"></trkpt>
      <trkpt lat="24.932390" lon="121.709420"></trkpt>
      <trkpt lat="24.932310" lon="121.709340"></trkpt>
      <trkpt lat="24.932280" lon="121.709290"></trkpt>
      <trkpt lat="24.932260" lon="121.709220"></trkpt>
      <trkpt lat="24.932260" lon="121.709050"></trkpt>
      <trkpt lat="24.932270" lon="121.709000"></trkpt>
      <trkpt lat="24.932390" lon="121.708640"></trkpt>
      <trkpt lat="24.932460" lon="121.708350"></trkpt>
      <trkpt lat="24.932460" lon="121.708050"></trkpt>
      <trkpt lat="24.932410" lon="121.707260"></trkpt>
      <trkpt lat="24.932370" lon="121.707000"></trkpt>
      <trkpt lat="24.932340" lon="121.706930"></trkpt>
      <trkpt lat="24.932320" lon="121.706900"></trkpt>
      <trkpt lat="24.932250" lon="121.706870"></trkpt>
      <trkpt lat="24.932150" lon="121.706870"></trkpt>
      <trkpt lat="24.931940" lon="121.706910"></trkpt>
      <trkpt lat="24.931820" lon="121.706950"></trkpt>
      <trkpt lat="24.931150" lon="121.707300"></trkpt>
      <trkpt lat="24.930970" lon="121.707440"></trkpt>
      <trkpt lat="24.930850" lon="121.707560"></trkpt>
      <trkpt lat="24.930810" lon="121.707620"></trkpt>
      <trkpt lat="24.930790" lon="121.707680"></trkpt>
      <trkpt lat="24.930780" lon="121.707740"></trkpt>
      <trkpt lat="24.930780" lon="121.707960"></trkpt>
      <trkpt lat="24.930770" lon="121.708040"></trkpt>
      <trkpt lat="24.930740" lon="121.708110"></trkpt>
      <trkpt lat="24.930730" lon="121.708120"></trkpt>
      <trkpt lat="24.930710" lon="121.708160"></trkpt>
      <trkpt lat="24.930680" lon="121.708190"></trkpt>
      <trkpt lat="24.930660" lon="121.708200"></trkpt>
      <trkpt lat="24.930610" lon="121.708240"></trkpt>
      <trkpt lat="24.929870" lon="121.708480"></trkpt>
      <trkpt lat="24.929760" lon="121.708490"></trkpt>
      <trkpt lat="24.929660" lon="121.708470"></trkpt>
      <trkpt lat="24.929500" lon="121.708410"></trkpt>
      <trkpt lat="24.929170" lon="121.708250"></trkpt>
      <trkpt lat="24.929160" lon="121.708240"></trkpt>
      <trkpt lat="24.929040" lon="121.708220"></trkpt>
      <trkpt lat="24.928830" lon="121.708230"></trkpt>
      <trkpt lat="24.928640" lon="121.708280"></trkpt>
      <trkpt lat="24.928400" lon="121.708430"></trkpt>
      <trkpt lat="24.928240" lon="121.708460"></trkpt>
      <trkpt lat="24.928050" lon="121.708420"></trkpt>
      <trkpt lat="24.927660" lon="121.708300"></trkpt>
      <trkpt lat="24.927110" lon="121.708180"></trkpt>
      <trkpt lat="24.927040" lon="121.708180"></trkpt>
      <trkpt lat="24.926950" lon="121.708200"></trkpt>
      <trkpt lat="24.926780" lon="121.708290"></trkpt>
      <trkpt lat="24.926690" lon="121.708360"></trkpt>
      <trkpt lat="24.926390" lon="121.708650"></trkpt>
      <trkpt lat="24.926350" lon="121.708670"></trkpt>
      <trkpt lat="24.926230" lon="121.708670"></trkpt>
      <trkpt lat="24.926180" lon="121.708660"></trkpt>
      <trkpt lat="24.926120" lon="121.708630"></trkpt>
      <trkpt lat="24.925240" lon="121.707930"></trkpt>
      <trkpt lat="24.925080" lon="121.707830"></trkpt>
      <trkpt lat="24.924880" lon="121.707760"></trkpt>
      <trkpt lat="24.924550" lon="121.707690"></trkpt>
      <trkpt lat="24.924490" lon="121.707670"></trkpt>
      <trkpt lat="24.924460" lon="121.707650"></trkpt>
      <trkpt lat="24.924450" lon="121.707650"></trkpt>
      <trkpt lat="24.924370" lon="121.707570"></trkpt>
      <trkpt lat="24.924320" lon="121.707490"></trkpt>
      <trkpt lat="24.924300" lon="121.707420"></trkpt>
      <trkpt lat="24.924270" lon="121.707150"></trkpt>
      <trkpt lat="24.924240" lon="121.707080"></trkpt>
      <trkpt lat="24.924210" lon="121.707030"></trkpt>
      <trkpt lat="24.924190" lon="121.707010"></trkpt>
      <trkpt lat="24.924090" lon="121.706950"></trkpt>
      <trkpt lat="24.923950" lon="121.706910"></trkpt>
      <trkpt lat="24.923590" lon="121.706870"></trkpt>
      <trkpt lat="24.923520" lon="121.706840"></trkpt>
      <trkpt lat="24.923470" lon="121.706790"></trkpt>
      <trkpt lat="24.923440" lon="121.706690"></trkpt>
      <trkpt lat="24.923430" lon="121.706680"></trkpt>
      <trkpt lat="24.923440" lon="121.706630"></trkpt>
      <trkpt lat="24.923440" lon="121.706580"></trkpt>
      <trkpt lat="24.923460" lon="121.706530"></trkpt>
      <trkpt lat="24.923490" lon="121.706480"></trkpt>
      <trkpt lat="24.923570" lon="121.706380"></trkpt>
      <trkpt lat="24.923670" lon="121.706290"></trkpt>
      <trkpt lat="24.923730" lon="121.706250"></trkpt>
      <trkpt lat="24.923760" lon="121.706220"></trkpt>
      <trkpt lat="24.923780" lon="121.706190"></trkpt>
      <trkpt lat="24.923800" lon="121.706170"></trkpt>
      <trkpt lat="24.923840" lon="121.706100"></trkpt>
      <trkpt lat="24.923880" lon="121.705980"></trkpt>
      <trkpt lat="24.923900" lon="121.705870"></trkpt>
      <trkpt lat="24.923900" lon="121.705820"></trkpt>
      <trkpt lat="24.923890" lon="121.705790"></trkpt>
      <trkpt lat="24.923890" lon="121.705760"></trkpt>
      <trkpt lat="24.923880" lon="121.705740"></trkpt>
      <trkpt lat="24.923860" lon="121.705670"></trkpt>
      <trkpt lat="24.923840" lon="121.705650"></trkpt>
      <trkpt lat="24.923830" lon="121.705630"></trkpt>
      <trkpt lat="24.923730" lon="121.705570"></trkpt>
      <trkpt lat="24.922750" lon="121.705380"></trkpt>
      <trkpt lat="24.922660" lon="121.705380"></trkpt>
      <trkpt lat="24.922460" lon="121.705420"></trkpt>
      <trkpt lat="24.922290" lon="121.705470"></trkpt>
      <trkpt lat="24.922260" lon="121.705490"></trkpt>
      <trkpt lat="24.922230" lon="121.705500"></trkpt>
      <trkpt lat="24.922110" lon="121.705600"></trkpt>
      <trkpt lat="24.921990" lon="121.705730"></trkpt>
      <trkpt lat="24.921950" lon="121.705790"></trkpt>
      <trkpt lat="24.921930" lon="121.705850"></trkpt>
      <trkpt lat="24.921900" lon="121.705910"></trkpt>
      <trkpt lat="24.921740" lon="121.706460"></trkpt>
      <trkpt lat="24.921680" lon="121.706560"></trkpt>
      <trkpt lat="24.921600" lon="121.706610"></trkpt>
      <trkpt lat="24.921540" lon="121.706630"></trkpt>
      <trkpt lat="24.921510" lon="121.706620"></trkpt>
      <trkpt lat="24.921480" lon="121.706620"></trkpt>
      <trkpt lat="24.921360" lon="121.706570"></trkpt>
      <trkpt lat="24.921340" lon="121.706540"></trkpt>
      <trkpt lat="24.921220" lon="121.706460"></trkpt>
      <trkpt lat="24.921180" lon="121.706420"></trkpt>
      <trkpt lat="24.921110" lon="121.706380"></trkpt>
      <trkpt lat="24.921050" lon="121.706360"></trkpt>
      <trkpt lat="24.920940" lon="121.706340"></trkpt>
      <trkpt lat="24.920780" lon="121.706340"></trkpt>
      <trkpt lat="24.920600" lon="121.706370"></trkpt>
      <trkpt lat="24.920270" lon="121.706450"></trkpt>
      <trkpt lat="24.920200" lon="121.706480"></trkpt>
      <trkpt lat="24.920160" lon="121.706490"></trkpt>
      <trkpt lat="24.920070" lon="121.706550"></trkpt>
      <trkpt lat="24.919640" lon="121.706890"></trkpt>
      <trkpt lat="24.919410" lon="121.707100"></trkpt>
      <trkpt lat="24.919400" lon="121.707120"></trkpt>
      <trkpt lat="24.919380" lon="121.707140"></trkpt>
      <trkpt lat="24.919260" lon="121.707340"></trkpt>
      <trkpt lat="24.919170" lon="121.707550"></trkpt>
      <trkpt lat="24.919120" lon="121.707800"></trkpt>
      <trkpt lat="24.919120" lon="121.707890"></trkpt>
      <trkpt lat="24.919130" lon="121.707920"></trkpt>
      <trkpt lat="24.919130" lon="121.707960"></trkpt>
      <trkpt lat="24.919210" lon="121.708180"></trkpt>
      <trkpt lat="24.919210" lon="121.708210"></trkpt>
      <trkpt lat="24.919220" lon="121.708260"></trkpt>
      <trkpt lat="24.919220" lon="121.708290"></trkpt>
      <trkpt lat="24.919210" lon="121.708320"></trkpt>
      <trkpt lat="24.919190" lon="121.708350"></trkpt>
      <trkpt lat="24.919150" lon="121.708380"></trkpt>
      <trkpt lat="24.919100" lon="121.708400"></trkpt>
      <trkpt lat="24.918980" lon="121.708420"></trkpt>
      <trkpt lat="24.918880" lon="121.708400"></trkpt>
      <trkpt lat="24.918690" lon="121.708330"></trkpt>
      <trkpt lat="24.918610" lon="121.708330"></trkpt>
      <trkpt lat="24.918570" lon="121.708350"></trkpt>
      <trkpt lat="24.918490" lon="121.708370"></trkpt>
      <trkpt lat="24.918440" lon="121.708390"></trkpt>
      <trkpt lat="24.918310" lon="121.708500"></trkpt>
      <trkpt lat="24.918270" lon="121.708560"></trkpt>
      <trkpt lat="24.918220" lon="121.708780"></trkpt>
      <trkpt lat="24.918170" lon="121.709360"></trkpt>
      <trkpt lat="24.918080" lon="121.709740"></trkpt>
      <trkpt lat="24.918030" lon="121.709890"></trkpt>
      <trkpt lat="24.917960" lon="121.710020"></trkpt>
      <trkpt lat="24.917880" lon="121.710070"></trkpt>
      <trkpt lat="24.917760" lon="121.710100"></trkpt>
      <trkpt lat="24.917740" lon="121.710100"></trkpt>
      <trkpt lat="24.917660" lon="121.710070"></trkpt>
      <trkpt lat="24.917610" lon="121.710040"></trkpt>
      <trkpt lat="24.917550" lon="121.709980"></trkpt>
      <trkpt lat="24.917480" lon="121.709890"></trkpt>
      <trkpt lat="24.917470" lon="121.709860"></trkpt>
      <trkpt lat="24.917350" lon="121.709710"></trkpt>
      <trkpt lat="24.917290" lon="121.709670"></trkpt>
      <trkpt lat="24.917250" lon="121.709670"></trkpt>
      <trkpt lat="24.917200" lon="121.709660"></trkpt>
      <trkpt lat="24.917080" lon="121.709720"></trkpt>
      <trkpt lat="24.917030" lon="121.709760"></trkpt>
      <trkpt lat="24.916960" lon="121.709860"></trkpt>
      <trkpt lat="24.916850" lon="121.710100"></trkpt>
      <trkpt lat="24.916780" lon="121.710220"></trkpt>
      <trkpt lat="24.916720" lon="121.710300"></trkpt>
      <trkpt lat="24.916600" lon="121.710420"></trkpt>
      <trkpt lat="24.916460" lon="121.710500"></trkpt>
      <trkpt lat="24.916370" lon="121.710540"></trkpt>
      <trkpt lat="24.916360" lon="121.710550"></trkpt>
      <trkpt lat="24.916170" lon="121.710600"></trkpt>
      <trkpt lat="24.915750" lon="121.710640"></trkpt>
      <trkpt lat="24.915490" lon="121.710750"></trkpt>
      <trkpt lat="24.915130" lon="121.711000"></trkpt>
      <trkpt lat="24.915110" lon="121.711030"></trkpt>
      <trkpt lat="24.915090" lon="121.711050"></trkpt>
      <trkpt lat="24.915040" lon="121.711220"></trkpt>
      <trkpt lat="24.915020" lon="121.711370"></trkpt>
      <trkpt lat="24.915010" lon="121.711830"></trkpt>
      <trkpt lat="24.915040" lon="121.712030"></trkpt>
      <trkpt lat="24.915040" lon="121.712120"></trkpt>
      <trkpt lat="24.915030" lon="121.712140"></trkpt>
      <trkpt lat="24.915030" lon="121.712180"></trkpt>
      <trkpt lat="24.915020" lon="121.712210"></trkpt>
      <trkpt lat="24.914930" lon="121.712370"></trkpt>
      <trkpt lat="24.914810" lon="121.712540"></trkpt>
      <trkpt lat="24.914750" lon="121.712680"></trkpt>
      <trkpt lat="24.914710" lon="121.712750"></trkpt>
      <trkpt lat="24.914540" lon="121.713130"></trkpt>
      <trkpt lat="24.914470" lon="121.713220"></trkpt>
      <trkpt lat="24.914350" lon="121.713330"></trkpt>
      <trkpt lat="24.914340" lon="121.713330"></trkpt>
      <trkpt lat="24.913680" lon="121.713830"></trkpt>
      <trkpt lat="24.913600" lon="121.713880"></trkpt>
      <trkpt lat="24.912670" lon="121.714610"></trkpt>
      <trkpt lat="24.912580" lon="121.714670"></trkpt>
      <trkpt lat="24.912290" lon="121.714930"></trkpt>
      <trkpt lat="24.912210" lon="121.714990"></trkpt>
      <trkpt lat="24.912180" lon="121.714990"></trkpt>
      <trkpt lat="24.912120" lon="121.715010"></trkpt>
      <trkpt lat="24.912100" lon="121.715000"></trkpt>
      <trkpt lat="24.912070" lon="121.715000"></trkpt>
      <trkpt lat="24.912000" lon="121.714970"></trkpt>
      <trkpt lat="24.911690" lon="121.714790"></trkpt>
      <trkpt lat="24.911620" lon="121.714760"></trkpt>
      <trkpt lat="24.911570" lon="121.714730"></trkpt>
      <trkpt lat="24.911460" lon="121.714690"></trkpt>
      <trkpt lat="24.911410" lon="121.714690"></trkpt>
      <trkpt lat="24.911310" lon="121.714710"></trkpt>
      <trkpt lat="24.911220" lon="121.714760"></trkpt>
      <trkpt lat="24.911110" lon="121.714860"></trkpt>
      <trkpt lat="24.911080" lon="121.714900"></trkpt>
      <trkpt lat="24.911060" lon="121.714940"></trkpt>
      <trkpt lat="24.911030" lon="121.714980"></trkpt>
      <trkpt lat="24.911000" lon="121.715060"></trkpt>
      <trkpt lat="24.911000" lon="121.715080"></trkpt>
      <trkpt lat="24.910990" lon="121.715110"></trkpt>
      <trkpt lat="24.910980" lon="121.715290"></trkpt>
      <trkpt lat="24.911080" lon="121.715930"></trkpt>
      <trkpt lat="24.911080" lon="121.716130"></trkpt>
      <trkpt lat="24.911050" lon="121.716340"></trkpt>
      <trkpt lat="24.911020" lon="121.716420"></trkpt>
      <trkpt lat="24.910780" lon="121.717390"></trkpt>
      <trkpt lat="24.910790" lon="121.717730"></trkpt>
      <trkpt lat="24.910770" lon="121.717790"></trkpt>
      <trkpt lat="24.910770" lon="121.717800"></trkpt>
      <trkpt lat="24.910700" lon="121.717940"></trkpt>
      <trkpt lat="24.910670" lon="121.717960"></trkpt>
      <trkpt lat="24.910660" lon="121.717980"></trkpt>
      <trkpt lat="24.910590" lon="121.718000"></trkpt>
      <trkpt lat="24.910540" lon="121.718000"></trkpt>
      <trkpt lat="24.910450" lon="121.717960"></trkpt>
      <trkpt lat="24.910360" lon="121.717860"></trkpt>
      <trkpt lat="24.910350" lon="121.717860"></trkpt>
      <trkpt lat="24.910250" lon="121.717780"></trkpt>
      <trkpt lat="24.910220" lon="121.717740"></trkpt>
      <trkpt lat="24.910190" lon="121.717720"></trkpt>
      <trkpt lat="24.910090" lon="121.717700"></trkpt>
      <trkpt lat="24.910030" lon="121.717710"></trkpt>
      <trkpt lat="24.909980" lon="121.717730"></trkpt>
      <trkpt lat="24.909580" lon="121.718050"></trkpt>
      <trkpt lat="24.909460" lon="121.718170"></trkpt>
      <trkpt lat="24.909430" lon="121.718230"></trkpt>
      <trkpt lat="24.909410" lon="121.718240"></trkpt>
      <trkpt lat="24.909200" lon="121.718690"></trkpt>
      <trkpt lat="24.909180" lon="121.718770"></trkpt>
      <trkpt lat="24.909170" lon="121.718850"></trkpt>
      <trkpt lat="24.909170" lon="121.719000"></trkpt>
      <trkpt lat="24.909160" lon="121.719070"></trkpt>
      <trkpt lat="24.908630" lon="121.720320"></trkpt>
      <trkpt lat="24.908610" lon="121.720420"></trkpt>
      <trkpt lat="24.908610" lon="121.720500"></trkpt>
      <trkpt lat="24.908640" lon="121.720630"></trkpt>
      <trkpt lat="24.909000" lon="121.721290"></trkpt>
      <trkpt lat="24.909020" lon="121.721340"></trkpt>
      <trkpt lat="24.909050" lon="121.721480"></trkpt>
      <trkpt lat="24.909050" lon="121.721610"></trkpt>
      <trkpt lat="24.909030" lon="121.721700"></trkpt>
      <trkpt lat="24.908980" lon="121.721830"></trkpt>
      <trkpt lat="24.908890" lon="121.721930"></trkpt>
      <trkpt lat="24.908880" lon="121.721930"></trkpt>
      <trkpt lat="24.908840" lon="121.721960"></trkpt>
      <trkpt lat="24.908770" lon="121.721980"></trkpt>
      <trkpt lat="24.908750" lon="121.721990"></trkpt>
      <trkpt lat="24.908550" lon="121.721990"></trkpt>
      <trkpt lat="24.908410" lon="121.721940"></trkpt>
      <trkpt lat="24.908310" lon="121.721870"></trkpt>
      <trkpt lat="24.908170" lon="121.721720"></trkpt>
      <trkpt lat="24.907870" lon="121.721270"></trkpt>
      <trkpt lat="24.907160" lon="121.720420"></trkpt>
      <trkpt lat="24.907110" lon="121.720330"></trkpt>
      <trkpt lat="24.907070" lon="121.720200"></trkpt>
      <trkpt lat="24.907060" lon="121.720130"></trkpt>
      <trkpt lat="24.907080" lon="121.719820"></trkpt>
      <trkpt lat="24.907000" lon="121.719660"></trkpt>
      <trkpt lat="24.906940" lon="121.719590"></trkpt>
      <trkpt lat="24.906930" lon="121.719590"></trkpt>
      <trkpt lat="24.906890" lon="121.719570"></trkpt>
      <trkpt lat="24.906530" lon="121.719520"></trkpt>
      <trkpt lat="24.906420" lon="121.719480"></trkpt>
      <trkpt lat="24.906340" lon="121.719420"></trkpt>
      <trkpt lat="24.906190" lon="121.719230"></trkpt>
      <trkpt lat="24.906130" lon="121.719180"></trkpt>
      <trkpt lat="24.906020" lon="121.719120"></trkpt>
      <trkpt lat="24.905990" lon="121.719110"></trkpt>
      <trkpt lat="24.905920" lon="121.719110"></trkpt>
      <trkpt lat="24.905830" lon="121.719130"></trkpt>
      <trkpt lat="24.905690" lon="121.719190"></trkpt>
      <trkpt lat="24.905610" lon="121.719240"></trkpt>
      <trkpt lat="24.905500" lon="121.719350"></trkpt>
      <trkpt lat="24.905340" lon="121.719590"></trkpt>
      <trkpt lat="24.905300" lon="121.719710"></trkpt>
      <trkpt lat="24.905300" lon="121.719770"></trkpt>
      <trkpt lat="24.905340" lon="121.720070"></trkpt>
      <trkpt lat="24.905340" lon="121.720180"></trkpt>
      <trkpt lat="24.905310" lon="121.720320"></trkpt>
      <trkpt lat="24.905230" lon="121.720530"></trkpt>
      <trkpt lat="24.905220" lon="121.720630"></trkpt>
      <trkpt lat="24.905210" lon="121.720660"></trkpt>
      <trkpt lat="24.905170" lon="121.720990"></trkpt>
      <trkpt lat="24.905180" lon="121.721250"></trkpt>
      <trkpt lat="24.905160" lon="121.721430"></trkpt>
      <trkpt lat="24.905120" lon="121.721530"></trkpt>
      <trkpt lat="24.905050" lon="121.721650"></trkpt>
      <trkpt lat="24.904990" lon="121.721730"></trkpt>
      <trkpt lat="24.904950" lon="121.721850"></trkpt>
      <trkpt lat="24.904940" lon="121.721970"></trkpt>
      <trkpt lat="24.904950" lon="121.722160"></trkpt>
      <trkpt lat="24.904960" lon="121.722180"></trkpt>
      <trkpt lat="24.905000" lon="121.722440"></trkpt>
      <trkpt lat="24.905000" lon="121.722570"></trkpt>
      <trkpt lat="24.904990" lon="121.722640"></trkpt>
      <trkpt lat="24.904950" lon="121.722760"></trkpt>
      <trkpt lat="24.904720" lon="121.723240"></trkpt>
      <trkpt lat="24.904630" lon="121.723300"></trkpt>
      <trkpt lat="24.904560" lon="121.723320"></trkpt>
      <trkpt lat="24.904460" lon="121.723290"></trkpt>
      <trkpt lat="24.904450" lon="121.723290"></trkpt>
      <trkpt lat="24.904400" lon="121.723270"></trkpt>
      <trkpt lat="24.904370" lon="121.723240"></trkpt>
      <trkpt lat="24.904280" lon="121.723040"></trkpt>
      <trkpt lat="24.904160" lon="121.722660"></trkpt>
      <trkpt lat="24.903920" lon="121.721740"></trkpt>
      <trkpt lat="24.903750" lon="121.721360"></trkpt>
      <trkpt lat="24.903710" lon="121.721300"></trkpt>
      <trkpt lat="24.903630" lon="121.721210"></trkpt>
      <trkpt lat="24.903600" lon="121.721190"></trkpt>
      <trkpt lat="24.903490" lon="121.721090"></trkpt>
      <trkpt lat="24.903460" lon="121.721070"></trkpt>
      <trkpt lat="24.903210" lon="121.720580"></trkpt>
      <trkpt lat="24.903030" lon="121.720290"></trkpt>
      <trkpt lat="24.902930" lon="121.720160"></trkpt>
      <trkpt lat="24.902840" lon="121.720070"></trkpt>
      <trkpt lat="24.902760" lon="121.720010"></trkpt>
      <trkpt lat="24.902580" lon="121.719970"></trkpt>
      <trkpt lat="24.902460" lon="121.719990"></trkpt>
      <trkpt lat="24.902350" lon="121.720020"></trkpt>
      <trkpt lat="24.902250" lon="121.720060"></trkpt>
      <trkpt lat="24.901950" lon="121.720150"></trkpt>
      <trkpt lat="24.901860" lon="121.720190"></trkpt>
      <trkpt lat="24.901760" lon="121.720250"></trkpt>
      <trkpt lat="24.901700" lon="121.720320"></trkpt>
      <trkpt lat="24.901670" lon="121.720380"></trkpt>
      <trkpt lat="24.901650" lon="121.720440"></trkpt>
      <trkpt lat="24.901620" lon="121.720680"></trkpt>
      <trkpt lat="24.901700" lon="121.721210"></trkpt>
      <trkpt lat="24.901700" lon="121.721420"></trkpt>
      <trkpt lat="24.901680" lon="121.721510"></trkpt>
      <trkpt lat="24.901570" lon="121.721720"></trkpt>
      <trkpt lat="24.901430" lon="121.721830"></trkpt>
      <trkpt lat="24.900280" lon="121.722520"></trkpt>
      <trkpt lat="24.900080" lon="121.722620"></trkpt>
      <trkpt lat="24.899600" lon="121.722940"></trkpt>
      <trkpt lat="24.899330" lon="121.723090"></trkpt>
      <trkpt lat="24.898990" lon="121.723220"></trkpt>
      <trkpt lat="24.898790" lon="121.723260"></trkpt>
      <trkpt lat="24.898420" lon="121.723240"></trkpt>
      <trkpt lat="24.898330" lon="121.723270"></trkpt>
      <trkpt lat="24.898270" lon="121.723330"></trkpt>
      <trkpt lat="24.898260" lon="121.723360"></trkpt>
      <trkpt lat="24.898250" lon="121.723370"></trkpt>
      <trkpt lat="24.898230" lon="121.723420"></trkpt>
      <trkpt lat="24.898220" lon="121.723480"></trkpt>
      <trkpt lat="24.898220" lon="121.723640"></trkpt>
      <trkpt lat="24.898260" lon="121.723800"></trkpt>
      <trkpt lat="24.898330" lon="121.723970"></trkpt>
      <trkpt lat="24.898370" lon="121.724100"></trkpt>
      <trkpt lat="24.898460" lon="121.724320"></trkpt>
      <trkpt lat="24.898460" lon="121.724390"></trkpt>
      <trkpt lat="24.898410" lon="121.724530"></trkpt>
      <trkpt lat="24.898340" lon="121.724610"></trkpt>
      <trkpt lat="24.898290" lon="121.724620"></trkpt>
      <trkpt lat="24.898230" lon="121.724620"></trkpt>
      <trkpt lat="24.898030" lon="121.724560"></trkpt>
      <trkpt lat="24.897950" lon="121.724560"></trkpt>
      <trkpt lat="24.897910" lon="121.724550"></trkpt>
      <trkpt lat="24.897670" lon="121.724550"></trkpt>
      <trkpt lat="24.897410" lon="121.724600"></trkpt>
      <trkpt lat="24.897380" lon="121.724620"></trkpt>
      <trkpt lat="24.897350" lon="121.724630"></trkpt>
      <trkpt lat="24.897260" lon="121.724680"></trkpt>
      <trkpt lat="24.897230" lon="121.724710"></trkpt>
      <trkpt lat="24.897170" lon="121.724800"></trkpt>
      <trkpt lat="24.897160" lon="121.724840"></trkpt>
      <trkpt lat="24.897160" lon="121.724890"></trkpt>
      <trkpt lat="24.897150" lon="121.724910"></trkpt>
      <trkpt lat="24.897160" lon="121.725150"></trkpt>
      <trkpt lat="24.897180" lon="121.725290"></trkpt>
      <trkpt lat="24.897180" lon="121.725380"></trkpt>
      <trkpt lat="24.897140" lon="121.725480"></trkpt>
      <trkpt lat="24.897090" lon="121.725530"></trkpt>
      <trkpt lat="24.897050" lon="121.725550"></trkpt>
      <trkpt lat="24.896870" lon="121.725590"></trkpt>
      <trkpt lat="24.896770" lon="121.725640"></trkpt>
      <trkpt lat="24.896700" lon="121.725700"></trkpt>
      <trkpt lat="24.896640" lon="121.725770"></trkpt>
      <trkpt lat="24.896540" lon="121.725930"></trkpt>
      <trkpt lat="24.896230" lon="121.726330"></trkpt>
      <trkpt lat="24.896180" lon="121.726380"></trkpt>
      <trkpt lat="24.896130" lon="121.726410"></trkpt>
      <trkpt lat="24.896080" lon="121.726430"></trkpt>
      <trkpt lat="24.896060" lon="121.726450"></trkpt>
      <trkpt lat="24.896040" lon="121.726460"></trkpt>
      <trkpt lat="24.895980" lon="121.726470"></trkpt>
      <trkpt lat="24.895080" lon="121.726780"></trkpt>
      <trkpt lat="24.895010" lon="121.726820"></trkpt>
      <trkpt lat="24.894880" lon="121.726920"></trkpt>
      <trkpt lat="24.894840" lon="121.726980"></trkpt>
      <trkpt lat="24.894810" lon="121.727050"></trkpt>
      <trkpt lat="24.894810" lon="121.727100"></trkpt>
      <trkpt lat="24.894790" lon="121.727160"></trkpt>
      <trkpt lat="24.894790" lon="121.727370"></trkpt>
      <trkpt lat="24.894850" lon="121.727730"></trkpt>
      <trkpt lat="24.894840" lon="121.727780"></trkpt>
      <trkpt lat="24.894840" lon="121.727820"></trkpt>
      <trkpt lat="24.894820" lon="121.727860"></trkpt>
      <trkpt lat="24.894790" lon="121.727890"></trkpt>
      <trkpt lat="24.894680" lon="121.727960"></trkpt>
      <trkpt lat="24.894460" lon="121.728030"></trkpt>
      <trkpt lat="24.894420" lon="121.728050"></trkpt>
      <trkpt lat="24.894330" lon="121.728150"></trkpt>
      <trkpt lat="24.894240" lon="121.728310"></trkpt>
      <trkpt lat="24.894240" lon="121.728320"></trkpt>
      <trkpt lat="24.894170" lon="121.728530"></trkpt>
      <trkpt lat="24.894080" lon="121.729230"></trkpt>
      <trkpt lat="24.893990" lon="121.729550"></trkpt>
      <trkpt lat="24.893990" lon="121.729590"></trkpt>
      <trkpt lat="24.894020" lon="121.729740"></trkpt>
      <trkpt lat="24.894040" lon="121.729800"></trkpt>
      <trkpt lat="24.894040" lon="121.729820"></trkpt>
      <trkpt lat="24.894120" lon="121.730050"></trkpt>
      <trkpt lat="24.894180" lon="121.730170"></trkpt>
      <trkpt lat="24.894540" lon="121.730670"></trkpt>
      <trkpt lat="24.894640" lon="121.730870"></trkpt>
      <trkpt lat="24.894670" lon="121.730980"></trkpt>
      <trkpt lat="24.894680" lon="121.730980"></trkpt>
      <trkpt lat="24.894680" lon="121.731000"></trkpt>
      <trkpt lat="24.894730" lon="121.731190"></trkpt>
      <trkpt lat="24.894750" lon="121.731320"></trkpt>
      <trkpt lat="24.894810" lon="121.731460"></trkpt>
      <trkpt lat="24.894830" lon="121.731480"></trkpt>
      <trkpt lat="24.894840" lon="121.731500"></trkpt>
      <trkpt lat="24.894940" lon="121.731560"></trkpt>
      <trkpt lat="24.894990" lon="121.731560"></trkpt>
      <trkpt lat="24.895180" lon="121.731510"></trkpt>
      <trkpt lat="24.895460" lon="121.731410"></trkpt>
      <trkpt lat="24.895470" lon="121.731400"></trkpt>
      <trkpt lat="24.895550" lon="121.731380"></trkpt>
      <trkpt lat="24.895840" lon="121.731360"></trkpt>
      <trkpt lat="24.896050" lon="121.731390"></trkpt>
      <trkpt lat="24.896330" lon="121.731490"></trkpt>
      <trkpt lat="24.896460" lon="121.731510"></trkpt>
      <trkpt lat="24.896660" lon="121.731520"></trkpt>
      <trkpt lat="24.896700" lon="121.731530"></trkpt>
      <trkpt lat="24.896760" lon="121.731570"></trkpt>
      <trkpt lat="24.896810" lon="121.731620"></trkpt>
      <trkpt lat="24.896820" lon="121.731660"></trkpt>
      <trkpt lat="24.896840" lon="121.731680"></trkpt>
      <trkpt lat="24.896850" lon="121.731820"></trkpt>
      <trkpt lat="24.896830" lon="121.731880"></trkpt>
      <trkpt lat="24.896790" lon="121.731940"></trkpt>
      <trkpt lat="24.896740" lon="121.731990"></trkpt>
      <trkpt lat="24.896600" lon="121.732080"></trkpt>
      <trkpt lat="24.896120" lon="121.732190"></trkpt>
      <trkpt lat="24.896050" lon="121.732220"></trkpt>
      <trkpt lat="24.896020" lon="121.732240"></trkpt>
      <trkpt lat="24.895990" lon="121.732250"></trkpt>
      <trkpt lat="24.895920" lon="121.732330"></trkpt>
      <trkpt lat="24.895900" lon="121.732380"></trkpt>
      <trkpt lat="24.895870" lon="121.732550"></trkpt>
      <trkpt lat="24.895850" lon="121.732610"></trkpt>
      <trkpt lat="24.895800" lon="121.732850"></trkpt>
      <trkpt lat="24.895770" lon="121.732940"></trkpt>
      <trkpt lat="24.895680" lon="121.733110"></trkpt>
      <trkpt lat="24.895620" lon="121.733190"></trkpt>
      <trkpt lat="24.895470" lon="121.733350"></trkpt>
      <trkpt lat="24.895440" lon="121.733400"></trkpt>
      <trkpt lat="24.895420" lon="121.733410"></trkpt>
      <trkpt lat="24.895390" lon="121.733460"></trkpt>
      <trkpt lat="24.895380" lon="121.733510"></trkpt>
      <trkpt lat="24.895380" lon="121.733610"></trkpt>
      <trkpt lat="24.895400" lon="121.733740"></trkpt>
      <trkpt lat="24.895490" lon="121.734050"></trkpt>
      <trkpt lat="24.895670" lon="121.734510"></trkpt>
      <trkpt lat="24.896160" lon="121.735460"></trkpt>
      <trkpt lat="24.896220" lon="121.735620"></trkpt>
      <trkpt lat="24.896220" lon="121.735790"></trkpt>
      <trkpt lat="24.896250" lon="121.736040"></trkpt>
      <trkpt lat="24.896250" lon="121.736130"></trkpt>
      <trkpt lat="24.896240" lon="121.736140"></trkpt>
      <trkpt lat="24.896230" lon="121.736190"></trkpt>
      <trkpt lat="24.896200" lon="121.736250"></trkpt>
      <trkpt lat="24.896120" lon="121.736310"></trkpt>
      <trkpt lat="24.896020" lon="121.736340"></trkpt>
      <trkpt lat="24.895840" lon="121.736330"></trkpt>
      <trkpt lat="24.895750" lon="121.736310"></trkpt>
      <trkpt lat="24.895710" lon="121.736310"></trkpt>
      <trkpt lat="24.895660" lon="121.736320"></trkpt>
      <trkpt lat="24.895620" lon="121.736340"></trkpt>
      <trkpt lat="24.895610" lon="121.736340"></trkpt>
      <trkpt lat="24.895030" lon="121.736740"></trkpt>
      <trkpt lat="24.894830" lon="121.736920"></trkpt>
      <trkpt lat="24.894710" lon="121.737210"></trkpt>
      <trkpt lat="24.894700" lon="121.737220"></trkpt>
      <trkpt lat="24.894650" lon="121.737300"></trkpt>
      <trkpt lat="24.894580" lon="121.737350"></trkpt>
      <trkpt lat="24.894530" lon="121.737370"></trkpt>
      <trkpt lat="24.894370" lon="121.737400"></trkpt>
      <trkpt lat="24.894230" lon="121.737410"></trkpt>
      <trkpt lat="24.894220" lon="121.737420"></trkpt>
      <trkpt lat="24.894180" lon="121.737430"></trkpt>
      <trkpt lat="24.894090" lon="121.737470"></trkpt>
      <trkpt lat="24.894040" lon="121.737570"></trkpt>
      <trkpt lat="24.893990" lon="121.737730"></trkpt>
      <trkpt lat="24.893970" lon="121.737840"></trkpt>
      <trkpt lat="24.893960" lon="121.737970"></trkpt>
      <trkpt lat="24.893970" lon="121.738100"></trkpt>
      <trkpt lat="24.894000" lon="121.738150"></trkpt>
      <trkpt lat="24.894020" lon="121.738200"></trkpt>
      <trkpt lat="24.894060" lon="121.738250"></trkpt>
      <trkpt lat="24.894070" lon="121.738250"></trkpt>
      <trkpt lat="24.894120" lon="121.738290"></trkpt>
      <trkpt lat="24.894150" lon="121.738300"></trkpt>
      <trkpt lat="24.894450" lon="121.738290"></trkpt>
      <trkpt lat="24.894600" lon="121.738310"></trkpt>
      <trkpt lat="24.894770" lon="121.738360"></trkpt>
      <trkpt lat="24.894930" lon="121.738450"></trkpt>
      <trkpt lat="24.894930" lon="121.738460"></trkpt>
      <trkpt lat="24.895020" lon="121.738550"></trkpt>
      <trkpt lat="24.895410" lon="121.739040"></trkpt>
      <trkpt lat="24.895560" lon="121.739330"></trkpt>
      <trkpt lat="24.895830" lon="121.740160"></trkpt>
      <trkpt lat="24.895920" lon="121.740520"></trkpt>
      <trkpt lat="24.895920" lon="121.740540"></trkpt>
      <trkpt lat="24.895980" lon="121.740770"></trkpt>
      <trkpt lat="24.896010" lon="121.740960"></trkpt>
      <trkpt lat="24.896010" lon="121.741100"></trkpt>
      <trkpt lat="24.895990" lon="121.741230"></trkpt>
      <trkpt lat="24.895970" lon="121.741300"></trkpt>
      <trkpt lat="24.895930" lon="121.741540"></trkpt>
      <trkpt lat="24.895830" lon="121.741820"></trkpt>
      <trkpt lat="24.895640" lon="121.742050"></trkpt>
      <trkpt lat="24.895380" lon="121.742450"></trkpt>
      <trkpt lat="24.894860" lon="121.742820"></trkpt>
      <trkpt lat="24.894720" lon="121.742890"></trkpt>
      <trkpt lat="24.894200" lon="121.743100"></trkpt>
      <trkpt lat="24.893830" lon="121.743200"></trkpt>
      <trkpt lat="24.893660" lon="121.743210"></trkpt>
      <trkpt lat="24.893530" lon="121.743190"></trkpt>
      <trkpt lat="24.893110" lon="121.743250"></trkpt>
      <trkpt lat="24.892910" lon="121.743250"></trkpt>
      <trkpt lat="24.892700" lon="121.743200"></trkpt>
      <trkpt lat="24.892630" lon="121.743160"></trkpt>
      <trkpt lat="24.892360" lon="121.742950"></trkpt>
      <trkpt lat="24.892270" lon="121.742910"></trkpt>
      <trkpt lat="24.892230" lon="121.742900"></trkpt>
      <trkpt lat="24.892160" lon="121.742900"></trkpt>
      <trkpt lat="24.892090" lon="121.742920"></trkpt>
      <trkpt lat="24.892060" lon="121.742950"></trkpt>
      <trkpt lat="24.891980" lon="121.743070"></trkpt>
      <trkpt lat="24.891950" lon="121.743150"></trkpt>
      <trkpt lat="24.891950" lon="121.743170"></trkpt>
      <trkpt lat="24.891920" lon="121.743260"></trkpt>
      <trkpt lat="24.891790" lon="121.743940"></trkpt>
      <trkpt lat="24.891690" lon="121.744160"></trkpt>
      <trkpt lat="24.891640" lon="121.744240"></trkpt>
      <trkpt lat="24.891550" lon="121.744350"></trkpt>
      <trkpt lat="24.891370" lon="121.744510"></trkpt>
      <trkpt lat="24.891210" lon="121.744720"></trkpt>
      <trkpt lat="24.891120" lon="121.744790"></trkpt>
      <trkpt lat="24.891020" lon="121.744830"></trkpt>
      <trkpt lat="24.890920" lon="121.744850"></trkpt>
      <trkpt lat="24.890650" lon="121.744770"></trkpt>
      <trkpt lat="24.890580" lon="121.744760"></trkpt>
      <trkpt lat="24.890370" lon="121.744770"></trkpt>
      <trkpt lat="24.890140" lon="121.744880"></trkpt>
      <trkpt lat="24.889640" lon="121.745070"></trkpt>
      <trkpt lat="24.889490" lon="121.745110"></trkpt>
      <trkpt lat="24.889330" lon="121.745120"></trkpt>
      <trkpt lat="24.889180" lon="121.745100"></trkpt>
      <trkpt lat="24.889000" lon="121.745050"></trkpt>
      <trkpt lat="24.888830" lon="121.744920"></trkpt>
      <trkpt lat="24.888710" lon="121.744810"></trkpt>
      <trkpt lat="24.888420" lon="121.744460"></trkpt>
      <trkpt lat="24.888140" lon="121.743640"></trkpt>
      <trkpt lat="24.888040" lon="121.743440"></trkpt>
      <trkpt lat="24.887960" lon="121.743320"></trkpt>
      <trkpt lat="24.887930" lon="121.743290"></trkpt>
      <trkpt lat="24.887890" lon="121.743270"></trkpt>
      <trkpt lat="24.887850" lon="121.743270"></trkpt>
      <trkpt lat="24.887750" lon="121.743310"></trkpt>
      <trkpt lat="24.887720" lon="121.743330"></trkpt>
      <trkpt lat="24.887060" lon="121.743960"></trkpt>
      <trkpt lat="24.886960" lon="121.744030"></trkpt>
      <trkpt lat="24.886670" lon="121.744180"></trkpt>
      <trkpt lat="24.886270" lon="121.744290"></trkpt>
      <trkpt lat="24.886180" lon="121.744330"></trkpt>
      <trkpt lat="24.886100" lon="121.744380"></trkpt>
      <trkpt lat="24.885820" lon="121.744630"></trkpt>
      <trkpt lat="24.885790" lon="121.744650"></trkpt>
      <trkpt lat="24.885790" lon="121.744660"></trkpt>
      <trkpt lat="24.885690" lon="121.744690"></trkpt>
      <trkpt lat="24.885600" lon="121.744690"></trkpt>
      <trkpt lat="24.885530" lon="121.744680"></trkpt>
      <trkpt lat="24.885400" lon="121.744620"></trkpt>
      <trkpt lat="24.885230" lon="121.744460"></trkpt>
      <trkpt lat="24.885170" lon="121.744370"></trkpt>
      <trkpt lat="24.885060" lon="121.744080"></trkpt>
      <trkpt lat="24.885010" lon="121.744000"></trkpt>
      <trkpt lat="24.884940" lon="121.743930"></trkpt>
      <trkpt lat="24.884920" lon="121.743920"></trkpt>
      <trkpt lat="24.884860" lon="121.743920"></trkpt>
      <trkpt lat="24.884490" lon="121.744050"></trkpt>
      <trkpt lat="24.884470" lon="121.744050"></trkpt>
      <trkpt lat="24.884400" lon="121.744070"></trkpt>
      <trkpt lat="24.884290" lon="121.744080"></trkpt>
      <trkpt lat="24.883880" lon="121.744080"></trkpt>
      <trkpt lat="24.883790" lon="121.744090"></trkpt>
      <trkpt lat="24.883760" lon="121.744100"></trkpt>
      <trkpt lat="24.883750" lon="121.744100"></trkpt>
      <trkpt lat="24.883710" lon="121.744120"></trkpt>
      <trkpt lat="24.883680" lon="121.744150"></trkpt>
      <trkpt lat="24.883670" lon="121.744170"></trkpt>
      <trkpt lat="24.883660" lon="121.744180"></trkpt>
      <trkpt lat="24.883640" lon="121.744230"></trkpt>
      <trkpt lat="24.883630" lon="121.744290"></trkpt>
      <trkpt lat="24.883630" lon="121.744410"></trkpt>
      <trkpt lat="24.883650" lon="121.744550"></trkpt>
      <trkpt lat="24.883740" lon="121.744780"></trkpt>
      <trkpt lat="24.883770" lon="121.744830"></trkpt>
      <trkpt lat="24.883800" lon="121.744850"></trkpt>
      <trkpt lat="24.883830" lon="121.744880"></trkpt>
      <trkpt lat="24.883950" lon="121.744940"></trkpt>
      <trkpt lat="24.883990" lon="121.744950"></trkpt>
      <trkpt lat="24.884010" lon="121.744960"></trkpt>
      <trkpt lat="24.884300" lon="121.744960"></trkpt>
      <trkpt lat="24.884350" lon="121.744970"></trkpt>
      <trkpt lat="24.884470" lon="121.745030"></trkpt>
      <trkpt lat="24.884550" lon="121.745110"></trkpt>
      <trkpt lat="24.884620" lon="121.745260"></trkpt>
      <trkpt lat="24.884650" lon="121.745450"></trkpt>
      <trkpt lat="24.884660" lon="121.745830"></trkpt>
      <trkpt lat="24.884620" lon="121.746030"></trkpt>
      <trkpt lat="24.884400" lon="121.746350"></trkpt>
      <trkpt lat="24.884260" lon="121.746740"></trkpt>
      <trkpt lat="24.884230" lon="121.746790"></trkpt>
      <trkpt lat="24.884160" lon="121.746860"></trkpt>
      <trkpt lat="24.884000" lon="121.746960"></trkpt>
      <trkpt lat="24.883940" lon="121.746980"></trkpt>
      <trkpt lat="24.883860" lon="121.747040"></trkpt>
      <trkpt lat="24.883840" lon="121.747050"></trkpt>
      <trkpt lat="24.883830" lon="121.747070"></trkpt>
      <trkpt lat="24.883830" lon="121.747090"></trkpt>
      <trkpt lat="24.883820" lon="121.747130"></trkpt>
      <trkpt lat="24.883820" lon="121.747180"></trkpt>
      <trkpt lat="24.883840" lon="121.747320"></trkpt>
      <trkpt lat="24.883870" lon="121.747380"></trkpt>
      <trkpt lat="24.883980" lon="121.747680"></trkpt>
      <trkpt lat="24.884270" lon="121.748180"></trkpt>
      <trkpt lat="24.884300" lon="121.748310"></trkpt>
      <trkpt lat="24.884300" lon="121.748480"></trkpt>
      <trkpt lat="24.884290" lon="121.748500"></trkpt>
      <trkpt lat="24.884290" lon="121.748580"></trkpt>
      <trkpt lat="24.884240" lon="121.748770"></trkpt>
      <trkpt lat="24.884220" lon="121.748820"></trkpt>
      <trkpt lat="24.884210" lon="121.748830"></trkpt>
      <trkpt lat="24.884190" lon="121.748870"></trkpt>
      <trkpt lat="24.884190" lon="121.748880"></trkpt>
      <trkpt lat="24.884040" lon="121.749090"></trkpt>
      <trkpt lat="24.883910" lon="121.749240"></trkpt>
      <trkpt lat="24.883750" lon="121.749370"></trkpt>
      <trkpt lat="24.883080" lon="121.749630"></trkpt>
      <trkpt lat="24.882980" lon="121.749690"></trkpt>
      <trkpt lat="24.882950" lon="121.749720"></trkpt>
      <trkpt lat="24.882790" lon="121.749950"></trkpt>
      <trkpt lat="24.882760" lon="121.749970"></trkpt>
      <trkpt lat="24.882690" lon="121.750000"></trkpt>
      <trkpt lat="24.882590" lon="121.750000"></trkpt>
      <trkpt lat="24.882540" lon="121.749990"></trkpt>
      <trkpt lat="24.882480" lon="121.749960"></trkpt>
      <trkpt lat="24.882360" lon="121.749940"></trkpt>
      <trkpt lat="24.882300" lon="121.749940"></trkpt>
      <trkpt lat="24.882280" lon="121.749950"></trkpt>
      <trkpt lat="24.882220" lon="121.749960"></trkpt>
      <trkpt lat="24.882190" lon="121.749980"></trkpt>
      <trkpt lat="24.882010" lon="121.750280"></trkpt>
      <trkpt lat="24.882010" lon="121.750290"></trkpt>
      <trkpt lat="24.881980" lon="121.750330"></trkpt>
      <trkpt lat="24.881940" lon="121.750410"></trkpt>
      <trkpt lat="24.881910" lon="121.750450"></trkpt>
      <trkpt lat="24.881910" lon="121.750460"></trkpt>
      <trkpt lat="24.881900" lon="121.750470"></trkpt>
      <trkpt lat="24.881870" lon="121.750520"></trkpt>
      <trkpt lat="24.881840" lon="121.750550"></trkpt>
      <trkpt lat="24.881700" lon="121.750640"></trkpt>
      <trkpt lat="24.881250" lon="121.750980"></trkpt>
      <trkpt lat="24.881190" lon="121.751040"></trkpt>
      <trkpt lat="24.881130" lon="121.751080"></trkpt>
      <trkpt lat="24.880980" lon="121.751240"></trkpt>
      <trkpt lat="24.880800" lon="121.751480"></trkpt>
      <trkpt lat="24.880750" lon="121.751520"></trkpt>
      <trkpt lat="24.880690" lon="121.751590"></trkpt>
      <trkpt lat="24.880680" lon="121.751590"></trkpt>
      <trkpt lat="24.880610" lon="121.751620"></trkpt>
      <trkpt lat="24.880580" lon="121.751610"></trkpt>
      <trkpt lat="24.880550" lon="121.751610"></trkpt>
      <trkpt lat="24.880500" lon="121.751600"></trkpt>
      <trkpt lat="24.880450" lon="121.751580"></trkpt>
      <trkpt lat="24.880190" lon="121.751350"></trkpt>
      <trkpt lat="24.880090" lon="121.751290"></trkpt>
      <trkpt lat="24.880060" lon="121.751280"></trkpt>
      <trkpt lat="24.880050" lon="121.751270"></trkpt>
      <trkpt lat="24.879740" lon="121.751100"></trkpt>
      <trkpt lat="24.879440" lon="121.750880"></trkpt>
      <trkpt lat="24.879360" lon="121.750800"></trkpt>
      <trkpt lat="24.879330" lon="121.750740"></trkpt>
      <trkpt lat="24.879330" lon="121.750730"></trkpt>
      <trkpt lat="24.879300" lon="121.750660"></trkpt>
      <trkpt lat="24.879180" lon="121.750130"></trkpt>
      <trkpt lat="24.879100" lon="121.749980"></trkpt>
      <trkpt lat="24.878920" lon="121.749700"></trkpt>
      <trkpt lat="24.878520" lon="121.748950"></trkpt>
      <trkpt lat="24.878460" lon="121.748790"></trkpt>
      <trkpt lat="24.878460" lon="121.748780"></trkpt>
      <trkpt lat="24.878420" lon="121.748670"></trkpt>
      <trkpt lat="24.878420" lon="121.748660"></trkpt>
      <trkpt lat="24.878310" lon="121.748290"></trkpt>
      <trkpt lat="24.878310" lon="121.748280"></trkpt>
      <trkpt lat="24.878270" lon="121.748210"></trkpt>
      <trkpt lat="24.878230" lon="121.748160"></trkpt>
      <trkpt lat="24.878170" lon="121.748120"></trkpt>
      <trkpt lat="24.878140" lon="121.748110"></trkpt>
      <trkpt lat="24.878130" lon="121.748100"></trkpt>
      <trkpt lat="24.878090" lon="121.748090"></trkpt>
      <trkpt lat="24.877850" lon="121.748090"></trkpt>
      <trkpt lat="24.877790" lon="121.748100"></trkpt>
      <trkpt lat="24.877780" lon="121.748110"></trkpt>
      <trkpt lat="24.877670" lon="121.748120"></trkpt>
      <trkpt lat="24.877560" lon="121.748150"></trkpt>
      <trkpt lat="24.877290" lon="121.748260"></trkpt>
      <trkpt lat="24.877020" lon="121.748400"></trkpt>
      <trkpt lat="24.876970" lon="121.748440"></trkpt>
      <trkpt lat="24.876920" lon="121.748510"></trkpt>
      <trkpt lat="24.876900" lon="121.748560"></trkpt>
      <trkpt lat="24.876890" lon="121.748610"></trkpt>
      <trkpt lat="24.876880" lon="121.748630"></trkpt>
      <trkpt lat="24.876880" lon="121.748690"></trkpt>
      <trkpt lat="24.876920" lon="121.748890"></trkpt>
      <trkpt lat="24.876960" lon="121.749020"></trkpt>
      <trkpt lat="24.876960" lon="121.749030"></trkpt>
      <trkpt lat="24.877010" lon="121.749140"></trkpt>
      <trkpt lat="24.877120" lon="121.749310"></trkpt>
      <trkpt lat="24.877190" lon="121.749480"></trkpt>
      <trkpt lat="24.877190" lon="121.749500"></trkpt>
      <trkpt lat="24.877210" lon="121.749590"></trkpt>
      <trkpt lat="24.877210" lon="121.749670"></trkpt>
      <trkpt lat="24.877220" lon="121.749740"></trkpt>
      <trkpt lat="24.877220" lon="121.750460"></trkpt>
      <trkpt lat="24.877260" lon="121.750660"></trkpt>
      <trkpt lat="24.877470" lon="121.751150"></trkpt>
      <trkpt lat="24.877500" lon="121.751270"></trkpt>
      <trkpt lat="24.877590" lon="121.751850"></trkpt>
      <trkpt lat="24.877590" lon="121.751930"></trkpt>
      <trkpt lat="24.877600" lon="121.752000"></trkpt>
      <trkpt lat="24.877550" lon="121.752410"></trkpt>
      <trkpt lat="24.877580" lon="121.752650"></trkpt>
      <trkpt lat="24.877690" lon="121.753140"></trkpt>
      <trkpt lat="24.877700" lon="121.753220"></trkpt>
      <trkpt lat="24.877710" lon="121.753230"></trkpt>
      <trkpt lat="24.877800" lon="121.753760"></trkpt>
      <trkpt lat="24.877800" lon="121.753810"></trkpt>
      <trkpt lat="24.877880" lon="121.754500"></trkpt>
      <trkpt lat="24.877890" lon="121.754960"></trkpt>
      <trkpt lat="24.877860" lon="121.755070"></trkpt>
      <trkpt lat="24.877790" lon="121.755160"></trkpt>
      <trkpt lat="24.877780" lon="121.755180"></trkpt>
      <trkpt lat="24.877640" lon="121.755280"></trkpt>
      <trkpt lat="24.877350" lon="121.755430"></trkpt>
      <trkpt lat="24.877240" lon="121.755460"></trkpt>
      <trkpt lat="24.877160" lon="121.755470"></trkpt>
      <trkpt lat="24.876850" lon="121.755460"></trkpt>
      <trkpt lat="24.876790" lon="121.755450"></trkpt>
      <trkpt lat="24.876590" lon="121.755460"></trkpt>
      <trkpt lat="24.876120" lon="121.755620"></trkpt>
      <trkpt lat="24.875950" lon="121.755700"></trkpt>
      <trkpt lat="24.875460" lon="121.756000"></trkpt>
      <trkpt lat="24.875290" lon="121.756180"></trkpt>
      <trkpt lat="24.875270" lon="121.756230"></trkpt>
      <trkpt lat="24.875250" lon="121.756260"></trkpt>
      <trkpt lat="24.875250" lon="121.756330"></trkpt>
      <trkpt lat="24.875290" lon="121.756610"></trkpt>
      <trkpt lat="24.875450" lon="121.757060"></trkpt>
      <trkpt lat="24.875540" lon="121.757260"></trkpt>
      <trkpt lat="24.875620" lon="121.757400"></trkpt>
      <trkpt lat="24.875740" lon="121.757560"></trkpt>
      <trkpt lat="24.875870" lon="121.757680"></trkpt>
      <trkpt lat="24.876160" lon="121.757900"></trkpt>
      <trkpt lat="24.876350" lon="121.758000"></trkpt>
      <trkpt lat="24.876580" lon="121.758210"></trkpt>
      <trkpt lat="24.876680" lon="121.758380"></trkpt>
      <trkpt lat="24.876760" lon="121.758580"></trkpt>
      <trkpt lat="24.876910" lon="121.759080"></trkpt>
      <trkpt lat="24.876940" lon="121.759370"></trkpt>
      <trkpt lat="24.876940" lon="121.759510"></trkpt>
      <trkpt lat="24.876930" lon="121.759610"></trkpt>
      <trkpt lat="24.876890" lon="121.759720"></trkpt>
      <trkpt lat="24.876730" lon="121.760000"></trkpt>
      <trkpt lat="24.876710" lon="121.760060"></trkpt>
      <trkpt lat="24.876710" lon="121.760170"></trkpt>
      <trkpt lat="24.876730" lon="121.760300"></trkpt>
      <trkpt lat="24.876790" lon="121.760410"></trkpt>
      <trkpt lat="24.876830" lon="121.760460"></trkpt>
      <trkpt lat="24.876960" lon="121.760580"></trkpt>
      <trkpt lat="24.877080" lon="121.760660"></trkpt>
      <trkpt lat="24.877120" lon="121.760700"></trkpt>
      <trkpt lat="24.877120" lon="121.760710"></trkpt>
      <trkpt lat="24.877150" lon="121.760750"></trkpt>
      <trkpt lat="24.877170" lon="121.760790"></trkpt>
      <trkpt lat="24.877190" lon="121.760880"></trkpt>
      <trkpt lat="24.877190" lon="121.760930"></trkpt>
      <trkpt lat="24.877170" lon="121.761020"></trkpt>
      <trkpt lat="24.877130" lon="121.761110"></trkpt>
      <trkpt lat="24.876850" lon="121.761560"></trkpt>
      <trkpt lat="24.876210" lon="121.762280"></trkpt>
      <trkpt lat="24.876090" lon="121.762380"></trkpt>
      <trkpt lat="24.875980" lon="121.762430"></trkpt>
      <trkpt lat="24.875910" lon="121.762440"></trkpt>
      <trkpt lat="24.875500" lon="121.762350"></trkpt>
      <trkpt lat="24.875380" lon="121.762350"></trkpt>
      <trkpt lat="24.874950" lon="121.762420"></trkpt>
      <trkpt lat="24.874860" lon="121.762420"></trkpt>
      <trkpt lat="24.874660" lon="121.762390"></trkpt>
      <trkpt lat="24.874330" lon="121.762310"></trkpt>
      <trkpt lat="24.874040" lon="121.762350"></trkpt>
      <trkpt lat="24.873710" lon="121.762440"></trkpt>
      <trkpt lat="24.873550" lon="121.762500"></trkpt>
      <trkpt lat="24.873540" lon="121.762510"></trkpt>
      <trkpt lat="24.873380" lon="121.762590"></trkpt>
      <trkpt lat="24.872630" lon="121.763070"></trkpt>
      <trkpt lat="24.872440" lon="121.763170"></trkpt>
      <trkpt lat="24.872100" lon="121.763310"></trkpt>
      <trkpt lat="24.872050" lon="121.763340"></trkpt>
      <trkpt lat="24.871640" lon="121.763520"></trkpt>
      <trkpt lat="24.871420" lon="121.763590"></trkpt>
      <trkpt lat="24.871210" lon="121.763630"></trkpt>
      <trkpt lat="24.871140" lon="121.763630"></trkpt>
      <trkpt lat="24.871020" lon="121.763670"></trkpt>
      <trkpt lat="24.870930" lon="121.763730"></trkpt>
      <trkpt lat="24.870910" lon="121.763760"></trkpt>
      <trkpt lat="24.870900" lon="121.763790"></trkpt>
      <trkpt lat="24.870880" lon="121.763820"></trkpt>
      <trkpt lat="24.870860" lon="121.763930"></trkpt>
      <trkpt lat="24.870850" lon="121.764130"></trkpt>
      <trkpt lat="24.870860" lon="121.764730"></trkpt>
      <trkpt lat="24.870880" lon="121.764900"></trkpt>
      <trkpt lat="24.870910" lon="121.765000"></trkpt>
      <trkpt lat="24.871010" lon="121.765200"></trkpt>
      <trkpt lat="24.871180" lon="121.765730"></trkpt>
      <trkpt lat="24.871270" lon="121.765920"></trkpt>
      <trkpt lat="24.871330" lon="121.765990"></trkpt>
      <trkpt lat="24.871330" lon="121.766000"></trkpt>
      <trkpt lat="24.871350" lon="121.766010"></trkpt>
      <trkpt lat="24.871370" lon="121.766030"></trkpt>
      <trkpt lat="24.871420" lon="121.766040"></trkpt>
      <trkpt lat="24.871480" lon="121.766040"></trkpt>
      <trkpt lat="24.871560" lon="121.766000"></trkpt>
      <trkpt lat="24.871680" lon="121.765900"></trkpt>
      <trkpt lat="24.871850" lon="121.765680"></trkpt>
      <trkpt lat="24.871900" lon="121.765640"></trkpt>
      <trkpt lat="24.872020" lon="121.765600"></trkpt>
      <trkpt lat="24.872580" lon="121.765570"></trkpt>
      <trkpt lat="24.872860" lon="121.765600"></trkpt>
      <trkpt lat="24.873110" lon="121.765700"></trkpt>
      <trkpt lat="24.873300" lon="121.765820"></trkpt>
      <trkpt lat="24.873370" lon="121.765890"></trkpt>
      <trkpt lat="24.873400" lon="121.765960"></trkpt>
      <trkpt lat="24.873400" lon="121.766020"></trkpt>
      <trkpt lat="24.873380" lon="121.766120"></trkpt>
      <trkpt lat="24.873280" lon="121.766230"></trkpt>
      <trkpt lat="24.873240" lon="121.766250"></trkpt>
      <trkpt lat="24.873200" lon="121.766280"></trkpt>
      <trkpt lat="24.873130" lon="121.766300"></trkpt>
      <trkpt lat="24.872900" lon="121.766300"></trkpt>
      <trkpt lat="24.872610" lon="121.766270"></trkpt>
      <trkpt lat="24.872530" lon="121.766270"></trkpt>
      <trkpt lat="24.872430" lon="121.766300"></trkpt>
      <trkpt lat="24.872370" lon="121.766330"></trkpt>
      <trkpt lat="24.872330" lon="121.766360"></trkpt>
      <trkpt lat="24.872270" lon="121.766430"></trkpt>
      <trkpt lat="24.872230" lon="121.766490"></trkpt>
      <trkpt lat="24.872230" lon="121.766510"></trkpt>
      <trkpt lat="24.872090" lon="121.766860"></trkpt>
      <trkpt lat="24.872030" lon="121.766970"></trkpt>
      <trkpt lat="24.871910" lon="121.767100"></trkpt>
      <trkpt lat="24.871750" lon="121.767180"></trkpt>
      <trkpt lat="24.871640" lon="121.767210"></trkpt>
      <trkpt lat="24.871020" lon="121.767300"></trkpt>
      <trkpt lat="24.870920" lon="121.767360"></trkpt>
      <trkpt lat="24.870890" lon="121.767400"></trkpt>
      <trkpt lat="24.870810" lon="121.767540"></trkpt>
      <trkpt lat="24.870790" lon="121.767680"></trkpt>
      <trkpt lat="24.870750" lon="121.767840"></trkpt>
      <trkpt lat="24.870720" lon="121.767910"></trkpt>
      <trkpt lat="24.870620" lon="121.768040"></trkpt>
      <trkpt lat="24.870400" lon="121.768240"></trkpt>
      <trkpt lat="24.870380" lon="121.768270"></trkpt>
      <trkpt lat="24.870340" lon="121.768360"></trkpt>
      <trkpt lat="24.870340" lon="121.768410"></trkpt>
      <trkpt lat="24.870330" lon="121.768470"></trkpt>
      <trkpt lat="24.870340" lon="121.768520"></trkpt>
      <trkpt lat="24.870350" lon="121.768540"></trkpt>
      <trkpt lat="24.870360" lon="121.768580"></trkpt>
      <trkpt lat="24.870380" lon="121.768620"></trkpt>
      <trkpt lat="24.870460" lon="121.768690"></trkpt>
      <trkpt lat="24.871400" lon="121.769060"></trkpt>
      <trkpt lat="24.871760" lon="121.769080"></trkpt>
      <trkpt lat="24.872200" lon="121.769080"></trkpt>
      <trkpt lat="24.872330" lon="121.769090"></trkpt>
      <trkpt lat="24.872420" lon="121.769110"></trkpt>
      <trkpt lat="24.872540" lon="121.769160"></trkpt>
      <trkpt lat="24.872550" lon="121.769160"></trkpt>
      <trkpt lat="24.872610" lon="121.769220"></trkpt>
      <trkpt lat="24.872670" lon="121.769300"></trkpt>
      <trkpt lat="24.872700" lon="121.769400"></trkpt>
      <trkpt lat="24.872700" lon="121.769610"></trkpt>
      <trkpt lat="24.872680" lon="121.769840"></trkpt>
      <trkpt lat="24.872390" lon="121.771170"></trkpt>
      <trkpt lat="24.872340" lon="121.771530"></trkpt>
      <trkpt lat="24.872340" lon="121.771640"></trkpt>
      <trkpt lat="24.872350" lon="121.771730"></trkpt>
      <trkpt lat="24.872460" lon="121.772090"></trkpt>
      <trkpt lat="24.872550" lon="121.772540"></trkpt>
      <trkpt lat="24.872480" lon="121.772990"></trkpt>
      <trkpt lat="24.872390" lon="121.773390"></trkpt>
      <trkpt lat="24.872310" lon="121.773590"></trkpt>
      <trkpt lat="24.872230" lon="121.773690"></trkpt>
      <trkpt lat="24.872060" lon="121.773830"></trkpt>
      <trkpt lat="24.872010" lon="121.773850"></trkpt>
      <trkpt lat="24.871950" lon="121.773890"></trkpt>
      <trkpt lat="24.871840" lon="121.773920"></trkpt>
      <trkpt lat="24.871260" lon="121.774000"></trkpt>
      <trkpt lat="24.869970" lon="121.774050"></trkpt>
      <trkpt lat="24.869750" lon="121.774090"></trkpt>
      <trkpt lat="24.869510" lon="121.774110"></trkpt>
      <trkpt lat="24.869380" lon="121.774110"></trkpt>
      <trkpt lat="24.869320" lon="121.774090"></trkpt>
      <trkpt lat="24.869250" lon="121.774080"></trkpt>
      <trkpt lat="24.869110" lon="121.774010"></trkpt>
      <trkpt lat="24.869070" lon="121.773960"></trkpt>
      <trkpt lat="24.869060" lon="121.773960"></trkpt>
      <trkpt lat="24.869010" lon="121.773860"></trkpt>
      <trkpt lat="24.868930" lon="121.773590"></trkpt>
      <trkpt lat="24.868880" lon="121.773130"></trkpt>
      <trkpt lat="24.868880" lon="121.772980"></trkpt>
      <trkpt lat="24.868950" lon="121.772760"></trkpt>
      <trkpt lat="24.869180" lon="121.772340"></trkpt>
      <trkpt lat="24.869230" lon="121.772160"></trkpt>
      <trkpt lat="24.869220" lon="121.772110"></trkpt>
      <trkpt lat="24.869200" lon="121.772060"></trkpt>
      <trkpt lat="24.869170" lon="121.772010"></trkpt>
      <trkpt lat="24.869130" lon="121.771970"></trkpt>
      <trkpt lat="24.869050" lon="121.771930"></trkpt>
      <trkpt lat="24.868920" lon="121.771930"></trkpt>
      <trkpt lat="24.868870" lon="121.771940"></trkpt>
      <trkpt lat="24.868750" lon="121.772010"></trkpt>
      <trkpt lat="24.867970" lon="121.772720"></trkpt>
      <trkpt lat="24.867730" lon="121.772980"></trkpt>
      <trkpt lat="24.867470" lon="121.773370"></trkpt>
      <trkpt lat="24.867460" lon="121.773370"></trkpt>
      <trkpt lat="24.867430" lon="121.773420"></trkpt>
      <trkpt lat="24.867380" lon="121.773470"></trkpt>
      <trkpt lat="24.867290" lon="121.773520"></trkpt>
      <trkpt lat="24.866510" lon="121.773800"></trkpt>
      <trkpt lat="24.866370" lon="121.773880"></trkpt>
      <trkpt lat="24.866240" lon="121.773970"></trkpt>
      <trkpt lat="24.865890" lon="121.774280"></trkpt>
      <trkpt lat="24.865610" lon="121.774600"></trkpt>
      <trkpt lat="24.865380" lon="121.774920"></trkpt>
      <trkpt lat="24.865180" lon="121.775260"></trkpt>
      <trkpt lat="24.865160" lon="121.775320"></trkpt>
      <trkpt lat="24.865030" lon="121.775290"></trkpt>
      <trkpt lat="24.865020" lon="121.775230"></trkpt>
      <trkpt lat="24.865030" lon="121.775290"></trkpt>
      <trkpt lat="24.865160" lon="121.775320"></trkpt>
      <trkpt lat="24.865150" lon="121.775490"></trkpt>
      <trkpt lat="24.865180" lon="121.775650"></trkpt>
      <trkpt lat="24.865200" lon="121.775700"></trkpt>
      <trkpt lat="24.865310" lon="121.775870"></trkpt>
      <trkpt lat="24.865320" lon="121.775870"></trkpt>
      <trkpt lat="24.865640" lon="121.776190"></trkpt>
      <trkpt lat="24.865910" lon="121.776600"></trkpt>
      <trkpt lat="24.866360" lon="121.776860"></trkpt>
      <trkpt lat="24.866490" lon="121.776970"></trkpt>
      <trkpt lat="24.866660" lon="121.777150"></trkpt>
      <trkpt lat="24.866780" lon="121.777300"></trkpt>
      <trkpt lat="24.866910" lon="121.777510"></trkpt>
      <trkpt lat="24.867040" lon="121.777770"></trkpt>
      <trkpt lat="24.867070" lon="121.777850"></trkpt>
      <trkpt lat="24.867100" lon="121.778010"></trkpt>
      <trkpt lat="24.867100" lon="121.778070"></trkpt>
      <trkpt lat="24.867000" lon="121.778530"></trkpt>
      <trkpt lat="24.866990" lon="121.778530"></trkpt>
      <trkpt lat="24.866960" lon="121.778840"></trkpt>
      <trkpt lat="24.866990" lon="121.779320"></trkpt>
      <trkpt lat="24.867240" lon="121.780770"></trkpt>
      <trkpt lat="24.867350" lon="121.781160"></trkpt>
      <trkpt lat="24.867640" lon="121.781900"></trkpt>
      <trkpt lat="24.867690" lon="121.782080"></trkpt>
      <trkpt lat="24.867700" lon="121.782170"></trkpt>
      <trkpt lat="24.867690" lon="121.782380"></trkpt>
      <trkpt lat="24.867620" lon="121.782540"></trkpt>
      <trkpt lat="24.867460" lon="121.782780"></trkpt>
      <trkpt lat="24.867040" lon="121.783190"></trkpt>
      <trkpt lat="24.866940" lon="121.783320"></trkpt>
      <trkpt lat="24.866930" lon="121.783340"></trkpt>
      <trkpt lat="24.866810" lon="121.783500"></trkpt>
      <trkpt lat="24.866560" lon="121.783920"></trkpt>
      <trkpt lat="24.866460" lon="121.784030"></trkpt>
      <trkpt lat="24.866410" lon="121.784060"></trkpt>
      <trkpt lat="24.866280" lon="121.784110"></trkpt>
      <trkpt lat="24.866240" lon="121.784110"></trkpt>
      <trkpt lat="24.866180" lon="121.784120"></trkpt>
      <trkpt lat="24.866060" lon="121.784090"></trkpt>
      <trkpt lat="24.865900" lon="121.783990"></trkpt>
      <trkpt lat="24.865870" lon="121.783960"></trkpt>
      <trkpt lat="24.865830" lon="121.783900"></trkpt>
      <trkpt lat="24.865790" lon="121.783820"></trkpt>
      <trkpt lat="24.865770" lon="121.783660"></trkpt>
      <trkpt lat="24.865790" lon="121.782960"></trkpt>
      <trkpt lat="24.865800" lon="121.782900"></trkpt>
      <trkpt lat="24.865840" lon="121.782780"></trkpt>
      <trkpt lat="24.865850" lon="121.782770"></trkpt>
      <trkpt lat="24.865850" lon="121.782750"></trkpt>
      <trkpt lat="24.866320" lon="121.781990"></trkpt>
      <trkpt lat="24.866520" lon="121.781620"></trkpt>
      <trkpt lat="24.866570" lon="121.781500"></trkpt>
      <trkpt lat="24.866580" lon="121.781440"></trkpt>
      <trkpt lat="24.866580" lon="121.781310"></trkpt>
      <trkpt lat="24.866490" lon="121.780760"></trkpt>
      <trkpt lat="24.866370" lon="121.780290"></trkpt>
      <trkpt lat="24.866090" lon="121.779510"></trkpt>
      <trkpt lat="24.866080" lon="121.779500"></trkpt>
      <trkpt lat="24.866030" lon="121.779410"></trkpt>
      <trkpt lat="24.865960" lon="121.779330"></trkpt>
      <trkpt lat="24.865790" lon="121.779090"></trkpt>
      <trkpt lat="24.865620" lon="121.778960"></trkpt>
      <trkpt lat="24.865160" lon="121.778530"></trkpt>
      <trkpt lat="24.864980" lon="121.778210"></trkpt>
      <trkpt lat="24.864890" lon="121.778080"></trkpt>
      <trkpt lat="24.864810" lon="121.777990"></trkpt>
      <trkpt lat="24.864610" lon="121.777900"></trkpt>
      <trkpt lat="24.864450" lon="121.777870"></trkpt>
      <trkpt lat="24.863750" lon="121.777820"></trkpt>
      <trkpt lat="24.863670" lon="121.777830"></trkpt>
      <trkpt lat="24.863360" lon="121.777910"></trkpt>
      <trkpt lat="24.863230" lon="121.777970"></trkpt>
      <trkpt lat="24.862170" lon="121.778370"></trkpt>
      <trkpt lat="24.861960" lon="121.778410"></trkpt>
      <trkpt lat="24.861570" lon="121.778420"></trkpt>
      <trkpt lat="24.861420" lon="121.778450"></trkpt>
      <trkpt lat="24.861120" lon="121.778620"></trkpt>
      <trkpt lat="24.861040" lon="121.778680"></trkpt>
      <trkpt lat="24.860870" lon="121.778840"></trkpt>
      <trkpt lat="24.860790" lon="121.778970"></trkpt>
      <trkpt lat="24.860740" lon="121.779100"></trkpt>
      <trkpt lat="24.860720" lon="121.779280"></trkpt>
      <trkpt lat="24.860720" lon="121.779390"></trkpt>
      <trkpt lat="24.860760" lon="121.779530"></trkpt>
      <trkpt lat="24.860760" lon="121.779540"></trkpt>
      <trkpt lat="24.860800" lon="121.779640"></trkpt>
      <trkpt lat="24.860870" lon="121.779770"></trkpt>
      <trkpt lat="24.861100" lon="121.780110"></trkpt>
      <trkpt lat="24.861170" lon="121.780260"></trkpt>
      <trkpt lat="24.861190" lon="121.780490"></trkpt>
      <trkpt lat="24.861190" lon="121.780690"></trkpt>
      <trkpt lat="24.861180" lon="121.780770"></trkpt>
      <trkpt lat="24.861180" lon="121.780890"></trkpt>
      <trkpt lat="24.861210" lon="121.781020"></trkpt>
      <trkpt lat="24.861280" lon="121.781160"></trkpt>
      <trkpt lat="24.861380" lon="121.781300"></trkpt>
      <trkpt lat="24.861990" lon="121.781870"></trkpt>
      <trkpt lat="24.862060" lon="121.781920"></trkpt>
      <trkpt lat="24.862260" lon="121.782010"></trkpt>
      <trkpt lat="24.862270" lon="121.782020"></trkpt>
      <trkpt lat="24.862410" lon="121.782040"></trkpt>
      <trkpt lat="24.862600" lon="121.782040"></trkpt>
      <trkpt lat="24.863120" lon="121.782000"></trkpt>
      <trkpt lat="24.863350" lon="121.782000"></trkpt>
      <trkpt lat="24.863410" lon="121.782010"></trkpt>
      <trkpt lat="24.863510" lon="121.782060"></trkpt>
      <trkpt lat="24.863570" lon="121.782100"></trkpt>
      <trkpt lat="24.863640" lon="121.782200"></trkpt>
      <trkpt lat="24.863670" lon="121.782260"></trkpt>
      <trkpt lat="24.863690" lon="121.782350"></trkpt>
      <trkpt lat="24.863700" lon="121.782450"></trkpt>
      <trkpt lat="24.863690" lon="121.782580"></trkpt>
      <trkpt lat="24.863660" lon="121.782720"></trkpt>
      <trkpt lat="24.863610" lon="121.782820"></trkpt>
      <trkpt lat="24.863540" lon="121.782930"></trkpt>
      <trkpt lat="24.863520" lon="121.782980"></trkpt>
      <trkpt lat="24.863450" lon="121.783100"></trkpt>
      <trkpt lat="24.863390" lon="121.783270"></trkpt>
      <trkpt lat="24.863290" lon="121.783490"></trkpt>
      <trkpt lat="24.862970" lon="121.784800"></trkpt>
      <trkpt lat="24.862960" lon="121.784910"></trkpt>
      <trkpt lat="24.862920" lon="121.785100"></trkpt>
      <trkpt lat="24.862840" lon="121.785690"></trkpt>
      <trkpt lat="24.862800" lon="121.786170"></trkpt>
      <trkpt lat="24.862810" lon="121.786310"></trkpt>
      <trkpt lat="24.862880" lon="121.786540"></trkpt>
      <trkpt lat="24.863050" lon="121.786920"></trkpt>
      <trkpt lat="24.863210" lon="121.787170"></trkpt>
      <trkpt lat="24.863330" lon="121.787310"></trkpt>
      <trkpt lat="24.863620" lon="121.787600"></trkpt>
      <trkpt lat="24.863690" lon="121.787700"></trkpt>
      <trkpt lat="24.863720" lon="121.787770"></trkpt>
      <trkpt lat="24.863740" lon="121.787870"></trkpt>
      <trkpt lat="24.863740" lon="121.787980"></trkpt>
      <trkpt lat="24.863730" lon="121.788040"></trkpt>
      <trkpt lat="24.863680" lon="121.788170"></trkpt>
      <trkpt lat="24.863550" lon="121.788410"></trkpt>
      <trkpt lat="24.863370" lon="121.788690"></trkpt>
      <trkpt lat="24.863310" lon="121.788760"></trkpt>
      <trkpt lat="24.863200" lon="121.788860"></trkpt>
      <trkpt lat="24.863090" lon="121.788910"></trkpt>
      <trkpt lat="24.862930" lon="121.788950"></trkpt>
      <trkpt lat="24.862600" lon="121.788990"></trkpt>
      <trkpt lat="24.862400" lon="121.789040"></trkpt>
      <trkpt lat="24.862390" lon="121.789050"></trkpt>
      <trkpt lat="24.862080" lon="121.789210"></trkpt>
      <trkpt lat="24.862070" lon="121.789220"></trkpt>
      <trkpt lat="24.861950" lon="121.789290"></trkpt>
      <trkpt lat="24.861850" lon="121.789310"></trkpt>
      <trkpt lat="24.861370" lon="121.789330"></trkpt>
      <trkpt lat="24.861190" lon="121.789390"></trkpt>
      <trkpt lat="24.861040" lon="121.789470"></trkpt>
      <trkpt lat="24.860970" lon="121.789520"></trkpt>
      <trkpt lat="24.860880" lon="121.789570"></trkpt>
      <trkpt lat="24.860870" lon="121.789570"></trkpt>
      <trkpt lat="24.860820" lon="121.789600"></trkpt>
      <trkpt lat="24.860770" lon="121.789610"></trkpt>
      <trkpt lat="24.860700" lon="121.789610"></trkpt>
      <trkpt lat="24.860540" lon="121.789530"></trkpt>
      <trkpt lat="24.860530" lon="121.789530"></trkpt>
      <trkpt lat="24.860450" lon="121.789490"></trkpt>
      <trkpt lat="24.860340" lon="121.789450"></trkpt>
      <trkpt lat="24.860290" lon="121.789440"></trkpt>
      <trkpt lat="24.860130" lon="121.789440"></trkpt>
      <trkpt lat="24.860070" lon="121.789460"></trkpt>
      <trkpt lat="24.859970" lon="121.789480"></trkpt>
      <trkpt lat="24.859890" lon="121.789530"></trkpt>
      <trkpt lat="24.859850" lon="121.789570"></trkpt>
      <trkpt lat="24.859840" lon="121.789570"></trkpt>
      <trkpt lat="24.859800" lon="121.789620"></trkpt>
      <trkpt lat="24.859620" lon="121.789970"></trkpt>
      <trkpt lat="24.859530" lon="121.790070"></trkpt>
      <trkpt lat="24.859490" lon="121.790100"></trkpt>
      <trkpt lat="24.858340" lon="121.790500"></trkpt>
      <trkpt lat="24.858330" lon="121.790510"></trkpt>
      <trkpt lat="24.857900" lon="121.790720"></trkpt>
      <trkpt lat="24.857770" lon="121.790760"></trkpt>
      <trkpt lat="24.857650" lon="121.790760"></trkpt>
      <trkpt lat="24.857250" lon="121.790620"></trkpt>
      <trkpt lat="24.857070" lon="121.790530"></trkpt>
      <trkpt lat="24.856820" lon="121.790380"></trkpt>
      <trkpt lat="24.856670" lon="121.790320"></trkpt>
      <trkpt lat="24.856610" lon="121.790320"></trkpt>
      <trkpt lat="24.856540" lon="121.790360"></trkpt>
      <trkpt lat="24.856540" lon="121.790370"></trkpt>
      <trkpt lat="24.856520" lon="121.790410"></trkpt>
      <trkpt lat="24.856500" lon="121.790480"></trkpt>
      <trkpt lat="24.856500" lon="121.790510"></trkpt>
      <trkpt lat="24.856510" lon="121.790530"></trkpt>
      <trkpt lat="24.856520" lon="121.790580"></trkpt>
      <trkpt lat="24.856540" lon="121.790610"></trkpt>
      <trkpt lat="24.856580" lon="121.790650"></trkpt>
      <trkpt lat="24.856650" lon="121.790700"></trkpt>
      <trkpt lat="24.856660" lon="121.790700"></trkpt>
      <trkpt lat="24.856700" lon="121.790720"></trkpt>
      <trkpt lat="24.857000" lon="121.790820"></trkpt>
      <trkpt lat="24.857120" lon="121.790880"></trkpt>
      <trkpt lat="24.857300" lon="121.791070"></trkpt>
      <trkpt lat="24.857690" lon="121.791580"></trkpt>
      <trkpt lat="24.857890" lon="121.791930"></trkpt>
      <trkpt lat="24.858030" lon="121.792350"></trkpt>
      <trkpt lat="24.858080" lon="121.792430"></trkpt>
      <trkpt lat="24.858180" lon="121.792520"></trkpt>
      <trkpt lat="24.858320" lon="121.792600"></trkpt>
      <trkpt lat="24.858440" lon="121.792620"></trkpt>
      <trkpt lat="24.858490" lon="121.792650"></trkpt>
      <trkpt lat="24.858520" lon="121.792680"></trkpt>
      <trkpt lat="24.858580" lon="121.792710"></trkpt>
      <trkpt lat="24.858600" lon="121.792740"></trkpt>
      <trkpt lat="24.858630" lon="121.792870"></trkpt>
      <trkpt lat="24.858640" lon="121.793060"></trkpt>
      <trkpt lat="24.858600" lon="121.793130"></trkpt>
      <trkpt lat="24.858500" lon="121.793250"></trkpt>
      <trkpt lat="24.858460" lon="121.793270"></trkpt>
      <trkpt lat="24.858350" lon="121.793300"></trkpt>
      <trkpt lat="24.858270" lon="121.793290"></trkpt>
      <trkpt lat="24.858240" lon="121.793280"></trkpt>
      <trkpt lat="24.858020" lon="121.793120"></trkpt>
      <trkpt lat="24.857610" lon="121.792750"></trkpt>
      <trkpt lat="24.857340" lon="121.792570"></trkpt>
      <trkpt lat="24.857300" lon="121.792550"></trkpt>
      <trkpt lat="24.857080" lon="121.792400"></trkpt>
      <trkpt lat="24.856900" lon="121.792300"></trkpt>
      <trkpt lat="24.856570" lon="121.792020"></trkpt>
      <trkpt lat="24.856430" lon="121.791870"></trkpt>
      <trkpt lat="24.856320" lon="121.791780"></trkpt>
      <trkpt lat="24.855880" lon="121.791500"></trkpt>
      <trkpt lat="24.855740" lon="121.791340"></trkpt>
      <trkpt lat="24.855620" lon="121.791230"></trkpt>
      <trkpt lat="24.855520" lon="121.791120"></trkpt>
      <trkpt lat="24.855140" lon="121.790860"></trkpt>
      <trkpt lat="24.855010" lon="121.790740"></trkpt>
      <trkpt lat="24.854940" lon="121.790640"></trkpt>
      <trkpt lat="24.854860" lon="121.790460"></trkpt>
      <trkpt lat="24.854820" lon="121.790340"></trkpt>
      <trkpt lat="24.854740" lon="121.790220"></trkpt>
      <trkpt lat="24.854720" lon="121.790200"></trkpt>
      <trkpt lat="24.854690" lon="121.790180"></trkpt>
      <trkpt lat="24.854660" lon="121.790170"></trkpt>
      <trkpt lat="24.854600" lon="121.790170"></trkpt>
      <trkpt lat="24.854570" lon="121.790180"></trkpt>
      <trkpt lat="24.854520" lon="121.790210"></trkpt>
      <trkpt lat="24.854480" lon="121.790250"></trkpt>
      <trkpt lat="24.854470" lon="121.790250"></trkpt>
      <trkpt lat="24.854470" lon="121.790260"></trkpt>
      <trkpt lat="24.854450" lon="121.790320"></trkpt>
      <trkpt lat="24.854460" lon="121.790390"></trkpt>
      <trkpt lat="24.854530" lon="121.790500"></trkpt>
      <trkpt lat="24.855110" lon="121.791060"></trkpt>
      <trkpt lat="24.855450" lon="121.791510"></trkpt>
      <trkpt lat="24.855530" lon="121.791600"></trkpt>
      <trkpt lat="24.856060" lon="121.792440"></trkpt>
      <trkpt lat="24.856130" lon="121.792530"></trkpt>
      <trkpt lat="24.856220" lon="121.792590"></trkpt>
      <trkpt lat="24.856580" lon="121.792710"></trkpt>
      <trkpt lat="24.856710" lon="121.792780"></trkpt>
      <trkpt lat="24.856850" lon="121.792890"></trkpt>
      <trkpt lat="24.856870" lon="121.792900"></trkpt>
      <trkpt lat="24.857460" lon="121.793600"></trkpt>
      <trkpt lat="24.857650" lon="121.793870"></trkpt>
      <trkpt lat="24.857730" lon="121.794100"></trkpt>
      <trkpt lat="24.857730" lon="121.794120"></trkpt>
      <trkpt lat="24.857750" lon="121.794200"></trkpt>
      <trkpt lat="24.857770" lon="121.794350"></trkpt>
      <trkpt lat="24.857830" lon="121.794530"></trkpt>
      <trkpt lat="24.857900" lon="121.794690"></trkpt>
      <trkpt lat="24.858070" lon="121.794950"></trkpt>
      <trkpt lat="24.858240" lon="121.795140"></trkpt>
      <trkpt lat="24.858280" lon="121.795160"></trkpt>
      <trkpt lat="24.858320" lon="121.795170"></trkpt>
      <trkpt lat="24.858360" lon="121.795170"></trkpt>
      <trkpt lat="24.858380" lon="121.795160"></trkpt>
      <trkpt lat="24.858400" lon="121.795160"></trkpt>
      <trkpt lat="24.858460" lon="121.795140"></trkpt>
      <trkpt lat="24.858550" lon="121.795080"></trkpt>
      <trkpt lat="24.858610" lon="121.795020"></trkpt>
      <trkpt lat="24.858640" lon="121.794960"></trkpt>
      <trkpt lat="24.858660" lon="121.794940"></trkpt>
      <trkpt lat="24.858680" lon="121.794890"></trkpt>
      <trkpt lat="24.858720" lon="121.794820"></trkpt>
      <trkpt lat="24.858730" lon="121.794790"></trkpt>
      <trkpt lat="24.858940" lon="121.794430"></trkpt>
      <trkpt lat="24.858960" lon="121.794380"></trkpt>
      <trkpt lat="24.859020" lon="121.794300"></trkpt>
      <trkpt lat="24.859050" lon="121.794280"></trkpt>
      <trkpt lat="24.859110" lon="121.794270"></trkpt>
      <trkpt lat="24.859170" lon="121.794270"></trkpt>
      <trkpt lat="24.859240" lon="121.794290"></trkpt>
      <trkpt lat="24.859260" lon="121.794310"></trkpt>
      <trkpt lat="24.859300" lon="121.794370"></trkpt>
      <trkpt lat="24.859310" lon="121.794410"></trkpt>
      <trkpt lat="24.859310" lon="121.794450"></trkpt>
      <trkpt lat="24.859280" lon="121.794570"></trkpt>
      <trkpt lat="24.858940" lon="121.794850"></trkpt>
      <trkpt lat="24.858900" lon="121.794910"></trkpt>
      <trkpt lat="24.858730" lon="121.795300"></trkpt>
      <trkpt lat="24.858670" lon="121.795400"></trkpt>
      <trkpt lat="24.858640" lon="121.795420"></trkpt>
      <trkpt lat="24.858610" lon="121.795450"></trkpt>
      <trkpt lat="24.858560" lon="121.795470"></trkpt>
      <trkpt lat="24.858500" lon="121.795480"></trkpt>
      <trkpt lat="24.858440" lon="121.795480"></trkpt>
      <trkpt lat="24.858320" lon="121.795450"></trkpt>
      <trkpt lat="24.858100" lon="121.795330"></trkpt>
      <trkpt lat="24.858020" lon="121.795270"></trkpt>
      <trkpt lat="24.857800" lon="121.795070"></trkpt>
      <trkpt lat="24.857690" lon="121.794910"></trkpt>
      <trkpt lat="24.857640" lon="121.794810"></trkpt>
      <trkpt lat="24.857510" lon="121.794400"></trkpt>
      <trkpt lat="24.857400" lon="121.794180"></trkpt>
      <trkpt lat="24.857160" lon="121.793910"></trkpt>
      <trkpt lat="24.856930" lon="121.793690"></trkpt>
      <trkpt lat="24.856640" lon="121.793470"></trkpt>
      <trkpt lat="24.856430" lon="121.793410"></trkpt>
      <trkpt lat="24.855730" lon="121.793290"></trkpt>
      <trkpt lat="24.855400" lon="121.793260"></trkpt>
      <trkpt lat="24.855240" lon="121.793220"></trkpt>
      <trkpt lat="24.855130" lon="121.793180"></trkpt>
      <trkpt lat="24.854730" lon="121.792880"></trkpt>
      <trkpt lat="24.854450" lon="121.792620"></trkpt>
      <trkpt lat="24.854450" lon="121.792610"></trkpt>
      <trkpt lat="24.854390" lon="121.792560"></trkpt>
      <trkpt lat="24.854370" lon="121.792520"></trkpt>
      <trkpt lat="24.854320" lon="121.792470"></trkpt>
      <trkpt lat="24.854140" lon="121.792230"></trkpt>
      <trkpt lat="24.853570" lon="121.791630"></trkpt>
      <trkpt lat="24.853410" lon="121.791490"></trkpt>
      <trkpt lat="24.853250" lon="121.791390"></trkpt>
      <trkpt lat="24.853240" lon="121.791380"></trkpt>
      <trkpt lat="24.853090" lon="121.791290"></trkpt>
      <trkpt lat="24.852490" lon="121.791070"></trkpt>
      <trkpt lat="24.851740" lon="121.790850"></trkpt>
      <trkpt lat="24.851560" lon="121.790750"></trkpt>
      <trkpt lat="24.851450" lon="121.790660"></trkpt>
      <trkpt lat="24.851410" lon="121.790590"></trkpt>
      <trkpt lat="24.851350" lon="121.790520"></trkpt>
      <trkpt lat="24.851200" lon="121.790260"></trkpt>
      <trkpt lat="24.851130" lon="121.790090"></trkpt>
      <trkpt lat="24.851120" lon="121.790080"></trkpt>
      <trkpt lat="24.851100" lon="121.790040"></trkpt>
      <trkpt lat="24.851080" lon="121.790020"></trkpt>
      <trkpt lat="24.851020" lon="121.789980"></trkpt>
      <trkpt lat="24.850970" lon="121.789980"></trkpt>
      <trkpt lat="24.850920" lon="121.790000"></trkpt>
      <trkpt lat="24.850890" lon="121.790030"></trkpt>
      <trkpt lat="24.850860" lon="121.790100"></trkpt>
      <trkpt lat="24.850860" lon="121.790150"></trkpt>
      <trkpt lat="24.850880" lon="121.790220"></trkpt>
      <trkpt lat="24.850950" lon="121.790350"></trkpt>
      <trkpt lat="24.851170" lon="121.790670"></trkpt>
      <trkpt lat="24.851250" lon="121.790760"></trkpt>
      <trkpt lat="24.851450" lon="121.790920"></trkpt>
      <trkpt lat="24.851740" lon="121.791100"></trkpt>
      <trkpt lat="24.852660" lon="121.791770"></trkpt>
      <trkpt lat="24.852740" lon="121.791870"></trkpt>
      <trkpt lat="24.852830" lon="121.792030"></trkpt>
      <trkpt lat="24.852850" lon="121.792250"></trkpt>
      <trkpt lat="24.852850" lon="121.792450"></trkpt>
      <trkpt lat="24.852870" lon="121.792580"></trkpt>
      <trkpt lat="24.852910" lon="121.792690"></trkpt>
      <trkpt lat="24.852950" lon="121.792750"></trkpt>
      <trkpt lat="24.853260" lon="121.793010"></trkpt>
      <trkpt lat="24.853600" lon="121.793230"></trkpt>
      <trkpt lat="24.853670" lon="121.793300"></trkpt>
      <trkpt lat="24.853720" lon="121.793390"></trkpt>
      <trkpt lat="24.853780" lon="121.793600"></trkpt>
      <trkpt lat="24.853840" lon="121.793750"></trkpt>
      <trkpt lat="24.853920" lon="121.793880"></trkpt>
      <trkpt lat="24.854350" lon="121.794220"></trkpt>
      <trkpt lat="24.854690" lon="121.794350"></trkpt>
      <trkpt lat="24.854780" lon="121.794370"></trkpt>
      <trkpt lat="24.855060" lon="121.794370"></trkpt>
      <trkpt lat="24.855340" lon="121.794340"></trkpt>
      <trkpt lat="24.855520" lon="121.794300"></trkpt>
      <trkpt lat="24.855750" lon="121.794300"></trkpt>
      <trkpt lat="24.855790" lon="121.794310"></trkpt>
      <trkpt lat="24.855830" lon="121.794330"></trkpt>
      <trkpt lat="24.855860" lon="121.794360"></trkpt>
      <trkpt lat="24.855960" lon="121.794500"></trkpt>
      <trkpt lat="24.856220" lon="121.794990"></trkpt>
      <trkpt lat="24.856380" lon="121.795570"></trkpt>
      <trkpt lat="24.856510" lon="121.795870"></trkpt>
      <trkpt lat="24.856580" lon="121.795990"></trkpt>
      <trkpt lat="24.856800" lon="121.796250"></trkpt>
      <trkpt lat="24.856930" lon="121.796380"></trkpt>
      <trkpt lat="24.857010" lon="121.796440"></trkpt>
      <trkpt lat="24.857290" lon="121.796610"></trkpt>
      <trkpt lat="24.857330" lon="121.796680"></trkpt>
      <trkpt lat="24.857340" lon="121.796720"></trkpt>
      <trkpt lat="24.857340" lon="121.796790"></trkpt>
      <trkpt lat="24.857310" lon="121.796830"></trkpt>
      <trkpt lat="24.857250" lon="121.796860"></trkpt>
      <trkpt lat="24.857200" lon="121.796870"></trkpt>
      <trkpt lat="24.857170" lon="121.796870"></trkpt>
      <trkpt lat="24.857060" lon="121.796840"></trkpt>
      <trkpt lat="24.856600" lon="121.796440"></trkpt>
      <trkpt lat="24.856480" lon="121.796290"></trkpt>
      <trkpt lat="24.856350" lon="121.796030"></trkpt>
      <trkpt lat="24.856300" lon="121.795950"></trkpt>
      <trkpt lat="24.856070" lon="121.795730"></trkpt>
      <trkpt lat="24.855980" lon="121.795660"></trkpt>
      <trkpt lat="24.855860" lon="121.795510"></trkpt>
      <trkpt lat="24.855710" lon="121.795180"></trkpt>
      <trkpt lat="24.855620" lon="121.795050"></trkpt>
      <trkpt lat="24.855610" lon="121.795050"></trkpt>
      <trkpt lat="24.855600" lon="121.795030"></trkpt>
      <trkpt lat="24.855550" lon="121.794980"></trkpt>
      <trkpt lat="24.855500" lon="121.794950"></trkpt>
      <trkpt lat="24.855480" lon="121.794930"></trkpt>
      <trkpt lat="24.855470" lon="121.794930"></trkpt>
      <trkpt lat="24.855290" lon="121.794830"></trkpt>
      <trkpt lat="24.855210" lon="121.794810"></trkpt>
      <trkpt lat="24.855140" lon="121.794810"></trkpt>
      <trkpt lat="24.855110" lon="121.794820"></trkpt>
      <trkpt lat="24.855030" lon="121.794870"></trkpt>
      <trkpt lat="24.854750" lon="121.795090"></trkpt>
      <trkpt lat="24.854600" lon="121.795190"></trkpt>
      <trkpt lat="24.854480" lon="121.795250"></trkpt>
      <trkpt lat="24.854360" lon="121.795270"></trkpt>
      <trkpt lat="24.854220" lon="121.795240"></trkpt>
      <trkpt lat="24.853420" lon="121.794870"></trkpt>
      <trkpt lat="24.853050" lon="121.794640"></trkpt>
      <trkpt lat="24.852300" lon="121.794090"></trkpt>
      <trkpt lat="24.851480" lon="121.793320"></trkpt>
      <trkpt lat="24.851380" lon="121.793250"></trkpt>
      <trkpt lat="24.851230" lon="121.793180"></trkpt>
      <trkpt lat="24.850990" lon="121.793090"></trkpt>
      <trkpt lat="24.850970" lon="121.793090"></trkpt>
      <trkpt lat="24.850630" lon="121.792960"></trkpt>
      <trkpt lat="24.850540" lon="121.792900"></trkpt>
      <trkpt lat="24.850500" lon="121.792860"></trkpt>
      <trkpt lat="24.850350" lon="121.792750"></trkpt>
      <trkpt lat="24.850010" lon="121.792430"></trkpt>
      <trkpt lat="24.849880" lon="121.792260"></trkpt>
      <trkpt lat="24.849830" lon="121.792210"></trkpt>
      <trkpt lat="24.849650" lon="121.791980"></trkpt>
      <trkpt lat="24.849590" lon="121.791920"></trkpt>
      <trkpt lat="24.849550" lon="121.791910"></trkpt>
      <trkpt lat="24.849500" lon="121.791910"></trkpt>
      <trkpt lat="24.849480" lon="121.791920"></trkpt>
      <trkpt lat="24.849470" lon="121.791930"></trkpt>
      <trkpt lat="24.849450" lon="121.791940"></trkpt>
      <trkpt lat="24.849430" lon="121.791970"></trkpt>
      <trkpt lat="24.849430" lon="121.791990"></trkpt>
      <trkpt lat="24.849420" lon="121.792010"></trkpt>
      <trkpt lat="24.849420" lon="121.792030"></trkpt>
      <trkpt lat="24.849430" lon="121.792060"></trkpt>
      <trkpt lat="24.849460" lon="121.792110"></trkpt>
      <trkpt lat="24.849490" lon="121.792140"></trkpt>
      <trkpt lat="24.849570" lon="121.792190"></trkpt>
      <trkpt lat="24.849640" lon="121.792250"></trkpt>
      <trkpt lat="24.849750" lon="121.792320"></trkpt>
      <trkpt lat="24.849860" lon="121.792410"></trkpt>
      <trkpt lat="24.850100" lon="121.792740"></trkpt>
      <trkpt lat="24.850190" lon="121.792840"></trkpt>
      <trkpt lat="24.850300" lon="121.792940"></trkpt>
      <trkpt lat="24.850580" lon="121.793140"></trkpt>
      <trkpt lat="24.851070" lon="121.793380"></trkpt>
      <trkpt lat="24.851130" lon="121.793400"></trkpt>
      <trkpt lat="24.851180" lon="121.793440"></trkpt>
      <trkpt lat="24.851340" lon="121.793600"></trkpt>
      <trkpt lat="24.851610" lon="121.793930"></trkpt>
      <trkpt lat="24.851620" lon="121.793950"></trkpt>
      <trkpt lat="24.852120" lon="121.794490"></trkpt>
      <trkpt lat="24.852140" lon="121.794500"></trkpt>
      <trkpt lat="24.852370" lon="121.794740"></trkpt>
      <trkpt lat="24.852470" lon="121.794920"></trkpt>
      <trkpt lat="24.852480" lon="121.794930"></trkpt>
      <trkpt lat="24.852610" lon="121.795220"></trkpt>
      <trkpt lat="24.852690" lon="121.795340"></trkpt>
      <trkpt lat="24.853030" lon="121.795600"></trkpt>
      <trkpt lat="24.853100" lon="121.795680"></trkpt>
      <trkpt lat="24.853130" lon="121.795730"></trkpt>
      <trkpt lat="24.853150" lon="121.795780"></trkpt>
      <trkpt lat="24.853210" lon="121.796120"></trkpt>
      <trkpt lat="24.853240" lon="121.796220"></trkpt>
      <trkpt lat="24.853280" lon="121.796290"></trkpt>
      <trkpt lat="24.853340" lon="121.796350"></trkpt>
      <trkpt lat="24.853350" lon="121.796350"></trkpt>
      <trkpt lat="24.853390" lon="121.796380"></trkpt>
      <trkpt lat="24.853690" lon="121.796500"></trkpt>
      <trkpt lat="24.853740" lon="121.796530"></trkpt>
      <trkpt lat="24.853910" lon="121.796680"></trkpt>
      <trkpt lat="24.854170" lon="121.796980"></trkpt>
      <trkpt lat="24.854220" lon="121.797050"></trkpt>
      <trkpt lat="24.854560" lon="121.797410"></trkpt>
      <trkpt lat="24.855050" lon="121.797660"></trkpt>
      <trkpt lat="24.855390" lon="121.797790"></trkpt>
      <trkpt lat="24.855390" lon="121.797800"></trkpt>
      <trkpt lat="24.855550" lon="121.797860"></trkpt>
      <trkpt lat="24.855560" lon="121.797860"></trkpt>
      <trkpt lat="24.855730" lon="121.797970"></trkpt>
      <trkpt lat="24.855790" lon="121.798020"></trkpt>
      <trkpt lat="24.856020" lon="121.798260"></trkpt>
      <trkpt lat="24.856100" lon="121.798320"></trkpt>
      <trkpt lat="24.856130" lon="121.798330"></trkpt>
      <trkpt lat="24.856160" lon="121.798350"></trkpt>
      <trkpt lat="24.856410" lon="121.798410"></trkpt>
      <trkpt lat="24.856510" lon="121.798420"></trkpt>
      <trkpt lat="24.856650" lon="121.798450"></trkpt>
      <trkpt lat="24.856730" lon="121.798480"></trkpt>
      <trkpt lat="24.857350" lon="121.798810"></trkpt>
      <trkpt lat="24.857370" lon="121.798830"></trkpt>
      <trkpt lat="24.857390" lon="121.798870"></trkpt>
      <trkpt lat="24.857390" lon="121.798950"></trkpt>
      <trkpt lat="24.857370" lon="121.799000"></trkpt>
      <trkpt lat="24.857350" lon="121.799010"></trkpt>
      <trkpt lat="24.857340" lon="121.799030"></trkpt>
      <trkpt lat="24.857310" lon="121.799040"></trkpt>
      <trkpt lat="24.857250" lon="121.799040"></trkpt>
      <trkpt lat="24.857200" lon="121.799020"></trkpt>
      <trkpt lat="24.856640" lon="121.798710"></trkpt>
      <trkpt lat="24.856450" lon="121.798630"></trkpt>
      <trkpt lat="24.855960" lon="121.798490"></trkpt>
      <trkpt lat="24.855640" lon="121.798330"></trkpt>
      <trkpt lat="24.855460" lon="121.798210"></trkpt>
      <trkpt lat="24.855040" lon="121.798000"></trkpt>
      <trkpt lat="24.854990" lon="121.797990"></trkpt>
      <trkpt lat="24.854840" lon="121.797990"></trkpt>
      <trkpt lat="24.854720" lon="121.798050"></trkpt>
      <trkpt lat="24.854480" lon="121.798230"></trkpt>
      <trkpt lat="24.854320" lon="121.798310"></trkpt>
      <trkpt lat="24.854190" lon="121.798350"></trkpt>
      <trkpt lat="24.854100" lon="121.798350"></trkpt>
      <trkpt lat="24.854010" lon="121.798320"></trkpt>
      <trkpt lat="24.853940" lon="121.798260"></trkpt>
      <trkpt lat="24.853890" lon="121.798170"></trkpt>
      <trkpt lat="24.853830" lon="121.797970"></trkpt>
      <trkpt lat="24.853750" lon="121.797440"></trkpt>
      <trkpt lat="24.853700" lon="121.797280"></trkpt>
      <trkpt lat="24.853700" lon="121.797270"></trkpt>
      <trkpt lat="24.853660" lon="121.797210"></trkpt>
      <trkpt lat="24.853620" lon="121.797170"></trkpt>
      <trkpt lat="24.853110" lon="121.796870"></trkpt>
      <trkpt lat="24.852870" lon="121.796710"></trkpt>
      <trkpt lat="24.852710" lon="121.796560"></trkpt>
      <trkpt lat="24.852510" lon="121.796310"></trkpt>
      <trkpt lat="24.852390" lon="121.796210"></trkpt>
      <trkpt lat="24.851740" lon="121.795860"></trkpt>
      <trkpt lat="24.851520" lon="121.795700"></trkpt>
      <trkpt lat="24.851100" lon="121.795330"></trkpt>
      <trkpt lat="24.850130" lon="121.794700"></trkpt>
      <trkpt lat="24.849540" lon="121.794250"></trkpt>
      <trkpt lat="24.849370" lon="121.794030"></trkpt>
      <trkpt lat="24.849170" lon="121.793880"></trkpt>
      <trkpt lat="24.848850" lon="121.793710"></trkpt>
      <trkpt lat="24.848640" lon="121.793650"></trkpt>
      <trkpt lat="24.848480" lon="121.793620"></trkpt>
      <trkpt lat="24.847280" lon="121.793500"></trkpt>
      <trkpt lat="24.847260" lon="121.793490"></trkpt>
      <trkpt lat="24.847060" lon="121.793440"></trkpt>
      <trkpt lat="24.846630" lon="121.793240"></trkpt>
      <trkpt lat="24.841700" lon="121.790250"></trkpt>
      <trkpt lat="24.841520" lon="121.790160"></trkpt>
      <trkpt lat="24.841390" lon="121.790120"></trkpt>
      <trkpt lat="24.841200" lon="121.790120"></trkpt>
      <trkpt lat="24.840530" lon="121.790260"></trkpt>
      <trkpt lat="24.838860" lon="121.790730"></trkpt>
      <trkpt lat="24.838710" lon="121.790710"></trkpt>
      <trkpt lat="24.838550" lon="121.790650"></trkpt>
      <trkpt lat="24.838390" lon="121.790570"></trkpt>
      <trkpt lat="24.838240" lon="121.790440"></trkpt>
      <trkpt lat="24.838190" lon="121.790380"></trkpt>
      <trkpt lat="24.838080" lon="121.790120"></trkpt>
      <trkpt lat="24.836760" lon="121.786130"></trkpt>
      <trkpt lat="24.836690" lon="121.785970"></trkpt>
      <trkpt lat="24.836450" lon="121.785290"></trkpt>
      <trkpt lat="24.836450" lon="121.785270"></trkpt>
      <trkpt lat="24.835860" lon="121.783410"></trkpt>
      <trkpt lat="24.835760" lon="121.783170"></trkpt>
      <trkpt lat="24.835430" lon="121.782240"></trkpt>
      <trkpt lat="24.835320" lon="121.781990"></trkpt>
      <trkpt lat="24.835000" lon="121.781520"></trkpt>
      <trkpt lat="24.834890" lon="121.781380"></trkpt>
      <trkpt lat="24.834160" lon="121.780570"></trkpt>
      <trkpt lat="24.832330" lon="121.779050"></trkpt>
      <trkpt lat="24.829340" lon="121.776750"></trkpt>
      <trkpt lat="24.829260" lon="121.776590"></trkpt>
      <trkpt lat="24.829100" lon="121.776360"></trkpt>
      <trkpt lat="24.829000" lon="121.776030"></trkpt>
      <trkpt lat="24.828970" lon="121.775720"></trkpt>
      <trkpt lat="24.828960" lon="121.775700"></trkpt>
      <trkpt lat="24.828920" lon="121.774980"></trkpt>
      <trkpt lat="24.828860" lon="121.774510"></trkpt>
      <trkpt lat="24.828690" lon="121.773850"></trkpt>
      <trkpt lat="24.828580" lon="121.773580"></trkpt>
      <trkpt lat="24.828370" lon="121.773200"></trkpt>
      <trkpt lat="24.827890" lon="121.772600"></trkpt>
      <trkpt lat="24.827420" lon="121.772140"></trkpt>
      <trkpt lat="24.827070" lon="121.771880"></trkpt>
      <trkpt lat="24.826870" lon="121.771750"></trkpt>
      <trkpt lat="24.821430" lon="121.769670"></trkpt>
      <trkpt lat="24.820810" lon="121.769460"></trkpt>
      <trkpt lat="24.819670" lon="121.769020"></trkpt>
      <trkpt lat="24.819090" lon="121.768840"></trkpt>
      <trkpt lat="24.816680" lon="121.767990"></trkpt>
      <trkpt lat="24.816610" lon="121.767930"></trkpt>
      <trkpt lat="24.815930" lon="121.767690"></trkpt>
      <trkpt lat="24.815230" lon="121.767570"></trkpt>
      <trkpt lat="24.810510" lon="121.767150"></trkpt>
      <trkpt lat="24.809120" lon="121.766990"></trkpt>
      <trkpt lat="24.807750" lon="121.766540"></trkpt>
      <trkpt lat="24.807710" lon="121.766520"></trkpt>
      <trkpt lat="24.807530" lon="121.766460"></trkpt>
      <trkpt lat="24.806630" lon="121.766050"></trkpt>
      <trkpt lat="24.806630" lon="121.766040"></trkpt>
      <trkpt lat="24.806030" lon="121.765800"></trkpt>
      <trkpt lat="24.805590" lon="121.765660"></trkpt>
      <trkpt lat="24.805330" lon="121.765600"></trkpt>
      <trkpt lat="24.804500" lon="121.765470"></trkpt>
      <trkpt lat="24.803010" lon="121.765180"></trkpt>
      <trkpt lat="24.802720" lon="121.765150"></trkpt>
      <trkpt lat="24.796610" lon="121.763680"></trkpt>
      <trkpt lat="24.796660" lon="121.763490"></trkpt>
      <trkpt lat="24.796610" lon="121.763680"></trkpt>
      <trkpt lat="24.790190" lon="121.761900"></trkpt>
      <trkpt lat="24.789720" lon="121.761830"></trkpt>
      <trkpt lat="24.788300" lon="121.761680"></trkpt>
      <trkpt lat="24.788060" lon="121.761670"></trkpt>
      <trkpt lat="24.786880" lon="121.761540"></trkpt>
      <trkpt lat="24.785510" lon="121.761300"></trkpt>
      <trkpt lat="24.784790" lon="121.761110"></trkpt>
      <trkpt lat="24.778220" lon="121.759140"></trkpt>
      <trkpt lat="24.778150" lon="121.759250"></trkpt>
      <trkpt lat="24.769900" lon="121.768410"></trkpt>
      <trkpt lat="24.769240" lon="121.769070"></trkpt>
      <trkpt lat="24.769120" lon="121.769150"></trkpt>
      <trkpt lat="24.768820" lon="121.769410"></trkpt>
      <trkpt lat="24.768070" lon="121.769960"></trkpt>
      <trkpt lat="24.767490" lon="121.770280"></trkpt>
      <trkpt lat="24.767280" lon="121.770370"></trkpt>
      <trkpt lat="24.767130" lon="121.770460"></trkpt>
      <trkpt lat="24.766570" lon="121.770710"></trkpt>
      <trkpt lat="24.766040" lon="121.770900"></trkpt>
      <trkpt lat="24.765300" lon="121.771090"></trkpt>
      <trkpt lat="24.764650" lon="121.771200"></trkpt>
      <trkpt lat="24.764060" lon="121.771250"></trkpt>
      <trkpt lat="24.762350" lon="121.771250"></trkpt>
      <trkpt lat="24.760600" lon="121.771340"></trkpt>
      <trkpt lat="24.758880" lon="121.771380"></trkpt>
      <trkpt lat="24.756880" lon="121.771370"></trkpt>
      <trkpt lat="24.756810" lon="121.771380"></trkpt>
      <trkpt lat="24.753230" lon="121.771490"></trkpt>
      <trkpt lat="24.752820" lon="121.771480"></trkpt>
      <trkpt lat="24.752700" lon="121.771490"></trkpt>
      <trkpt lat="24.752090" lon="121.771480"></trkpt>
      <trkpt lat="24.740770" lon="121.771700"></trkpt>
      <trkpt lat="24.740690" lon="121.771680"></trkpt>
      <trkpt lat="24.740530" lon="121.771660"></trkpt>
      <trkpt lat="24.740440" lon="121.771660"></trkpt>
      <trkpt lat="24.740380" lon="121.771670"></trkpt>
      <trkpt lat="24.739850" lon="121.771670"></trkpt>
      <trkpt lat="24.739750" lon="121.771680"></trkpt>
      <trkpt lat="24.736290" lon="121.771690"></trkpt>
      <trkpt lat="24.728950" lon="121.771870"></trkpt>
      <trkpt lat="24.727300" lon="121.772000"></trkpt>
      <trkpt lat="24.726540" lon="121.772100"></trkpt>
      <trkpt lat="24.725860" lon="121.772150"></trkpt>
      <trkpt lat="24.725730" lon="121.772170"></trkpt>
      <trkpt lat="24.725480" lon="121.772160"></trkpt>
      <trkpt lat="24.725120" lon="121.772110"></trkpt>
      <trkpt lat="24.724950" lon="121.772070"></trkpt>
      <trkpt lat="24.724690" lon="121.771970"></trkpt>
      <trkpt lat="24.724350" lon="121.771780"></trkpt>
      <trkpt lat="24.724080" lon="121.771570"></trkpt>
      <trkpt lat="24.723780" lon="121.771280"></trkpt>
      <trkpt lat="24.723680" lon="121.771160"></trkpt>
      <trkpt lat="24.723430" lon="121.770790"></trkpt>
      <trkpt lat="24.723100" lon="121.770170"></trkpt>
      <trkpt lat="24.723000" lon="121.769930"></trkpt>
      <trkpt lat="24.722970" lon="121.769880"></trkpt>
      <trkpt lat="24.722930" lon="121.769760"></trkpt>
      <trkpt lat="24.722710" lon="121.769250"></trkpt>
      <trkpt lat="24.722630" lon="121.769300"></trkpt>
      <trkpt lat="24.722370" lon="121.769430"></trkpt>
      <trkpt lat="24.720930" lon="121.770290"></trkpt>
      <trkpt lat="24.720550" lon="121.770460"></trkpt>
      <trkpt lat="24.720240" lon="121.770570"></trkpt>
      <trkpt lat="24.718900" lon="121.770890"></trkpt>
      <trkpt lat="24.718810" lon="121.770920"></trkpt>
      <trkpt lat="24.711640" lon="121.772540"></trkpt>
      <trkpt lat="24.711180" lon="121.772620"></trkpt>
      <trkpt lat="24.710710" lon="121.772650"></trkpt>
      <trkpt lat="24.710540" lon="121.772640"></trkpt>
      <trkpt lat="24.710230" lon="121.772560"></trkpt>
      <trkpt lat="24.709350" lon="121.772240"></trkpt>
      <trkpt lat="24.707630" lon="121.771730"></trkpt>
      <trkpt lat="24.706390" lon="121.771320"></trkpt>
      <trkpt lat="24.705750" lon="121.771080"></trkpt>
      <trkpt lat="24.700950" lon="121.769470"></trkpt>
      <trkpt lat="24.699050" lon="121.768780"></trkpt>
      <trkpt lat="24.698910" lon="121.768810"></trkpt>
      <trkpt lat="24.698620" lon="121.768800"></trkpt>
      <trkpt lat="24.696770" lon="121.769060"></trkpt>
      <trkpt lat="24.696700" lon="121.769080"></trkpt>
      <trkpt lat="24.696030" lon="121.769190"></trkpt>
      <trkpt lat="24.695440" lon="121.769330"></trkpt>
      <trkpt lat="24.694790" lon="121.769420"></trkpt>
      <trkpt lat="24.694670" lon="121.769450"></trkpt>
      <trkpt lat="24.690950" lon="121.770060"></trkpt>
      <trkpt lat="24.690620" lon="121.770130"></trkpt>
      <trkpt lat="24.687600" lon="121.770570"></trkpt>
      <trkpt lat="24.686740" lon="121.768860"></trkpt>
      <trkpt lat="24.686670" lon="121.768760"></trkpt>
      <trkpt lat="24.686270" lon="121.767990"></trkpt>
      <trkpt lat="24.686160" lon="121.767820"></trkpt>
      <trkpt lat="24.685840" lon="121.767450"></trkpt>
      <trkpt lat="24.685540" lon="121.767150"></trkpt>
      <trkpt lat="24.685070" lon="121.767440"></trkpt>
      <trkpt lat="24.684660" lon="121.767580"></trkpt>
      <trkpt lat="24.684540" lon="121.767640"></trkpt>
      <trkpt lat="24.684230" lon="121.767850"></trkpt>
      <trkpt lat="24.684170" lon="121.767900"></trkpt>
      <trkpt lat="24.683770" lon="121.768100"></trkpt>
      <trkpt lat="24.682830" lon="121.768520"></trkpt>
      <trkpt lat="24.682470" lon="121.768400"></trkpt>
      <trkpt lat="24.682640" lon="121.767740"></trkpt>
    </trkseg>
  </trk>
</gpx>
