<?xml version="1.0" encoding="UTF-8"?>
<gpx version="1.1" creator="2026-routes" xmlns="http://www.topografix.com/GPX/1/1">
  <metadata>
    <name>嘉義到溪南國小</name>
    <desc>嘉義→台1→民雄→斗南→台1丁→斗六→台3→林內→南投竹山→社寮→台3丙→集集→台16→水里→台21→日月潭→魚池→溪南國小</desc>
  </metadata>
  <trk>
    <name>Day 13 嘉義到溪南國小</name>
    <trkseg>
      <trkpt lat="23.479551" lon="120.441522"></trkpt>
      <trkpt lat="23.480684" lon="120.442527"></trkpt>
      <trkpt lat="23.480483" lon="120.442801"></trkpt>
      <trkpt lat="23.480294" lon="120.443066"></trkpt>
      <trkpt lat="23.480317" lon="120.443290"></trkpt>
      <trkpt lat="23.481085" lon="120.443968"></trkpt>
      <trkpt lat="23.481741" lon="120.444562"></trkpt>
      <trkpt lat="23.481812" lon="120.444626"></trkpt>
      <trkpt lat="23.482189" lon="120.444952"></trkpt>
      <trkpt lat="23.482436" lon="120.445164"></trkpt>
      <trkpt lat="23.482827" lon="120.445527"></trkpt>
      <trkpt lat="23.482914" lon="120.445639"></trkpt>
      <trkpt lat="23.482952" lon="120.445681"></trkpt>
      <trkpt lat="23.482997" lon="120.445775"></trkpt>
      <trkpt lat="23.483028" lon="120.445856"></trkpt>
      <trkpt lat="23.483447" lon="120.446914"></trkpt>
      <trkpt lat="23.483555" lon="120.447155"></trkpt>
      <trkpt lat="23.483790" lon="120.447740"></trkpt>
      <trkpt lat="23.484136" lon="120.448630"></trkpt>
      <trkpt lat="23.484257" lon="120.448599"></trkpt>
      <trkpt lat="23.484491" lon="120.448493"></trkpt>
      <trkpt lat="23.484590" lon="120.448445"></trkpt>
      <trkpt lat="23.485158" lon="120.448246"></trkpt>
      <trkpt lat="23.485960" lon="120.447932"></trkpt>
      <trkpt lat="23.486277" lon="120.447811"></trkpt>
      <trkpt lat="23.487101" lon="120.447506"></trkpt>
      <trkpt lat="23.487817" lon="120.447193"></trkpt>
      <trkpt lat="23.487843" lon="120.447181"></trkpt>
      <trkpt lat="23.487926" lon="120.447135"></trkpt>
      <trkpt lat="23.488321" lon="120.446896"></trkpt>
      <trkpt lat="23.488596" lon="120.446693"></trkpt>
      <trkpt lat="23.488860" lon="120.446509"></trkpt>
      <trkpt lat="23.489119" lon="120.446315"></trkpt>
      <trkpt lat="23.489233" lon="120.446241"></trkpt>
      <trkpt lat="23.489333" lon="120.446230"></trkpt>
      <trkpt lat="23.489425" lon="120.446147"></trkpt>
      <trkpt lat="23.489704" lon="120.446009"></trkpt>
      <trkpt lat="23.489749" lon="120.445991"></trkpt>
      <trkpt lat="23.489760" lon="120.445987"></trkpt>
      <trkpt lat="23.489986" lon="120.445897"></trkpt>
      <trkpt lat="23.490258" lon="120.445790"></trkpt>
      <trkpt lat="23.490751" lon="120.445596"></trkpt>
      <trkpt lat="23.491408" lon="120.445306"></trkpt>
      <trkpt lat="23.491738" lon="120.445168"></trkpt>
      <trkpt lat="23.491784" lon="120.445150"></trkpt>
      <trkpt lat="23.491862" lon="120.445112"></trkpt>
      <trkpt lat="23.491945" lon="120.445076"></trkpt>
      <trkpt lat="23.492115" lon="120.445013"></trkpt>
      <trkpt lat="23.492206" lon="120.444967"></trkpt>
      <trkpt lat="23.492465" lon="120.444854"></trkpt>
      <trkpt lat="23.492902" lon="120.444683"></trkpt>
      <trkpt lat="23.493299" lon="120.444515"></trkpt>
      <trkpt lat="23.493332" lon="120.444505"></trkpt>
      <trkpt lat="23.494113" lon="120.444194"></trkpt>
      <trkpt lat="23.494554" lon="120.444000"></trkpt>
      <trkpt lat="23.494783" lon="120.443894"></trkpt>
      <trkpt lat="23.495050" lon="120.443812"></trkpt>
      <trkpt lat="23.495113" lon="120.443786"></trkpt>
      <trkpt lat="23.495235" lon="120.443736"></trkpt>
      <trkpt lat="23.495412" lon="120.443660"></trkpt>
      <trkpt lat="23.495486" lon="120.443628"></trkpt>
      <trkpt lat="23.495644" lon="120.443560"></trkpt>
      <trkpt lat="23.496320" lon="120.443139"></trkpt>
      <trkpt lat="23.497063" lon="120.442704"></trkpt>
      <trkpt lat="23.497097" lon="120.442684"></trkpt>
      <trkpt lat="23.497845" lon="120.442223"></trkpt>
      <trkpt lat="23.497898" lon="120.442189"></trkpt>
      <trkpt lat="23.498011" lon="120.442118"></trkpt>
      <trkpt lat="23.498499" lon="120.441811"></trkpt>
      <trkpt lat="23.498588" lon="120.441755"></trkpt>
      <trkpt lat="23.499068" lon="120.441455"></trkpt>
      <trkpt lat="23.499559" lon="120.441169"></trkpt>
      <trkpt lat="23.500142" lon="120.440820"></trkpt>
      <trkpt lat="23.501092" lon="120.440208"></trkpt>
      <trkpt lat="23.501305" lon="120.440088"></trkpt>
      <trkpt lat="23.501380" lon="120.440046"></trkpt>
      <trkpt lat="23.501795" lon="120.439811"></trkpt>
      <trkpt lat="23.502541" lon="120.439330"></trkpt>
      <trkpt lat="23.502676" lon="120.439243"></trkpt>
      <trkpt lat="23.502887" lon="120.439133"></trkpt>
      <trkpt lat="23.503678" lon="120.438675"></trkpt>
      <trkpt lat="23.504185" lon="120.438378"></trkpt>
      <trkpt lat="23.504232" lon="120.438348"></trkpt>
      <trkpt lat="23.504862" lon="120.437945"></trkpt>
      <trkpt lat="23.505554" lon="120.437548"></trkpt>
      <trkpt lat="23.506051" lon="120.437246"></trkpt>
      <trkpt lat="23.506625" lon="120.436892"></trkpt>
      <trkpt lat="23.507322" lon="120.436493"></trkpt>
      <trkpt lat="23.508031" lon="120.436074"></trkpt>
      <trkpt lat="23.508489" lon="120.435813"></trkpt>
      <trkpt lat="23.508988" lon="120.435413"></trkpt>
      <trkpt lat="23.509128" lon="120.435323"></trkpt>
      <trkpt lat="23.509300" lon="120.435195"></trkpt>
      <trkpt lat="23.509390" lon="120.435104"></trkpt>
      <trkpt lat="23.510040" lon="120.434417"></trkpt>
      <trkpt lat="23.511009" lon="120.433330"></trkpt>
      <trkpt lat="23.511325" lon="120.433017"></trkpt>
      <trkpt lat="23.511651" lon="120.432697"></trkpt>
      <trkpt lat="23.511864" lon="120.432602"></trkpt>
      <trkpt lat="23.512057" lon="120.432487"></trkpt>
      <trkpt lat="23.513718" lon="120.431494"></trkpt>
      <trkpt lat="23.514028" lon="120.431196"></trkpt>
      <trkpt lat="23.514313" lon="120.430912"></trkpt>
      <trkpt lat="23.514908" lon="120.430306"></trkpt>
      <trkpt lat="23.515191" lon="120.430037"></trkpt>
      <trkpt lat="23.515687" lon="120.429554"></trkpt>
      <trkpt lat="23.515840" lon="120.429404"></trkpt>
      <trkpt lat="23.516579" lon="120.428726"></trkpt>
      <trkpt lat="23.517402" lon="120.428039"></trkpt>
      <trkpt lat="23.517695" lon="120.427779"></trkpt>
      <trkpt lat="23.519574" lon="120.426135"></trkpt>
      <trkpt lat="23.520484" lon="120.425354"></trkpt>
      <trkpt lat="23.522671" lon="120.423471"></trkpt>
      <trkpt lat="23.522857" lon="120.423312"></trkpt>
      <trkpt lat="23.522978" lon="120.423203"></trkpt>
      <trkpt lat="23.524744" lon="120.421616"></trkpt>
      <trkpt lat="23.526367" lon="120.420086"></trkpt>
      <trkpt lat="23.526641" lon="120.420413"></trkpt>
      <trkpt lat="23.526720" lon="120.420510"></trkpt>
      <trkpt lat="23.526788" lon="120.420601"></trkpt>
      <trkpt lat="23.526872" lon="120.420644"></trkpt>
      <trkpt lat="23.526976" lon="120.420666"></trkpt>
      <trkpt lat="23.527499" lon="120.420702"></trkpt>
      <trkpt lat="23.528134" lon="120.421199"></trkpt>
      <trkpt lat="23.528722" lon="120.421693"></trkpt>
      <trkpt lat="23.529990" lon="120.422734"></trkpt>
      <trkpt lat="23.530233" lon="120.422934"></trkpt>
      <trkpt lat="23.530298" lon="120.422987"></trkpt>
      <trkpt lat="23.530997" lon="120.423487"></trkpt>
      <trkpt lat="23.531287" lon="120.423700"></trkpt>
      <trkpt lat="23.531361" lon="120.423756"></trkpt>
      <trkpt lat="23.531518" lon="120.423847"></trkpt>
      <trkpt lat="23.532700" lon="120.424690"></trkpt>
      <trkpt lat="23.532866" lon="120.424805"></trkpt>
      <trkpt lat="23.532906" lon="120.424833"></trkpt>
      <trkpt lat="23.533163" lon="120.424970"></trkpt>
      <trkpt lat="23.533412" lon="120.425040"></trkpt>
      <trkpt lat="23.533780" lon="120.425051"></trkpt>
      <trkpt lat="23.534280" lon="120.425067"></trkpt>
      <trkpt lat="23.535072" lon="120.425075"></trkpt>
      <trkpt lat="23.535884" lon="120.425083"></trkpt>
      <trkpt lat="23.536552" lon="120.425091"></trkpt>
      <trkpt lat="23.538377" lon="120.424892"></trkpt>
      <trkpt lat="23.538832" lon="120.424753"></trkpt>
      <trkpt lat="23.540107" lon="120.424218"></trkpt>
      <trkpt lat="23.540467" lon="120.424048"></trkpt>
      <trkpt lat="23.541023" lon="120.423787"></trkpt>
      <trkpt lat="23.541422" lon="120.423655"></trkpt>
      <trkpt lat="23.541721" lon="120.423597"></trkpt>
      <trkpt lat="23.544708" lon="120.423105"></trkpt>
      <trkpt lat="23.544970" lon="120.423062"></trkpt>
      <trkpt lat="23.545300" lon="120.423008"></trkpt>
      <trkpt lat="23.545982" lon="120.422896"></trkpt>
      <trkpt lat="23.546138" lon="120.422922"></trkpt>
      <trkpt lat="23.546217" lon="120.422973"></trkpt>
      <trkpt lat="23.546391" lon="120.423110"></trkpt>
      <trkpt lat="23.546828" lon="120.423454"></trkpt>
      <trkpt lat="23.547077" lon="120.423656"></trkpt>
      <trkpt lat="23.547334" lon="120.423864"></trkpt>
      <trkpt lat="23.547464" lon="120.423998"></trkpt>
      <trkpt lat="23.547649" lon="120.424339"></trkpt>
      <trkpt lat="23.547901" lon="120.424802"></trkpt>
      <trkpt lat="23.549419" lon="120.425256"></trkpt>
      <trkpt lat="23.550079" lon="120.425454"></trkpt>
      <trkpt lat="23.550208" lon="120.425512"></trkpt>
      <trkpt lat="23.551873" lon="120.425915"></trkpt>
      <trkpt lat="23.551944" lon="120.425953"></trkpt>
      <trkpt lat="23.552581" lon="120.426376"></trkpt>
      <trkpt lat="23.553147" lon="120.426760"></trkpt>
      <trkpt lat="23.553693" lon="120.427079"></trkpt>
      <trkpt lat="23.554134" lon="120.427330"></trkpt>
      <trkpt lat="23.554574" lon="120.427580"></trkpt>
      <trkpt lat="23.554646" lon="120.427622"></trkpt>
      <trkpt lat="23.554838" lon="120.427733"></trkpt>
      <trkpt lat="23.554958" lon="120.427794"></trkpt>
      <trkpt lat="23.555022" lon="120.427795"></trkpt>
      <trkpt lat="23.555734" lon="120.427224"></trkpt>
      <trkpt lat="23.555925" lon="120.427866"></trkpt>
      <trkpt lat="23.556031" lon="120.428282"></trkpt>
      <trkpt lat="23.556306" lon="120.428470"></trkpt>
      <trkpt lat="23.556321" lon="120.428553"></trkpt>
      <trkpt lat="23.556346" lon="120.428696"></trkpt>
      <trkpt lat="23.556212" lon="120.429489"></trkpt>
      <trkpt lat="23.556193" lon="120.429599"></trkpt>
      <trkpt lat="23.556159" lon="120.429801"></trkpt>
      <trkpt lat="23.556109" lon="120.430350"></trkpt>
      <trkpt lat="23.556122" lon="120.430396"></trkpt>
      <trkpt lat="23.556188" lon="120.430625"></trkpt>
      <trkpt lat="23.556247" lon="120.430833"></trkpt>
      <trkpt lat="23.556760" lon="120.431041"></trkpt>
      <trkpt lat="23.557850" lon="120.431567"></trkpt>
      <trkpt lat="23.557908" lon="120.431511"></trkpt>
      <trkpt lat="23.559049" lon="120.431850"></trkpt>
      <trkpt lat="23.559371" lon="120.431967"></trkpt>
      <trkpt lat="23.559440" lon="120.432058"></trkpt>
      <trkpt lat="23.559637" lon="120.432179"></trkpt>
      <trkpt lat="23.559936" lon="120.432348"></trkpt>
      <trkpt lat="23.560297" lon="120.432488"></trkpt>
      <trkpt lat="23.561010" lon="120.432680"></trkpt>
      <trkpt lat="23.561903" lon="120.432738"></trkpt>
      <trkpt lat="23.562674" lon="120.433637"></trkpt>
      <trkpt lat="23.562753" lon="120.433674"></trkpt>
      <trkpt lat="23.562758" lon="120.433725"></trkpt>
      <trkpt lat="23.562762" lon="120.433769"></trkpt>
      <trkpt lat="23.562766" lon="120.433808"></trkpt>
      <trkpt lat="23.562835" lon="120.433826"></trkpt>
      <trkpt lat="23.562942" lon="120.433986"></trkpt>
      <trkpt lat="23.563162" lon="120.434223"></trkpt>
      <trkpt lat="23.563236" lon="120.434288"></trkpt>
      <trkpt lat="23.563308" lon="120.434337"></trkpt>
      <trkpt lat="23.563562" lon="120.434623"></trkpt>
      <trkpt lat="23.563745" lon="120.434741"></trkpt>
      <trkpt lat="23.563924" lon="120.434734"></trkpt>
      <trkpt lat="23.564365" lon="120.434739"></trkpt>
      <trkpt lat="23.564788" lon="120.434750"></trkpt>
      <trkpt lat="23.565744" lon="120.434772"></trkpt>
      <trkpt lat="23.565993" lon="120.434829"></trkpt>
      <trkpt lat="23.566362" lon="120.434936"></trkpt>
      <trkpt lat="23.566692" lon="120.435020"></trkpt>
      <trkpt lat="23.566814" lon="120.435058"></trkpt>
      <trkpt lat="23.567122" lon="120.435148"></trkpt>
      <trkpt lat="23.567365" lon="120.435217"></trkpt>
      <trkpt lat="23.567912" lon="120.435427"></trkpt>
      <trkpt lat="23.568083" lon="120.435489"></trkpt>
      <trkpt lat="23.568639" lon="120.435713"></trkpt>
      <trkpt lat="23.569673" lon="120.436092"></trkpt>
      <trkpt lat="23.570771" lon="120.436494"></trkpt>
      <trkpt lat="23.571718" lon="120.436869"></trkpt>
      <trkpt lat="23.572194" lon="120.437056"></trkpt>
      <trkpt lat="23.572655" lon="120.437225"></trkpt>
      <trkpt lat="23.573813" lon="120.437668"></trkpt>
      <trkpt lat="23.574395" lon="120.437897"></trkpt>
      <trkpt lat="23.574947" lon="120.438082"></trkpt>
      <trkpt lat="23.576101" lon="120.438552"></trkpt>
      <trkpt lat="23.576597" lon="120.438740"></trkpt>
      <trkpt lat="23.577149" lon="120.438972"></trkpt>
      <trkpt lat="23.577208" lon="120.438994"></trkpt>
      <trkpt lat="23.577797" lon="120.439218"></trkpt>
      <trkpt lat="23.578095" lon="120.439341"></trkpt>
      <trkpt lat="23.578413" lon="120.439458"></trkpt>
      <trkpt lat="23.578443" lon="120.439470"></trkpt>
      <trkpt lat="23.579268" lon="120.439778"></trkpt>
      <trkpt lat="23.579668" lon="120.439923"></trkpt>
      <trkpt lat="23.580053" lon="120.440066"></trkpt>
      <trkpt lat="23.581067" lon="120.440442"></trkpt>
      <trkpt lat="23.582066" lon="120.440821"></trkpt>
      <trkpt lat="23.582179" lon="120.440861"></trkpt>
      <trkpt lat="23.582890" lon="120.441154"></trkpt>
      <trkpt lat="23.583732" lon="120.441449"></trkpt>
      <trkpt lat="23.584140" lon="120.441620"></trkpt>
      <trkpt lat="23.584533" lon="120.441765"></trkpt>
      <trkpt lat="23.584718" lon="120.441839"></trkpt>
      <trkpt lat="23.584926" lon="120.441932"></trkpt>
      <trkpt lat="23.585092" lon="120.442024"></trkpt>
      <trkpt lat="23.585284" lon="120.442130"></trkpt>
      <trkpt lat="23.585627" lon="120.442288"></trkpt>
      <trkpt lat="23.585964" lon="120.442454"></trkpt>
      <trkpt lat="23.586333" lon="120.442595"></trkpt>
      <trkpt lat="23.588415" lon="120.443088"></trkpt>
      <trkpt lat="23.588732" lon="120.443173"></trkpt>
      <trkpt lat="23.588900" lon="120.443243"></trkpt>
      <trkpt lat="23.589071" lon="120.443318"></trkpt>
      <trkpt lat="23.589200" lon="120.443382"></trkpt>
      <trkpt lat="23.589328" lon="120.443454"></trkpt>
      <trkpt lat="23.589576" lon="120.443583"></trkpt>
      <trkpt lat="23.590065" lon="120.443832"></trkpt>
      <trkpt lat="23.590736" lon="120.444210"></trkpt>
      <trkpt lat="23.590846" lon="120.444246"></trkpt>
      <trkpt lat="23.591337" lon="120.444411"></trkpt>
      <trkpt lat="23.591938" lon="120.444639"></trkpt>
      <trkpt lat="23.592174" lon="120.444703"></trkpt>
      <trkpt lat="23.592410" lon="120.444789"></trkpt>
      <trkpt lat="23.592989" lon="120.444918"></trkpt>
      <trkpt lat="23.593245" lon="120.444940"></trkpt>
      <trkpt lat="23.593804" lon="120.444990"></trkpt>
      <trkpt lat="23.594809" lon="120.445084"></trkpt>
      <trkpt lat="23.595071" lon="120.445107"></trkpt>
      <trkpt lat="23.595258" lon="120.445358"></trkpt>
      <trkpt lat="23.595774" lon="120.446013"></trkpt>
      <trkpt lat="23.596395" lon="120.446755"></trkpt>
      <trkpt lat="23.597009" lon="120.447498"></trkpt>
      <trkpt lat="23.597348" lon="120.447907"></trkpt>
      <trkpt lat="23.598020" lon="120.448717"></trkpt>
      <trkpt lat="23.598337" lon="120.449083"></trkpt>
      <trkpt lat="23.598711" lon="120.449461"></trkpt>
      <trkpt lat="23.598765" lon="120.449519"></trkpt>
      <trkpt lat="23.599157" lon="120.450034"></trkpt>
      <trkpt lat="23.599313" lon="120.450233"></trkpt>
      <trkpt lat="23.600036" lon="120.451086"></trkpt>
      <trkpt lat="23.600337" lon="120.451455"></trkpt>
      <trkpt lat="23.601129" lon="120.452427"></trkpt>
      <trkpt lat="23.602013" lon="120.453498"></trkpt>
      <trkpt lat="23.602523" lon="120.454010"></trkpt>
      <trkpt lat="23.602640" lon="120.454128"></trkpt>
      <trkpt lat="23.602678" lon="120.454140"></trkpt>
      <trkpt lat="23.602911" lon="120.454215"></trkpt>
      <trkpt lat="23.603677" lon="120.454200"></trkpt>
      <trkpt lat="23.604061" lon="120.454193"></trkpt>
      <trkpt lat="23.604343" lon="120.454188"></trkpt>
      <trkpt lat="23.604500" lon="120.454198"></trkpt>
      <trkpt lat="23.604605" lon="120.454229"></trkpt>
      <trkpt lat="23.604688" lon="120.454284"></trkpt>
      <trkpt lat="23.605435" lon="120.454804"></trkpt>
      <trkpt lat="23.606017" lon="120.455225"></trkpt>
      <trkpt lat="23.606189" lon="120.455284"></trkpt>
      <trkpt lat="23.606300" lon="120.455959"></trkpt>
      <trkpt lat="23.606398" lon="120.456506"></trkpt>
      <trkpt lat="23.606528" lon="120.457193"></trkpt>
      <trkpt lat="23.606714" lon="120.458212"></trkpt>
      <trkpt lat="23.606778" lon="120.458441"></trkpt>
      <trkpt lat="23.606843" lon="120.458606"></trkpt>
      <trkpt lat="23.606900" lon="120.458740"></trkpt>
      <trkpt lat="23.607024" lon="120.458944"></trkpt>
      <trkpt lat="23.607214" lon="120.459164"></trkpt>
      <trkpt lat="23.607350" lon="120.459305"></trkpt>
      <trkpt lat="23.607456" lon="120.459393"></trkpt>
      <trkpt lat="23.607749" lon="120.459637"></trkpt>
      <trkpt lat="23.608735" lon="120.460500"></trkpt>
      <trkpt lat="23.608952" lon="120.460690"></trkpt>
      <trkpt lat="23.609168" lon="120.460878"></trkpt>
      <trkpt lat="23.609705" lon="120.461333"></trkpt>
      <trkpt lat="23.610122" lon="120.461578"></trkpt>
      <trkpt lat="23.612237" lon="120.462643"></trkpt>
      <trkpt lat="23.617499" lon="120.465269"></trkpt>
      <trkpt lat="23.620648" lon="120.466847"></trkpt>
      <trkpt lat="23.621421" lon="120.467234"></trkpt>
      <trkpt lat="23.622365" lon="120.467641"></trkpt>
      <trkpt lat="23.622601" lon="120.467727"></trkpt>
      <trkpt lat="23.622849" lon="120.467793"></trkpt>
      <trkpt lat="23.623098" lon="120.467838"></trkpt>
      <trkpt lat="23.624861" lon="120.468105"></trkpt>
      <trkpt lat="23.625832" lon="120.468250"></trkpt>
      <trkpt lat="23.627022" lon="120.468425"></trkpt>
      <trkpt lat="23.627261" lon="120.468461"></trkpt>
      <trkpt lat="23.627691" lon="120.468523"></trkpt>
      <trkpt lat="23.628342" lon="120.468622"></trkpt>
      <trkpt lat="23.628824" lon="120.468671"></trkpt>
      <trkpt lat="23.629253" lon="120.468650"></trkpt>
      <trkpt lat="23.629440" lon="120.468628"></trkpt>
      <trkpt lat="23.631208" lon="120.468334"></trkpt>
      <trkpt lat="23.631342" lon="120.468306"></trkpt>
      <trkpt lat="23.631795" lon="120.468232"></trkpt>
      <trkpt lat="23.632140" lon="120.468177"></trkpt>
      <trkpt lat="23.632210" lon="120.468166"></trkpt>
      <trkpt lat="23.632321" lon="120.468151"></trkpt>
      <trkpt lat="23.632535" lon="120.468141"></trkpt>
      <trkpt lat="23.632719" lon="120.468139"></trkpt>
      <trkpt lat="23.633045" lon="120.468158"></trkpt>
      <trkpt lat="23.633264" lon="120.468193"></trkpt>
      <trkpt lat="23.633370" lon="120.468209"></trkpt>
      <trkpt lat="23.633447" lon="120.468223"></trkpt>
      <trkpt lat="23.634019" lon="120.468349"></trkpt>
      <trkpt lat="23.634092" lon="120.468363"></trkpt>
      <trkpt lat="23.634161" lon="120.468376"></trkpt>
      <trkpt lat="23.636612" lon="120.468899"></trkpt>
      <trkpt lat="23.640504" lon="120.469731"></trkpt>
      <trkpt lat="23.642882" lon="120.470244"></trkpt>
      <trkpt lat="23.643014" lon="120.470266"></trkpt>
      <trkpt lat="23.643077" lon="120.470281"></trkpt>
      <trkpt lat="23.645522" lon="120.470798"></trkpt>
      <trkpt lat="23.645720" lon="120.470845"></trkpt>
      <trkpt lat="23.647903" lon="120.471307"></trkpt>
      <trkpt lat="23.648181" lon="120.471364"></trkpt>
      <trkpt lat="23.649071" lon="120.471552"></trkpt>
      <trkpt lat="23.650507" lon="120.471855"></trkpt>
      <trkpt lat="23.651730" lon="120.472114"></trkpt>
      <trkpt lat="23.651936" lon="120.472157"></trkpt>
      <trkpt lat="23.653251" lon="120.472429"></trkpt>
      <trkpt lat="23.654006" lon="120.472593"></trkpt>
      <trkpt lat="23.655523" lon="120.472919"></trkpt>
      <trkpt lat="23.655622" lon="120.472936"></trkpt>
      <trkpt lat="23.656662" lon="120.473143"></trkpt>
      <trkpt lat="23.657628" lon="120.473365"></trkpt>
      <trkpt lat="23.658731" lon="120.473613"></trkpt>
      <trkpt lat="23.658832" lon="120.473629"></trkpt>
      <trkpt lat="23.660837" lon="120.474050"></trkpt>
      <trkpt lat="23.661535" lon="120.474192"></trkpt>
      <trkpt lat="23.661624" lon="120.474210"></trkpt>
      <trkpt lat="23.661860" lon="120.474260"></trkpt>
      <trkpt lat="23.662183" lon="120.474324"></trkpt>
      <trkpt lat="23.662809" lon="120.474457"></trkpt>
      <trkpt lat="23.664525" lon="120.474811"></trkpt>
      <trkpt lat="23.664592" lon="120.474826"></trkpt>
      <trkpt lat="23.664670" lon="120.474843"></trkpt>
      <trkpt lat="23.664738" lon="120.474858"></trkpt>
      <trkpt lat="23.665920" lon="120.475117"></trkpt>
      <trkpt lat="23.666054" lon="120.475148"></trkpt>
      <trkpt lat="23.666263" lon="120.475190"></trkpt>
      <trkpt lat="23.666297" lon="120.475197"></trkpt>
      <trkpt lat="23.667350" lon="120.475420"></trkpt>
      <trkpt lat="23.667399" lon="120.475431"></trkpt>
      <trkpt lat="23.667660" lon="120.475489"></trkpt>
      <trkpt lat="23.668268" lon="120.475618"></trkpt>
      <trkpt lat="23.668862" lon="120.475705"></trkpt>
      <trkpt lat="23.668990" lon="120.475722"></trkpt>
      <trkpt lat="23.669356" lon="120.475769"></trkpt>
      <trkpt lat="23.669882" lon="120.475846"></trkpt>
      <trkpt lat="23.669949" lon="120.475854"></trkpt>
      <trkpt lat="23.670108" lon="120.475878"></trkpt>
      <trkpt lat="23.670206" lon="120.475895"></trkpt>
      <trkpt lat="23.670854" lon="120.475976"></trkpt>
      <trkpt lat="23.670992" lon="120.475996"></trkpt>
      <trkpt lat="23.671189" lon="120.476018"></trkpt>
      <trkpt lat="23.671879" lon="120.476109"></trkpt>
      <trkpt lat="23.672052" lon="120.476134"></trkpt>
      <trkpt lat="23.672362" lon="120.476172"></trkpt>
      <trkpt lat="23.672411" lon="120.476179"></trkpt>
      <trkpt lat="23.672486" lon="120.476185"></trkpt>
      <trkpt lat="23.673016" lon="120.476257"></trkpt>
      <trkpt lat="23.673048" lon="120.476374"></trkpt>
      <trkpt lat="23.673066" lon="120.477223"></trkpt>
      <trkpt lat="23.673072" lon="120.477423"></trkpt>
      <trkpt lat="23.673083" lon="120.477960"></trkpt>
      <trkpt lat="23.673093" lon="120.478335"></trkpt>
      <trkpt lat="23.673095" lon="120.478592"></trkpt>
      <trkpt lat="23.673125" lon="120.479380"></trkpt>
      <trkpt lat="23.673147" lon="120.479850"></trkpt>
      <trkpt lat="23.673209" lon="120.480033"></trkpt>
      <trkpt lat="23.673023" lon="120.480217"></trkpt>
      <trkpt lat="23.673088" lon="120.480317"></trkpt>
      <trkpt lat="23.673196" lon="120.480512"></trkpt>
      <trkpt lat="23.673234" lon="120.480581"></trkpt>
      <trkpt lat="23.673257" lon="120.480620"></trkpt>
      <trkpt lat="23.673291" lon="120.480678"></trkpt>
      <trkpt lat="23.673480" lon="120.481023"></trkpt>
      <trkpt lat="23.673550" lon="120.481063"></trkpt>
      <trkpt lat="23.673588" lon="120.481062"></trkpt>
      <trkpt lat="23.673626" lon="120.481042"></trkpt>
      <trkpt lat="23.673713" lon="120.480986"></trkpt>
      <trkpt lat="23.673762" lon="120.481039"></trkpt>
      <trkpt lat="23.674024" lon="120.481249"></trkpt>
      <trkpt lat="23.674859" lon="120.481950"></trkpt>
      <trkpt lat="23.674969" lon="120.482050"></trkpt>
      <trkpt lat="23.675045" lon="120.482100"></trkpt>
      <trkpt lat="23.675142" lon="120.482141"></trkpt>
      <trkpt lat="23.675486" lon="120.482149"></trkpt>
      <trkpt lat="23.675622" lon="120.482159"></trkpt>
      <trkpt lat="23.675816" lon="120.482235"></trkpt>
      <trkpt lat="23.675914" lon="120.482303"></trkpt>
      <trkpt lat="23.675979" lon="120.482280"></trkpt>
      <trkpt lat="23.676059" lon="120.482264"></trkpt>
      <trkpt lat="23.676283" lon="120.482255"></trkpt>
      <trkpt lat="23.676878" lon="120.482237"></trkpt>
      <trkpt lat="23.677249" lon="120.482226"></trkpt>
      <trkpt lat="23.677662" lon="120.482210"></trkpt>
      <trkpt lat="23.677833" lon="120.482133"></trkpt>
      <trkpt lat="23.677920" lon="120.482128"></trkpt>
      <trkpt lat="23.678238" lon="120.482115"></trkpt>
      <trkpt lat="23.678278" lon="120.482112"></trkpt>
      <trkpt lat="23.678374" lon="120.482081"></trkpt>
      <trkpt lat="23.678417" lon="120.482158"></trkpt>
      <trkpt lat="23.678749" lon="120.482771"></trkpt>
      <trkpt lat="23.678814" lon="120.482883"></trkpt>
      <trkpt lat="23.678934" lon="120.483090"></trkpt>
      <trkpt lat="23.679068" lon="120.483362"></trkpt>
      <trkpt lat="23.679179" lon="120.483608"></trkpt>
      <trkpt lat="23.679352" lon="120.484088"></trkpt>
      <trkpt lat="23.679542" lon="120.484627"></trkpt>
      <trkpt lat="23.679753" lon="120.485246"></trkpt>
      <trkpt lat="23.679901" lon="120.485652"></trkpt>
      <trkpt lat="23.680025" lon="120.486002"></trkpt>
      <trkpt lat="23.680054" lon="120.486082"></trkpt>
      <trkpt lat="23.680465" lon="120.487071"></trkpt>
      <trkpt lat="23.680555" lon="120.487262"></trkpt>
      <trkpt lat="23.680557" lon="120.487336"></trkpt>
      <trkpt lat="23.680492" lon="120.487486"></trkpt>
      <trkpt lat="23.680465" lon="120.487534"></trkpt>
      <trkpt lat="23.680412" lon="120.487627"></trkpt>
      <trkpt lat="23.680322" lon="120.487758"></trkpt>
      <trkpt lat="23.680203" lon="120.487863"></trkpt>
      <trkpt lat="23.680061" lon="120.487971"></trkpt>
      <trkpt lat="23.679854" lon="120.488127"></trkpt>
      <trkpt lat="23.679603" lon="120.488231"></trkpt>
      <trkpt lat="23.679362" lon="120.488307"></trkpt>
      <trkpt lat="23.678420" lon="120.488481"></trkpt>
      <trkpt lat="23.678129" lon="120.488549"></trkpt>
      <trkpt lat="23.678040" lon="120.488564"></trkpt>
      <trkpt lat="23.677568" lon="120.488660"></trkpt>
      <trkpt lat="23.677697" lon="120.488921"></trkpt>
      <trkpt lat="23.677739" lon="120.488982"></trkpt>
      <trkpt lat="23.677785" lon="120.489043"></trkpt>
      <trkpt lat="23.678119" lon="120.489521"></trkpt>
      <trkpt lat="23.679077" lon="120.490891"></trkpt>
      <trkpt lat="23.679292" lon="120.491166"></trkpt>
      <trkpt lat="23.679563" lon="120.491472"></trkpt>
      <trkpt lat="23.680074" lon="120.491946"></trkpt>
      <trkpt lat="23.680384" lon="120.492165"></trkpt>
      <trkpt lat="23.680818" lon="120.492444"></trkpt>
      <trkpt lat="23.681218" lon="120.492640"></trkpt>
      <trkpt lat="23.681732" lon="120.492840"></trkpt>
      <trkpt lat="23.682087" lon="120.492945"></trkpt>
      <trkpt lat="23.682385" lon="120.493005"></trkpt>
      <trkpt lat="23.682655" lon="120.493040"></trkpt>
      <trkpt lat="23.683331" lon="120.493134"></trkpt>
      <trkpt lat="23.683428" lon="120.493153"></trkpt>
      <trkpt lat="23.683482" lon="120.493162"></trkpt>
      <trkpt lat="23.683525" lon="120.493154"></trkpt>
      <trkpt lat="23.683603" lon="120.493118"></trkpt>
      <trkpt lat="23.683643" lon="120.493236"></trkpt>
      <trkpt lat="23.683646" lon="120.493258"></trkpt>
      <trkpt lat="23.683752" lon="120.493485"></trkpt>
      <trkpt lat="23.683977" lon="120.493905"></trkpt>
      <trkpt lat="23.684050" lon="120.494009"></trkpt>
      <trkpt lat="23.684076" lon="120.494052"></trkpt>
      <trkpt lat="23.684135" lon="120.494146"></trkpt>
      <trkpt lat="23.684807" lon="120.495215"></trkpt>
      <trkpt lat="23.686246" lon="120.497652"></trkpt>
      <trkpt lat="23.687562" lon="120.499922"></trkpt>
      <trkpt lat="23.687886" lon="120.500483"></trkpt>
      <trkpt lat="23.688297" lon="120.501171"></trkpt>
      <trkpt lat="23.689013" lon="120.502684"></trkpt>
      <trkpt lat="23.689686" lon="120.504211"></trkpt>
      <trkpt lat="23.689777" lon="120.504416"></trkpt>
      <trkpt lat="23.691122" lon="120.507447"></trkpt>
      <trkpt lat="23.691545" lon="120.508404"></trkpt>
      <trkpt lat="23.691603" lon="120.508535"></trkpt>
      <trkpt lat="23.691654" lon="120.508650"></trkpt>
      <trkpt lat="23.692761" lon="120.511165"></trkpt>
      <trkpt lat="23.693517" lon="120.512884"></trkpt>
      <trkpt lat="23.693547" lon="120.512951"></trkpt>
      <trkpt lat="23.693920" lon="120.513799"></trkpt>
      <trkpt lat="23.694009" lon="120.514031"></trkpt>
      <trkpt lat="23.694797" lon="120.516617"></trkpt>
      <trkpt lat="23.695573" lon="120.519347"></trkpt>
      <trkpt lat="23.695973" lon="120.520563"></trkpt>
      <trkpt lat="23.696017" lon="120.520725"></trkpt>
      <trkpt lat="23.696277" lon="120.521510"></trkpt>
      <trkpt lat="23.696345" lon="120.521639"></trkpt>
      <trkpt lat="23.696416" lon="120.521729"></trkpt>
      <trkpt lat="23.696582" lon="120.521940"></trkpt>
      <trkpt lat="23.696819" lon="120.522264"></trkpt>
      <trkpt lat="23.697417" lon="120.523117"></trkpt>
      <trkpt lat="23.697950" lon="120.523917"></trkpt>
      <trkpt lat="23.697989" lon="120.523978"></trkpt>
      <trkpt lat="23.698510" lon="120.524761"></trkpt>
      <trkpt lat="23.698622" lon="120.524923"></trkpt>
      <trkpt lat="23.698726" lon="120.525076"></trkpt>
      <trkpt lat="23.698923" lon="120.525371"></trkpt>
      <trkpt lat="23.698976" lon="120.525448"></trkpt>
      <trkpt lat="23.699219" lon="120.525804"></trkpt>
      <trkpt lat="23.699296" lon="120.525917"></trkpt>
      <trkpt lat="23.699704" lon="120.526513"></trkpt>
      <trkpt lat="23.699756" lon="120.526589"></trkpt>
      <trkpt lat="23.699861" lon="120.526739"></trkpt>
      <trkpt lat="23.699907" lon="120.526810"></trkpt>
      <trkpt lat="23.700871" lon="120.528246"></trkpt>
      <trkpt lat="23.700905" lon="120.528290"></trkpt>
      <trkpt lat="23.700940" lon="120.528334"></trkpt>
      <trkpt lat="23.701042" lon="120.528500"></trkpt>
      <trkpt lat="23.701088" lon="120.528573"></trkpt>
      <trkpt lat="23.701335" lon="120.528931"></trkpt>
      <trkpt lat="23.701422" lon="120.529067"></trkpt>
      <trkpt lat="23.701473" lon="120.529148"></trkpt>
      <trkpt lat="23.701612" lon="120.529232"></trkpt>
      <trkpt lat="23.701635" lon="120.529267"></trkpt>
      <trkpt lat="23.701752" lon="120.529428"></trkpt>
      <trkpt lat="23.701797" lon="120.529498"></trkpt>
      <trkpt lat="23.701844" lon="120.529571"></trkpt>
      <trkpt lat="23.702250" lon="120.530189"></trkpt>
      <trkpt lat="23.702507" lon="120.530524"></trkpt>
      <trkpt lat="23.702862" lon="120.531036"></trkpt>
      <trkpt lat="23.702919" lon="120.531159"></trkpt>
      <trkpt lat="23.703271" lon="120.531628"></trkpt>
      <trkpt lat="23.703963" lon="120.532700"></trkpt>
      <trkpt lat="23.704126" lon="120.532938"></trkpt>
      <trkpt lat="23.704181" lon="120.533014"></trkpt>
      <trkpt lat="23.704228" lon="120.533086"></trkpt>
      <trkpt lat="23.704567" lon="120.533544"></trkpt>
      <trkpt lat="23.704610" lon="120.533600"></trkpt>
      <trkpt lat="23.705056" lon="120.534277"></trkpt>
      <trkpt lat="23.705172" lon="120.534416"></trkpt>
      <trkpt lat="23.705201" lon="120.534448"></trkpt>
      <trkpt lat="23.705315" lon="120.534587"></trkpt>
      <trkpt lat="23.705346" lon="120.534629"></trkpt>
      <trkpt lat="23.705682" lon="120.535098"></trkpt>
      <trkpt lat="23.705762" lon="120.535199"></trkpt>
      <trkpt lat="23.705956" lon="120.535510"></trkpt>
      <trkpt lat="23.706145" lon="120.535775"></trkpt>
      <trkpt lat="23.706196" lon="120.535842"></trkpt>
      <trkpt lat="23.706253" lon="120.535929"></trkpt>
      <trkpt lat="23.706452" lon="120.536232"></trkpt>
      <trkpt lat="23.706829" lon="120.536763"></trkpt>
      <trkpt lat="23.707057" lon="120.537094"></trkpt>
      <trkpt lat="23.707606" lon="120.537229"></trkpt>
      <trkpt lat="23.707891" lon="120.537326"></trkpt>
      <trkpt lat="23.708834" lon="120.537585"></trkpt>
      <trkpt lat="23.708955" lon="120.537735"></trkpt>
      <trkpt lat="23.709325" lon="120.538290"></trkpt>
      <trkpt lat="23.709397" lon="120.538391"></trkpt>
      <trkpt lat="23.709718" lon="120.538878"></trkpt>
      <trkpt lat="23.709902" lon="120.539149"></trkpt>
      <trkpt lat="23.710312" lon="120.539797"></trkpt>
      <trkpt lat="23.710335" lon="120.539838"></trkpt>
      <trkpt lat="23.710735" lon="120.540465"></trkpt>
      <trkpt lat="23.710958" lon="120.540809"></trkpt>
      <trkpt lat="23.711052" lon="120.540951"></trkpt>
      <trkpt lat="23.711082" lon="120.540993"></trkpt>
      <trkpt lat="23.711125" lon="120.541058"></trkpt>
      <trkpt lat="23.710937" lon="120.541159"></trkpt>
      <trkpt lat="23.711125" lon="120.541058"></trkpt>
      <trkpt lat="23.711234" lon="120.541220"></trkpt>
      <trkpt lat="23.711313" lon="120.541341"></trkpt>
      <trkpt lat="23.711583" lon="120.541767"></trkpt>
      <trkpt lat="23.711923" lon="120.542364"></trkpt>
      <trkpt lat="23.712407" lon="120.543254"></trkpt>
      <trkpt lat="23.712516" lon="120.543245"></trkpt>
      <trkpt lat="23.713083" lon="120.543199"></trkpt>
      <trkpt lat="23.713137" lon="120.543194"></trkpt>
      <trkpt lat="23.713274" lon="120.543166"></trkpt>
      <trkpt lat="23.713505" lon="120.543136"></trkpt>
      <trkpt lat="23.713656" lon="120.543120"></trkpt>
      <trkpt lat="23.714294" lon="120.543045"></trkpt>
      <trkpt lat="23.715127" lon="120.542954"></trkpt>
      <trkpt lat="23.715240" lon="120.542942"></trkpt>
      <trkpt lat="23.715351" lon="120.542930"></trkpt>
      <trkpt lat="23.716119" lon="120.542843"></trkpt>
      <trkpt lat="23.716321" lon="120.542823"></trkpt>
      <trkpt lat="23.716494" lon="120.542804"></trkpt>
      <trkpt lat="23.717128" lon="120.542737"></trkpt>
      <trkpt lat="23.717361" lon="120.542703"></trkpt>
      <trkpt lat="23.718066" lon="120.542603"></trkpt>
      <trkpt lat="23.718205" lon="120.542583"></trkpt>
      <trkpt lat="23.718360" lon="120.542594"></trkpt>
      <trkpt lat="23.718434" lon="120.542578"></trkpt>
      <trkpt lat="23.718465" lon="120.542572"></trkpt>
      <trkpt lat="23.718621" lon="120.542552"></trkpt>
      <trkpt lat="23.718673" lon="120.542549"></trkpt>
      <trkpt lat="23.718999" lon="120.542415"></trkpt>
      <trkpt lat="23.719581" lon="120.542128"></trkpt>
      <trkpt lat="23.720223" lon="120.541802"></trkpt>
      <trkpt lat="23.720973" lon="120.542936"></trkpt>
      <trkpt lat="23.721071" lon="120.543158"></trkpt>
      <trkpt lat="23.721168" lon="120.543365"></trkpt>
      <trkpt lat="23.722358" lon="120.544700"></trkpt>
      <trkpt lat="23.722454" lon="120.544813"></trkpt>
      <trkpt lat="23.722509" lon="120.544866"></trkpt>
      <trkpt lat="23.722586" lon="120.544989"></trkpt>
      <trkpt lat="23.722835" lon="120.545237"></trkpt>
      <trkpt lat="23.723186" lon="120.545556"></trkpt>
      <trkpt lat="23.723480" lon="120.545868"></trkpt>
      <trkpt lat="23.723720" lon="120.546122"></trkpt>
      <trkpt lat="23.724847" lon="120.547131"></trkpt>
      <trkpt lat="23.725911" lon="120.548240"></trkpt>
      <trkpt lat="23.726309" lon="120.548609"></trkpt>
      <trkpt lat="23.726729" lon="120.548997"></trkpt>
      <trkpt lat="23.727206" lon="120.549442"></trkpt>
      <trkpt lat="23.727571" lon="120.549782"></trkpt>
      <trkpt lat="23.728035" lon="120.550214"></trkpt>
      <trkpt lat="23.728647" lon="120.550780"></trkpt>
      <trkpt lat="23.728789" lon="120.550903"></trkpt>
      <trkpt lat="23.729260" lon="120.551305"></trkpt>
      <trkpt lat="23.729335" lon="120.551354"></trkpt>
      <trkpt lat="23.730154" lon="120.551817"></trkpt>
      <trkpt lat="23.730391" lon="120.551951"></trkpt>
      <trkpt lat="23.731191" lon="120.552402"></trkpt>
      <trkpt lat="23.731323" lon="120.552476"></trkpt>
      <trkpt lat="23.731555" lon="120.552601"></trkpt>
      <trkpt lat="23.732325" lon="120.552973"></trkpt>
      <trkpt lat="23.732707" lon="120.553130"></trkpt>
      <trkpt lat="23.732807" lon="120.553166"></trkpt>
      <trkpt lat="23.733023" lon="120.553251"></trkpt>
      <trkpt lat="23.733118" lon="120.553286"></trkpt>
      <trkpt lat="23.733202" lon="120.553314"></trkpt>
      <trkpt lat="23.733297" lon="120.553347"></trkpt>
      <trkpt lat="23.733420" lon="120.553396"></trkpt>
      <trkpt lat="23.733568" lon="120.553451"></trkpt>
      <trkpt lat="23.734701" lon="120.553852"></trkpt>
      <trkpt lat="23.736315" lon="120.554484"></trkpt>
      <trkpt lat="23.736542" lon="120.554572"></trkpt>
      <trkpt lat="23.739294" lon="120.555581"></trkpt>
      <trkpt lat="23.739643" lon="120.555699"></trkpt>
      <trkpt lat="23.740625" lon="120.556064"></trkpt>
      <trkpt lat="23.740667" lon="120.556080"></trkpt>
      <trkpt lat="23.740731" lon="120.556103"></trkpt>
      <trkpt lat="23.740795" lon="120.556127"></trkpt>
      <trkpt lat="23.741955" lon="120.556563"></trkpt>
      <trkpt lat="23.742156" lon="120.556638"></trkpt>
      <trkpt lat="23.742225" lon="120.556662"></trkpt>
      <trkpt lat="23.742987" lon="120.556930"></trkpt>
      <trkpt lat="23.743164" lon="120.557018"></trkpt>
      <trkpt lat="23.743376" lon="120.557481"></trkpt>
      <trkpt lat="23.743442" lon="120.557794"></trkpt>
      <trkpt lat="23.743459" lon="120.557875"></trkpt>
      <trkpt lat="23.743522" lon="120.558176"></trkpt>
      <trkpt lat="23.743569" lon="120.558403"></trkpt>
      <trkpt lat="23.743610" lon="120.558599"></trkpt>
      <trkpt lat="23.743620" lon="120.558648"></trkpt>
      <trkpt lat="23.743664" lon="120.558837"></trkpt>
      <trkpt lat="23.743693" lon="120.559002"></trkpt>
      <trkpt lat="23.743736" lon="120.559380"></trkpt>
      <trkpt lat="23.743837" lon="120.560037"></trkpt>
      <trkpt lat="23.743956" lon="120.560432"></trkpt>
      <trkpt lat="23.744441" lon="120.561911"></trkpt>
      <trkpt lat="23.744726" lon="120.562777"></trkpt>
      <trkpt lat="23.745139" lon="120.564035"></trkpt>
      <trkpt lat="23.745533" lon="120.565273"></trkpt>
      <trkpt lat="23.745685" lon="120.565592"></trkpt>
      <trkpt lat="23.745863" lon="120.565880"></trkpt>
      <trkpt lat="23.745939" lon="120.565951"></trkpt>
      <trkpt lat="23.746150" lon="120.566038"></trkpt>
      <trkpt lat="23.746409" lon="120.566371"></trkpt>
      <trkpt lat="23.746430" lon="120.566399"></trkpt>
      <trkpt lat="23.747076" lon="120.567241"></trkpt>
      <trkpt lat="23.747282" lon="120.568168"></trkpt>
      <trkpt lat="23.747465" lon="120.569078"></trkpt>
      <trkpt lat="23.748222" lon="120.572904"></trkpt>
      <trkpt lat="23.748307" lon="120.573361"></trkpt>
      <trkpt lat="23.749132" lon="120.577552"></trkpt>
      <trkpt lat="23.749141" lon="120.577595"></trkpt>
      <trkpt lat="23.749567" lon="120.579653"></trkpt>
      <trkpt lat="23.749876" lon="120.581225"></trkpt>
      <trkpt lat="23.750170" lon="120.582564"></trkpt>
      <trkpt lat="23.750344" lon="120.583600"></trkpt>
      <trkpt lat="23.750389" lon="120.583765"></trkpt>
      <trkpt lat="23.750554" lon="120.584151"></trkpt>
      <trkpt lat="23.750663" lon="120.584331"></trkpt>
      <trkpt lat="23.750638" lon="120.584379"></trkpt>
      <trkpt lat="23.750242" lon="120.584570"></trkpt>
      <trkpt lat="23.750366" lon="120.585022"></trkpt>
      <trkpt lat="23.750480" lon="120.585367"></trkpt>
      <trkpt lat="23.750599" lon="120.585665"></trkpt>
      <trkpt lat="23.750805" lon="120.586111"></trkpt>
      <trkpt lat="23.750985" lon="120.586503"></trkpt>
      <trkpt lat="23.751473" lon="120.587608"></trkpt>
      <trkpt lat="23.751587" lon="120.587982"></trkpt>
      <trkpt lat="23.751653" lon="120.588338"></trkpt>
      <trkpt lat="23.751654" lon="120.588529"></trkpt>
      <trkpt lat="23.751637" lon="120.588722"></trkpt>
      <trkpt lat="23.751664" lon="120.589038"></trkpt>
      <trkpt lat="23.751691" lon="120.589289"></trkpt>
      <trkpt lat="23.751707" lon="120.589388"></trkpt>
      <trkpt lat="23.751831" lon="120.589737"></trkpt>
      <trkpt lat="23.751988" lon="120.590178"></trkpt>
      <trkpt lat="23.752061" lon="120.590371"></trkpt>
      <trkpt lat="23.752158" lon="120.590764"></trkpt>
      <trkpt lat="23.752247" lon="120.590960"></trkpt>
      <trkpt lat="23.752370" lon="120.591663"></trkpt>
      <trkpt lat="23.752543" lon="120.592121"></trkpt>
      <trkpt lat="23.752817" lon="120.592528"></trkpt>
      <trkpt lat="23.753084" lon="120.592881"></trkpt>
      <trkpt lat="23.753755" lon="120.594050"></trkpt>
      <trkpt lat="23.753844" lon="120.594183"></trkpt>
      <trkpt lat="23.753931" lon="120.594211"></trkpt>
      <trkpt lat="23.754646" lon="120.595313"></trkpt>
      <trkpt lat="23.754878" lon="120.595699"></trkpt>
      <trkpt lat="23.755032" lon="120.595958"></trkpt>
      <trkpt lat="23.755336" lon="120.596489"></trkpt>
      <trkpt lat="23.755597" lon="120.596960"></trkpt>
      <trkpt lat="23.755896" lon="120.597343"></trkpt>
      <trkpt lat="23.756551" lon="120.598202"></trkpt>
      <trkpt lat="23.757613" lon="120.599596"></trkpt>
      <trkpt lat="23.758032" lon="120.600144"></trkpt>
      <trkpt lat="23.758457" lon="120.600702"></trkpt>
      <trkpt lat="23.759516" lon="120.602090"></trkpt>
      <trkpt lat="23.759558" lon="120.602144"></trkpt>
      <trkpt lat="23.759884" lon="120.603925"></trkpt>
      <trkpt lat="23.759941" lon="120.604293"></trkpt>
      <trkpt lat="23.759999" lon="120.604666"></trkpt>
      <trkpt lat="23.760051" lon="120.604960"></trkpt>
      <trkpt lat="23.760601" lon="120.608305"></trkpt>
      <trkpt lat="23.760602" lon="120.608310"></trkpt>
      <trkpt lat="23.760627" lon="120.608458"></trkpt>
      <trkpt lat="23.760628" lon="120.608463"></trkpt>
      <trkpt lat="23.760643" lon="120.608555"></trkpt>
      <trkpt lat="23.760776" lon="120.609371"></trkpt>
      <trkpt lat="23.760887" lon="120.610031"></trkpt>
      <trkpt lat="23.760971" lon="120.610536"></trkpt>
      <trkpt lat="23.761097" lon="120.611290"></trkpt>
      <trkpt lat="23.760431" lon="120.611828"></trkpt>
      <trkpt lat="23.760359" lon="120.611897"></trkpt>
      <trkpt lat="23.760034" lon="120.612229"></trkpt>
      <trkpt lat="23.759663" lon="120.612559"></trkpt>
      <trkpt lat="23.760452" lon="120.613462"></trkpt>
      <trkpt lat="23.760588" lon="120.613618"></trkpt>
      <trkpt lat="23.760823" lon="120.613888"></trkpt>
      <trkpt lat="23.760529" lon="120.614192"></trkpt>
      <trkpt lat="23.760381" lon="120.614346"></trkpt>
      <trkpt lat="23.760357" lon="120.614415"></trkpt>
      <trkpt lat="23.760173" lon="120.614637"></trkpt>
      <trkpt lat="23.759949" lon="120.614302"></trkpt>
      <trkpt lat="23.760173" lon="120.614637"></trkpt>
      <trkpt lat="23.760357" lon="120.614415"></trkpt>
      <trkpt lat="23.760381" lon="120.614346"></trkpt>
      <trkpt lat="23.760529" lon="120.614192"></trkpt>
      <trkpt lat="23.760823" lon="120.613888"></trkpt>
      <trkpt lat="23.761446" lon="120.614561"></trkpt>
      <trkpt lat="23.761703" lon="120.614858"></trkpt>
      <trkpt lat="23.762042" lon="120.615263"></trkpt>
      <trkpt lat="23.762322" lon="120.615541"></trkpt>
      <trkpt lat="23.762685" lon="120.615990"></trkpt>
      <trkpt lat="23.762978" lon="120.615699"></trkpt>
      <trkpt lat="23.763225" lon="120.615454"></trkpt>
      <trkpt lat="23.763256" lon="120.615496"></trkpt>
      <trkpt lat="23.764599" lon="120.617318"></trkpt>
      <trkpt lat="23.766608" lon="120.620081"></trkpt>
      <trkpt lat="23.766319" lon="120.620216"></trkpt>
      <trkpt lat="23.765429" lon="120.620734"></trkpt>
      <trkpt lat="23.765216" lon="120.620874"></trkpt>
      <trkpt lat="23.764723" lon="120.621178"></trkpt>
      <trkpt lat="23.764682" lon="120.621201"></trkpt>
      <trkpt lat="23.764601" lon="120.621255"></trkpt>
      <trkpt lat="23.764416" lon="120.621409"></trkpt>
      <trkpt lat="23.764361" lon="120.621455"></trkpt>
      <trkpt lat="23.764107" lon="120.621706"></trkpt>
      <trkpt lat="23.764057" lon="120.621810"></trkpt>
      <trkpt lat="23.764283" lon="120.621987"></trkpt>
      <trkpt lat="23.764572" lon="120.622220"></trkpt>
      <trkpt lat="23.764894" lon="120.622498"></trkpt>
      <trkpt lat="23.765049" lon="120.622706"></trkpt>
      <trkpt lat="23.765190" lon="120.623075"></trkpt>
      <trkpt lat="23.765420" lon="120.623759"></trkpt>
      <trkpt lat="23.765667" lon="120.624466"></trkpt>
      <trkpt lat="23.765750" lon="120.624698"></trkpt>
      <trkpt lat="23.765801" lon="120.624834"></trkpt>
      <trkpt lat="23.765882" lon="120.625021"></trkpt>
      <trkpt lat="23.766028" lon="120.625335"></trkpt>
      <trkpt lat="23.766848" lon="120.626605"></trkpt>
      <trkpt lat="23.767056" lon="120.626926"></trkpt>
      <trkpt lat="23.767151" lon="120.627074"></trkpt>
      <trkpt lat="23.767484" lon="120.627563"></trkpt>
      <trkpt lat="23.767569" lon="120.627766"></trkpt>
      <trkpt lat="23.767836" lon="120.628465"></trkpt>
      <trkpt lat="23.767988" lon="120.628955"></trkpt>
      <trkpt lat="23.768120" lon="120.629695"></trkpt>
      <trkpt lat="23.768283" lon="120.630589"></trkpt>
      <trkpt lat="23.768330" lon="120.630805"></trkpt>
      <trkpt lat="23.768433" lon="120.631020"></trkpt>
      <trkpt lat="23.768543" lon="120.631199"></trkpt>
      <trkpt lat="23.768897" lon="120.631660"></trkpt>
      <trkpt lat="23.769035" lon="120.631840"></trkpt>
      <trkpt lat="23.769228" lon="120.632114"></trkpt>
      <trkpt lat="23.769439" lon="120.632412"></trkpt>
      <trkpt lat="23.769707" lon="120.632837"></trkpt>
      <trkpt lat="23.769758" lon="120.632984"></trkpt>
      <trkpt lat="23.769888" lon="120.633581"></trkpt>
      <trkpt lat="23.769986" lon="120.634009"></trkpt>
      <trkpt lat="23.770128" lon="120.634661"></trkpt>
      <trkpt lat="23.770203" lon="120.634949"></trkpt>
      <trkpt lat="23.770277" lon="120.635180"></trkpt>
      <trkpt lat="23.770387" lon="120.635404"></trkpt>
      <trkpt lat="23.770579" lon="120.635740"></trkpt>
      <trkpt lat="23.770604" lon="120.635780"></trkpt>
      <trkpt lat="23.770666" lon="120.635883"></trkpt>
      <trkpt lat="23.770956" lon="120.636350"></trkpt>
      <trkpt lat="23.771649" lon="120.637475"></trkpt>
      <trkpt lat="23.771991" lon="120.638029"></trkpt>
      <trkpt lat="23.772217" lon="120.638447"></trkpt>
      <trkpt lat="23.772426" lon="120.638814"></trkpt>
      <trkpt lat="23.772640" lon="120.639302"></trkpt>
      <trkpt lat="23.772811" lon="120.639980"></trkpt>
      <trkpt lat="23.772840" lon="120.640439"></trkpt>
      <trkpt lat="23.772797" lon="120.640958"></trkpt>
      <trkpt lat="23.772707" lon="120.641348"></trkpt>
      <trkpt lat="23.772606" lon="120.641640"></trkpt>
      <trkpt lat="23.772476" lon="120.641920"></trkpt>
      <trkpt lat="23.772234" lon="120.642302"></trkpt>
      <trkpt lat="23.771952" lon="120.642637"></trkpt>
      <trkpt lat="23.771464" lon="120.643087"></trkpt>
      <trkpt lat="23.770576" lon="120.643895"></trkpt>
      <trkpt lat="23.770092" lon="120.644309"></trkpt>
      <trkpt lat="23.769851" lon="120.644491"></trkpt>
      <trkpt lat="23.769733" lon="120.644569"></trkpt>
      <trkpt lat="23.769441" lon="120.644719"></trkpt>
      <trkpt lat="23.769233" lon="120.644790"></trkpt>
      <trkpt lat="23.769149" lon="120.644821"></trkpt>
      <trkpt lat="23.768836" lon="120.644898"></trkpt>
      <trkpt lat="23.768517" lon="120.644945"></trkpt>
      <trkpt lat="23.768115" lon="120.644999"></trkpt>
      <trkpt lat="23.767799" lon="120.645079"></trkpt>
      <trkpt lat="23.767581" lon="120.645146"></trkpt>
      <trkpt lat="23.767170" lon="120.645355"></trkpt>
      <trkpt lat="23.766986" lon="120.645509"></trkpt>
      <trkpt lat="23.766742" lon="120.645721"></trkpt>
      <trkpt lat="23.766059" lon="120.646582"></trkpt>
      <trkpt lat="23.765771" lon="120.646856"></trkpt>
      <trkpt lat="23.765517" lon="120.647038"></trkpt>
      <trkpt lat="23.764287" lon="120.647682"></trkpt>
      <trkpt lat="23.763410" lon="120.648108"></trkpt>
      <trkpt lat="23.762679" lon="120.648477"></trkpt>
      <trkpt lat="23.762287" lon="120.648673"></trkpt>
      <trkpt lat="23.762233" lon="120.648702"></trkpt>
      <trkpt lat="23.761162" lon="120.649241"></trkpt>
      <trkpt lat="23.760865" lon="120.649585"></trkpt>
      <trkpt lat="23.760735" lon="120.649970"></trkpt>
      <trkpt lat="23.760601" lon="120.650606"></trkpt>
      <trkpt lat="23.759809" lon="120.654302"></trkpt>
      <trkpt lat="23.758860" lon="120.658794"></trkpt>
      <trkpt lat="23.758815" lon="120.659017"></trkpt>
      <trkpt lat="23.758789" lon="120.659147"></trkpt>
      <trkpt lat="23.758494" lon="120.660576"></trkpt>
      <trkpt lat="23.758402" lon="120.660979"></trkpt>
      <trkpt lat="23.758321" lon="120.661348"></trkpt>
      <trkpt lat="23.758219" lon="120.661968"></trkpt>
      <trkpt lat="23.758186" lon="120.662139"></trkpt>
      <trkpt lat="23.758029" lon="120.663203"></trkpt>
      <trkpt lat="23.757778" lon="120.664937"></trkpt>
      <trkpt lat="23.757619" lon="120.666030"></trkpt>
      <trkpt lat="23.757531" lon="120.666559"></trkpt>
      <trkpt lat="23.757402" lon="120.667451"></trkpt>
      <trkpt lat="23.757330" lon="120.667910"></trkpt>
      <trkpt lat="23.757324" lon="120.667999"></trkpt>
      <trkpt lat="23.757292" lon="120.668187"></trkpt>
      <trkpt lat="23.757167" lon="120.668981"></trkpt>
      <trkpt lat="23.757112" lon="120.669313"></trkpt>
      <trkpt lat="23.757019" lon="120.669938"></trkpt>
      <trkpt lat="23.756956" lon="120.670384"></trkpt>
      <trkpt lat="23.756774" lon="120.671457"></trkpt>
      <trkpt lat="23.756730" lon="120.671645"></trkpt>
      <trkpt lat="23.756642" lon="120.671870"></trkpt>
      <trkpt lat="23.756494" lon="120.672122"></trkpt>
      <trkpt lat="23.756350" lon="120.672353"></trkpt>
      <trkpt lat="23.756156" lon="120.672602"></trkpt>
      <trkpt lat="23.755913" lon="120.672830"></trkpt>
      <trkpt lat="23.755535" lon="120.673037"></trkpt>
      <trkpt lat="23.755075" lon="120.673329"></trkpt>
      <trkpt lat="23.754874" lon="120.673480"></trkpt>
      <trkpt lat="23.754727" lon="120.673698"></trkpt>
      <trkpt lat="23.754626" lon="120.673983"></trkpt>
      <trkpt lat="23.754557" lon="120.674324"></trkpt>
      <trkpt lat="23.754471" lon="120.674911"></trkpt>
      <trkpt lat="23.754333" lon="120.675639"></trkpt>
      <trkpt lat="23.754239" lon="120.676186"></trkpt>
      <trkpt lat="23.754214" lon="120.676414"></trkpt>
      <trkpt lat="23.754256" lon="120.676624"></trkpt>
      <trkpt lat="23.754196" lon="120.676734"></trkpt>
      <trkpt lat="23.754094" lon="120.677412"></trkpt>
      <trkpt lat="23.754042" lon="120.677599"></trkpt>
      <trkpt lat="23.753825" lon="120.678855"></trkpt>
      <trkpt lat="23.753764" lon="120.679219"></trkpt>
      <trkpt lat="23.753825" lon="120.679290"></trkpt>
      <trkpt lat="23.753965" lon="120.679452"></trkpt>
      <trkpt lat="23.754292" lon="120.679821"></trkpt>
      <trkpt lat="23.755146" lon="120.680800"></trkpt>
      <trkpt lat="23.755392" lon="120.681049"></trkpt>
      <trkpt lat="23.755723" lon="120.681445"></trkpt>
      <trkpt lat="23.756419" lon="120.682219"></trkpt>
      <trkpt lat="23.756482" lon="120.682293"></trkpt>
      <trkpt lat="23.756754" lon="120.682600"></trkpt>
      <trkpt lat="23.757218" lon="120.682531"></trkpt>
      <trkpt lat="23.757218" lon="120.682531"></trkpt>
      <trkpt lat="23.756754" lon="120.682600"></trkpt>
      <trkpt lat="23.757022" lon="120.683070"></trkpt>
      <trkpt lat="23.757435" lon="120.683742"></trkpt>
      <trkpt lat="23.757743" lon="120.684256"></trkpt>
      <trkpt lat="23.757943" lon="120.684607"></trkpt>
      <trkpt lat="23.758148" lon="120.684949"></trkpt>
      <trkpt lat="23.758593" lon="120.685695"></trkpt>
      <trkpt lat="23.758829" lon="120.686093"></trkpt>
      <trkpt lat="23.759204" lon="120.686727"></trkpt>
      <trkpt lat="23.759259" lon="120.686824"></trkpt>
      <trkpt lat="23.759429" lon="120.687101"></trkpt>
      <trkpt lat="23.759518" lon="120.687157"></trkpt>
      <trkpt lat="23.759928" lon="120.687802"></trkpt>
      <trkpt lat="23.760138" lon="120.688286"></trkpt>
      <trkpt lat="23.760162" lon="120.688343"></trkpt>
      <trkpt lat="23.760542" lon="120.689003"></trkpt>
      <trkpt lat="23.760258" lon="120.689584"></trkpt>
      <trkpt lat="23.760140" lon="120.689781"></trkpt>
      <trkpt lat="23.760069" lon="120.689916"></trkpt>
      <trkpt lat="23.760028" lon="120.690024"></trkpt>
      <trkpt lat="23.759993" lon="120.690146"></trkpt>
      <trkpt lat="23.760144" lon="120.690553"></trkpt>
      <trkpt lat="23.760655" lon="120.691744"></trkpt>
      <trkpt lat="23.760684" lon="120.691814"></trkpt>
      <trkpt lat="23.760816" lon="120.692139"></trkpt>
      <trkpt lat="23.760860" lon="120.692324"></trkpt>
      <trkpt lat="23.760909" lon="120.692528"></trkpt>
      <trkpt lat="23.761159" lon="120.693383"></trkpt>
      <trkpt lat="23.761362" lon="120.694077"></trkpt>
      <trkpt lat="23.761771" lon="120.695481"></trkpt>
      <trkpt lat="23.761808" lon="120.695620"></trkpt>
      <trkpt lat="23.761943" lon="120.696061"></trkpt>
      <trkpt lat="23.762021" lon="120.696024"></trkpt>
      <trkpt lat="23.762288" lon="120.696073"></trkpt>
      <trkpt lat="23.762482" lon="120.696177"></trkpt>
      <trkpt lat="23.763439" lon="120.696698"></trkpt>
      <trkpt lat="23.764181" lon="120.697103"></trkpt>
      <trkpt lat="23.764586" lon="120.697341"></trkpt>
      <trkpt lat="23.764818" lon="120.697476"></trkpt>
      <trkpt lat="23.765079" lon="120.697618"></trkpt>
      <trkpt lat="23.765949" lon="120.698102"></trkpt>
      <trkpt lat="23.765974" lon="120.698116"></trkpt>
      <trkpt lat="23.766262" lon="120.698290"></trkpt>
      <trkpt lat="23.767047" lon="120.698689"></trkpt>
      <trkpt lat="23.767389" lon="120.698859"></trkpt>
      <trkpt lat="23.767796" lon="120.699051"></trkpt>
      <trkpt lat="23.767977" lon="120.699139"></trkpt>
      <trkpt lat="23.768165" lon="120.699230"></trkpt>
      <trkpt lat="23.771009" lon="120.700528"></trkpt>
      <trkpt lat="23.771241" lon="120.700638"></trkpt>
      <trkpt lat="23.771677" lon="120.700833"></trkpt>
      <trkpt lat="23.772113" lon="120.701029"></trkpt>
      <trkpt lat="23.772552" lon="120.701226"></trkpt>
      <trkpt lat="23.772870" lon="120.701341"></trkpt>
      <trkpt lat="23.774554" lon="120.702058"></trkpt>
      <trkpt lat="23.774872" lon="120.702207"></trkpt>
      <trkpt lat="23.775873" lon="120.702593"></trkpt>
      <trkpt lat="23.776842" lon="120.703002"></trkpt>
      <trkpt lat="23.777105" lon="120.703113"></trkpt>
      <trkpt lat="23.777533" lon="120.703284"></trkpt>
      <trkpt lat="23.778114" lon="120.703522"></trkpt>
      <trkpt lat="23.778575" lon="120.703712"></trkpt>
      <trkpt lat="23.778751" lon="120.703783"></trkpt>
      <trkpt lat="23.779844" lon="120.704293"></trkpt>
      <trkpt lat="23.780099" lon="120.704412"></trkpt>
      <trkpt lat="23.780471" lon="120.704597"></trkpt>
      <trkpt lat="23.781558" lon="120.705032"></trkpt>
      <trkpt lat="23.782072" lon="120.705238"></trkpt>
      <trkpt lat="23.782854" lon="120.705590"></trkpt>
      <trkpt lat="23.783333" lon="120.705767"></trkpt>
      <trkpt lat="23.783538" lon="120.705851"></trkpt>
      <trkpt lat="23.783843" lon="120.705516"></trkpt>
      <trkpt lat="23.784183" lon="120.705138"></trkpt>
      <trkpt lat="23.784342" lon="120.705019"></trkpt>
      <trkpt lat="23.784511" lon="120.704947"></trkpt>
      <trkpt lat="23.784676" lon="120.704897"></trkpt>
      <trkpt lat="23.784783" lon="120.704887"></trkpt>
      <trkpt lat="23.785061" lon="120.704897"></trkpt>
      <trkpt lat="23.785300" lon="120.704928"></trkpt>
      <trkpt lat="23.787022" lon="120.705104"></trkpt>
      <trkpt lat="23.787047" lon="120.705107"></trkpt>
      <trkpt lat="23.787332" lon="120.705179"></trkpt>
      <trkpt lat="23.788248" lon="120.705555"></trkpt>
      <trkpt lat="23.791079" lon="120.706717"></trkpt>
      <trkpt lat="23.791099" lon="120.706726"></trkpt>
      <trkpt lat="23.791711" lon="120.706970"></trkpt>
      <trkpt lat="23.791940" lon="120.707046"></trkpt>
      <trkpt lat="23.792034" lon="120.707078"></trkpt>
      <trkpt lat="23.792039" lon="120.707079"></trkpt>
      <trkpt lat="23.793973" lon="120.707486"></trkpt>
      <trkpt lat="23.794219" lon="120.707538"></trkpt>
      <trkpt lat="23.794435" lon="120.707573"></trkpt>
      <trkpt lat="23.795161" lon="120.707693"></trkpt>
      <trkpt lat="23.795643" lon="120.707805"></trkpt>
      <trkpt lat="23.796028" lon="120.707900"></trkpt>
      <trkpt lat="23.796151" lon="120.707903"></trkpt>
      <trkpt lat="23.797157" lon="120.708076"></trkpt>
      <trkpt lat="23.799161" lon="120.708420"></trkpt>
      <trkpt lat="23.800566" lon="120.708667"></trkpt>
      <trkpt lat="23.800722" lon="120.708748"></trkpt>
      <trkpt lat="23.800905" lon="120.709085"></trkpt>
      <trkpt lat="23.801118" lon="120.709683"></trkpt>
      <trkpt lat="23.801135" lon="120.710105"></trkpt>
      <trkpt lat="23.801177" lon="120.711700"></trkpt>
      <trkpt lat="23.801086" lon="120.712813"></trkpt>
      <trkpt lat="23.801148" lon="120.712920"></trkpt>
      <trkpt lat="23.801578" lon="120.712776"></trkpt>
      <trkpt lat="23.801758" lon="120.712715"></trkpt>
      <trkpt lat="23.802339" lon="120.712509"></trkpt>
      <trkpt lat="23.803209" lon="120.712183"></trkpt>
      <trkpt lat="23.803388" lon="120.712067"></trkpt>
      <trkpt lat="23.803741" lon="120.711796"></trkpt>
      <trkpt lat="23.803920" lon="120.711610"></trkpt>
      <trkpt lat="23.804304" lon="120.711127"></trkpt>
      <trkpt lat="23.804411" lon="120.710961"></trkpt>
      <trkpt lat="23.804772" lon="120.710154"></trkpt>
      <trkpt lat="23.804968" lon="120.709717"></trkpt>
      <trkpt lat="23.805074" lon="120.709437"></trkpt>
      <trkpt lat="23.805191" lon="120.709271"></trkpt>
      <trkpt lat="23.805241" lon="120.709171"></trkpt>
      <trkpt lat="23.805339" lon="120.709062"></trkpt>
      <trkpt lat="23.805431" lon="120.709033"></trkpt>
      <trkpt lat="23.805521" lon="120.708985"></trkpt>
      <trkpt lat="23.806183" lon="120.708612"></trkpt>
      <trkpt lat="23.806229" lon="120.708584"></trkpt>
      <trkpt lat="23.806581" lon="120.708367"></trkpt>
      <trkpt lat="23.806621" lon="120.708342"></trkpt>
      <trkpt lat="23.806795" lon="120.708274"></trkpt>
      <trkpt lat="23.806881" lon="120.708258"></trkpt>
      <trkpt lat="23.807646" lon="120.708117"></trkpt>
      <trkpt lat="23.807781" lon="120.708095"></trkpt>
      <trkpt lat="23.808893" lon="120.707911"></trkpt>
      <trkpt lat="23.809015" lon="120.707911"></trkpt>
      <trkpt lat="23.809107" lon="120.707947"></trkpt>
      <trkpt lat="23.809572" lon="120.708117"></trkpt>
      <trkpt lat="23.809722" lon="120.708109"></trkpt>
      <trkpt lat="23.809965" lon="120.708069"></trkpt>
      <trkpt lat="23.811257" lon="120.707603"></trkpt>
      <trkpt lat="23.812148" lon="120.708240"></trkpt>
      <trkpt lat="23.812233" lon="120.708301"></trkpt>
      <trkpt lat="23.812508" lon="120.708489"></trkpt>
      <trkpt lat="23.812565" lon="120.708636"></trkpt>
      <trkpt lat="23.812742" lon="120.708985"></trkpt>
      <trkpt lat="23.811926" lon="120.709539"></trkpt>
      <trkpt lat="23.811940" lon="120.709651"></trkpt>
      <trkpt lat="23.812653" lon="120.710566"></trkpt>
      <trkpt lat="23.812968" lon="120.710875"></trkpt>
      <trkpt lat="23.813351" lon="120.711194"></trkpt>
      <trkpt lat="23.814358" lon="120.712003"></trkpt>
      <trkpt lat="23.814612" lon="120.712194"></trkpt>
      <trkpt lat="23.814870" lon="120.712490"></trkpt>
      <trkpt lat="23.815035" lon="120.712753"></trkpt>
      <trkpt lat="23.816199" lon="120.714669"></trkpt>
      <trkpt lat="23.816871" lon="120.715864"></trkpt>
      <trkpt lat="23.816975" lon="120.716058"></trkpt>
      <trkpt lat="23.817040" lon="120.716254"></trkpt>
      <trkpt lat="23.817108" lon="120.716459"></trkpt>
      <trkpt lat="23.817175" lon="120.716873"></trkpt>
      <trkpt lat="23.817180" lon="120.717278"></trkpt>
      <trkpt lat="23.817134" lon="120.717668"></trkpt>
      <trkpt lat="23.817132" lon="120.717986"></trkpt>
      <trkpt lat="23.817063" lon="120.718243"></trkpt>
      <trkpt lat="23.817051" lon="120.718330"></trkpt>
      <trkpt lat="23.816987" lon="120.718695"></trkpt>
      <trkpt lat="23.816962" lon="120.718854"></trkpt>
      <trkpt lat="23.817149" lon="120.719365"></trkpt>
      <trkpt lat="23.817547" lon="120.720162"></trkpt>
      <trkpt lat="23.817633" lon="120.720336"></trkpt>
      <trkpt lat="23.817857" lon="120.720905"></trkpt>
      <trkpt lat="23.818028" lon="120.721420"></trkpt>
      <trkpt lat="23.818114" lon="120.721699"></trkpt>
      <trkpt lat="23.818197" lon="120.722568"></trkpt>
      <trkpt lat="23.818212" lon="120.722718"></trkpt>
      <trkpt lat="23.818479" lon="120.723437"></trkpt>
      <trkpt lat="23.818651" lon="120.723802"></trkpt>
      <trkpt lat="23.818930" lon="120.724317"></trkpt>
      <trkpt lat="23.819251" lon="120.724789"></trkpt>
      <trkpt lat="23.819688" lon="120.725336"></trkpt>
      <trkpt lat="23.819976" lon="120.725706"></trkpt>
      <trkpt lat="23.820326" lon="120.726215"></trkpt>
      <trkpt lat="23.820521" lon="120.726515"></trkpt>
      <trkpt lat="23.820775" lon="120.726940"></trkpt>
      <trkpt lat="23.820921" lon="120.727230"></trkpt>
      <trkpt lat="23.821247" lon="120.727879"></trkpt>
      <trkpt lat="23.821586" lon="120.728469"></trkpt>
      <trkpt lat="23.821908" lon="120.728974"></trkpt>
      <trkpt lat="23.822562" lon="120.729874"></trkpt>
      <trkpt lat="23.822702" lon="120.730154"></trkpt>
      <trkpt lat="23.822750" lon="120.730293"></trkpt>
      <trkpt lat="23.822776" lon="120.730465"></trkpt>
      <trkpt lat="23.822784" lon="120.730515"></trkpt>
      <trkpt lat="23.822783" lon="120.730881"></trkpt>
      <trkpt lat="23.822822" lon="120.731141"></trkpt>
      <trkpt lat="23.822921" lon="120.731505"></trkpt>
      <trkpt lat="23.822942" lon="120.731634"></trkpt>
      <trkpt lat="23.822947" lon="120.731946"></trkpt>
      <trkpt lat="23.822933" lon="120.732113"></trkpt>
      <trkpt lat="23.822894" lon="120.732427"></trkpt>
      <trkpt lat="23.822886" lon="120.732452"></trkpt>
      <trkpt lat="23.822792" lon="120.732728"></trkpt>
      <trkpt lat="23.822674" lon="120.732971"></trkpt>
      <trkpt lat="23.822619" lon="120.733185"></trkpt>
      <trkpt lat="23.822617" lon="120.733362"></trkpt>
      <trkpt lat="23.822627" lon="120.733497"></trkpt>
      <trkpt lat="23.822666" lon="120.733816"></trkpt>
      <trkpt lat="23.822722" lon="120.733937"></trkpt>
      <trkpt lat="23.822792" lon="120.734080"></trkpt>
      <trkpt lat="23.823267" lon="120.734797"></trkpt>
      <trkpt lat="23.823588" lon="120.735440"></trkpt>
      <trkpt lat="23.823800" lon="120.735668"></trkpt>
      <trkpt lat="23.824155" lon="120.735970"></trkpt>
      <trkpt lat="23.824306" lon="120.736167"></trkpt>
      <trkpt lat="23.824393" lon="120.736358"></trkpt>
      <trkpt lat="23.824362" lon="120.736533"></trkpt>
      <trkpt lat="23.824354" lon="120.736725"></trkpt>
      <trkpt lat="23.824367" lon="120.736935"></trkpt>
      <trkpt lat="23.824355" lon="120.737081"></trkpt>
      <trkpt lat="23.824309" lon="120.737240"></trkpt>
      <trkpt lat="23.824239" lon="120.737364"></trkpt>
      <trkpt lat="23.824164" lon="120.737437"></trkpt>
      <trkpt lat="23.823812" lon="120.737798"></trkpt>
      <trkpt lat="23.823714" lon="120.737966"></trkpt>
      <trkpt lat="23.823450" lon="120.738601"></trkpt>
      <trkpt lat="23.822954" lon="120.740054"></trkpt>
      <trkpt lat="23.822434" lon="120.741518"></trkpt>
      <trkpt lat="23.821956" lon="120.742875"></trkpt>
      <trkpt lat="23.821823" lon="120.743251"></trkpt>
      <trkpt lat="23.821517" lon="120.744103"></trkpt>
      <trkpt lat="23.820885" lon="120.745847"></trkpt>
      <trkpt lat="23.819759" lon="120.749084"></trkpt>
      <trkpt lat="23.818911" lon="120.751477"></trkpt>
      <trkpt lat="23.818744" lon="120.752017"></trkpt>
      <trkpt lat="23.818648" lon="120.752448"></trkpt>
      <trkpt lat="23.818493" lon="120.752808"></trkpt>
      <trkpt lat="23.818010" lon="120.754154"></trkpt>
      <trkpt lat="23.817201" lon="120.756204"></trkpt>
      <trkpt lat="23.817046" lon="120.756716"></trkpt>
      <trkpt lat="23.816943" lon="120.757170"></trkpt>
      <trkpt lat="23.816922" lon="120.757620"></trkpt>
      <trkpt lat="23.816720" lon="120.759639"></trkpt>
      <trkpt lat="23.816626" lon="120.760696"></trkpt>
      <trkpt lat="23.816557" lon="120.761268"></trkpt>
      <trkpt lat="23.816523" lon="120.761612"></trkpt>
      <trkpt lat="23.816484" lon="120.761861"></trkpt>
      <trkpt lat="23.816452" lon="120.762104"></trkpt>
      <trkpt lat="23.816367" lon="120.762260"></trkpt>
      <trkpt lat="23.816311" lon="120.762319"></trkpt>
      <trkpt lat="23.816192" lon="120.762395"></trkpt>
      <trkpt lat="23.815980" lon="120.762521"></trkpt>
      <trkpt lat="23.816052" lon="120.762735"></trkpt>
      <trkpt lat="23.816096" lon="120.762821"></trkpt>
      <trkpt lat="23.816157" lon="120.762898"></trkpt>
      <trkpt lat="23.816215" lon="120.762963"></trkpt>
      <trkpt lat="23.816274" lon="120.762994"></trkpt>
      <trkpt lat="23.816367" lon="120.762999"></trkpt>
      <trkpt lat="23.817270" lon="120.763058"></trkpt>
      <trkpt lat="23.818169" lon="120.763127"></trkpt>
      <trkpt lat="23.819991" lon="120.763273"></trkpt>
      <trkpt lat="23.820117" lon="120.763298"></trkpt>
      <trkpt lat="23.820220" lon="120.763338"></trkpt>
      <trkpt lat="23.820324" lon="120.763398"></trkpt>
      <trkpt lat="23.820459" lon="120.763487"></trkpt>
      <trkpt lat="23.820618" lon="120.763612"></trkpt>
      <trkpt lat="23.820865" lon="120.763860"></trkpt>
      <trkpt lat="23.821175" lon="120.764130"></trkpt>
      <trkpt lat="23.822059" lon="120.764775"></trkpt>
      <trkpt lat="23.822587" lon="120.765173"></trkpt>
      <trkpt lat="23.822780" lon="120.765345"></trkpt>
      <trkpt lat="23.823037" lon="120.765613"></trkpt>
      <trkpt lat="23.823191" lon="120.765787"></trkpt>
      <trkpt lat="23.823296" lon="120.765946"></trkpt>
      <trkpt lat="23.823537" lon="120.766423"></trkpt>
      <trkpt lat="23.823510" lon="120.767756"></trkpt>
      <trkpt lat="23.823509" lon="120.767817"></trkpt>
      <trkpt lat="23.823501" lon="120.768473"></trkpt>
      <trkpt lat="23.823499" lon="120.768558"></trkpt>
      <trkpt lat="23.824033" lon="120.768778"></trkpt>
      <trkpt lat="23.825201" lon="120.769286"></trkpt>
      <trkpt lat="23.825366" lon="120.769407"></trkpt>
      <trkpt lat="23.825409" lon="120.769514"></trkpt>
      <trkpt lat="23.825394" lon="120.770135"></trkpt>
      <trkpt lat="23.825364" lon="120.770333"></trkpt>
      <trkpt lat="23.825360" lon="120.770607"></trkpt>
      <trkpt lat="23.825345" lon="120.771145"></trkpt>
      <trkpt lat="23.825456" lon="120.771756"></trkpt>
      <trkpt lat="23.825642" lon="120.772139"></trkpt>
      <trkpt lat="23.825799" lon="120.772479"></trkpt>
      <trkpt lat="23.826346" lon="120.773156"></trkpt>
      <trkpt lat="23.827047" lon="120.774008"></trkpt>
      <trkpt lat="23.826839" lon="120.774435"></trkpt>
      <trkpt lat="23.826576" lon="120.774921"></trkpt>
      <trkpt lat="23.826367" lon="120.775316"></trkpt>
      <trkpt lat="23.826324" lon="120.775404"></trkpt>
      <trkpt lat="23.826288" lon="120.775516"></trkpt>
      <trkpt lat="23.826275" lon="120.775590"></trkpt>
      <trkpt lat="23.826267" lon="120.775681"></trkpt>
      <trkpt lat="23.826282" lon="120.775967"></trkpt>
      <trkpt lat="23.826764" lon="120.776326"></trkpt>
      <trkpt lat="23.827106" lon="120.776580"></trkpt>
      <trkpt lat="23.827248" lon="120.776648"></trkpt>
      <trkpt lat="23.827624" lon="120.777037"></trkpt>
      <trkpt lat="23.827680" lon="120.777185"></trkpt>
      <trkpt lat="23.827684" lon="120.777378"></trkpt>
      <trkpt lat="23.827686" lon="120.777790"></trkpt>
      <trkpt lat="23.827736" lon="120.778491"></trkpt>
      <trkpt lat="23.827735" lon="120.779087"></trkpt>
      <trkpt lat="23.827746" lon="120.779393"></trkpt>
      <trkpt lat="23.827750" lon="120.779500"></trkpt>
      <trkpt lat="23.827788" lon="120.780345"></trkpt>
      <trkpt lat="23.827816" lon="120.780832"></trkpt>
      <trkpt lat="23.827841" lon="120.781592"></trkpt>
      <trkpt lat="23.827967" lon="120.782559"></trkpt>
      <trkpt lat="23.828111" lon="120.783506"></trkpt>
      <trkpt lat="23.828152" lon="120.783959"></trkpt>
      <trkpt lat="23.828241" lon="120.784525"></trkpt>
      <trkpt lat="23.827894" lon="120.784603"></trkpt>
      <trkpt lat="23.827704" lon="120.784654"></trkpt>
      <trkpt lat="23.827503" lon="120.784702"></trkpt>
      <trkpt lat="23.827314" lon="120.784737"></trkpt>
      <trkpt lat="23.827327" lon="120.784907"></trkpt>
      <trkpt lat="23.827314" lon="120.784737"></trkpt>
      <trkpt lat="23.827017" lon="120.784799"></trkpt>
      <trkpt lat="23.826940" lon="120.784826"></trkpt>
      <trkpt lat="23.826871" lon="120.784888"></trkpt>
      <trkpt lat="23.826830" lon="120.784973"></trkpt>
      <trkpt lat="23.826663" lon="120.785534"></trkpt>
      <trkpt lat="23.826568" lon="120.785922"></trkpt>
      <trkpt lat="23.826539" lon="120.786074"></trkpt>
      <trkpt lat="23.826515" lon="120.786322"></trkpt>
      <trkpt lat="23.826519" lon="120.786673"></trkpt>
      <trkpt lat="23.826531" lon="120.787443"></trkpt>
      <trkpt lat="23.826549" lon="120.788162"></trkpt>
      <trkpt lat="23.826588" lon="120.788965"></trkpt>
      <trkpt lat="23.826611" lon="120.789195"></trkpt>
      <trkpt lat="23.826681" lon="120.790319"></trkpt>
      <trkpt lat="23.826742" lon="120.792567"></trkpt>
      <trkpt lat="23.826697" lon="120.792563"></trkpt>
      <trkpt lat="23.826638" lon="120.792567"></trkpt>
      <trkpt lat="23.826681" lon="120.793323"></trkpt>
      <trkpt lat="23.826740" lon="120.794471"></trkpt>
      <trkpt lat="23.826805" lon="120.795868"></trkpt>
      <trkpt lat="23.826845" lon="120.796322"></trkpt>
      <trkpt lat="23.826904" lon="120.796551"></trkpt>
      <trkpt lat="23.826988" lon="120.796766"></trkpt>
      <trkpt lat="23.827172" lon="120.797172"></trkpt>
      <trkpt lat="23.827353" lon="120.797502"></trkpt>
      <trkpt lat="23.826924" lon="120.797570"></trkpt>
      <trkpt lat="23.826855" lon="120.797616"></trkpt>
      <trkpt lat="23.826889" lon="120.798473"></trkpt>
      <trkpt lat="23.826826" lon="120.798481"></trkpt>
      <trkpt lat="23.826589" lon="120.798485"></trkpt>
      <trkpt lat="23.826303" lon="120.798450"></trkpt>
      <trkpt lat="23.826157" lon="120.798456"></trkpt>
      <trkpt lat="23.825644" lon="120.798579"></trkpt>
      <trkpt lat="23.825570" lon="120.798684"></trkpt>
      <trkpt lat="23.825508" lon="120.798757"></trkpt>
      <trkpt lat="23.825403" lon="120.798831"></trkpt>
      <trkpt lat="23.825348" lon="120.798927"></trkpt>
      <trkpt lat="23.825334" lon="120.798986"></trkpt>
      <trkpt lat="23.825322" lon="120.799037"></trkpt>
      <trkpt lat="23.825255" lon="120.799121"></trkpt>
      <trkpt lat="23.825165" lon="120.799333"></trkpt>
      <trkpt lat="23.825118" lon="120.799479"></trkpt>
      <trkpt lat="23.825089" lon="120.799572"></trkpt>
      <trkpt lat="23.825057" lon="120.799608"></trkpt>
      <trkpt lat="23.825008" lon="120.799639"></trkpt>
      <trkpt lat="23.824942" lon="120.799655"></trkpt>
      <trkpt lat="23.824818" lon="120.799643"></trkpt>
      <trkpt lat="23.824564" lon="120.799634"></trkpt>
      <trkpt lat="23.823997" lon="120.799635"></trkpt>
      <trkpt lat="23.823934" lon="120.799634"></trkpt>
      <trkpt lat="23.822873" lon="120.799619"></trkpt>
      <trkpt lat="23.822329" lon="120.799626"></trkpt>
      <trkpt lat="23.821966" lon="120.801668"></trkpt>
      <trkpt lat="23.821677" lon="120.803289"></trkpt>
      <trkpt lat="23.821542" lon="120.804334"></trkpt>
      <trkpt lat="23.821477" lon="120.804334"></trkpt>
      <trkpt lat="23.821360" lon="120.804269"></trkpt>
      <trkpt lat="23.821237" lon="120.804173"></trkpt>
      <trkpt lat="23.820931" lon="120.804149"></trkpt>
      <trkpt lat="23.820827" lon="120.804110"></trkpt>
      <trkpt lat="23.820741" lon="120.804112"></trkpt>
      <trkpt lat="23.820309" lon="120.804205"></trkpt>
      <trkpt lat="23.819951" lon="120.804272"></trkpt>
      <trkpt lat="23.819627" lon="120.804309"></trkpt>
      <trkpt lat="23.819462" lon="120.804339"></trkpt>
      <trkpt lat="23.819341" lon="120.804368"></trkpt>
      <trkpt lat="23.819227" lon="120.804435"></trkpt>
      <trkpt lat="23.819134" lon="120.804530"></trkpt>
      <trkpt lat="23.819109" lon="120.804693"></trkpt>
      <trkpt lat="23.819146" lon="120.804849"></trkpt>
      <trkpt lat="23.819410" lon="120.805451"></trkpt>
      <trkpt lat="23.819527" lon="120.805787"></trkpt>
      <trkpt lat="23.819603" lon="120.806163"></trkpt>
      <trkpt lat="23.819648" lon="120.806626"></trkpt>
      <trkpt lat="23.819648" lon="120.807021"></trkpt>
      <trkpt lat="23.819598" lon="120.807600"></trkpt>
      <trkpt lat="23.819549" lon="120.808690"></trkpt>
      <trkpt lat="23.819545" lon="120.808824"></trkpt>
      <trkpt lat="23.819491" lon="120.808974"></trkpt>
      <trkpt lat="23.819422" lon="120.809060"></trkpt>
      <trkpt lat="23.818974" lon="120.809344"></trkpt>
      <trkpt lat="23.818406" lon="120.809709"></trkpt>
      <trkpt lat="23.818139" lon="120.809830"></trkpt>
      <trkpt lat="23.818001" lon="120.809903"></trkpt>
      <trkpt lat="23.817579" lon="120.810172"></trkpt>
      <trkpt lat="23.817250" lon="120.810404"></trkpt>
      <trkpt lat="23.816907" lon="120.810669"></trkpt>
      <trkpt lat="23.816646" lon="120.810903"></trkpt>
      <trkpt lat="23.816367" lon="120.811265"></trkpt>
      <trkpt lat="23.816013" lon="120.811689"></trkpt>
      <trkpt lat="23.815641" lon="120.812115"></trkpt>
      <trkpt lat="23.815412" lon="120.812353"></trkpt>
      <trkpt lat="23.815044" lon="120.812764"></trkpt>
      <trkpt lat="23.814779" lon="120.812984"></trkpt>
      <trkpt lat="23.814346" lon="120.813358"></trkpt>
      <trkpt lat="23.814242" lon="120.813405"></trkpt>
      <trkpt lat="23.813734" lon="120.813475"></trkpt>
      <trkpt lat="23.813564" lon="120.813500"></trkpt>
      <trkpt lat="23.813425" lon="120.813555"></trkpt>
      <trkpt lat="23.813302" lon="120.813657"></trkpt>
      <trkpt lat="23.813069" lon="120.813955"></trkpt>
      <trkpt lat="23.812836" lon="120.814250"></trkpt>
      <trkpt lat="23.812541" lon="120.814539"></trkpt>
      <trkpt lat="23.812340" lon="120.814784"></trkpt>
      <trkpt lat="23.812181" lon="120.815118"></trkpt>
      <trkpt lat="23.812128" lon="120.815362"></trkpt>
      <trkpt lat="23.812122" lon="120.815571"></trkpt>
      <trkpt lat="23.812676" lon="120.817961"></trkpt>
      <trkpt lat="23.812715" lon="120.818124"></trkpt>
      <trkpt lat="23.812756" lon="120.818268"></trkpt>
      <trkpt lat="23.812676" lon="120.818372"></trkpt>
      <trkpt lat="23.812706" lon="120.818847"></trkpt>
      <trkpt lat="23.812637" lon="120.819070"></trkpt>
      <trkpt lat="23.812711" lon="120.819475"></trkpt>
      <trkpt lat="23.812660" lon="120.822884"></trkpt>
      <trkpt lat="23.812645" lon="120.823946"></trkpt>
      <trkpt lat="23.812616" lon="120.826880"></trkpt>
      <trkpt lat="23.812615" lon="120.826998"></trkpt>
      <trkpt lat="23.812605" lon="120.827676"></trkpt>
      <trkpt lat="23.812571" lon="120.828152"></trkpt>
      <trkpt lat="23.812748" lon="120.829804"></trkpt>
      <trkpt lat="23.812669" lon="120.830405"></trkpt>
      <trkpt lat="23.812075" lon="120.832776"></trkpt>
      <trkpt lat="23.811688" lon="120.833613"></trkpt>
      <trkpt lat="23.811072" lon="120.835007"></trkpt>
      <trkpt lat="23.811020" lon="120.835125"></trkpt>
      <trkpt lat="23.810946" lon="120.835141"></trkpt>
      <trkpt lat="23.810917" lon="120.835147"></trkpt>
      <trkpt lat="23.809818" lon="120.834755"></trkpt>
      <trkpt lat="23.809180" lon="120.834605"></trkpt>
      <trkpt lat="23.808924" lon="120.834632"></trkpt>
      <trkpt lat="23.808723" lon="120.834680"></trkpt>
      <trkpt lat="23.808375" lon="120.835002"></trkpt>
      <trkpt lat="23.808051" lon="120.835152"></trkpt>
      <trkpt lat="23.807756" lon="120.835445"></trkpt>
      <trkpt lat="23.807634" lon="120.835565"></trkpt>
      <trkpt lat="23.807344" lon="120.835742"></trkpt>
      <trkpt lat="23.806927" lon="120.835801"></trkpt>
      <trkpt lat="23.806500" lon="120.835918"></trkpt>
      <trkpt lat="23.806329" lon="120.835903"></trkpt>
      <trkpt lat="23.806183" lon="120.836207"></trkpt>
      <trkpt lat="23.806097" lon="120.836415"></trkpt>
      <trkpt lat="23.806086" lon="120.836666"></trkpt>
      <trkpt lat="23.806176" lon="120.836912"></trkpt>
      <trkpt lat="23.806286" lon="120.837220"></trkpt>
      <trkpt lat="23.806315" lon="120.837349"></trkpt>
      <trkpt lat="23.806323" lon="120.837477"></trkpt>
      <trkpt lat="23.806323" lon="120.837633"></trkpt>
      <trkpt lat="23.806296" lon="120.837781"></trkpt>
      <trkpt lat="23.806263" lon="120.837988"></trkpt>
      <trkpt lat="23.806253" lon="120.838303"></trkpt>
      <trkpt lat="23.806277" lon="120.838521"></trkpt>
      <trkpt lat="23.806435" lon="120.838829"></trkpt>
      <trkpt lat="23.806838" lon="120.839769"></trkpt>
      <trkpt lat="23.808237" lon="120.842927"></trkpt>
      <trkpt lat="23.809452" lon="120.845730"></trkpt>
      <trkpt lat="23.810367" lon="120.847758"></trkpt>
      <trkpt lat="23.810552" lon="120.848215"></trkpt>
      <trkpt lat="23.810808" lon="120.848872"></trkpt>
      <trkpt lat="23.810952" lon="120.849291"></trkpt>
      <trkpt lat="23.811040" lon="120.849552"></trkpt>
      <trkpt lat="23.811403" lon="120.850554"></trkpt>
      <trkpt lat="23.811989" lon="120.850521"></trkpt>
      <trkpt lat="23.812658" lon="120.850492"></trkpt>
      <trkpt lat="23.813139" lon="120.850459"></trkpt>
      <trkpt lat="23.813347" lon="120.850446"></trkpt>
      <trkpt lat="23.813421" lon="120.850638"></trkpt>
      <trkpt lat="23.814811" lon="120.854243"></trkpt>
      <trkpt lat="23.814915" lon="120.854206"></trkpt>
      <trkpt lat="23.815410" lon="120.853917"></trkpt>
      <trkpt lat="23.815468" lon="120.853887"></trkpt>
      <trkpt lat="23.816357" lon="120.853392"></trkpt>
      <trkpt lat="23.816746" lon="120.853177"></trkpt>
      <trkpt lat="23.816827" lon="120.853119"></trkpt>
      <trkpt lat="23.816866" lon="120.853114"></trkpt>
      <trkpt lat="23.816906" lon="120.853088"></trkpt>
      <trkpt lat="23.817141" lon="120.852961"></trkpt>
      <trkpt lat="23.817314" lon="120.853260"></trkpt>
      <trkpt lat="23.817620" lon="120.853788"></trkpt>
      <trkpt lat="23.817104" lon="120.854020"></trkpt>
      <trkpt lat="23.815885" lon="120.854552"></trkpt>
      <trkpt lat="23.815805" lon="120.854588"></trkpt>
      <trkpt lat="23.815225" lon="120.854851"></trkpt>
      <trkpt lat="23.815155" lon="120.854884"></trkpt>
      <trkpt lat="23.814797" lon="120.855052"></trkpt>
      <trkpt lat="23.814720" lon="120.855095"></trkpt>
      <trkpt lat="23.814358" lon="120.855258"></trkpt>
      <trkpt lat="23.814136" lon="120.855341"></trkpt>
      <trkpt lat="23.813833" lon="120.855493"></trkpt>
      <trkpt lat="23.813716" lon="120.855518"></trkpt>
      <trkpt lat="23.813621" lon="120.855547"></trkpt>
      <trkpt lat="23.813453" lon="120.855576"></trkpt>
      <trkpt lat="23.812956" lon="120.855629"></trkpt>
      <trkpt lat="23.812533" lon="120.855648"></trkpt>
      <trkpt lat="23.811906" lon="120.855675"></trkpt>
      <trkpt lat="23.811809" lon="120.855680"></trkpt>
      <trkpt lat="23.811409" lon="120.855697"></trkpt>
      <trkpt lat="23.811128" lon="120.855709"></trkpt>
      <trkpt lat="23.810689" lon="120.855749"></trkpt>
      <trkpt lat="23.810538" lon="120.855771"></trkpt>
      <trkpt lat="23.810444" lon="120.855810"></trkpt>
      <trkpt lat="23.810352" lon="120.855902"></trkpt>
      <trkpt lat="23.809866" lon="120.856515"></trkpt>
      <trkpt lat="23.808584" lon="120.858179"></trkpt>
      <trkpt lat="23.808472" lon="120.858376"></trkpt>
      <trkpt lat="23.808246" lon="120.858906"></trkpt>
      <trkpt lat="23.808132" lon="120.859173"></trkpt>
      <trkpt lat="23.808014" lon="120.859521"></trkpt>
      <trkpt lat="23.807938" lon="120.859691"></trkpt>
      <trkpt lat="23.807844" lon="120.859930"></trkpt>
      <trkpt lat="23.807763" lon="120.860015"></trkpt>
      <trkpt lat="23.807629" lon="120.860104"></trkpt>
      <trkpt lat="23.807609" lon="120.860117"></trkpt>
      <trkpt lat="23.807476" lon="120.860166"></trkpt>
      <trkpt lat="23.807457" lon="120.860169"></trkpt>
      <trkpt lat="23.807335" lon="120.860199"></trkpt>
      <trkpt lat="23.807235" lon="120.860223"></trkpt>
      <trkpt lat="23.807137" lon="120.860229"></trkpt>
      <trkpt lat="23.806896" lon="120.860214"></trkpt>
      <trkpt lat="23.806614" lon="120.860160"></trkpt>
      <trkpt lat="23.806465" lon="120.860143"></trkpt>
      <trkpt lat="23.806426" lon="120.860142"></trkpt>
      <trkpt lat="23.806359" lon="120.860174"></trkpt>
      <trkpt lat="23.806261" lon="120.860218"></trkpt>
      <trkpt lat="23.806143" lon="120.860278"></trkpt>
      <trkpt lat="23.805912" lon="120.860402"></trkpt>
      <trkpt lat="23.805744" lon="120.860487"></trkpt>
      <trkpt lat="23.805521" lon="120.860571"></trkpt>
      <trkpt lat="23.805229" lon="120.860603"></trkpt>
      <trkpt lat="23.804834" lon="120.860693"></trkpt>
      <trkpt lat="23.804491" lon="120.860778"></trkpt>
      <trkpt lat="23.804057" lon="120.860933"></trkpt>
      <trkpt lat="23.803727" lon="120.861065"></trkpt>
      <trkpt lat="23.803414" lon="120.861204"></trkpt>
      <trkpt lat="23.803196" lon="120.861294"></trkpt>
      <trkpt lat="23.802958" lon="120.861361"></trkpt>
      <trkpt lat="23.802761" lon="120.861408"></trkpt>
      <trkpt lat="23.802617" lon="120.861436"></trkpt>
      <trkpt lat="23.802413" lon="120.861477"></trkpt>
      <trkpt lat="23.802289" lon="120.861505"></trkpt>
      <trkpt lat="23.802153" lon="120.861562"></trkpt>
      <trkpt lat="23.801991" lon="120.861631"></trkpt>
      <trkpt lat="23.801745" lon="120.861768"></trkpt>
      <trkpt lat="23.801632" lon="120.861852"></trkpt>
      <trkpt lat="23.801555" lon="120.861953"></trkpt>
      <trkpt lat="23.801466" lon="120.862124"></trkpt>
      <trkpt lat="23.801414" lon="120.862346"></trkpt>
      <trkpt lat="23.801347" lon="120.862617"></trkpt>
      <trkpt lat="23.801317" lon="120.862712"></trkpt>
      <trkpt lat="23.801213" lon="120.862951"></trkpt>
      <trkpt lat="23.801129" lon="120.863035"></trkpt>
      <trkpt lat="23.801051" lon="120.863071"></trkpt>
      <trkpt lat="23.800927" lon="120.863114"></trkpt>
      <trkpt lat="23.800835" lon="120.863129"></trkpt>
      <trkpt lat="23.800675" lon="120.863111"></trkpt>
      <trkpt lat="23.800537" lon="120.863122"></trkpt>
      <trkpt lat="23.800415" lon="120.863150"></trkpt>
      <trkpt lat="23.800334" lon="120.863195"></trkpt>
      <trkpt lat="23.800230" lon="120.863299"></trkpt>
      <trkpt lat="23.800008" lon="120.863598"></trkpt>
      <trkpt lat="23.799879" lon="120.863739"></trkpt>
      <trkpt lat="23.799782" lon="120.863828"></trkpt>
      <trkpt lat="23.799691" lon="120.863906"></trkpt>
      <trkpt lat="23.799657" lon="120.863936"></trkpt>
      <trkpt lat="23.799364" lon="120.864133"></trkpt>
      <trkpt lat="23.799267" lon="120.864179"></trkpt>
      <trkpt lat="23.799157" lon="120.864231"></trkpt>
      <trkpt lat="23.799007" lon="120.864280"></trkpt>
      <trkpt lat="23.798562" lon="120.864396"></trkpt>
      <trkpt lat="23.798374" lon="120.864467"></trkpt>
      <trkpt lat="23.798266" lon="120.864509"></trkpt>
      <trkpt lat="23.798114" lon="120.864576"></trkpt>
      <trkpt lat="23.797893" lon="120.864707"></trkpt>
      <trkpt lat="23.797617" lon="120.864812"></trkpt>
      <trkpt lat="23.797584" lon="120.864824"></trkpt>
      <trkpt lat="23.797374" lon="120.864930"></trkpt>
      <trkpt lat="23.797265" lon="120.865015"></trkpt>
      <trkpt lat="23.797206" lon="120.865079"></trkpt>
      <trkpt lat="23.797092" lon="120.865232"></trkpt>
      <trkpt lat="23.796897" lon="120.865620"></trkpt>
      <trkpt lat="23.796754" lon="120.865915"></trkpt>
      <trkpt lat="23.796475" lon="120.866430"></trkpt>
      <trkpt lat="23.796065" lon="120.867248"></trkpt>
      <trkpt lat="23.795825" lon="120.867682"></trkpt>
      <trkpt lat="23.795744" lon="120.867804"></trkpt>
      <trkpt lat="23.795635" lon="120.867871"></trkpt>
      <trkpt lat="23.795524" lon="120.867916"></trkpt>
      <trkpt lat="23.795378" lon="120.867957"></trkpt>
      <trkpt lat="23.794928" lon="120.868041"></trkpt>
      <trkpt lat="23.794819" lon="120.868083"></trkpt>
      <trkpt lat="23.794605" lon="120.868212"></trkpt>
      <trkpt lat="23.794480" lon="120.868385"></trkpt>
      <trkpt lat="23.794433" lon="120.868452"></trkpt>
      <trkpt lat="23.794412" lon="120.868656"></trkpt>
      <trkpt lat="23.795142" lon="120.868685"></trkpt>
      <trkpt lat="23.795357" lon="120.868685"></trkpt>
      <trkpt lat="23.796151" lon="120.868857"></trkpt>
      <trkpt lat="23.796630" lon="120.868889"></trkpt>
      <trkpt lat="23.796978" lon="120.868951"></trkpt>
      <trkpt lat="23.798016" lon="120.868990"></trkpt>
      <trkpt lat="23.798487" lon="120.868952"></trkpt>
      <trkpt lat="23.798894" lon="120.868885"></trkpt>
      <trkpt lat="23.799009" lon="120.868878"></trkpt>
      <trkpt lat="23.799181" lon="120.868860"></trkpt>
      <trkpt lat="23.799257" lon="120.868817"></trkpt>
      <trkpt lat="23.799648" lon="120.868857"></trkpt>
      <trkpt lat="23.799820" lon="120.868857"></trkpt>
      <trkpt lat="23.800228" lon="120.868772"></trkpt>
      <trkpt lat="23.800442" lon="120.868728"></trkpt>
      <trkpt lat="23.800667" lon="120.868628"></trkpt>
      <trkpt lat="23.801365" lon="120.868299"></trkpt>
      <trkpt lat="23.801553" lon="120.868239"></trkpt>
      <trkpt lat="23.801783" lon="120.868227"></trkpt>
      <trkpt lat="23.802717" lon="120.868299"></trkpt>
      <trkpt lat="23.804390" lon="120.868406"></trkpt>
      <trkpt lat="23.804626" lon="120.868385"></trkpt>
      <trkpt lat="23.804841" lon="120.868363"></trkpt>
      <trkpt lat="23.805452" lon="120.868100"></trkpt>
      <trkpt lat="23.805795" lon="120.867972"></trkpt>
      <trkpt lat="23.805881" lon="120.867950"></trkpt>
      <trkpt lat="23.805967" lon="120.867950"></trkpt>
      <trkpt lat="23.806052" lon="120.867972"></trkpt>
      <trkpt lat="23.806138" lon="120.868015"></trkpt>
      <trkpt lat="23.806203" lon="120.868100"></trkpt>
      <trkpt lat="23.806568" lon="120.868551"></trkpt>
      <trkpt lat="23.806632" lon="120.868615"></trkpt>
      <trkpt lat="23.807137" lon="120.868921"></trkpt>
      <trkpt lat="23.807201" lon="120.868986"></trkpt>
      <trkpt lat="23.807266" lon="120.869050"></trkpt>
      <trkpt lat="23.807309" lon="120.869136"></trkpt>
      <trkpt lat="23.807330" lon="120.869243"></trkpt>
      <trkpt lat="23.807347" lon="120.869769"></trkpt>
      <trkpt lat="23.807390" lon="120.869962"></trkpt>
      <trkpt lat="23.807432" lon="120.870048"></trkpt>
      <trkpt lat="23.807669" lon="120.870413"></trkpt>
      <trkpt lat="23.807905" lon="120.870906"></trkpt>
      <trkpt lat="23.807928" lon="120.871131"></trkpt>
      <trkpt lat="23.807918" lon="120.871362"></trkpt>
      <trkpt lat="23.807908" lon="120.871646"></trkpt>
      <trkpt lat="23.807896" lon="120.872572"></trkpt>
      <trkpt lat="23.807900" lon="120.872915"></trkpt>
      <trkpt lat="23.807867" lon="120.873127"></trkpt>
      <trkpt lat="23.807802" lon="120.873299"></trkpt>
      <trkpt lat="23.807738" lon="120.873449"></trkpt>
      <trkpt lat="23.807449" lon="120.873875"></trkpt>
      <trkpt lat="23.807406" lon="120.874004"></trkpt>
      <trkpt lat="23.807385" lon="120.874133"></trkpt>
      <trkpt lat="23.807418" lon="120.874337"></trkpt>
      <trkpt lat="23.807595" lon="120.875012"></trkpt>
      <trkpt lat="23.807935" lon="120.876218"></trkpt>
      <trkpt lat="23.807919" lon="120.876303"></trkpt>
      <trkpt lat="23.807897" lon="120.876410"></trkpt>
      <trkpt lat="23.807833" lon="120.876517"></trkpt>
      <trkpt lat="23.807747" lon="120.876582"></trkpt>
      <trkpt lat="23.807000" lon="120.876936"></trkpt>
      <trkpt lat="23.806892" lon="120.877022"></trkpt>
      <trkpt lat="23.806828" lon="120.877129"></trkpt>
      <trkpt lat="23.806785" lon="120.877258"></trkpt>
      <trkpt lat="23.806467" lon="120.878682"></trkpt>
      <trkpt lat="23.806424" lon="120.879132"></trkpt>
      <trkpt lat="23.806381" lon="120.879647"></trkpt>
      <trkpt lat="23.806403" lon="120.879798"></trkpt>
      <trkpt lat="23.806445" lon="120.879862"></trkpt>
      <trkpt lat="23.806514" lon="120.879937"></trkpt>
      <trkpt lat="23.806579" lon="120.879959"></trkpt>
      <trkpt lat="23.806664" lon="120.879959"></trkpt>
      <trkpt lat="23.806750" lon="120.879937"></trkpt>
      <trkpt lat="23.807007" lon="120.879859"></trkpt>
      <trkpt lat="23.807152" lon="120.879857"></trkpt>
      <trkpt lat="23.807222" lon="120.879873"></trkpt>
      <trkpt lat="23.807287" lon="120.879916"></trkpt>
      <trkpt lat="23.807330" lon="120.880001"></trkpt>
      <trkpt lat="23.807351" lon="120.880087"></trkpt>
      <trkpt lat="23.807330" lon="120.880173"></trkpt>
      <trkpt lat="23.807308" lon="120.880259"></trkpt>
      <trkpt lat="23.807121" lon="120.880527"></trkpt>
      <trkpt lat="23.807004" lon="120.880632"></trkpt>
      <trkpt lat="23.806903" lon="120.880699"></trkpt>
      <trkpt lat="23.806586" lon="120.880849"></trkpt>
      <trkpt lat="23.806500" lon="120.880935"></trkpt>
      <trkpt lat="23.806414" lon="120.881021"></trkpt>
      <trkpt lat="23.806307" lon="120.881192"></trkpt>
      <trkpt lat="23.806264" lon="120.881321"></trkpt>
      <trkpt lat="23.806242" lon="120.881450"></trkpt>
      <trkpt lat="23.806264" lon="120.881600"></trkpt>
      <trkpt lat="23.806307" lon="120.881707"></trkpt>
      <trkpt lat="23.806393" lon="120.881793"></trkpt>
      <trkpt lat="23.806479" lon="120.881836"></trkpt>
      <trkpt lat="23.806612" lon="120.881849"></trkpt>
      <trkpt lat="23.807182" lon="120.881868"></trkpt>
      <trkpt lat="23.807334" lon="120.881884"></trkpt>
      <trkpt lat="23.807442" lon="120.881949"></trkpt>
      <trkpt lat="23.807506" lon="120.882034"></trkpt>
      <trkpt lat="23.807549" lon="120.882163"></trkpt>
      <trkpt lat="23.807616" lon="120.882555"></trkpt>
      <trkpt lat="23.807616" lon="120.882705"></trkpt>
      <trkpt lat="23.807594" lon="120.882855"></trkpt>
      <trkpt lat="23.807530" lon="120.882984"></trkpt>
      <trkpt lat="23.807444" lon="120.883070"></trkpt>
      <trkpt lat="23.807345" lon="120.883185"></trkpt>
      <trkpt lat="23.807028" lon="120.883440"></trkpt>
      <trkpt lat="23.806963" lon="120.883547"></trkpt>
      <trkpt lat="23.806873" lon="120.883731"></trkpt>
      <trkpt lat="23.806868" lon="120.883825"></trkpt>
      <trkpt lat="23.806874" lon="120.883893"></trkpt>
      <trkpt lat="23.806900" lon="120.884002"></trkpt>
      <trkpt lat="23.806951" lon="120.884112"></trkpt>
      <trkpt lat="23.807047" lon="120.884222"></trkpt>
      <trkpt lat="23.807222" lon="120.884306"></trkpt>
      <trkpt lat="23.807525" lon="120.884416"></trkpt>
      <trkpt lat="23.808093" lon="120.884621"></trkpt>
      <trkpt lat="23.809133" lon="120.885041"></trkpt>
      <trkpt lat="23.809345" lon="120.885151"></trkpt>
      <trkpt lat="23.809658" lon="120.885371"></trkpt>
      <trkpt lat="23.809820" lon="120.885446"></trkpt>
      <trkpt lat="23.809999" lon="120.885489"></trkpt>
      <trkpt lat="23.810394" lon="120.885508"></trkpt>
      <trkpt lat="23.810581" lon="120.885562"></trkpt>
      <trkpt lat="23.810706" lon="120.885618"></trkpt>
      <trkpt lat="23.811088" lon="120.885793"></trkpt>
      <trkpt lat="23.811446" lon="120.885972"></trkpt>
      <trkpt lat="23.811661" lon="120.886055"></trkpt>
      <trkpt lat="23.811780" lon="120.886090"></trkpt>
      <trkpt lat="23.811992" lon="120.886098"></trkpt>
      <trkpt lat="23.812215" lon="120.886098"></trkpt>
      <trkpt lat="23.812384" lon="120.886103"></trkpt>
      <trkpt lat="23.812637" lon="120.886079"></trkpt>
      <trkpt lat="23.812917" lon="120.885979"></trkpt>
      <trkpt lat="23.813411" lon="120.885830"></trkpt>
      <trkpt lat="23.813561" lon="120.885744"></trkpt>
      <trkpt lat="23.813690" lon="120.885658"></trkpt>
      <trkpt lat="23.813851" lon="120.885513"></trkpt>
      <trkpt lat="23.814173" lon="120.884926"></trkpt>
      <trkpt lat="23.814281" lon="120.884778"></trkpt>
      <trkpt lat="23.814376" lon="120.884647"></trkpt>
      <trkpt lat="23.814693" lon="120.884421"></trkpt>
      <trkpt lat="23.814984" lon="120.884234"></trkpt>
      <trkpt lat="23.815070" lon="120.884191"></trkpt>
      <trkpt lat="23.815228" lon="120.884087"></trkpt>
      <trkpt lat="23.815763" lon="120.884064"></trkpt>
      <trkpt lat="23.815945" lon="120.883995"></trkpt>
      <trkpt lat="23.816347" lon="120.883748"></trkpt>
      <trkpt lat="23.816572" lon="120.883719"></trkpt>
      <trkpt lat="23.816798" lon="120.883719"></trkpt>
      <trkpt lat="23.817012" lon="120.883818"></trkpt>
      <trkpt lat="23.817129" lon="120.883934"></trkpt>
      <trkpt lat="23.817172" lon="120.884019"></trkpt>
      <trkpt lat="23.817498" lon="120.884848"></trkpt>
      <trkpt lat="23.817564" lon="120.885075"></trkpt>
      <trkpt lat="23.817577" lon="120.885395"></trkpt>
      <trkpt lat="23.817599" lon="120.885631"></trkpt>
      <trkpt lat="23.817625" lon="120.885765"></trkpt>
      <trkpt lat="23.817699" lon="120.885950"></trkpt>
      <trkpt lat="23.817765" lon="120.886010"></trkpt>
      <trkpt lat="23.818494" lon="120.886626"></trkpt>
      <trkpt lat="23.818798" lon="120.886822"></trkpt>
      <trkpt lat="23.819064" lon="120.886978"></trkpt>
      <trkpt lat="23.819332" lon="120.887144"></trkpt>
      <trkpt lat="23.819501" lon="120.887203"></trkpt>
      <trkpt lat="23.819587" lon="120.887225"></trkpt>
      <trkpt lat="23.819673" lon="120.887203"></trkpt>
      <trkpt lat="23.820276" lon="120.887056"></trkpt>
      <trkpt lat="23.820384" lon="120.887056"></trkpt>
      <trkpt lat="23.820491" lon="120.887056"></trkpt>
      <trkpt lat="23.820663" lon="120.887099"></trkpt>
      <trkpt lat="23.820834" lon="120.887184"></trkpt>
      <trkpt lat="23.821171" lon="120.887444"></trkpt>
      <trkpt lat="23.821528" lon="120.887724"></trkpt>
      <trkpt lat="23.821752" lon="120.887906"></trkpt>
      <trkpt lat="23.821879" lon="120.888070"></trkpt>
      <trkpt lat="23.822078" lon="120.888453"></trkpt>
      <trkpt lat="23.822143" lon="120.888518"></trkpt>
      <trkpt lat="23.822186" lon="120.888560"></trkpt>
      <trkpt lat="23.822271" lon="120.888582"></trkpt>
      <trkpt lat="23.822336" lon="120.888582"></trkpt>
      <trkpt lat="23.822451" lon="120.888568"></trkpt>
      <trkpt lat="23.822536" lon="120.888534"></trkpt>
      <trkpt lat="23.822743" lon="120.888357"></trkpt>
      <trkpt lat="23.822924" lon="120.888059"></trkpt>
      <trkpt lat="23.823095" lon="120.887930"></trkpt>
      <trkpt lat="23.823267" lon="120.887887"></trkpt>
      <trkpt lat="23.823420" lon="120.887887"></trkpt>
      <trkpt lat="23.823989" lon="120.887922"></trkpt>
      <trkpt lat="23.824053" lon="120.887944"></trkpt>
      <trkpt lat="23.824139" lon="120.887986"></trkpt>
      <trkpt lat="23.824182" lon="120.888029"></trkpt>
      <trkpt lat="23.824225" lon="120.888115"></trkpt>
      <trkpt lat="23.824246" lon="120.888201"></trkpt>
      <trkpt lat="23.824274" lon="120.888477"></trkpt>
      <trkpt lat="23.824317" lon="120.888585"></trkpt>
      <trkpt lat="23.824424" lon="120.888778"></trkpt>
      <trkpt lat="23.824550" lon="120.888909"></trkpt>
      <trkpt lat="23.824753" lon="120.889075"></trkpt>
      <trkpt lat="23.824891" lon="120.889126"></trkpt>
      <trkpt lat="23.825020" lon="120.889175"></trkpt>
      <trkpt lat="23.825156" lon="120.889209"></trkpt>
      <trkpt lat="23.825320" lon="120.889220"></trkpt>
      <trkpt lat="23.825427" lon="120.889252"></trkpt>
      <trkpt lat="23.825502" lon="120.889317"></trkpt>
      <trkpt lat="23.825542" lon="120.889368"></trkpt>
      <trkpt lat="23.825577" lon="120.889408"></trkpt>
      <trkpt lat="23.825599" lon="120.889494"></trkpt>
      <trkpt lat="23.825641" lon="120.889773"></trkpt>
      <trkpt lat="23.825646" lon="120.889821"></trkpt>
      <trkpt lat="23.825634" lon="120.889874"></trkpt>
      <trkpt lat="23.825582" lon="120.890100"></trkpt>
      <trkpt lat="23.825432" lon="120.890508"></trkpt>
      <trkpt lat="23.825410" lon="120.890593"></trkpt>
      <trkpt lat="23.825402" lon="120.890792"></trkpt>
      <trkpt lat="23.825445" lon="120.890878"></trkpt>
      <trkpt lat="23.825531" lon="120.891007"></trkpt>
      <trkpt lat="23.825942" lon="120.891409"></trkpt>
      <trkpt lat="23.826178" lon="120.891559"></trkpt>
      <trkpt lat="23.826667" lon="120.891768"></trkpt>
      <trkpt lat="23.826709" lon="120.891811"></trkpt>
      <trkpt lat="23.826752" lon="120.891876"></trkpt>
      <trkpt lat="23.826774" lon="120.891940"></trkpt>
      <trkpt lat="23.826774" lon="120.892090"></trkpt>
      <trkpt lat="23.826752" lon="120.892155"></trkpt>
      <trkpt lat="23.826709" lon="120.892219"></trkpt>
      <trkpt lat="23.826516" lon="120.892476"></trkpt>
      <trkpt lat="23.826452" lon="120.892519"></trkpt>
      <trkpt lat="23.826302" lon="120.892562"></trkpt>
      <trkpt lat="23.825973" lon="120.892594"></trkpt>
      <trkpt lat="23.825823" lon="120.892680"></trkpt>
      <trkpt lat="23.825694" lon="120.892788"></trkpt>
      <trkpt lat="23.825609" lon="120.892938"></trkpt>
      <trkpt lat="23.825541" lon="120.893093"></trkpt>
      <trkpt lat="23.825562" lon="120.893286"></trkpt>
      <trkpt lat="23.825584" lon="120.893372"></trkpt>
      <trkpt lat="23.825627" lon="120.893458"></trkpt>
      <trkpt lat="23.825756" lon="120.893608"></trkpt>
      <trkpt lat="23.825949" lon="120.893737"></trkpt>
      <trkpt lat="23.827200" lon="120.894156"></trkpt>
      <trkpt lat="23.827436" lon="120.894198"></trkpt>
      <trkpt lat="23.828101" lon="120.894220"></trkpt>
      <trkpt lat="23.828332" lon="120.894244"></trkpt>
      <trkpt lat="23.828530" lon="120.894091"></trkpt>
      <trkpt lat="23.828809" lon="120.893834"></trkpt>
      <trkpt lat="23.828938" lon="120.893791"></trkpt>
      <trkpt lat="23.829088" lon="120.893791"></trkpt>
      <trkpt lat="23.829260" lon="120.893855"></trkpt>
      <trkpt lat="23.829560" lon="120.893984"></trkpt>
      <trkpt lat="23.829689" lon="120.894070"></trkpt>
      <trkpt lat="23.829882" lon="120.894177"></trkpt>
      <trkpt lat="23.829968" lon="120.894198"></trkpt>
      <trkpt lat="23.830311" lon="120.894241"></trkpt>
      <trkpt lat="23.830376" lon="120.894263"></trkpt>
      <trkpt lat="23.830440" lon="120.894306"></trkpt>
      <trkpt lat="23.830526" lon="120.894391"></trkpt>
      <trkpt lat="23.830590" lon="120.894520"></trkpt>
      <trkpt lat="23.830613" lon="120.894621"></trkpt>
      <trkpt lat="23.830633" lon="120.894713"></trkpt>
      <trkpt lat="23.830655" lon="120.894821"></trkpt>
      <trkpt lat="23.830655" lon="120.895486"></trkpt>
      <trkpt lat="23.830655" lon="120.895851"></trkpt>
      <trkpt lat="23.830676" lon="120.895993"></trkpt>
      <trkpt lat="23.830740" lon="120.896108"></trkpt>
      <trkpt lat="23.830848" lon="120.896194"></trkpt>
      <trkpt lat="23.830891" lon="120.896237"></trkpt>
      <trkpt lat="23.831041" lon="120.896301"></trkpt>
      <trkpt lat="23.831191" lon="120.896323"></trkpt>
      <trkpt lat="23.831728" lon="120.896301"></trkpt>
      <trkpt lat="23.831899" lon="120.896258"></trkpt>
      <trkpt lat="23.832092" lon="120.896151"></trkpt>
      <trkpt lat="23.832350" lon="120.895958"></trkpt>
      <trkpt lat="23.832607" lon="120.895700"></trkpt>
      <trkpt lat="23.832693" lon="120.895636"></trkpt>
      <trkpt lat="23.832902" lon="120.895644"></trkpt>
      <trkpt lat="23.833036" lon="120.895679"></trkpt>
      <trkpt lat="23.833294" lon="120.895765"></trkpt>
      <trkpt lat="23.833444" lon="120.895851"></trkpt>
      <trkpt lat="23.833551" lon="120.895979"></trkpt>
      <trkpt lat="23.833680" lon="120.896237"></trkpt>
      <trkpt lat="23.833830" lon="120.896323"></trkpt>
      <trkpt lat="23.834109" lon="120.896537"></trkpt>
      <trkpt lat="23.834166" lon="120.896609"></trkpt>
      <trkpt lat="23.834195" lon="120.896645"></trkpt>
      <trkpt lat="23.834324" lon="120.896838"></trkpt>
      <trkpt lat="23.834453" lon="120.897117"></trkpt>
      <trkpt lat="23.834667" lon="120.897782"></trkpt>
      <trkpt lat="23.834753" lon="120.898039"></trkpt>
      <trkpt lat="23.834946" lon="120.898361"></trkpt>
      <trkpt lat="23.835118" lon="120.898597"></trkpt>
      <trkpt lat="23.835225" lon="120.898705"></trkpt>
      <trkpt lat="23.835418" lon="120.898876"></trkpt>
      <trkpt lat="23.836191" lon="120.899370"></trkpt>
      <trkpt lat="23.836244" lon="120.899403"></trkpt>
      <trkpt lat="23.836362" lon="120.899477"></trkpt>
      <trkpt lat="23.836834" lon="120.899777"></trkpt>
      <trkpt lat="23.837178" lon="120.900035"></trkpt>
      <trkpt lat="23.837521" lon="120.900378"></trkpt>
      <trkpt lat="23.837712" lon="120.900658"></trkpt>
      <trkpt lat="23.837862" lon="120.900826"></trkpt>
      <trkpt lat="23.837950" lon="120.900936"></trkpt>
      <trkpt lat="23.838959" lon="120.902481"></trkpt>
      <trkpt lat="23.839152" lon="120.902696"></trkpt>
      <trkpt lat="23.839302" lon="120.902824"></trkpt>
      <trkpt lat="23.839517" lon="120.902910"></trkpt>
      <trkpt lat="23.839624" lon="120.902910"></trkpt>
      <trkpt lat="23.839817" lon="120.902889"></trkpt>
      <trkpt lat="23.839989" lon="120.902824"></trkpt>
      <trkpt lat="23.840117" lon="120.902739"></trkpt>
      <trkpt lat="23.840246" lon="120.902588"></trkpt>
      <trkpt lat="23.840332" lon="120.902417"></trkpt>
      <trkpt lat="23.840375" lon="120.902267"></trkpt>
      <trkpt lat="23.840378" lon="120.902204"></trkpt>
      <trkpt lat="23.840396" lon="120.901880"></trkpt>
      <trkpt lat="23.840375" lon="120.900915"></trkpt>
      <trkpt lat="23.840375" lon="120.900798"></trkpt>
      <trkpt lat="23.840375" lon="120.900700"></trkpt>
      <trkpt lat="23.840418" lon="120.900486"></trkpt>
      <trkpt lat="23.840504" lon="120.900228"></trkpt>
      <trkpt lat="23.840933" lon="120.899177"></trkpt>
      <trkpt lat="23.841019" lon="120.898876"></trkpt>
      <trkpt lat="23.841255" lon="120.897911"></trkpt>
      <trkpt lat="23.841362" lon="120.897675"></trkpt>
      <trkpt lat="23.841405" lon="120.897589"></trkpt>
      <trkpt lat="23.841534" lon="120.897438"></trkpt>
      <trkpt lat="23.841598" lon="120.897396"></trkpt>
      <trkpt lat="23.841661" lon="120.897360"></trkpt>
      <trkpt lat="23.841748" lon="120.897310"></trkpt>
      <trkpt lat="23.841834" lon="120.897288"></trkpt>
      <trkpt lat="23.842006" lon="120.897267"></trkpt>
      <trkpt lat="23.842156" lon="120.897267"></trkpt>
      <trkpt lat="23.842242" lon="120.897288"></trkpt>
      <trkpt lat="23.842392" lon="120.897374"></trkpt>
      <trkpt lat="23.842456" lon="120.897417"></trkpt>
      <trkpt lat="23.842585" lon="120.897567"></trkpt>
      <trkpt lat="23.842657" lon="120.897715"></trkpt>
      <trkpt lat="23.842740" lon="120.897957"></trkpt>
      <trkpt lat="23.842926" lon="120.898862"></trkpt>
      <trkpt lat="23.842943" lon="120.898938"></trkpt>
      <trkpt lat="23.843070" lon="120.899558"></trkpt>
      <trkpt lat="23.843221" lon="120.900136"></trkpt>
      <trkpt lat="23.843250" lon="120.900207"></trkpt>
      <trkpt lat="23.843336" lon="120.900400"></trkpt>
      <trkpt lat="23.843465" lon="120.900593"></trkpt>
      <trkpt lat="23.843636" lon="120.900786"></trkpt>
      <trkpt lat="23.844109" lon="120.901215"></trkpt>
      <trkpt lat="23.844297" lon="120.901371"></trkpt>
      <trkpt lat="23.844603" lon="120.901507"></trkpt>
      <trkpt lat="23.844982" lon="120.901541"></trkpt>
      <trkpt lat="23.845474" lon="120.901493"></trkpt>
      <trkpt lat="23.846185" lon="120.901505"></trkpt>
      <trkpt lat="23.846707" lon="120.901510"></trkpt>
      <trkpt lat="23.847212" lon="120.901503"></trkpt>
      <trkpt lat="23.847946" lon="120.901365"></trkpt>
      <trkpt lat="23.848852" lon="120.901185"></trkpt>
      <trkpt lat="23.849017" lon="120.901151"></trkpt>
      <trkpt lat="23.849140" lon="120.901126"></trkpt>
      <trkpt lat="23.849590" lon="120.901033"></trkpt>
      <trkpt lat="23.850218" lon="120.900985"></trkpt>
      <trkpt lat="23.850597" lon="120.901009"></trkpt>
      <trkpt lat="23.851173" lon="120.901068"></trkpt>
      <trkpt lat="23.851675" lon="120.901146"></trkpt>
      <trkpt lat="23.851815" lon="120.901175"></trkpt>
      <trkpt lat="23.852397" lon="120.901300"></trkpt>
      <trkpt lat="23.853401" lon="120.901543"></trkpt>
      <trkpt lat="23.854151" lon="120.901699"></trkpt>
      <trkpt lat="23.854344" lon="120.901742"></trkpt>
      <trkpt lat="23.854929" lon="120.901872"></trkpt>
      <trkpt lat="23.855084" lon="120.901909"></trkpt>
      <trkpt lat="23.854990" lon="120.902226"></trkpt>
      <trkpt lat="23.854927" lon="120.902521"></trkpt>
      <trkpt lat="23.854920" lon="120.902674"></trkpt>
      <trkpt lat="23.854936" lon="120.902783"></trkpt>
      <trkpt lat="23.855039" lon="120.902861"></trkpt>
      <trkpt lat="23.855245" lon="120.902846"></trkpt>
      <trkpt lat="23.855399" lon="120.902482"></trkpt>
      <trkpt lat="23.855444" lon="120.902142"></trkpt>
      <trkpt lat="23.856141" lon="120.902269"></trkpt>
      <trkpt lat="23.856424" lon="120.902284"></trkpt>
      <trkpt lat="23.856653" lon="120.902252"></trkpt>
      <trkpt lat="23.856981" lon="120.902003"></trkpt>
      <trkpt lat="23.857104" lon="120.901810"></trkpt>
      <trkpt lat="23.857258" lon="120.901405"></trkpt>
      <trkpt lat="23.857419" lon="120.901115"></trkpt>
      <trkpt lat="23.857634" lon="120.900771"></trkpt>
      <trkpt lat="23.857666" lon="120.900720"></trkpt>
      <trkpt lat="23.857850" lon="120.900567"></trkpt>
      <trkpt lat="23.858209" lon="120.900495"></trkpt>
      <trkpt lat="23.858643" lon="120.900679"></trkpt>
      <trkpt lat="23.858716" lon="120.900733"></trkpt>
      <trkpt lat="23.858714" lon="120.900942"></trkpt>
      <trkpt lat="23.858774" lon="120.901083"></trkpt>
      <trkpt lat="23.858852" lon="120.901158"></trkpt>
      <trkpt lat="23.858946" lon="120.901192"></trkpt>
      <trkpt lat="23.859188" lon="120.901078"></trkpt>
      <trkpt lat="23.859444" lon="120.900836"></trkpt>
      <trkpt lat="23.859497" lon="120.900707"></trkpt>
      <trkpt lat="23.859509" lon="120.900628"></trkpt>
      <trkpt lat="23.859520" lon="120.900550"></trkpt>
      <trkpt lat="23.859656" lon="120.900410"></trkpt>
      <trkpt lat="23.859759" lon="120.900262"></trkpt>
      <trkpt lat="23.860001" lon="120.899886"></trkpt>
      <trkpt lat="23.860110" lon="120.899714"></trkpt>
      <trkpt lat="23.860215" lon="120.899605"></trkpt>
      <trkpt lat="23.860361" lon="120.899557"></trkpt>
      <trkpt lat="23.860551" lon="120.899553"></trkpt>
      <trkpt lat="23.860743" lon="120.899611"></trkpt>
      <trkpt lat="23.860905" lon="120.899704"></trkpt>
      <trkpt lat="23.861009" lon="120.899981"></trkpt>
      <trkpt lat="23.861120" lon="120.900090"></trkpt>
      <trkpt lat="23.861262" lon="120.900174"></trkpt>
      <trkpt lat="23.861658" lon="120.900179"></trkpt>
      <trkpt lat="23.861817" lon="120.900200"></trkpt>
      <trkpt lat="23.861876" lon="120.900314"></trkpt>
      <trkpt lat="23.861909" lon="120.900401"></trkpt>
      <trkpt lat="23.861960" lon="120.900655"></trkpt>
      <trkpt lat="23.862607" lon="120.903186"></trkpt>
      <trkpt lat="23.862628" lon="120.903325"></trkpt>
      <trkpt lat="23.862634" lon="120.903361"></trkpt>
      <trkpt lat="23.862625" lon="120.903505"></trkpt>
      <trkpt lat="23.862602" lon="120.903658"></trkpt>
      <trkpt lat="23.862571" lon="120.903856"></trkpt>
      <trkpt lat="23.862582" lon="120.904019"></trkpt>
      <trkpt lat="23.862664" lon="120.904145"></trkpt>
      <trkpt lat="23.862760" lon="120.904192"></trkpt>
      <trkpt lat="23.862811" lon="120.904216"></trkpt>
      <trkpt lat="23.862891" lon="120.904208"></trkpt>
      <trkpt lat="23.862970" lon="120.904198"></trkpt>
      <trkpt lat="23.863270" lon="120.904069"></trkpt>
      <trkpt lat="23.863420" lon="120.904026"></trkpt>
      <trkpt lat="23.863886" lon="120.903997"></trkpt>
      <trkpt lat="23.864039" lon="120.903953"></trkpt>
      <trkpt lat="23.864330" lon="120.903800"></trkpt>
      <trkpt lat="23.864519" lon="120.903661"></trkpt>
      <trkpt lat="23.864601" lon="120.903602"></trkpt>
      <trkpt lat="23.865092" lon="120.903262"></trkpt>
      <trkpt lat="23.865117" lon="120.903245"></trkpt>
      <trkpt lat="23.865420" lon="120.903041"></trkpt>
      <trkpt lat="23.865489" lon="120.902999"></trkpt>
      <trkpt lat="23.865562" lon="120.903203"></trkpt>
      <trkpt lat="23.865623" lon="120.903309"></trkpt>
      <trkpt lat="23.865654" lon="120.903380"></trkpt>
      <trkpt lat="23.865990" lon="120.903239"></trkpt>
      <trkpt lat="23.865989" lon="120.903253"></trkpt>
      <trkpt lat="23.865666" lon="120.903396"></trkpt>
      <trkpt lat="23.865729" lon="120.903484"></trkpt>
      <trkpt lat="23.865883" lon="120.903415"></trkpt>
      <trkpt lat="23.866080" lon="120.903373"></trkpt>
      <trkpt lat="23.866169" lon="120.903353"></trkpt>
      <trkpt lat="23.866432" lon="120.903338"></trkpt>
      <trkpt lat="23.866533" lon="120.903352"></trkpt>
      <trkpt lat="23.866603" lon="120.903413"></trkpt>
      <trkpt lat="23.866621" lon="120.903534"></trkpt>
      <trkpt lat="23.866463" lon="120.903694"></trkpt>
      <trkpt lat="23.866428" lon="120.903840"></trkpt>
      <trkpt lat="23.866503" lon="120.904159"></trkpt>
      <trkpt lat="23.866480" lon="120.904290"></trkpt>
      <trkpt lat="23.866462" lon="120.904394"></trkpt>
      <trkpt lat="23.866451" lon="120.904552"></trkpt>
      <trkpt lat="23.866433" lon="120.904790"></trkpt>
      <trkpt lat="23.866414" lon="120.905057"></trkpt>
      <trkpt lat="23.866438" lon="120.905509"></trkpt>
      <trkpt lat="23.866342" lon="120.905879"></trkpt>
      <trkpt lat="23.866339" lon="120.905890"></trkpt>
      <trkpt lat="23.866421" lon="120.906175"></trkpt>
      <trkpt lat="23.866427" lon="120.906631"></trkpt>
      <trkpt lat="23.866217" lon="120.907138"></trkpt>
      <trkpt lat="23.866061" lon="120.907252"></trkpt>
      <trkpt lat="23.866005" lon="120.907520"></trkpt>
      <trkpt lat="23.865905" lon="120.907557"></trkpt>
      <trkpt lat="23.865855" lon="120.907589"></trkpt>
      <trkpt lat="23.865796" lon="120.907552"></trkpt>
      <trkpt lat="23.865556" lon="120.907886"></trkpt>
      <trkpt lat="23.865511" lon="120.907994"></trkpt>
      <trkpt lat="23.865524" lon="120.908159"></trkpt>
      <trkpt lat="23.865567" lon="120.908279"></trkpt>
      <trkpt lat="23.865601" lon="120.908640"></trkpt>
      <trkpt lat="23.865501" lon="120.908670"></trkpt>
      <trkpt lat="23.865351" lon="120.908694"></trkpt>
      <trkpt lat="23.865424" lon="120.909037"></trkpt>
      <trkpt lat="23.865304" lon="120.909061"></trkpt>
      <trkpt lat="23.865289" lon="120.909079"></trkpt>
      <trkpt lat="23.865274" lon="120.909108"></trkpt>
      <trkpt lat="23.865174" lon="120.909733"></trkpt>
      <trkpt lat="23.865173" lon="120.909755"></trkpt>
      <trkpt lat="23.865176" lon="120.909771"></trkpt>
      <trkpt lat="23.865212" lon="120.909806"></trkpt>
      <trkpt lat="23.865216" lon="120.909815"></trkpt>
      <trkpt lat="23.865216" lon="120.909826"></trkpt>
      <trkpt lat="23.865154" lon="120.910225"></trkpt>
      <trkpt lat="23.865139" lon="120.910222"></trkpt>
      <trkpt lat="23.865122" lon="120.910225"></trkpt>
      <trkpt lat="23.865103" lon="120.910235"></trkpt>
      <trkpt lat="23.865089" lon="120.910248"></trkpt>
      <trkpt lat="23.865055" lon="120.910292"></trkpt>
      <trkpt lat="23.865037" lon="120.910324"></trkpt>
      <trkpt lat="23.865023" lon="120.910359"></trkpt>
      <trkpt lat="23.865010" lon="120.910394"></trkpt>
      <trkpt lat="23.864993" lon="120.910425"></trkpt>
      <trkpt lat="23.864712" lon="120.910742"></trkpt>
      <trkpt lat="23.864626" lon="120.910752"></trkpt>
      <trkpt lat="23.864615" lon="120.910957"></trkpt>
      <trkpt lat="23.864615" lon="120.911064"></trkpt>
      <trkpt lat="23.864636" lon="120.911150"></trkpt>
      <trkpt lat="23.864708" lon="120.911279"></trkpt>
      <trkpt lat="23.864809" lon="120.911401"></trkpt>
      <trkpt lat="23.864751" lon="120.911469"></trkpt>
      <trkpt lat="23.864683" lon="120.911549"></trkpt>
      <trkpt lat="23.864602" lon="120.911642"></trkpt>
      <trkpt lat="23.864631" lon="120.911677"></trkpt>
      <trkpt lat="23.864738" lon="120.911804"></trkpt>
      <trkpt lat="23.864802" lon="120.911874"></trkpt>
      <trkpt lat="23.864945" lon="120.912036"></trkpt>
      <trkpt lat="23.864987" lon="120.912082"></trkpt>
      <trkpt lat="23.865009" lon="120.912114"></trkpt>
      <trkpt lat="23.865028" lon="120.912149"></trkpt>
      <trkpt lat="23.865150" lon="120.912454"></trkpt>
      <trkpt lat="23.865234" lon="120.912664"></trkpt>
      <trkpt lat="23.865217" lon="120.913018"></trkpt>
      <trkpt lat="23.865191" lon="120.913274"></trkpt>
      <trkpt lat="23.865141" lon="120.913421"></trkpt>
      <trkpt lat="23.865059" lon="120.913876"></trkpt>
      <trkpt lat="23.864971" lon="120.914000"></trkpt>
      <trkpt lat="23.864961" lon="120.914071"></trkpt>
      <trkpt lat="23.864992" lon="120.914194"></trkpt>
      <trkpt lat="23.865148" lon="120.914605"></trkpt>
      <trkpt lat="23.865214" lon="120.914747"></trkpt>
      <trkpt lat="23.865337" lon="120.914896"></trkpt>
      <trkpt lat="23.865511" lon="120.914954"></trkpt>
      <trkpt lat="23.865521" lon="120.915040"></trkpt>
      <trkpt lat="23.865521" lon="120.915040"></trkpt>
      <trkpt lat="23.865601" lon="120.915077"></trkpt>
      <trkpt lat="23.865694" lon="120.915027"></trkpt>
      <trkpt lat="23.865831" lon="120.915047"></trkpt>
      <trkpt lat="23.865964" lon="120.915079"></trkpt>
      <trkpt lat="23.866279" lon="120.915011"></trkpt>
      <trkpt lat="23.866403" lon="120.915016"></trkpt>
      <trkpt lat="23.866542" lon="120.915099"></trkpt>
      <trkpt lat="23.866692" lon="120.915116"></trkpt>
      <trkpt lat="23.866797" lon="120.915137"></trkpt>
      <trkpt lat="23.866913" lon="120.915224"></trkpt>
      <trkpt lat="23.866966" lon="120.915316"></trkpt>
      <trkpt lat="23.867041" lon="120.915405"></trkpt>
      <trkpt lat="23.867203" lon="120.915533"></trkpt>
      <trkpt lat="23.867489" lon="120.915799"></trkpt>
      <trkpt lat="23.867751" lon="120.915999"></trkpt>
      <trkpt lat="23.867929" lon="120.916098"></trkpt>
      <trkpt lat="23.868337" lon="120.916311"></trkpt>
      <trkpt lat="23.868459" lon="120.916345"></trkpt>
      <trkpt lat="23.869074" lon="120.916459"></trkpt>
      <trkpt lat="23.869225" lon="120.916413"></trkpt>
      <trkpt lat="23.869331" lon="120.916369"></trkpt>
      <trkpt lat="23.869642" lon="120.916444"></trkpt>
      <trkpt lat="23.869857" lon="120.916557"></trkpt>
      <trkpt lat="23.870367" lon="120.916652"></trkpt>
      <trkpt lat="23.870694" lon="120.916704"></trkpt>
      <trkpt lat="23.871026" lon="120.916611"></trkpt>
      <trkpt lat="23.871153" lon="120.916489"></trkpt>
      <trkpt lat="23.871235" lon="120.916411"></trkpt>
      <trkpt lat="23.871417" lon="120.916401"></trkpt>
      <trkpt lat="23.871679" lon="120.916497"></trkpt>
      <trkpt lat="23.871902" lon="120.916649"></trkpt>
      <trkpt lat="23.871845" lon="120.916922"></trkpt>
      <trkpt lat="23.871814" lon="120.917070"></trkpt>
      <trkpt lat="23.871705" lon="120.917626"></trkpt>
      <trkpt lat="23.871814" lon="120.917875"></trkpt>
      <trkpt lat="23.871991" lon="120.918133"></trkpt>
      <trkpt lat="23.872123" lon="120.918388"></trkpt>
      <trkpt lat="23.872110" lon="120.918510"></trkpt>
      <trkpt lat="23.872091" lon="120.918694"></trkpt>
      <trkpt lat="23.872077" lon="120.918935"></trkpt>
      <trkpt lat="23.872126" lon="120.919210"></trkpt>
      <trkpt lat="23.872146" lon="120.919285"></trkpt>
      <trkpt lat="23.872106" lon="120.919726"></trkpt>
      <trkpt lat="23.872080" lon="120.920061"></trkpt>
      <trkpt lat="23.872071" lon="120.920319"></trkpt>
      <trkpt lat="23.871954" lon="120.920416"></trkpt>
      <trkpt lat="23.871954" lon="120.920531"></trkpt>
      <trkpt lat="23.871848" lon="120.920643"></trkpt>
      <trkpt lat="23.871670" lon="120.920777"></trkpt>
      <trkpt lat="23.871516" lon="120.920886"></trkpt>
      <trkpt lat="23.871338" lon="120.921038"></trkpt>
      <trkpt lat="23.871452" lon="120.920992"></trkpt>
      <trkpt lat="23.871587" lon="120.920992"></trkpt>
      <trkpt lat="23.871670" lon="120.920932"></trkpt>
      <trkpt lat="23.871747" lon="120.920961"></trkpt>
      <trkpt lat="23.871745" lon="120.920884"></trkpt>
      <trkpt lat="23.871769" lon="120.920831"></trkpt>
      <trkpt lat="23.871810" lon="120.920776"></trkpt>
      <trkpt lat="23.872046" lon="120.920591"></trkpt>
      <trkpt lat="23.872113" lon="120.920560"></trkpt>
      <trkpt lat="23.872280" lon="120.920551"></trkpt>
      <trkpt lat="23.872462" lon="120.920540"></trkpt>
      <trkpt lat="23.872549" lon="120.920541"></trkpt>
      <trkpt lat="23.872928" lon="120.920550"></trkpt>
      <trkpt lat="23.873084" lon="120.920550"></trkpt>
      <trkpt lat="23.873413" lon="120.920483"></trkpt>
      <trkpt lat="23.873625" lon="120.920398"></trkpt>
      <trkpt lat="23.873924" lon="120.920223"></trkpt>
      <trkpt lat="23.874168" lon="120.920019"></trkpt>
      <trkpt lat="23.874594" lon="120.919592"></trkpt>
      <trkpt lat="23.874793" lon="120.919430"></trkpt>
      <trkpt lat="23.875008" lon="120.919345"></trkpt>
      <trkpt lat="23.875115" lon="120.919302"></trkpt>
      <trkpt lat="23.875372" lon="120.919302"></trkpt>
      <trkpt lat="23.875480" lon="120.919302"></trkpt>
      <trkpt lat="23.875694" lon="120.919386"></trkpt>
      <trkpt lat="23.875887" lon="120.919494"></trkpt>
      <trkpt lat="23.875995" lon="120.919558"></trkpt>
      <trkpt lat="23.876897" lon="120.920406"></trkpt>
      <trkpt lat="23.877323" lon="120.920688"></trkpt>
      <trkpt lat="23.877555" lon="120.920794"></trkpt>
      <trkpt lat="23.877739" lon="120.920855"></trkpt>
      <trkpt lat="23.877913" lon="120.920910"></trkpt>
      <trkpt lat="23.878192" lon="120.920931"></trkpt>
      <trkpt lat="23.878600" lon="120.920910"></trkpt>
      <trkpt lat="23.880279" lon="120.920579"></trkpt>
      <trkpt lat="23.880954" lon="120.920475"></trkpt>
      <trkpt lat="23.881920" lon="120.920396"></trkpt>
      <trkpt lat="23.882306" lon="120.920417"></trkpt>
      <trkpt lat="23.882499" lon="120.920439"></trkpt>
      <trkpt lat="23.882689" lon="120.920484"></trkpt>
      <trkpt lat="23.882883" lon="120.920527"></trkpt>
      <trkpt lat="23.884068" lon="120.920981"></trkpt>
      <trkpt lat="23.884330" lon="120.921090"></trkpt>
      <trkpt lat="23.884752" lon="120.921262"></trkpt>
      <trkpt lat="23.885188" lon="120.921416"></trkpt>
      <trkpt lat="23.885288" lon="120.921440"></trkpt>
      <trkpt lat="23.885897" lon="120.921585"></trkpt>
      <trkpt lat="23.886255" lon="120.921644"></trkpt>
      <trkpt lat="23.886586" lon="120.921695"></trkpt>
      <trkpt lat="23.886874" lon="120.921729"></trkpt>
      <trkpt lat="23.887346" lon="120.921793"></trkpt>
      <trkpt lat="23.888698" lon="120.922029"></trkpt>
      <trkpt lat="23.889298" lon="120.922158"></trkpt>
      <trkpt lat="23.889620" lon="120.922244"></trkpt>
      <trkpt lat="23.889985" lon="120.922351"></trkpt>
      <trkpt lat="23.890107" lon="120.922396"></trkpt>
      <trkpt lat="23.890429" lon="120.922520"></trkpt>
      <trkpt lat="23.891101" lon="120.922823"></trkpt>
      <trkpt lat="23.891269" lon="120.922919"></trkpt>
      <trkpt lat="23.891551" lon="120.923080"></trkpt>
      <trkpt lat="23.891938" lon="120.923338"></trkpt>
      <trkpt lat="23.892474" lon="120.923767"></trkpt>
      <trkpt lat="23.892796" lon="120.924089"></trkpt>
      <trkpt lat="23.893418" lon="120.924711"></trkpt>
      <trkpt lat="23.893569" lon="120.924883"></trkpt>
      <trkpt lat="23.893660" lon="120.925005"></trkpt>
      <trkpt lat="23.893697" lon="120.925055"></trkpt>
      <trkpt lat="23.893869" lon="120.925355"></trkpt>
      <trkpt lat="23.894019" lon="120.925677"></trkpt>
      <trkpt lat="23.894083" lon="120.925870"></trkpt>
      <trkpt lat="23.894126" lon="120.926063"></trkpt>
      <trkpt lat="23.894191" lon="120.926385"></trkpt>
      <trkpt lat="23.894278" lon="120.927390"></trkpt>
      <trkpt lat="23.894362" lon="120.928037"></trkpt>
      <trkpt lat="23.894376" lon="120.928129"></trkpt>
      <trkpt lat="23.894405" lon="120.928338"></trkpt>
      <trkpt lat="23.894534" lon="120.928917"></trkpt>
      <trkpt lat="23.894706" lon="120.929561"></trkpt>
      <trkpt lat="23.895006" lon="120.930526"></trkpt>
      <trkpt lat="23.895044" lon="120.930649"></trkpt>
      <trkpt lat="23.895285" lon="120.931427"></trkpt>
      <trkpt lat="23.895478" lon="120.932007"></trkpt>
      <trkpt lat="23.895564" lon="120.932178"></trkpt>
      <trkpt lat="23.895620" lon="120.932295"></trkpt>
      <trkpt lat="23.895736" lon="120.932536"></trkpt>
      <trkpt lat="23.895822" lon="120.932715"></trkpt>
      <trkpt lat="23.895907" lon="120.933101"></trkpt>
      <trkpt lat="23.895895" lon="120.933723"></trkpt>
      <trkpt lat="23.895918" lon="120.933917"></trkpt>
      <trkpt lat="23.896015" lon="120.934153"></trkpt>
      <trkpt lat="23.896509" lon="120.935249"></trkpt>
      <trkpt lat="23.896513" lon="120.935259"></trkpt>
      <trkpt lat="23.896798" lon="120.935811"></trkpt>
      <trkpt lat="23.896890" lon="120.935989"></trkpt>
      <trkpt lat="23.897023" lon="120.936213"></trkpt>
      <trkpt lat="23.896895" lon="120.936706"></trkpt>
      <trkpt lat="23.896744" lon="120.937264"></trkpt>
      <trkpt lat="23.896626" lon="120.937771"></trkpt>
      <trkpt lat="23.896530" lon="120.938187"></trkpt>
      <trkpt lat="23.896465" lon="120.938444"></trkpt>
      <trkpt lat="23.896229" lon="120.939131"></trkpt>
      <trkpt lat="23.896165" lon="120.939431"></trkpt>
      <trkpt lat="23.896151" lon="120.939627"></trkpt>
      <trkpt lat="23.896200" lon="120.940346"></trkpt>
      <trkpt lat="23.896204" lon="120.940435"></trkpt>
      <trkpt lat="23.896208" lon="120.940525"></trkpt>
      <trkpt lat="23.896186" lon="120.940568"></trkpt>
      <trkpt lat="23.896143" lon="120.940633"></trkpt>
      <trkpt lat="23.896036" lon="120.940722"></trkpt>
      <trkpt lat="23.896164" lon="120.940930"></trkpt>
      <trkpt lat="23.895869" lon="120.941811"></trkpt>
      <trkpt lat="23.895851" lon="120.941864"></trkpt>
      <trkpt lat="23.895780" lon="120.942029"></trkpt>
      <trkpt lat="23.895765" lon="120.942071"></trkpt>
      <trkpt lat="23.895705" lon="120.942219"></trkpt>
      <trkpt lat="23.895579" lon="120.942609"></trkpt>
      <trkpt lat="23.895464" lon="120.942921"></trkpt>
      <trkpt lat="23.895417" lon="120.942983"></trkpt>
      <trkpt lat="23.895304" lon="120.944369"></trkpt>
      <trkpt lat="23.895298" lon="120.944701"></trkpt>
      <trkpt lat="23.895105" lon="120.947529"></trkpt>
      <trkpt lat="23.895011" lon="120.947723"></trkpt>
      <trkpt lat="23.894919" lon="120.947825"></trkpt>
      <trkpt lat="23.894768" lon="120.947793"></trkpt>
      <trkpt lat="23.894526" lon="120.947366"></trkpt>
      <trkpt lat="23.894391" lon="120.947203"></trkpt>
      <trkpt lat="23.894310" lon="120.947176"></trkpt>
      <trkpt lat="23.894241" lon="120.947187"></trkpt>
      <trkpt lat="23.894187" lon="120.947278"></trkpt>
      <trkpt lat="23.894280" lon="120.947533"></trkpt>
      <trkpt lat="23.894506" lon="120.947951"></trkpt>
      <trkpt lat="23.894648" lon="120.948488"></trkpt>
      <trkpt lat="23.894788" lon="120.949174"></trkpt>
      <trkpt lat="23.894933" lon="120.949746"></trkpt>
      <trkpt lat="23.895170" lon="120.950502"></trkpt>
      <trkpt lat="23.895274" lon="120.950717"></trkpt>
      <trkpt lat="23.895543" lon="120.951049"></trkpt>
      <trkpt lat="23.896583" lon="120.952047"></trkpt>
      <trkpt lat="23.896843" lon="120.952138"></trkpt>
      <trkpt lat="23.897191" lon="120.952189"></trkpt>
      <trkpt lat="23.897446" lon="120.952318"></trkpt>
      <trkpt lat="23.897743" lon="120.952441"></trkpt>
      <trkpt lat="23.898096" lon="120.952551"></trkpt>
      <trkpt lat="23.898297" lon="120.952688"></trkpt>
      <trkpt lat="23.898471" lon="120.952833"></trkpt>
      <trkpt lat="23.898616" lon="120.952873"></trkpt>
      <trkpt lat="23.898766" lon="120.952806"></trkpt>
      <trkpt lat="23.898920" lon="120.952618"></trkpt>
      <trkpt lat="23.899173" lon="120.952146"></trkpt>
      <trkpt lat="23.899293" lon="120.952079"></trkpt>
      <trkpt lat="23.899425" lon="120.952076"></trkpt>
      <trkpt lat="23.899523" lon="120.952071"></trkpt>
      <trkpt lat="23.899658" lon="120.952060"></trkpt>
      <trkpt lat="23.899803" lon="120.952039"></trkpt>
      <trkpt lat="23.899970" lon="120.952042"></trkpt>
      <trkpt lat="23.900077" lon="120.952076"></trkpt>
      <trkpt lat="23.900342" lon="120.952079"></trkpt>
      <trkpt lat="23.900433" lon="120.952087"></trkpt>
      <trkpt lat="23.900509" lon="120.952122"></trkpt>
      <trkpt lat="23.900536" lon="120.952243"></trkpt>
      <trkpt lat="23.900605" lon="120.952975"></trkpt>
      <trkpt lat="23.900656" lon="120.953434"></trkpt>
      <trkpt lat="23.900710" lon="120.953554"></trkpt>
      <trkpt lat="23.900789" lon="120.953597"></trkpt>
      <trkpt lat="23.900980" lon="120.953557"></trkpt>
      <trkpt lat="23.901792" lon="120.953281"></trkpt>
      <trkpt lat="23.902231" lon="120.953243"></trkpt>
      <trkpt lat="23.902897" lon="120.953173"></trkpt>
      <trkpt lat="23.903349" lon="120.953259"></trkpt>
      <trkpt lat="23.903945" lon="120.953284"></trkpt>
      <trkpt lat="23.904219" lon="120.953144"></trkpt>
      <trkpt lat="23.904665" lon="120.953101"></trkpt>
      <trkpt lat="23.905215" lon="120.953203"></trkpt>
      <trkpt lat="23.905421" lon="120.953125"></trkpt>
      <trkpt lat="23.906156" lon="120.952849"></trkpt>
      <trkpt lat="23.906519" lon="120.952796"></trkpt>
      <trkpt lat="23.906720" lon="120.952771"></trkpt>
      <trkpt lat="23.906828" lon="120.952811"></trkpt>
      <trkpt lat="23.906891" lon="120.952850"></trkpt>
      <trkpt lat="23.907094" lon="120.953144"></trkpt>
      <trkpt lat="23.907282" lon="120.953350"></trkpt>
      <trkpt lat="23.907649" lon="120.953542"></trkpt>
      <trkpt lat="23.907828" lon="120.953604"></trkpt>
      <trkpt lat="23.908118" lon="120.953818"></trkpt>
      <trkpt lat="23.908619" lon="120.954343"></trkpt>
      <trkpt lat="23.908752" lon="120.954474"></trkpt>
      <trkpt lat="23.908927" lon="120.954508"></trkpt>
      <trkpt lat="23.909193" lon="120.954516"></trkpt>
      <trkpt lat="23.909523" lon="120.954486"></trkpt>
      <trkpt lat="23.909826" lon="120.954377"></trkpt>
      <trkpt lat="23.910129" lon="120.954333"></trkpt>
      <trkpt lat="23.911172" lon="120.954349"></trkpt>
      <trkpt lat="23.911426" lon="120.954396"></trkpt>
      <trkpt lat="23.911915" lon="120.954573"></trkpt>
      <trkpt lat="23.912175" lon="120.954745"></trkpt>
      <trkpt lat="23.912384" lon="120.954959"></trkpt>
      <trkpt lat="23.912565" lon="120.955210"></trkpt>
      <trkpt lat="23.912887" lon="120.955920"></trkpt>
      <trkpt lat="23.913048" lon="120.956417"></trkpt>
      <trkpt lat="23.913132" lon="120.956580"></trkpt>
      <trkpt lat="23.913249" lon="120.956710"></trkpt>
      <trkpt lat="23.913776" lon="120.957219"></trkpt>
      <trkpt lat="23.913935" lon="120.957431"></trkpt>
      <trkpt lat="23.914111" lon="120.957729"></trkpt>
      <trkpt lat="23.914167" lon="120.957787"></trkpt>
      <trkpt lat="23.914271" lon="120.957855"></trkpt>
      <trkpt lat="23.914844" lon="120.958185"></trkpt>
      <trkpt lat="23.915040" lon="120.958386"></trkpt>
      <trkpt lat="23.915202" lon="120.958621"></trkpt>
      <trkpt lat="23.915413" lon="120.959031"></trkpt>
      <trkpt lat="23.915566" lon="120.959255"></trkpt>
      <trkpt lat="23.915871" lon="120.959533"></trkpt>
      <trkpt lat="23.916164" lon="120.960445"></trkpt>
      <trkpt lat="23.916032" lon="120.960771"></trkpt>
      <trkpt lat="23.916042" lon="120.961096"></trkpt>
      <trkpt lat="23.916073" lon="120.961484"></trkpt>
      <trkpt lat="23.916303" lon="120.961744"></trkpt>
      <trkpt lat="23.916753" lon="120.962395"></trkpt>
      <trkpt lat="23.916429" lon="120.963185"></trkpt>
      <trkpt lat="23.916666" lon="120.963273"></trkpt>
      <trkpt lat="23.916870" lon="120.963388"></trkpt>
      <trkpt lat="23.917696" lon="120.963931"></trkpt>
      <trkpt lat="23.917752" lon="120.963964"></trkpt>
      <trkpt lat="23.917898" lon="120.964050"></trkpt>
      <trkpt lat="23.918159" lon="120.964279"></trkpt>
      <trkpt lat="23.918288" lon="120.964408"></trkpt>
      <trkpt lat="23.918438" lon="120.964558"></trkpt>
      <trkpt lat="23.918481" lon="120.964596"></trkpt>
      <trkpt lat="23.918554" lon="120.964658"></trkpt>
      <trkpt lat="23.918623" lon="120.964719"></trkpt>
      <trkpt lat="23.918781" lon="120.964816"></trkpt>
      <trkpt lat="23.919869" lon="120.965222"></trkpt>
      <trkpt lat="23.921722" lon="120.965895"></trkpt>
      <trkpt lat="23.922000" lon="120.965996"></trkpt>
      <trkpt lat="23.922712" lon="120.966251"></trkpt>
      <trkpt lat="23.922965" lon="120.966296"></trkpt>
      <trkpt lat="23.923094" lon="120.966275"></trkpt>
      <trkpt lat="23.923336" lon="120.966207"></trkpt>
      <trkpt lat="23.923889" lon="120.965949"></trkpt>
      <trkpt lat="23.924296" lon="120.965760"></trkpt>
      <trkpt lat="23.924620" lon="120.965649"></trkpt>
      <trkpt lat="23.924729" lon="120.965632"></trkpt>
      <trkpt lat="23.924867" lon="120.965631"></trkpt>
      <trkpt lat="23.925326" lon="120.965695"></trkpt>
      <trkpt lat="23.925455" lon="120.965695"></trkpt>
      <trkpt lat="23.925669" lon="120.965631"></trkpt>
      <trkpt lat="23.926077" lon="120.965438"></trkpt>
      <trkpt lat="23.926656" lon="120.965009"></trkpt>
      <trkpt lat="23.926892" lon="120.964923"></trkpt>
      <trkpt lat="23.927150" lon="120.964880"></trkpt>
      <trkpt lat="23.927279" lon="120.964901"></trkpt>
      <trkpt lat="23.927407" lon="120.964944"></trkpt>
      <trkpt lat="23.927515" lon="120.964987"></trkpt>
      <trkpt lat="23.927600" lon="120.965052"></trkpt>
      <trkpt lat="23.927686" lon="120.965137"></trkpt>
      <trkpt lat="23.927965" lon="120.965502"></trkpt>
      <trkpt lat="23.928029" lon="120.965631"></trkpt>
      <trkpt lat="23.928029" lon="120.965695"></trkpt>
      <trkpt lat="23.928008" lon="120.965824"></trkpt>
      <trkpt lat="23.927901" lon="120.966167"></trkpt>
      <trkpt lat="23.927836" lon="120.966382"></trkpt>
      <trkpt lat="23.927836" lon="120.966554"></trkpt>
      <trkpt lat="23.927987" lon="120.966897"></trkpt>
      <trkpt lat="23.928180" lon="120.967476"></trkpt>
      <trkpt lat="23.928201" lon="120.967541"></trkpt>
      <trkpt lat="23.928266" lon="120.967627"></trkpt>
      <trkpt lat="23.928330" lon="120.967670"></trkpt>
      <trkpt lat="23.928416" lon="120.967691"></trkpt>
      <trkpt lat="23.928995" lon="120.967820"></trkpt>
      <trkpt lat="23.929102" lon="120.967863"></trkpt>
      <trkpt lat="23.929188" lon="120.967927"></trkpt>
      <trkpt lat="23.929253" lon="120.968013"></trkpt>
      <trkpt lat="23.929446" lon="120.968356"></trkpt>
      <trkpt lat="23.929617" lon="120.968571"></trkpt>
      <trkpt lat="23.929789" lon="120.968764"></trkpt>
      <trkpt lat="23.930433" lon="120.969365"></trkpt>
      <trkpt lat="23.930712" lon="120.969665"></trkpt>
      <trkpt lat="23.930926" lon="120.969837"></trkpt>
      <trkpt lat="23.931184" lon="120.969940"></trkpt>
      <trkpt lat="23.931905" lon="120.970192"></trkpt>
      <trkpt lat="23.933158" lon="120.970652"></trkpt>
      <trkpt lat="23.933394" lon="120.970738"></trkpt>
      <trkpt lat="23.933785" lon="120.970779"></trkpt>
      <trkpt lat="23.933808" lon="120.970779"></trkpt>
      <trkpt lat="23.933975" lon="120.970779"></trkpt>
      <trkpt lat="23.934689" lon="120.970816"></trkpt>
      <trkpt lat="23.934882" lon="120.970837"></trkpt>
      <trkpt lat="23.935290" lon="120.970944"></trkpt>
      <trkpt lat="23.935365" lon="120.970978"></trkpt>
      <trkpt lat="23.935454" lon="120.971017"></trkpt>
      <trkpt lat="23.935911" lon="120.971199"></trkpt>
      <trkpt lat="23.937085" lon="120.971575"></trkpt>
      <trkpt lat="23.937342" lon="120.971596"></trkpt>
      <trkpt lat="23.937535" lon="120.971553"></trkpt>
      <trkpt lat="23.937643" lon="120.971510"></trkpt>
      <trkpt lat="23.937728" lon="120.971446"></trkpt>
      <trkpt lat="23.937814" lon="120.971339"></trkpt>
      <trkpt lat="23.938305" lon="120.970735"></trkpt>
      <trkpt lat="23.938651" lon="120.970309"></trkpt>
      <trkpt lat="23.938844" lon="120.970051"></trkpt>
      <trkpt lat="23.938992" lon="120.969941"></trkpt>
      <trkpt lat="23.939080" lon="120.969923"></trkpt>
      <trkpt lat="23.940003" lon="120.969880"></trkpt>
      <trkpt lat="23.940475" lon="120.969864"></trkpt>
      <trkpt lat="23.940713" lon="120.969881"></trkpt>
      <trkpt lat="23.940561" lon="120.969186"></trkpt>
      <trkpt lat="23.940493" lon="120.968772"></trkpt>
      <trkpt lat="23.940452" lon="120.968525"></trkpt>
      <trkpt lat="23.940341" lon="120.968066"></trkpt>
      <trkpt lat="23.940323" lon="120.968009"></trkpt>
      <trkpt lat="23.940093" lon="120.967044"></trkpt>
      <trkpt lat="23.940065" lon="120.966932"></trkpt>
      <trkpt lat="23.939905" lon="120.966350"></trkpt>
      <trkpt lat="23.939727" lon="120.965756"></trkpt>
      <trkpt lat="23.939678" lon="120.965587"></trkpt>
      <trkpt lat="23.939660" lon="120.965526"></trkpt>
      <trkpt lat="23.939588" lon="120.965274"></trkpt>
      <trkpt lat="23.939457" lon="120.965021"></trkpt>
      <trkpt lat="23.939316" lon="120.964868"></trkpt>
      <trkpt lat="23.939133" lon="120.964669"></trkpt>
      <trkpt lat="23.938741" lon="120.964216"></trkpt>
      <trkpt lat="23.938432" lon="120.963884"></trkpt>
      <trkpt lat="23.937977" lon="120.963338"></trkpt>
      <trkpt lat="23.937881" lon="120.963203"></trkpt>
      <trkpt lat="23.937812" lon="120.962945"></trkpt>
      <trkpt lat="23.937793" lon="120.962775"></trkpt>
      <trkpt lat="23.937776" lon="120.962617"></trkpt>
      <trkpt lat="23.937808" lon="120.962408"></trkpt>
      <trkpt lat="23.937899" lon="120.961886"></trkpt>
      <trkpt lat="23.937978" lon="120.961364"></trkpt>
      <trkpt lat="23.938039" lon="120.961035"></trkpt>
      <trkpt lat="23.938148" lon="120.960277"></trkpt>
      <trkpt lat="23.938218" lon="120.959889"></trkpt>
      <trkpt lat="23.938288" lon="120.959676"></trkpt>
      <trkpt lat="23.938396" lon="120.959498"></trkpt>
      <trkpt lat="23.938533" lon="120.959512"></trkpt>
      <trkpt lat="23.940353" lon="120.958920"></trkpt>
      <trkpt lat="23.940916" lon="120.958725"></trkpt>
      <trkpt lat="23.940958" lon="120.958709"></trkpt>
      <trkpt lat="23.941027" lon="120.958689"></trkpt>
      <trkpt lat="23.942140" lon="120.958328"></trkpt>
      <trkpt lat="23.942481" lon="120.958218"></trkpt>
      <trkpt lat="23.943763" lon="120.957831"></trkpt>
      <trkpt lat="23.944984" lon="120.957409"></trkpt>
      <trkpt lat="23.946209" lon="120.957023"></trkpt>
      <trkpt lat="23.946486" lon="120.956935"></trkpt>
      <trkpt lat="23.946876" lon="120.956813"></trkpt>
      <trkpt lat="23.947324" lon="120.956727"></trkpt>
      <trkpt lat="23.947663" lon="120.956726"></trkpt>
      <trkpt lat="23.947830" lon="120.956745"></trkpt>
      <trkpt lat="23.948072" lon="120.956753"></trkpt>
      <trkpt lat="23.948232" lon="120.956747"></trkpt>
      <trkpt lat="23.948667" lon="120.956567"></trkpt>
      <trkpt lat="23.948625" lon="120.956149"></trkpt>
    </trkseg>
  </trk>
</gpx>
