<?xml version="1.0" encoding="UTF-8"?>
<gpx version="1.1" creator="2026-routes" xmlns="http://www.topografix.com/GPX/1/1">
  <metadata>
    <name>高雄左營到嘉義</name>
    <desc>高雄左營→台17→楠梓→梓官→永安→茄萣→台南市南區→台南中西區→安南→將軍→南18→苓子寮→南19→學甲→台19→鹽水→縣172→南80→菁寮→南84→後壁→台1→水上→嘉義</desc>
  </metadata>
  <trk>
    <name>Day 12 高雄左營到嘉義</name>
    <trkseg>
      <trkpt lat="22.687377" lon="120.309669"></trkpt>
      <trkpt lat="22.687398" lon="120.309650"></trkpt>
      <trkpt lat="22.687461" lon="120.309599"></trkpt>
      <trkpt lat="22.687515" lon="120.309557"></trkpt>
      <trkpt lat="22.687614" lon="120.309656"></trkpt>
      <trkpt lat="22.689075" lon="120.311047"></trkpt>
      <trkpt lat="22.689116" lon="120.311084"></trkpt>
      <trkpt lat="22.689225" lon="120.311186"></trkpt>
      <trkpt lat="22.689349" lon="120.311298"></trkpt>
      <trkpt lat="22.690757" lon="120.312702"></trkpt>
      <trkpt lat="22.690939" lon="120.312890"></trkpt>
      <trkpt lat="22.691148" lon="120.313083"></trkpt>
      <trkpt lat="22.691409" lon="120.313300"></trkpt>
      <trkpt lat="22.691582" lon="120.313425"></trkpt>
      <trkpt lat="22.691621" lon="120.313459"></trkpt>
      <trkpt lat="22.691726" lon="120.313551"></trkpt>
      <trkpt lat="22.691810" lon="120.313631"></trkpt>
      <trkpt lat="22.692279" lon="120.314124"></trkpt>
      <trkpt lat="22.692974" lon="120.314841"></trkpt>
      <trkpt lat="22.693155" lon="120.315012"></trkpt>
      <trkpt lat="22.693330" lon="120.315234"></trkpt>
      <trkpt lat="22.693484" lon="120.315487"></trkpt>
      <trkpt lat="22.693588" lon="120.315722"></trkpt>
      <trkpt lat="22.693665" lon="120.315991"></trkpt>
      <trkpt lat="22.693697" lon="120.316242"></trkpt>
      <trkpt lat="22.693731" lon="120.316642"></trkpt>
      <trkpt lat="22.693774" lon="120.316978"></trkpt>
      <trkpt lat="22.693901" lon="120.317670"></trkpt>
      <trkpt lat="22.693908" lon="120.317703"></trkpt>
      <trkpt lat="22.693920" lon="120.317763"></trkpt>
      <trkpt lat="22.694144" lon="120.318541"></trkpt>
      <trkpt lat="22.694440" lon="120.319441"></trkpt>
      <trkpt lat="22.694682" lon="120.320174"></trkpt>
      <trkpt lat="22.694969" lon="120.321099"></trkpt>
      <trkpt lat="22.695027" lon="120.321276"></trkpt>
      <trkpt lat="22.695267" lon="120.322009"></trkpt>
      <trkpt lat="22.695291" lon="120.322079"></trkpt>
      <trkpt lat="22.695284" lon="120.322130"></trkpt>
      <trkpt lat="22.695271" lon="120.322202"></trkpt>
      <trkpt lat="22.695253" lon="120.322307"></trkpt>
      <trkpt lat="22.695295" lon="120.322392"></trkpt>
      <trkpt lat="22.695487" lon="120.322432"></trkpt>
      <trkpt lat="22.698012" lon="120.322957"></trkpt>
      <trkpt lat="22.698078" lon="120.322970"></trkpt>
      <trkpt lat="22.698195" lon="120.322992"></trkpt>
      <trkpt lat="22.698278" lon="120.323009"></trkpt>
      <trkpt lat="22.701135" lon="120.323563"></trkpt>
      <trkpt lat="22.701168" lon="120.323570"></trkpt>
      <trkpt lat="22.701267" lon="120.323589"></trkpt>
      <trkpt lat="22.701347" lon="120.323603"></trkpt>
      <trkpt lat="22.701497" lon="120.323633"></trkpt>
      <trkpt lat="22.702349" lon="120.323797"></trkpt>
      <trkpt lat="22.702945" lon="120.323912"></trkpt>
      <trkpt lat="22.703692" lon="120.324056"></trkpt>
      <trkpt lat="22.703716" lon="120.324061"></trkpt>
      <trkpt lat="22.703833" lon="120.324084"></trkpt>
      <trkpt lat="22.703953" lon="120.324107"></trkpt>
      <trkpt lat="22.706330" lon="120.324552"></trkpt>
      <trkpt lat="22.706356" lon="120.324557"></trkpt>
      <trkpt lat="22.706497" lon="120.324586"></trkpt>
      <trkpt lat="22.706582" lon="120.324603"></trkpt>
      <trkpt lat="22.706681" lon="120.324623"></trkpt>
      <trkpt lat="22.706762" lon="120.324640"></trkpt>
      <trkpt lat="22.706882" lon="120.324664"></trkpt>
      <trkpt lat="22.709267" lon="120.325119"></trkpt>
      <trkpt lat="22.711828" lon="120.325619"></trkpt>
      <trkpt lat="22.712540" lon="120.325748"></trkpt>
      <trkpt lat="22.712900" lon="120.325820"></trkpt>
      <trkpt lat="22.713329" lon="120.325905"></trkpt>
      <trkpt lat="22.713699" lon="120.325968"></trkpt>
      <trkpt lat="22.714288" lon="120.326038"></trkpt>
      <trkpt lat="22.714959" lon="120.325974"></trkpt>
      <trkpt lat="22.715703" lon="120.325822"></trkpt>
      <trkpt lat="22.716602" lon="120.325677"></trkpt>
      <trkpt lat="22.717170" lon="120.325579"></trkpt>
      <trkpt lat="22.718286" lon="120.325359"></trkpt>
      <trkpt lat="22.718856" lon="120.325255"></trkpt>
      <trkpt lat="22.719184" lon="120.325193"></trkpt>
      <trkpt lat="22.719605" lon="120.325128"></trkpt>
      <trkpt lat="22.720456" lon="120.325039"></trkpt>
      <trkpt lat="22.721183" lon="120.324937"></trkpt>
      <trkpt lat="22.721321" lon="120.324935"></trkpt>
      <trkpt lat="22.721400" lon="120.324946"></trkpt>
      <trkpt lat="22.721484" lon="120.324975"></trkpt>
      <trkpt lat="22.721561" lon="120.325008"></trkpt>
      <trkpt lat="22.721607" lon="120.325052"></trkpt>
      <trkpt lat="22.721666" lon="120.325124"></trkpt>
      <trkpt lat="22.721716" lon="120.325262"></trkpt>
      <trkpt lat="22.721914" lon="120.325973"></trkpt>
      <trkpt lat="22.722134" lon="120.326684"></trkpt>
      <trkpt lat="22.722230" lon="120.326957"></trkpt>
      <trkpt lat="22.722485" lon="120.327594"></trkpt>
      <trkpt lat="22.722617" lon="120.327693"></trkpt>
      <trkpt lat="22.722732" lon="120.327958"></trkpt>
      <trkpt lat="22.722857" lon="120.327907"></trkpt>
      <trkpt lat="22.723031" lon="120.327478"></trkpt>
      <trkpt lat="22.723146" lon="120.327225"></trkpt>
      <trkpt lat="22.723293" lon="120.326956"></trkpt>
      <trkpt lat="22.723781" lon="120.326253"></trkpt>
      <trkpt lat="22.724403" lon="120.325365"></trkpt>
      <trkpt lat="22.724937" lon="120.324596"></trkpt>
      <trkpt lat="22.725169" lon="120.324260"></trkpt>
      <trkpt lat="22.725273" lon="120.324111"></trkpt>
      <trkpt lat="22.725376" lon="120.324178"></trkpt>
      <trkpt lat="22.725546" lon="120.324288"></trkpt>
      <trkpt lat="22.725977" lon="120.324556"></trkpt>
      <trkpt lat="22.726123" lon="120.324649"></trkpt>
      <trkpt lat="22.726721" lon="120.325033"></trkpt>
      <trkpt lat="22.726975" lon="120.325180"></trkpt>
      <trkpt lat="22.727040" lon="120.325311"></trkpt>
      <trkpt lat="22.727601" lon="120.325641"></trkpt>
      <trkpt lat="22.727714" lon="120.325712"></trkpt>
      <trkpt lat="22.728053" lon="120.325909"></trkpt>
      <trkpt lat="22.728554" lon="120.326228"></trkpt>
      <trkpt lat="22.728593" lon="120.326155"></trkpt>
      <trkpt lat="22.728877" lon="120.325590"></trkpt>
      <trkpt lat="22.728923" lon="120.325497"></trkpt>
      <trkpt lat="22.729035" lon="120.325272"></trkpt>
      <trkpt lat="22.729172" lon="120.324997"></trkpt>
      <trkpt lat="22.729035" lon="120.325272"></trkpt>
      <trkpt lat="22.728877" lon="120.325590"></trkpt>
      <trkpt lat="22.728593" lon="120.326155"></trkpt>
      <trkpt lat="22.728554" lon="120.326228"></trkpt>
      <trkpt lat="22.728889" lon="120.326441"></trkpt>
      <trkpt lat="22.728951" lon="120.326480"></trkpt>
      <trkpt lat="22.729079" lon="120.326554"></trkpt>
      <trkpt lat="22.729105" lon="120.326569"></trkpt>
      <trkpt lat="22.730207" lon="120.327272"></trkpt>
      <trkpt lat="22.730293" lon="120.327336"></trkpt>
      <trkpt lat="22.730371" lon="120.327406"></trkpt>
      <trkpt lat="22.730383" lon="120.327417"></trkpt>
      <trkpt lat="22.730479" lon="120.327512"></trkpt>
      <trkpt lat="22.730590" lon="120.327630"></trkpt>
      <trkpt lat="22.731039" lon="120.328504"></trkpt>
      <trkpt lat="22.731149" lon="120.328570"></trkpt>
      <trkpt lat="22.731550" lon="120.328428"></trkpt>
      <trkpt lat="22.731923" lon="120.328303"></trkpt>
      <trkpt lat="22.732604" lon="120.328093"></trkpt>
      <trkpt lat="22.732967" lon="120.327981"></trkpt>
      <trkpt lat="22.733249" lon="120.327844"></trkpt>
      <trkpt lat="22.733504" lon="120.327661"></trkpt>
      <trkpt lat="22.733870" lon="120.327414"></trkpt>
      <trkpt lat="22.734982" lon="120.326554"></trkpt>
      <trkpt lat="22.735640" lon="120.326065"></trkpt>
      <trkpt lat="22.736095" lon="120.325749"></trkpt>
      <trkpt lat="22.736343" lon="120.325563"></trkpt>
      <trkpt lat="22.736936" lon="120.325121"></trkpt>
      <trkpt lat="22.736994" lon="120.325079"></trkpt>
      <trkpt lat="22.737093" lon="120.325003"></trkpt>
      <trkpt lat="22.737209" lon="120.324915"></trkpt>
      <trkpt lat="22.737643" lon="120.324583"></trkpt>
      <trkpt lat="22.737982" lon="120.324325"></trkpt>
      <trkpt lat="22.738315" lon="120.324073"></trkpt>
      <trkpt lat="22.738634" lon="120.323829"></trkpt>
      <trkpt lat="22.738953" lon="120.323587"></trkpt>
      <trkpt lat="22.739347" lon="120.323287"></trkpt>
      <trkpt lat="22.739437" lon="120.323219"></trkpt>
      <trkpt lat="22.739659" lon="120.323050"></trkpt>
      <trkpt lat="22.741188" lon="120.321885"></trkpt>
      <trkpt lat="22.742792" lon="120.320663"></trkpt>
      <trkpt lat="22.743913" lon="120.319809"></trkpt>
      <trkpt lat="22.743972" lon="120.319751"></trkpt>
      <trkpt lat="22.743989" lon="120.319641"></trkpt>
      <trkpt lat="22.744007" lon="120.319506"></trkpt>
      <trkpt lat="22.744013" lon="120.319463"></trkpt>
      <trkpt lat="22.744050" lon="120.319202"></trkpt>
      <trkpt lat="22.743468" lon="120.317893"></trkpt>
      <trkpt lat="22.743327" lon="120.317594"></trkpt>
      <trkpt lat="22.743201" lon="120.317323"></trkpt>
      <trkpt lat="22.743162" lon="120.317235"></trkpt>
      <trkpt lat="22.743104" lon="120.317112"></trkpt>
      <trkpt lat="22.743337" lon="120.317039"></trkpt>
      <trkpt lat="22.745281" lon="120.316438"></trkpt>
      <trkpt lat="22.745312" lon="120.316429"></trkpt>
      <trkpt lat="22.745442" lon="120.316388"></trkpt>
      <trkpt lat="22.745539" lon="120.316361"></trkpt>
      <trkpt lat="22.745622" lon="120.316335"></trkpt>
      <trkpt lat="22.746613" lon="120.316027"></trkpt>
      <trkpt lat="22.747567" lon="120.315561"></trkpt>
      <trkpt lat="22.747601" lon="120.315545"></trkpt>
      <trkpt lat="22.747711" lon="120.315491"></trkpt>
      <trkpt lat="22.747786" lon="120.315452"></trkpt>
      <trkpt lat="22.747831" lon="120.315427"></trkpt>
      <trkpt lat="22.749671" lon="120.314426"></trkpt>
      <trkpt lat="22.749703" lon="120.314409"></trkpt>
      <trkpt lat="22.749867" lon="120.314325"></trkpt>
      <trkpt lat="22.749969" lon="120.314274"></trkpt>
      <trkpt lat="22.750092" lon="120.314207"></trkpt>
      <trkpt lat="22.750226" lon="120.314126"></trkpt>
      <trkpt lat="22.750263" lon="120.314106"></trkpt>
      <trkpt lat="22.750758" lon="120.313849"></trkpt>
      <trkpt lat="22.751570" lon="120.313408"></trkpt>
      <trkpt lat="22.752251" lon="120.313045"></trkpt>
      <trkpt lat="22.753322" lon="120.312456"></trkpt>
      <trkpt lat="22.754253" lon="120.311964"></trkpt>
      <trkpt lat="22.754528" lon="120.311810"></trkpt>
      <trkpt lat="22.754674" lon="120.311729"></trkpt>
      <trkpt lat="22.754731" lon="120.311699"></trkpt>
      <trkpt lat="22.755582" lon="120.311254"></trkpt>
      <trkpt lat="22.755602" lon="120.311244"></trkpt>
      <trkpt lat="22.755665" lon="120.311213"></trkpt>
      <trkpt lat="22.756214" lon="120.310929"></trkpt>
      <trkpt lat="22.756435" lon="120.310816"></trkpt>
      <trkpt lat="22.756483" lon="120.310791"></trkpt>
      <trkpt lat="22.756541" lon="120.310762"></trkpt>
      <trkpt lat="22.756596" lon="120.310739"></trkpt>
      <trkpt lat="22.757439" lon="120.310397"></trkpt>
      <trkpt lat="22.758050" lon="120.310207"></trkpt>
      <trkpt lat="22.758852" lon="120.309988"></trkpt>
      <trkpt lat="22.759710" lon="120.309732"></trkpt>
      <trkpt lat="22.759841" lon="120.309693"></trkpt>
      <trkpt lat="22.759829" lon="120.309590"></trkpt>
      <trkpt lat="22.759741" lon="120.309369"></trkpt>
      <trkpt lat="22.759603" lon="120.309021"></trkpt>
      <trkpt lat="22.759268" lon="120.308277"></trkpt>
      <trkpt lat="22.758960" lon="120.307557"></trkpt>
      <trkpt lat="22.758911" lon="120.307445"></trkpt>
      <trkpt lat="22.758879" lon="120.307360"></trkpt>
      <trkpt lat="22.758624" lon="120.306743"></trkpt>
      <trkpt lat="22.758489" lon="120.306407"></trkpt>
      <trkpt lat="22.758470" lon="120.306343"></trkpt>
      <trkpt lat="22.758443" lon="120.306248"></trkpt>
      <trkpt lat="22.758428" lon="120.305806"></trkpt>
      <trkpt lat="22.758427" lon="120.305738"></trkpt>
      <trkpt lat="22.758427" lon="120.305344"></trkpt>
      <trkpt lat="22.758424" lon="120.304980"></trkpt>
      <trkpt lat="22.758449" lon="120.304802"></trkpt>
      <trkpt lat="22.758763" lon="120.304093"></trkpt>
      <trkpt lat="22.758796" lon="120.303947"></trkpt>
      <trkpt lat="22.758775" lon="120.303778"></trkpt>
      <trkpt lat="22.758717" lon="120.303630"></trkpt>
      <trkpt lat="22.758506" lon="120.303281"></trkpt>
      <trkpt lat="22.758300" lon="120.302980"></trkpt>
      <trkpt lat="22.758142" lon="120.302770"></trkpt>
      <trkpt lat="22.757575" lon="120.302038"></trkpt>
      <trkpt lat="22.757227" lon="120.301509"></trkpt>
      <trkpt lat="22.756976" lon="120.301073"></trkpt>
      <trkpt lat="22.756906" lon="120.300961"></trkpt>
      <trkpt lat="22.756348" lon="120.299897"></trkpt>
      <trkpt lat="22.755730" lon="120.298612"></trkpt>
      <trkpt lat="22.755606" lon="120.298159"></trkpt>
      <trkpt lat="22.755590" lon="120.297972"></trkpt>
      <trkpt lat="22.755601" lon="120.297850"></trkpt>
      <trkpt lat="22.755634" lon="120.297689"></trkpt>
      <trkpt lat="22.755719" lon="120.297476"></trkpt>
      <trkpt lat="22.756789" lon="120.295770"></trkpt>
      <trkpt lat="22.757030" lon="120.295370"></trkpt>
      <trkpt lat="22.757531" lon="120.294542"></trkpt>
      <trkpt lat="22.757702" lon="120.294234"></trkpt>
      <trkpt lat="22.757714" lon="120.293984"></trkpt>
      <trkpt lat="22.757696" lon="120.293254"></trkpt>
      <trkpt lat="22.757621" lon="120.292803"></trkpt>
      <trkpt lat="22.757513" lon="120.292364"></trkpt>
      <trkpt lat="22.757421" lon="120.291881"></trkpt>
      <trkpt lat="22.757430" lon="120.291559"></trkpt>
      <trkpt lat="22.757511" lon="120.291214"></trkpt>
      <trkpt lat="22.757645" lon="120.290772"></trkpt>
      <trkpt lat="22.757755" lon="120.290539"></trkpt>
      <trkpt lat="22.758045" lon="120.289991"></trkpt>
      <trkpt lat="22.759113" lon="120.287969"></trkpt>
      <trkpt lat="22.759358" lon="120.287490"></trkpt>
      <trkpt lat="22.759498" lon="120.287225"></trkpt>
      <trkpt lat="22.759623" lon="120.286980"></trkpt>
      <trkpt lat="22.759685" lon="120.286865"></trkpt>
      <trkpt lat="22.759717" lon="120.286806"></trkpt>
      <trkpt lat="22.759873" lon="120.286505"></trkpt>
      <trkpt lat="22.759945" lon="120.286332"></trkpt>
      <trkpt lat="22.760116" lon="120.285873"></trkpt>
      <trkpt lat="22.760385" lon="120.285160"></trkpt>
      <trkpt lat="22.760682" lon="120.284455"></trkpt>
      <trkpt lat="22.760828" lon="120.284004"></trkpt>
      <trkpt lat="22.761082" lon="120.283183"></trkpt>
      <trkpt lat="22.761453" lon="120.281755"></trkpt>
      <trkpt lat="22.761489" lon="120.281546"></trkpt>
      <trkpt lat="22.761769" lon="120.279928"></trkpt>
      <trkpt lat="22.761852" lon="120.279503"></trkpt>
      <trkpt lat="22.761912" lon="120.279161"></trkpt>
      <trkpt lat="22.762161" lon="120.277742"></trkpt>
      <trkpt lat="22.762184" lon="120.277447"></trkpt>
      <trkpt lat="22.762193" lon="120.277044"></trkpt>
      <trkpt lat="22.762169" lon="120.276665"></trkpt>
      <trkpt lat="22.762145" lon="120.276396"></trkpt>
      <trkpt lat="22.762004" lon="120.275357"></trkpt>
      <trkpt lat="22.761886" lon="120.274626"></trkpt>
      <trkpt lat="22.761774" lon="120.273966"></trkpt>
      <trkpt lat="22.761676" lon="120.273272"></trkpt>
      <trkpt lat="22.761668" lon="120.273212"></trkpt>
      <trkpt lat="22.761490" lon="120.271976"></trkpt>
      <trkpt lat="22.761484" lon="120.271918"></trkpt>
      <trkpt lat="22.761366" lon="120.271121"></trkpt>
      <trkpt lat="22.761253" lon="120.270256"></trkpt>
      <trkpt lat="22.761240" lon="120.270171"></trkpt>
      <trkpt lat="22.761127" lon="120.269442"></trkpt>
      <trkpt lat="22.760984" lon="120.268538"></trkpt>
      <trkpt lat="22.760976" lon="120.268487"></trkpt>
      <trkpt lat="22.760890" lon="120.267915"></trkpt>
      <trkpt lat="22.760759" lon="120.267007"></trkpt>
      <trkpt lat="22.760409" lon="120.267044"></trkpt>
      <trkpt lat="22.760087" lon="120.267088"></trkpt>
      <trkpt lat="22.760113" lon="120.267358"></trkpt>
      <trkpt lat="22.760172" lon="120.267585"></trkpt>
      <trkpt lat="22.760130" lon="120.267422"></trkpt>
      <trkpt lat="22.760113" lon="120.267358"></trkpt>
      <trkpt lat="22.760087" lon="120.267088"></trkpt>
      <trkpt lat="22.760409" lon="120.267044"></trkpt>
      <trkpt lat="22.760759" lon="120.267007"></trkpt>
      <trkpt lat="22.761033" lon="120.266981"></trkpt>
      <trkpt lat="22.761667" lon="120.266899"></trkpt>
      <trkpt lat="22.761881" lon="120.266861"></trkpt>
      <trkpt lat="22.762232" lon="120.266825"></trkpt>
      <trkpt lat="22.762521" lon="120.266797"></trkpt>
      <trkpt lat="22.762772" lon="120.266757"></trkpt>
      <trkpt lat="22.763001" lon="120.266716"></trkpt>
      <trkpt lat="22.763301" lon="120.266724"></trkpt>
      <trkpt lat="22.763474" lon="120.266716"></trkpt>
      <trkpt lat="22.763973" lon="120.267015"></trkpt>
      <trkpt lat="22.764296" lon="120.267121"></trkpt>
      <trkpt lat="22.764553" lon="120.267164"></trkpt>
      <trkpt lat="22.765511" lon="120.267305"></trkpt>
      <trkpt lat="22.765704" lon="120.267332"></trkpt>
      <trkpt lat="22.766355" lon="120.267426"></trkpt>
      <trkpt lat="22.767045" lon="120.267540"></trkpt>
      <trkpt lat="22.767200" lon="120.262577"></trkpt>
      <trkpt lat="22.767233" lon="120.260708"></trkpt>
      <trkpt lat="22.767299" lon="120.258814"></trkpt>
      <trkpt lat="22.767544" lon="120.258741"></trkpt>
      <trkpt lat="22.767785" lon="120.258704"></trkpt>
      <trkpt lat="22.769548" lon="120.258671"></trkpt>
      <trkpt lat="22.769712" lon="120.258649"></trkpt>
      <trkpt lat="22.769924" lon="120.258592"></trkpt>
      <trkpt lat="22.770205" lon="120.258431"></trkpt>
      <trkpt lat="22.770374" lon="120.258278"></trkpt>
      <trkpt lat="22.772498" lon="120.256069"></trkpt>
      <trkpt lat="22.774654" lon="120.253731"></trkpt>
      <trkpt lat="22.775207" lon="120.253162"></trkpt>
      <trkpt lat="22.775474" lon="120.252988"></trkpt>
      <trkpt lat="22.775747" lon="120.252907"></trkpt>
      <trkpt lat="22.779521" lon="120.252446"></trkpt>
      <trkpt lat="22.780419" lon="120.252137"></trkpt>
      <trkpt lat="22.781834" lon="120.251639"></trkpt>
      <trkpt lat="22.782677" lon="120.251332"></trkpt>
      <trkpt lat="22.783170" lon="120.251150"></trkpt>
      <trkpt lat="22.785418" lon="120.250067"></trkpt>
      <trkpt lat="22.786198" lon="120.249672"></trkpt>
      <trkpt lat="22.786419" lon="120.249534"></trkpt>
      <trkpt lat="22.787902" lon="120.248365"></trkpt>
      <trkpt lat="22.787944" lon="120.248331"></trkpt>
      <trkpt lat="22.789261" lon="120.247271"></trkpt>
      <trkpt lat="22.789619" lon="120.246973"></trkpt>
      <trkpt lat="22.790129" lon="120.246463"></trkpt>
      <trkpt lat="22.791173" lon="120.245438"></trkpt>
      <trkpt lat="22.791338" lon="120.245279"></trkpt>
      <trkpt lat="22.791529" lon="120.245126"></trkpt>
      <trkpt lat="22.791747" lon="120.245022"></trkpt>
      <trkpt lat="22.791991" lon="120.244916"></trkpt>
      <trkpt lat="22.792770" lon="120.244610"></trkpt>
      <trkpt lat="22.793823" lon="120.244198"></trkpt>
      <trkpt lat="22.795017" lon="120.243725"></trkpt>
      <trkpt lat="22.795484" lon="120.243536"></trkpt>
      <trkpt lat="22.795783" lon="120.243453"></trkpt>
      <trkpt lat="22.796052" lon="120.243416"></trkpt>
      <trkpt lat="22.796424" lon="120.243390"></trkpt>
      <trkpt lat="22.797860" lon="120.243312"></trkpt>
      <trkpt lat="22.799493" lon="120.243340"></trkpt>
      <trkpt lat="22.802312" lon="120.243337"></trkpt>
      <trkpt lat="22.804061" lon="120.243337"></trkpt>
      <trkpt lat="22.804194" lon="120.243336"></trkpt>
      <trkpt lat="22.804558" lon="120.243331"></trkpt>
      <trkpt lat="22.808157" lon="120.243294"></trkpt>
      <trkpt lat="22.808251" lon="120.243293"></trkpt>
      <trkpt lat="22.808340" lon="120.243292"></trkpt>
      <trkpt lat="22.809491" lon="120.243259"></trkpt>
      <trkpt lat="22.810865" lon="120.243261"></trkpt>
      <trkpt lat="22.811310" lon="120.243264"></trkpt>
      <trkpt lat="22.811552" lon="120.243248"></trkpt>
      <trkpt lat="22.812027" lon="120.243210"></trkpt>
      <trkpt lat="22.812279" lon="120.243166"></trkpt>
      <trkpt lat="22.812595" lon="120.243102"></trkpt>
      <trkpt lat="22.812691" lon="120.243072"></trkpt>
      <trkpt lat="22.812888" lon="120.243002"></trkpt>
      <trkpt lat="22.813182" lon="120.242883"></trkpt>
      <trkpt lat="22.813517" lon="120.242742"></trkpt>
      <trkpt lat="22.813868" lon="120.242598"></trkpt>
      <trkpt lat="22.814188" lon="120.242470"></trkpt>
      <trkpt lat="22.814989" lon="120.242126"></trkpt>
      <trkpt lat="22.816234" lon="120.241576"></trkpt>
      <trkpt lat="22.816684" lon="120.241367"></trkpt>
      <trkpt lat="22.818233" lon="120.240655"></trkpt>
      <trkpt lat="22.818366" lon="120.240595"></trkpt>
      <trkpt lat="22.819160" lon="120.240236"></trkpt>
      <trkpt lat="22.819825" lon="120.239925"></trkpt>
      <trkpt lat="22.819952" lon="120.239864"></trkpt>
      <trkpt lat="22.821014" lon="120.239356"></trkpt>
      <trkpt lat="22.821643" lon="120.239088"></trkpt>
      <trkpt lat="22.822526" lon="120.238676"></trkpt>
      <trkpt lat="22.823106" lon="120.238388"></trkpt>
      <trkpt lat="22.823919" lon="120.237989"></trkpt>
      <trkpt lat="22.823886" lon="120.237911"></trkpt>
      <trkpt lat="22.823228" lon="120.236283"></trkpt>
      <trkpt lat="22.822763" lon="120.235127"></trkpt>
      <trkpt lat="22.822667" lon="120.234835"></trkpt>
      <trkpt lat="22.822344" lon="120.233536"></trkpt>
      <trkpt lat="22.822200" lon="120.233025"></trkpt>
      <trkpt lat="22.821528" lon="120.230562"></trkpt>
      <trkpt lat="22.821403" lon="120.230182"></trkpt>
      <trkpt lat="22.821242" lon="120.229845"></trkpt>
      <trkpt lat="22.821145" lon="120.229684"></trkpt>
      <trkpt lat="22.820642" lon="120.228960"></trkpt>
      <trkpt lat="22.819536" lon="120.227261"></trkpt>
      <trkpt lat="22.818905" lon="120.226455"></trkpt>
      <trkpt lat="22.818840" lon="120.226176"></trkpt>
      <trkpt lat="22.818710" lon="120.225792"></trkpt>
      <trkpt lat="22.818674" lon="120.225681"></trkpt>
      <trkpt lat="22.818573" lon="120.225375"></trkpt>
      <trkpt lat="22.818500" lon="120.225133"></trkpt>
      <trkpt lat="22.818628" lon="120.225081"></trkpt>
      <trkpt lat="22.818952" lon="120.224948"></trkpt>
      <trkpt lat="22.818500" lon="120.225133"></trkpt>
      <trkpt lat="22.818573" lon="120.225375"></trkpt>
      <trkpt lat="22.818674" lon="120.225681"></trkpt>
      <trkpt lat="22.818710" lon="120.225792"></trkpt>
      <trkpt lat="22.818840" lon="120.226176"></trkpt>
      <trkpt lat="22.818905" lon="120.226455"></trkpt>
      <trkpt lat="22.819536" lon="120.227261"></trkpt>
      <trkpt lat="22.820642" lon="120.228960"></trkpt>
      <trkpt lat="22.821145" lon="120.229684"></trkpt>
      <trkpt lat="22.821242" lon="120.229845"></trkpt>
      <trkpt lat="22.821403" lon="120.230182"></trkpt>
      <trkpt lat="22.821528" lon="120.230562"></trkpt>
      <trkpt lat="22.822200" lon="120.233025"></trkpt>
      <trkpt lat="22.822344" lon="120.233536"></trkpt>
      <trkpt lat="22.822667" lon="120.234835"></trkpt>
      <trkpt lat="22.822763" lon="120.235127"></trkpt>
      <trkpt lat="22.823228" lon="120.236283"></trkpt>
      <trkpt lat="22.823886" lon="120.237911"></trkpt>
      <trkpt lat="22.823919" lon="120.237989"></trkpt>
      <trkpt lat="22.825961" lon="120.237083"></trkpt>
      <trkpt lat="22.826919" lon="120.236660"></trkpt>
      <trkpt lat="22.827874" lon="120.236222"></trkpt>
      <trkpt lat="22.828909" lon="120.235815"></trkpt>
      <trkpt lat="22.829655" lon="120.235498"></trkpt>
      <trkpt lat="22.830162" lon="120.235332"></trkpt>
      <trkpt lat="22.831029" lon="120.235098"></trkpt>
      <trkpt lat="22.831140" lon="120.235074"></trkpt>
      <trkpt lat="22.831483" lon="120.234986"></trkpt>
      <trkpt lat="22.831996" lon="120.234856"></trkpt>
      <trkpt lat="22.832191" lon="120.234802"></trkpt>
      <trkpt lat="22.832443" lon="120.234743"></trkpt>
      <trkpt lat="22.832548" lon="120.234730"></trkpt>
      <trkpt lat="22.833427" lon="120.234665"></trkpt>
      <trkpt lat="22.833682" lon="120.234656"></trkpt>
      <trkpt lat="22.834422" lon="120.234679"></trkpt>
      <trkpt lat="22.834776" lon="120.234697"></trkpt>
      <trkpt lat="22.835429" lon="120.234724"></trkpt>
      <trkpt lat="22.835982" lon="120.234717"></trkpt>
      <trkpt lat="22.836460" lon="120.234693"></trkpt>
      <trkpt lat="22.837459" lon="120.234610"></trkpt>
      <trkpt lat="22.838393" lon="120.234430"></trkpt>
      <trkpt lat="22.839558" lon="120.234214"></trkpt>
      <trkpt lat="22.839595" lon="120.234208"></trkpt>
      <trkpt lat="22.839881" lon="120.234130"></trkpt>
      <trkpt lat="22.840333" lon="120.233984"></trkpt>
      <trkpt lat="22.841099" lon="120.233726"></trkpt>
      <trkpt lat="22.841181" lon="120.233698"></trkpt>
      <trkpt lat="22.842118" lon="120.233365"></trkpt>
      <trkpt lat="22.843284" lon="120.232970"></trkpt>
      <trkpt lat="22.843449" lon="120.232905"></trkpt>
      <trkpt lat="22.843684" lon="120.232795"></trkpt>
      <trkpt lat="22.844079" lon="120.232556"></trkpt>
      <trkpt lat="22.844586" lon="120.232228"></trkpt>
      <trkpt lat="22.846028" lon="120.231275"></trkpt>
      <trkpt lat="22.846763" lon="120.230849"></trkpt>
      <trkpt lat="22.847154" lon="120.230618"></trkpt>
      <trkpt lat="22.847611" lon="120.230442"></trkpt>
      <trkpt lat="22.848178" lon="120.230235"></trkpt>
      <trkpt lat="22.849116" lon="120.229924"></trkpt>
      <trkpt lat="22.849649" lon="120.229743"></trkpt>
      <trkpt lat="22.850738" lon="120.229376"></trkpt>
      <trkpt lat="22.851153" lon="120.229223"></trkpt>
      <trkpt lat="22.852582" lon="120.228720"></trkpt>
      <trkpt lat="22.852872" lon="120.228645"></trkpt>
      <trkpt lat="22.853212" lon="120.228583"></trkpt>
      <trkpt lat="22.853682" lon="120.228538"></trkpt>
      <trkpt lat="22.854439" lon="120.228449"></trkpt>
      <trkpt lat="22.856030" lon="120.228251"></trkpt>
      <trkpt lat="22.858014" lon="120.227992"></trkpt>
      <trkpt lat="22.858427" lon="120.227933"></trkpt>
      <trkpt lat="22.858810" lon="120.227888"></trkpt>
      <trkpt lat="22.859080" lon="120.227853"></trkpt>
      <trkpt lat="22.859651" lon="120.227780"></trkpt>
      <trkpt lat="22.859924" lon="120.227758"></trkpt>
      <trkpt lat="22.860662" lon="120.227662"></trkpt>
      <trkpt lat="22.860886" lon="120.227641"></trkpt>
      <trkpt lat="22.861000" lon="120.227628"></trkpt>
      <trkpt lat="22.861225" lon="120.227603"></trkpt>
      <trkpt lat="22.861554" lon="120.227552"></trkpt>
      <trkpt lat="22.861813" lon="120.227528"></trkpt>
      <trkpt lat="22.862359" lon="120.227488"></trkpt>
      <trkpt lat="22.863296" lon="120.227370"></trkpt>
      <trkpt lat="22.863991" lon="120.227255"></trkpt>
      <trkpt lat="22.864516" lon="120.227135"></trkpt>
      <trkpt lat="22.865648" lon="120.226879"></trkpt>
      <trkpt lat="22.865857" lon="120.226832"></trkpt>
      <trkpt lat="22.866309" lon="120.226729"></trkpt>
      <trkpt lat="22.867736" lon="120.226409"></trkpt>
      <trkpt lat="22.868371" lon="120.226266"></trkpt>
      <trkpt lat="22.870642" lon="120.225756"></trkpt>
      <trkpt lat="22.872831" lon="120.225264"></trkpt>
      <trkpt lat="22.873069" lon="120.225204"></trkpt>
      <trkpt lat="22.873449" lon="120.225120"></trkpt>
      <trkpt lat="22.873869" lon="120.225089"></trkpt>
      <trkpt lat="22.874030" lon="120.225089"></trkpt>
      <trkpt lat="22.874058" lon="120.225088"></trkpt>
      <trkpt lat="22.874165" lon="120.225089"></trkpt>
      <trkpt lat="22.874180" lon="120.225089"></trkpt>
      <trkpt lat="22.875520" lon="120.225054"></trkpt>
      <trkpt lat="22.876586" lon="120.225033"></trkpt>
      <trkpt lat="22.876670" lon="120.225033"></trkpt>
      <trkpt lat="22.876762" lon="120.225031"></trkpt>
      <trkpt lat="22.876831" lon="120.225033"></trkpt>
      <trkpt lat="22.877626" lon="120.225033"></trkpt>
      <trkpt lat="22.878074" lon="120.224996"></trkpt>
      <trkpt lat="22.878666" lon="120.224985"></trkpt>
      <trkpt lat="22.880903" lon="120.224900"></trkpt>
      <trkpt lat="22.883963" lon="120.224812"></trkpt>
      <trkpt lat="22.884765" lon="120.224787"></trkpt>
      <trkpt lat="22.885401" lon="120.224761"></trkpt>
      <trkpt lat="22.885506" lon="120.224750"></trkpt>
      <trkpt lat="22.885988" lon="120.224724"></trkpt>
      <trkpt lat="22.886226" lon="120.224681"></trkpt>
      <trkpt lat="22.887994" lon="120.224572"></trkpt>
      <trkpt lat="22.888890" lon="120.224511"></trkpt>
      <trkpt lat="22.889390" lon="120.224470"></trkpt>
      <trkpt lat="22.889775" lon="120.224439"></trkpt>
      <trkpt lat="22.890273" lon="120.224360"></trkpt>
      <trkpt lat="22.890675" lon="120.224302"></trkpt>
      <trkpt lat="22.891499" lon="120.224184"></trkpt>
      <trkpt lat="22.892608" lon="120.224034"></trkpt>
      <trkpt lat="22.894417" lon="120.223844"></trkpt>
      <trkpt lat="22.895345" lon="120.223735"></trkpt>
      <trkpt lat="22.895757" lon="120.223684"></trkpt>
      <trkpt lat="22.896186" lon="120.223637"></trkpt>
      <trkpt lat="22.896603" lon="120.223570"></trkpt>
      <trkpt lat="22.896713" lon="120.223541"></trkpt>
      <trkpt lat="22.896990" lon="120.223484"></trkpt>
      <trkpt lat="22.897123" lon="120.223455"></trkpt>
      <trkpt lat="22.897246" lon="120.223454"></trkpt>
      <trkpt lat="22.897269" lon="120.223451"></trkpt>
      <trkpt lat="22.897321" lon="120.223439"></trkpt>
      <trkpt lat="22.897349" lon="120.223433"></trkpt>
      <trkpt lat="22.897394" lon="120.223409"></trkpt>
      <trkpt lat="22.897713" lon="120.223329"></trkpt>
      <trkpt lat="22.898289" lon="120.223160"></trkpt>
      <trkpt lat="22.898554" lon="120.223114"></trkpt>
      <trkpt lat="22.898699" lon="120.223015"></trkpt>
      <trkpt lat="22.898812" lon="120.222919"></trkpt>
      <trkpt lat="22.899175" lon="120.222467"></trkpt>
      <trkpt lat="22.899703" lon="120.221825"></trkpt>
      <trkpt lat="22.899849" lon="120.221633"></trkpt>
      <trkpt lat="22.900471" lon="120.220917"></trkpt>
      <trkpt lat="22.901174" lon="120.220143"></trkpt>
      <trkpt lat="22.901654" lon="120.219734"></trkpt>
      <trkpt lat="22.902134" lon="120.219258"></trkpt>
      <trkpt lat="22.902806" lon="120.218608"></trkpt>
      <trkpt lat="22.903489" lon="120.217940"></trkpt>
      <trkpt lat="22.903548" lon="120.217874"></trkpt>
      <trkpt lat="22.904563" lon="120.216743"></trkpt>
      <trkpt lat="22.904633" lon="120.216687"></trkpt>
      <trkpt lat="22.904719" lon="120.216668"></trkpt>
      <trkpt lat="22.904857" lon="120.216659"></trkpt>
      <trkpt lat="22.905410" lon="120.216671"></trkpt>
      <trkpt lat="22.905555" lon="120.216710"></trkpt>
      <trkpt lat="22.905554" lon="120.216535"></trkpt>
      <trkpt lat="22.905563" lon="120.215638"></trkpt>
      <trkpt lat="22.905554" lon="120.214884"></trkpt>
      <trkpt lat="22.906479" lon="120.214576"></trkpt>
      <trkpt lat="22.906995" lon="120.214395"></trkpt>
      <trkpt lat="22.907457" lon="120.214247"></trkpt>
      <trkpt lat="22.908559" lon="120.213915"></trkpt>
      <trkpt lat="22.908561" lon="120.213645"></trkpt>
      <trkpt lat="22.908552" lon="120.212461"></trkpt>
      <trkpt lat="22.908562" lon="120.212379"></trkpt>
      <trkpt lat="22.908507" lon="120.211847"></trkpt>
      <trkpt lat="22.908501" lon="120.211813"></trkpt>
      <trkpt lat="22.908425" lon="120.211354"></trkpt>
      <trkpt lat="22.908385" lon="120.211109"></trkpt>
      <trkpt lat="22.908364" lon="120.210783"></trkpt>
      <trkpt lat="22.908344" lon="120.210535"></trkpt>
      <trkpt lat="22.908348" lon="120.210295"></trkpt>
      <trkpt lat="22.908325" lon="120.209913"></trkpt>
      <trkpt lat="22.908327" lon="120.209649"></trkpt>
      <trkpt lat="22.908301" lon="120.209279"></trkpt>
      <trkpt lat="22.908208" lon="120.209011"></trkpt>
      <trkpt lat="22.908141" lon="120.208881"></trkpt>
      <trkpt lat="22.907906" lon="120.208452"></trkpt>
      <trkpt lat="22.907683" lon="120.208007"></trkpt>
      <trkpt lat="22.907632" lon="120.207890"></trkpt>
      <trkpt lat="22.907614" lon="120.207781"></trkpt>
      <trkpt lat="22.907626" lon="120.207561"></trkpt>
      <trkpt lat="22.907860" lon="120.206565"></trkpt>
      <trkpt lat="22.908008" lon="120.205860"></trkpt>
      <trkpt lat="22.908046" lon="120.205429"></trkpt>
      <trkpt lat="22.908236" lon="120.205148"></trkpt>
      <trkpt lat="22.908584" lon="120.203902"></trkpt>
      <trkpt lat="22.908704" lon="120.203372"></trkpt>
      <trkpt lat="22.909259" lon="120.201600"></trkpt>
      <trkpt lat="22.909456" lon="120.201068"></trkpt>
      <trkpt lat="22.909485" lon="120.200989"></trkpt>
      <trkpt lat="22.909605" lon="120.200670"></trkpt>
      <trkpt lat="22.909840" lon="120.199994"></trkpt>
      <trkpt lat="22.910200" lon="120.199194"></trkpt>
      <trkpt lat="22.910730" lon="120.198119"></trkpt>
      <trkpt lat="22.911271" lon="120.196980"></trkpt>
      <trkpt lat="22.911797" lon="120.195866"></trkpt>
      <trkpt lat="22.911884" lon="120.195694"></trkpt>
      <trkpt lat="22.912235" lon="120.195026"></trkpt>
      <trkpt lat="22.912283" lon="120.194933"></trkpt>
      <trkpt lat="22.912324" lon="120.194830"></trkpt>
      <trkpt lat="22.912343" lon="120.194780"></trkpt>
      <trkpt lat="22.912622" lon="120.194149"></trkpt>
      <trkpt lat="22.912891" lon="120.193588"></trkpt>
      <trkpt lat="22.913088" lon="120.193105"></trkpt>
      <trkpt lat="22.913285" lon="120.192565"></trkpt>
      <trkpt lat="22.913721" lon="120.191080"></trkpt>
      <trkpt lat="22.913842" lon="120.190675"></trkpt>
      <trkpt lat="22.913882" lon="120.190501"></trkpt>
      <trkpt lat="22.913890" lon="120.190472"></trkpt>
      <trkpt lat="22.913914" lon="120.190351"></trkpt>
      <trkpt lat="22.913919" lon="120.190299"></trkpt>
      <trkpt lat="22.913885" lon="120.190023"></trkpt>
      <trkpt lat="22.913873" lon="120.189909"></trkpt>
      <trkpt lat="22.913855" lon="120.189747"></trkpt>
      <trkpt lat="22.913789" lon="120.189175"></trkpt>
      <trkpt lat="22.913749" lon="120.188822"></trkpt>
      <trkpt lat="22.913580" lon="120.187358"></trkpt>
      <trkpt lat="22.913545" lon="120.187125"></trkpt>
      <trkpt lat="22.913533" lon="120.186890"></trkpt>
      <trkpt lat="22.913350" lon="120.185353"></trkpt>
      <trkpt lat="22.913346" lon="120.185308"></trkpt>
      <trkpt lat="22.913331" lon="120.185205"></trkpt>
      <trkpt lat="22.913266" lon="120.185194"></trkpt>
      <trkpt lat="22.913231" lon="120.185186"></trkpt>
      <trkpt lat="22.912950" lon="120.185131"></trkpt>
      <trkpt lat="22.912837" lon="120.185107"></trkpt>
      <trkpt lat="22.912402" lon="120.185014"></trkpt>
      <trkpt lat="22.912202" lon="120.184975"></trkpt>
      <trkpt lat="22.911852" lon="120.184900"></trkpt>
      <trkpt lat="22.911533" lon="120.184835"></trkpt>
      <trkpt lat="22.911151" lon="120.184753"></trkpt>
      <trkpt lat="22.910835" lon="120.184684"></trkpt>
      <trkpt lat="22.910652" lon="120.184645"></trkpt>
      <trkpt lat="22.909984" lon="120.184501"></trkpt>
      <trkpt lat="22.909200" lon="120.184337"></trkpt>
      <trkpt lat="22.908429" lon="120.184172"></trkpt>
      <trkpt lat="22.907452" lon="120.183961"></trkpt>
      <trkpt lat="22.907161" lon="120.183903"></trkpt>
      <trkpt lat="22.906875" lon="120.183852"></trkpt>
      <trkpt lat="22.906845" lon="120.183844"></trkpt>
      <trkpt lat="22.906737" lon="120.183818"></trkpt>
      <trkpt lat="22.906692" lon="120.183809"></trkpt>
      <trkpt lat="22.906757" lon="120.183667"></trkpt>
      <trkpt lat="22.906928" lon="120.182851"></trkpt>
      <trkpt lat="22.906841" lon="120.182830"></trkpt>
      <trkpt lat="22.906792" lon="120.183047"></trkpt>
      <trkpt lat="22.906736" lon="120.183351"></trkpt>
      <trkpt lat="22.906687" lon="120.183613"></trkpt>
      <trkpt lat="22.906679" lon="120.183649"></trkpt>
      <trkpt lat="22.906692" lon="120.183809"></trkpt>
      <trkpt lat="22.906737" lon="120.183818"></trkpt>
      <trkpt lat="22.906845" lon="120.183844"></trkpt>
      <trkpt lat="22.906875" lon="120.183852"></trkpt>
      <trkpt lat="22.907161" lon="120.183903"></trkpt>
      <trkpt lat="22.907452" lon="120.183961"></trkpt>
      <trkpt lat="22.908429" lon="120.184172"></trkpt>
      <trkpt lat="22.909200" lon="120.184337"></trkpt>
      <trkpt lat="22.909984" lon="120.184501"></trkpt>
      <trkpt lat="22.910652" lon="120.184645"></trkpt>
      <trkpt lat="22.910835" lon="120.184684"></trkpt>
      <trkpt lat="22.911151" lon="120.184753"></trkpt>
      <trkpt lat="22.911533" lon="120.184835"></trkpt>
      <trkpt lat="22.911852" lon="120.184900"></trkpt>
      <trkpt lat="22.912202" lon="120.184975"></trkpt>
      <trkpt lat="22.912402" lon="120.185014"></trkpt>
      <trkpt lat="22.912837" lon="120.185107"></trkpt>
      <trkpt lat="22.912950" lon="120.185131"></trkpt>
      <trkpt lat="22.913231" lon="120.185186"></trkpt>
      <trkpt lat="22.913266" lon="120.185194"></trkpt>
      <trkpt lat="22.913331" lon="120.185205"></trkpt>
      <trkpt lat="22.913502" lon="120.185253"></trkpt>
      <trkpt lat="22.913536" lon="120.185262"></trkpt>
      <trkpt lat="22.914231" lon="120.185403"></trkpt>
      <trkpt lat="22.914722" lon="120.185511"></trkpt>
      <trkpt lat="22.914880" lon="120.185551"></trkpt>
      <trkpt lat="22.915021" lon="120.185580"></trkpt>
      <trkpt lat="22.915153" lon="120.185605"></trkpt>
      <trkpt lat="22.915238" lon="120.185613"></trkpt>
      <trkpt lat="22.915329" lon="120.185615"></trkpt>
      <trkpt lat="22.915414" lon="120.185599"></trkpt>
      <trkpt lat="22.915501" lon="120.185585"></trkpt>
      <trkpt lat="22.915571" lon="120.185563"></trkpt>
      <trkpt lat="22.915644" lon="120.185532"></trkpt>
      <trkpt lat="22.915751" lon="120.185469"></trkpt>
      <trkpt lat="22.916279" lon="120.185184"></trkpt>
      <trkpt lat="22.916571" lon="120.185070"></trkpt>
      <trkpt lat="22.917248" lon="120.184884"></trkpt>
      <trkpt lat="22.917314" lon="120.184865"></trkpt>
      <trkpt lat="22.919731" lon="120.184184"></trkpt>
      <trkpt lat="22.919810" lon="120.184174"></trkpt>
      <trkpt lat="22.919935" lon="120.184165"></trkpt>
      <trkpt lat="22.920041" lon="120.184166"></trkpt>
      <trkpt lat="22.920142" lon="120.184173"></trkpt>
      <trkpt lat="22.920276" lon="120.184272"></trkpt>
      <trkpt lat="22.921018" lon="120.184504"></trkpt>
      <trkpt lat="22.921586" lon="120.184658"></trkpt>
      <trkpt lat="22.921981" lon="120.184715"></trkpt>
      <trkpt lat="22.922208" lon="120.184739"></trkpt>
      <trkpt lat="22.922492" lon="120.184770"></trkpt>
      <trkpt lat="22.922916" lon="120.184819"></trkpt>
      <trkpt lat="22.923371" lon="120.184904"></trkpt>
      <trkpt lat="22.923611" lon="120.184949"></trkpt>
      <trkpt lat="22.923878" lon="120.185015"></trkpt>
      <trkpt lat="22.924075" lon="120.185068"></trkpt>
      <trkpt lat="22.924524" lon="120.185195"></trkpt>
      <trkpt lat="22.925116" lon="120.185392"></trkpt>
      <trkpt lat="22.925623" lon="120.185614"></trkpt>
      <trkpt lat="22.925997" lon="120.185778"></trkpt>
      <trkpt lat="22.926670" lon="120.186147"></trkpt>
      <trkpt lat="22.926838" lon="120.186239"></trkpt>
      <trkpt lat="22.927053" lon="120.186337"></trkpt>
      <trkpt lat="22.927211" lon="120.186382"></trkpt>
      <trkpt lat="22.927452" lon="120.186433"></trkpt>
      <trkpt lat="22.927554" lon="120.186442"></trkpt>
      <trkpt lat="22.927784" lon="120.186413"></trkpt>
      <trkpt lat="22.927977" lon="120.186386"></trkpt>
      <trkpt lat="22.928145" lon="120.186345"></trkpt>
      <trkpt lat="22.928230" lon="120.186316"></trkpt>
      <trkpt lat="22.928324" lon="120.186283"></trkpt>
      <trkpt lat="22.928502" lon="120.186203"></trkpt>
      <trkpt lat="22.928724" lon="120.186074"></trkpt>
      <trkpt lat="22.928798" lon="120.186014"></trkpt>
      <trkpt lat="22.928872" lon="120.185948"></trkpt>
      <trkpt lat="22.929074" lon="120.185710"></trkpt>
      <trkpt lat="22.929237" lon="120.185509"></trkpt>
      <trkpt lat="22.929520" lon="120.185022"></trkpt>
      <trkpt lat="22.929767" lon="120.184639"></trkpt>
      <trkpt lat="22.929867" lon="120.184496"></trkpt>
      <trkpt lat="22.929992" lon="120.184322"></trkpt>
      <trkpt lat="22.930235" lon="120.184020"></trkpt>
      <trkpt lat="22.930624" lon="120.183609"></trkpt>
      <trkpt lat="22.930828" lon="120.183432"></trkpt>
      <trkpt lat="22.931020" lon="120.183285"></trkpt>
      <trkpt lat="22.931305" lon="120.183103"></trkpt>
      <trkpt lat="22.931503" lon="120.182996"></trkpt>
      <trkpt lat="22.931615" lon="120.182942"></trkpt>
      <trkpt lat="22.931710" lon="120.182901"></trkpt>
      <trkpt lat="22.931817" lon="120.182862"></trkpt>
      <trkpt lat="22.932219" lon="120.182714"></trkpt>
      <trkpt lat="22.932674" lon="120.182535"></trkpt>
      <trkpt lat="22.933146" lon="120.182359"></trkpt>
      <trkpt lat="22.933207" lon="120.182339"></trkpt>
      <trkpt lat="22.933469" lon="120.182246"></trkpt>
      <trkpt lat="22.933815" lon="120.182112"></trkpt>
      <trkpt lat="22.934319" lon="120.181922"></trkpt>
      <trkpt lat="22.934657" lon="120.181796"></trkpt>
      <trkpt lat="22.935008" lon="120.181663"></trkpt>
      <trkpt lat="22.935446" lon="120.181496"></trkpt>
      <trkpt lat="22.935735" lon="120.181389"></trkpt>
      <trkpt lat="22.936003" lon="120.181285"></trkpt>
      <trkpt lat="22.936306" lon="120.181172"></trkpt>
      <trkpt lat="22.936511" lon="120.181104"></trkpt>
      <trkpt lat="22.936723" lon="120.181038"></trkpt>
      <trkpt lat="22.937046" lon="120.180971"></trkpt>
      <trkpt lat="22.937367" lon="120.180929"></trkpt>
      <trkpt lat="22.937658" lon="120.180910"></trkpt>
      <trkpt lat="22.937942" lon="120.180907"></trkpt>
      <trkpt lat="22.938201" lon="120.180924"></trkpt>
      <trkpt lat="22.938507" lon="120.180963"></trkpt>
      <trkpt lat="22.938759" lon="120.181010"></trkpt>
      <trkpt lat="22.939032" lon="120.181084"></trkpt>
      <trkpt lat="22.939355" lon="120.181179"></trkpt>
      <trkpt lat="22.939729" lon="120.181294"></trkpt>
      <trkpt lat="22.940781" lon="120.181615"></trkpt>
      <trkpt lat="22.941105" lon="120.181708"></trkpt>
      <trkpt lat="22.946708" lon="120.183430"></trkpt>
      <trkpt lat="22.947112" lon="120.183554"></trkpt>
      <trkpt lat="22.948248" lon="120.183903"></trkpt>
      <trkpt lat="22.948721" lon="120.184048"></trkpt>
      <trkpt lat="22.949142" lon="120.184177"></trkpt>
      <trkpt lat="22.949567" lon="120.184307"></trkpt>
      <trkpt lat="22.949990" lon="120.184437"></trkpt>
      <trkpt lat="22.950666" lon="120.184644"></trkpt>
      <trkpt lat="22.957498" lon="120.186697"></trkpt>
      <trkpt lat="22.957918" lon="120.186823"></trkpt>
      <trkpt lat="22.958449" lon="120.186981"></trkpt>
      <trkpt lat="22.958826" lon="120.187095"></trkpt>
      <trkpt lat="22.958908" lon="120.187139"></trkpt>
      <trkpt lat="22.958974" lon="120.187205"></trkpt>
      <trkpt lat="22.959421" lon="120.187653"></trkpt>
      <trkpt lat="22.960152" lon="120.188395"></trkpt>
      <trkpt lat="22.960757" lon="120.189010"></trkpt>
      <trkpt lat="22.960803" lon="120.189054"></trkpt>
      <trkpt lat="22.960849" lon="120.189092"></trkpt>
      <trkpt lat="22.961020" lon="120.189217"></trkpt>
      <trkpt lat="22.961195" lon="120.189226"></trkpt>
      <trkpt lat="22.961077" lon="120.189015"></trkpt>
      <trkpt lat="22.960497" lon="120.188127"></trkpt>
      <trkpt lat="22.960819" lon="120.187794"></trkpt>
      <trkpt lat="22.960853" lon="120.187758"></trkpt>
      <trkpt lat="22.960932" lon="120.187703"></trkpt>
      <trkpt lat="22.961009" lon="120.187685"></trkpt>
      <trkpt lat="22.961474" lon="120.187745"></trkpt>
      <trkpt lat="22.961542" lon="120.187754"></trkpt>
      <trkpt lat="22.961530" lon="120.187833"></trkpt>
      <trkpt lat="22.961443" lon="120.188390"></trkpt>
      <trkpt lat="22.961276" lon="120.188948"></trkpt>
      <trkpt lat="22.961195" lon="120.189226"></trkpt>
      <trkpt lat="22.961294" lon="120.189242"></trkpt>
      <trkpt lat="22.961402" lon="120.189258"></trkpt>
      <trkpt lat="22.961579" lon="120.189286"></trkpt>
      <trkpt lat="22.962005" lon="120.189352"></trkpt>
      <trkpt lat="22.962603" lon="120.189444"></trkpt>
      <trkpt lat="22.963127" lon="120.189525"></trkpt>
      <trkpt lat="22.963304" lon="120.189553"></trkpt>
      <trkpt lat="22.963429" lon="120.189572"></trkpt>
      <trkpt lat="22.963445" lon="120.189574"></trkpt>
      <trkpt lat="22.963749" lon="120.189652"></trkpt>
      <trkpt lat="22.963791" lon="120.189660"></trkpt>
      <trkpt lat="22.963868" lon="120.189673"></trkpt>
      <trkpt lat="22.963921" lon="120.189682"></trkpt>
      <trkpt lat="22.964094" lon="120.189712"></trkpt>
      <trkpt lat="22.964759" lon="120.189820"></trkpt>
      <trkpt lat="22.964982" lon="120.189847"></trkpt>
      <trkpt lat="22.965072" lon="120.189858"></trkpt>
      <trkpt lat="22.965140" lon="120.189868"></trkpt>
      <trkpt lat="22.965307" lon="120.189906"></trkpt>
      <trkpt lat="22.965506" lon="120.189928"></trkpt>
      <trkpt lat="22.965578" lon="120.189941"></trkpt>
      <trkpt lat="22.965650" lon="120.189953"></trkpt>
      <trkpt lat="22.966267" lon="120.190050"></trkpt>
      <trkpt lat="22.966614" lon="120.190100"></trkpt>
      <trkpt lat="22.966950" lon="120.190154"></trkpt>
      <trkpt lat="22.967184" lon="120.190179"></trkpt>
      <trkpt lat="22.967265" lon="120.190194"></trkpt>
      <trkpt lat="22.967345" lon="120.190205"></trkpt>
      <trkpt lat="22.967373" lon="120.190209"></trkpt>
      <trkpt lat="22.968070" lon="120.190285"></trkpt>
      <trkpt lat="22.968724" lon="120.190357"></trkpt>
      <trkpt lat="22.969032" lon="120.190384"></trkpt>
      <trkpt lat="22.969101" lon="120.190397"></trkpt>
      <trkpt lat="22.969163" lon="120.190404"></trkpt>
      <trkpt lat="22.969639" lon="120.190453"></trkpt>
      <trkpt lat="22.969981" lon="120.190490"></trkpt>
      <trkpt lat="22.970038" lon="120.190496"></trkpt>
      <trkpt lat="22.971484" lon="120.190644"></trkpt>
      <trkpt lat="22.971562" lon="120.190654"></trkpt>
      <trkpt lat="22.971655" lon="120.190665"></trkpt>
      <trkpt lat="22.972423" lon="120.190707"></trkpt>
      <trkpt lat="22.972452" lon="120.190708"></trkpt>
      <trkpt lat="22.972610" lon="120.190718"></trkpt>
      <trkpt lat="22.972912" lon="120.190764"></trkpt>
      <trkpt lat="22.972961" lon="120.190776"></trkpt>
      <trkpt lat="22.973014" lon="120.190787"></trkpt>
      <trkpt lat="22.973309" lon="120.190827"></trkpt>
      <trkpt lat="22.973360" lon="120.190831"></trkpt>
      <trkpt lat="22.973691" lon="120.190882"></trkpt>
      <trkpt lat="22.974112" lon="120.190927"></trkpt>
      <trkpt lat="22.974153" lon="120.190930"></trkpt>
      <trkpt lat="22.974349" lon="120.190949"></trkpt>
      <trkpt lat="22.974409" lon="120.190953"></trkpt>
      <trkpt lat="22.974766" lon="120.190996"></trkpt>
      <trkpt lat="22.974898" lon="120.191010"></trkpt>
      <trkpt lat="22.974961" lon="120.191012"></trkpt>
      <trkpt lat="22.975183" lon="120.191013"></trkpt>
      <trkpt lat="22.975328" lon="120.191017"></trkpt>
      <trkpt lat="22.975461" lon="120.191065"></trkpt>
      <trkpt lat="22.975529" lon="120.191065"></trkpt>
      <trkpt lat="22.975820" lon="120.191090"></trkpt>
      <trkpt lat="22.976120" lon="120.191116"></trkpt>
      <trkpt lat="22.976297" lon="120.191134"></trkpt>
      <trkpt lat="22.976419" lon="120.191149"></trkpt>
      <trkpt lat="22.976715" lon="120.191175"></trkpt>
      <trkpt lat="22.976867" lon="120.191183"></trkpt>
      <trkpt lat="22.976963" lon="120.191196"></trkpt>
      <trkpt lat="22.977011" lon="120.191197"></trkpt>
      <trkpt lat="22.977062" lon="120.191201"></trkpt>
      <trkpt lat="22.977310" lon="120.191219"></trkpt>
      <trkpt lat="22.977587" lon="120.191236"></trkpt>
      <trkpt lat="22.977658" lon="120.191243"></trkpt>
      <trkpt lat="22.977712" lon="120.191250"></trkpt>
      <trkpt lat="22.977977" lon="120.191277"></trkpt>
      <trkpt lat="22.978181" lon="120.191300"></trkpt>
      <trkpt lat="22.978280" lon="120.191309"></trkpt>
      <trkpt lat="22.978587" lon="120.191331"></trkpt>
      <trkpt lat="22.978872" lon="120.191349"></trkpt>
      <trkpt lat="22.979076" lon="120.191358"></trkpt>
      <trkpt lat="22.979128" lon="120.191365"></trkpt>
      <trkpt lat="22.979173" lon="120.191370"></trkpt>
      <trkpt lat="22.980664" lon="120.191482"></trkpt>
      <trkpt lat="22.980707" lon="120.191487"></trkpt>
      <trkpt lat="22.980798" lon="120.191494"></trkpt>
      <trkpt lat="22.980972" lon="120.191507"></trkpt>
      <trkpt lat="22.981417" lon="120.191527"></trkpt>
      <trkpt lat="22.981516" lon="120.191543"></trkpt>
      <trkpt lat="22.981588" lon="120.191553"></trkpt>
      <trkpt lat="22.981671" lon="120.191559"></trkpt>
      <trkpt lat="22.982716" lon="120.191645"></trkpt>
      <trkpt lat="22.982796" lon="120.191651"></trkpt>
      <trkpt lat="22.982881" lon="120.191659"></trkpt>
      <trkpt lat="22.983826" lon="120.191747"></trkpt>
      <trkpt lat="22.984330" lon="120.191787"></trkpt>
      <trkpt lat="22.984762" lon="120.191800"></trkpt>
      <trkpt lat="22.984847" lon="120.191808"></trkpt>
      <trkpt lat="22.984915" lon="120.191813"></trkpt>
      <trkpt lat="22.985203" lon="120.191815"></trkpt>
      <trkpt lat="22.985667" lon="120.191852"></trkpt>
      <trkpt lat="22.986252" lon="120.191898"></trkpt>
      <trkpt lat="22.986449" lon="120.191914"></trkpt>
      <trkpt lat="22.986499" lon="120.191918"></trkpt>
      <trkpt lat="22.986791" lon="120.191941"></trkpt>
      <trkpt lat="22.987067" lon="120.191963"></trkpt>
      <trkpt lat="22.987151" lon="120.191970"></trkpt>
      <trkpt lat="22.987206" lon="120.191974"></trkpt>
      <trkpt lat="22.987975" lon="120.192037"></trkpt>
      <trkpt lat="22.988135" lon="120.192054"></trkpt>
      <trkpt lat="22.988228" lon="120.192072"></trkpt>
      <trkpt lat="22.989144" lon="120.192303"></trkpt>
      <trkpt lat="22.989198" lon="120.192317"></trkpt>
      <trkpt lat="22.989576" lon="120.192402"></trkpt>
      <trkpt lat="22.989704" lon="120.192428"></trkpt>
      <trkpt lat="22.989958" lon="120.192487"></trkpt>
      <trkpt lat="22.990022" lon="120.192504"></trkpt>
      <trkpt lat="22.990084" lon="120.192518"></trkpt>
      <trkpt lat="22.990570" lon="120.192625"></trkpt>
      <trkpt lat="22.990632" lon="120.192640"></trkpt>
      <trkpt lat="22.990959" lon="120.192719"></trkpt>
      <trkpt lat="22.991046" lon="120.192740"></trkpt>
      <trkpt lat="22.991118" lon="120.192757"></trkpt>
      <trkpt lat="22.991386" lon="120.192820"></trkpt>
      <trkpt lat="22.991495" lon="120.192846"></trkpt>
      <trkpt lat="22.991610" lon="120.192873"></trkpt>
      <trkpt lat="22.992120" lon="120.192996"></trkpt>
      <trkpt lat="22.992211" lon="120.193018"></trkpt>
      <trkpt lat="22.992305" lon="120.193041"></trkpt>
      <trkpt lat="22.992725" lon="120.193142"></trkpt>
      <trkpt lat="22.992771" lon="120.193153"></trkpt>
      <trkpt lat="22.992820" lon="120.193165"></trkpt>
      <trkpt lat="22.993186" lon="120.193254"></trkpt>
      <trkpt lat="22.993282" lon="120.193277"></trkpt>
      <trkpt lat="22.993509" lon="120.193332"></trkpt>
      <trkpt lat="22.993556" lon="120.193343"></trkpt>
      <trkpt lat="22.993635" lon="120.193362"></trkpt>
      <trkpt lat="22.993979" lon="120.193445"></trkpt>
      <trkpt lat="22.994066" lon="120.193466"></trkpt>
      <trkpt lat="22.994130" lon="120.193481"></trkpt>
      <trkpt lat="22.994468" lon="120.193561"></trkpt>
      <trkpt lat="22.994947" lon="120.193674"></trkpt>
      <trkpt lat="22.995144" lon="120.193720"></trkpt>
      <trkpt lat="22.995242" lon="120.193744"></trkpt>
      <trkpt lat="22.995810" lon="120.193877"></trkpt>
      <trkpt lat="22.995989" lon="120.193920"></trkpt>
      <trkpt lat="22.996099" lon="120.193946"></trkpt>
      <trkpt lat="22.996164" lon="120.193970"></trkpt>
      <trkpt lat="22.996289" lon="120.194016"></trkpt>
      <trkpt lat="22.997042" lon="120.194304"></trkpt>
      <trkpt lat="22.997120" lon="120.194334"></trkpt>
      <trkpt lat="22.997754" lon="120.194596"></trkpt>
      <trkpt lat="22.997814" lon="120.194621"></trkpt>
      <trkpt lat="22.998062" lon="120.194728"></trkpt>
      <trkpt lat="22.998252" lon="120.194813"></trkpt>
      <trkpt lat="22.998839" lon="120.195045"></trkpt>
      <trkpt lat="22.999020" lon="120.195115"></trkpt>
      <trkpt lat="22.999131" lon="120.195155"></trkpt>
      <trkpt lat="22.999274" lon="120.195215"></trkpt>
      <trkpt lat="22.999557" lon="120.195334"></trkpt>
      <trkpt lat="23.000099" lon="120.195536"></trkpt>
      <trkpt lat="23.000981" lon="120.195894"></trkpt>
      <trkpt lat="23.001433" lon="120.196077"></trkpt>
      <trkpt lat="23.001517" lon="120.196115"></trkpt>
      <trkpt lat="23.001672" lon="120.195696"></trkpt>
      <trkpt lat="23.001717" lon="120.195617"></trkpt>
      <trkpt lat="23.001779" lon="120.195554"></trkpt>
      <trkpt lat="23.002109" lon="120.195219"></trkpt>
      <trkpt lat="23.002178" lon="120.195156"></trkpt>
      <trkpt lat="23.002214" lon="120.195121"></trkpt>
      <trkpt lat="23.002558" lon="120.194789"></trkpt>
      <trkpt lat="23.002849" lon="120.194508"></trkpt>
      <trkpt lat="23.003400" lon="120.193991"></trkpt>
      <trkpt lat="23.003455" lon="120.193856"></trkpt>
      <trkpt lat="23.003598" lon="120.193793"></trkpt>
      <trkpt lat="23.003655" lon="120.193770"></trkpt>
      <trkpt lat="23.003891" lon="120.193738"></trkpt>
      <trkpt lat="23.004196" lon="120.193716"></trkpt>
      <trkpt lat="23.004316" lon="120.193711"></trkpt>
      <trkpt lat="23.004436" lon="120.193702"></trkpt>
      <trkpt lat="23.005160" lon="120.193654"></trkpt>
      <trkpt lat="23.005348" lon="120.193648"></trkpt>
      <trkpt lat="23.005444" lon="120.193641"></trkpt>
      <trkpt lat="23.005499" lon="120.193637"></trkpt>
      <trkpt lat="23.006017" lon="120.193608"></trkpt>
      <trkpt lat="23.006167" lon="120.193616"></trkpt>
      <trkpt lat="23.006643" lon="120.193650"></trkpt>
      <trkpt lat="23.007115" lon="120.193687"></trkpt>
      <trkpt lat="23.007666" lon="120.193732"></trkpt>
      <trkpt lat="23.007829" lon="120.193743"></trkpt>
      <trkpt lat="23.008228" lon="120.193773"></trkpt>
      <trkpt lat="23.008704" lon="120.193814"></trkpt>
      <trkpt lat="23.009177" lon="120.193848"></trkpt>
      <trkpt lat="23.009489" lon="120.193866"></trkpt>
      <trkpt lat="23.009571" lon="120.193869"></trkpt>
      <trkpt lat="23.009688" lon="120.193873"></trkpt>
      <trkpt lat="23.009773" lon="120.193876"></trkpt>
      <trkpt lat="23.009901" lon="120.193882"></trkpt>
      <trkpt lat="23.010441" lon="120.193893"></trkpt>
      <trkpt lat="23.010486" lon="120.193894"></trkpt>
      <trkpt lat="23.010622" lon="120.193895"></trkpt>
      <trkpt lat="23.010833" lon="120.193895"></trkpt>
      <trkpt lat="23.010873" lon="120.193896"></trkpt>
      <trkpt lat="23.010968" lon="120.193897"></trkpt>
      <trkpt lat="23.011140" lon="120.193899"></trkpt>
      <trkpt lat="23.011194" lon="120.193900"></trkpt>
      <trkpt lat="23.011295" lon="120.193901"></trkpt>
      <trkpt lat="23.011939" lon="120.193899"></trkpt>
      <trkpt lat="23.012079" lon="120.193895"></trkpt>
      <trkpt lat="23.012154" lon="120.193891"></trkpt>
      <trkpt lat="23.012368" lon="120.193878"></trkpt>
      <trkpt lat="23.012817" lon="120.193862"></trkpt>
      <trkpt lat="23.012969" lon="120.193856"></trkpt>
      <trkpt lat="23.013230" lon="120.193846"></trkpt>
      <trkpt lat="23.014046" lon="120.193822"></trkpt>
      <trkpt lat="23.014142" lon="120.193814"></trkpt>
      <trkpt lat="23.014362" lon="120.193792"></trkpt>
      <trkpt lat="23.014640" lon="120.193755"></trkpt>
      <trkpt lat="23.015005" lon="120.193703"></trkpt>
      <trkpt lat="23.015154" lon="120.193683"></trkpt>
      <trkpt lat="23.015441" lon="120.193635"></trkpt>
      <trkpt lat="23.016292" lon="120.193496"></trkpt>
      <trkpt lat="23.016922" lon="120.193401"></trkpt>
      <trkpt lat="23.017574" lon="120.193292"></trkpt>
      <trkpt lat="23.018026" lon="120.193236"></trkpt>
      <trkpt lat="23.018128" lon="120.193213"></trkpt>
      <trkpt lat="23.018308" lon="120.193225"></trkpt>
      <trkpt lat="23.020100" lon="120.192543"></trkpt>
      <trkpt lat="23.020192" lon="120.192518"></trkpt>
      <trkpt lat="23.022085" lon="120.192129"></trkpt>
      <trkpt lat="23.022451" lon="120.192056"></trkpt>
      <trkpt lat="23.022862" lon="120.191972"></trkpt>
      <trkpt lat="23.023444" lon="120.191858"></trkpt>
      <trkpt lat="23.023514" lon="120.191845"></trkpt>
      <trkpt lat="23.023882" lon="120.191762"></trkpt>
      <trkpt lat="23.024159" lon="120.191701"></trkpt>
      <trkpt lat="23.024704" lon="120.191591"></trkpt>
      <trkpt lat="23.024852" lon="120.191558"></trkpt>
      <trkpt lat="23.025337" lon="120.191457"></trkpt>
      <trkpt lat="23.025716" lon="120.191369"></trkpt>
      <trkpt lat="23.026053" lon="120.191293"></trkpt>
      <trkpt lat="23.026374" lon="120.191213"></trkpt>
      <trkpt lat="23.026686" lon="120.191138"></trkpt>
      <trkpt lat="23.027093" lon="120.191036"></trkpt>
      <trkpt lat="23.027388" lon="120.190967"></trkpt>
      <trkpt lat="23.027786" lon="120.190875"></trkpt>
      <trkpt lat="23.028150" lon="120.190798"></trkpt>
      <trkpt lat="23.028423" lon="120.190733"></trkpt>
      <trkpt lat="23.028812" lon="120.190649"></trkpt>
      <trkpt lat="23.028897" lon="120.190631"></trkpt>
      <trkpt lat="23.029760" lon="120.190456"></trkpt>
      <trkpt lat="23.029862" lon="120.190438"></trkpt>
      <trkpt lat="23.030182" lon="120.190399"></trkpt>
      <trkpt lat="23.031066" lon="120.190276"></trkpt>
      <trkpt lat="23.031203" lon="120.190255"></trkpt>
      <trkpt lat="23.031603" lon="120.190196"></trkpt>
      <trkpt lat="23.031834" lon="120.190161"></trkpt>
      <trkpt lat="23.032149" lon="120.190112"></trkpt>
      <trkpt lat="23.032523" lon="120.190053"></trkpt>
      <trkpt lat="23.033160" lon="120.189859"></trkpt>
      <trkpt lat="23.033849" lon="120.189638"></trkpt>
      <trkpt lat="23.034588" lon="120.189408"></trkpt>
      <trkpt lat="23.034717" lon="120.189365"></trkpt>
      <trkpt lat="23.035749" lon="120.189028"></trkpt>
      <trkpt lat="23.036746" lon="120.188722"></trkpt>
      <trkpt lat="23.037910" lon="120.188350"></trkpt>
      <trkpt lat="23.038613" lon="120.188130"></trkpt>
      <trkpt lat="23.038825" lon="120.188063"></trkpt>
      <trkpt lat="23.038954" lon="120.188030"></trkpt>
      <trkpt lat="23.039548" lon="120.187897"></trkpt>
      <trkpt lat="23.039641" lon="120.187877"></trkpt>
      <trkpt lat="23.039718" lon="120.187861"></trkpt>
      <trkpt lat="23.040051" lon="120.187795"></trkpt>
      <trkpt lat="23.040600" lon="120.187687"></trkpt>
      <trkpt lat="23.041264" lon="120.187535"></trkpt>
      <trkpt lat="23.041328" lon="120.187524"></trkpt>
      <trkpt lat="23.041531" lon="120.187536"></trkpt>
      <trkpt lat="23.041704" lon="120.187445"></trkpt>
      <trkpt lat="23.041985" lon="120.187314"></trkpt>
      <trkpt lat="23.042068" lon="120.187275"></trkpt>
      <trkpt lat="23.042568" lon="120.187050"></trkpt>
      <trkpt lat="23.042982" lon="120.186875"></trkpt>
      <trkpt lat="23.043263" lon="120.186730"></trkpt>
      <trkpt lat="23.043595" lon="120.186531"></trkpt>
      <trkpt lat="23.043660" lon="120.186493"></trkpt>
      <trkpt lat="23.043721" lon="120.186451"></trkpt>
      <trkpt lat="23.043967" lon="120.186280"></trkpt>
      <trkpt lat="23.044019" lon="120.186244"></trkpt>
      <trkpt lat="23.044402" lon="120.185977"></trkpt>
      <trkpt lat="23.044812" lon="120.185643"></trkpt>
      <trkpt lat="23.045052" lon="120.185474"></trkpt>
      <trkpt lat="23.045671" lon="120.185019"></trkpt>
      <trkpt lat="23.046384" lon="120.184502"></trkpt>
      <trkpt lat="23.046925" lon="120.184109"></trkpt>
      <trkpt lat="23.047108" lon="120.183937"></trkpt>
      <trkpt lat="23.047178" lon="120.183920"></trkpt>
      <trkpt lat="23.047248" lon="120.183988"></trkpt>
      <trkpt lat="23.047431" lon="120.184205"></trkpt>
      <trkpt lat="23.047578" lon="120.184403"></trkpt>
      <trkpt lat="23.047827" lon="120.184711"></trkpt>
      <trkpt lat="23.048042" lon="120.184956"></trkpt>
      <trkpt lat="23.048059" lon="120.184975"></trkpt>
      <trkpt lat="23.048298" lon="120.185210"></trkpt>
      <trkpt lat="23.048761" lon="120.184836"></trkpt>
      <trkpt lat="23.048867" lon="120.184720"></trkpt>
      <trkpt lat="23.048910" lon="120.184683"></trkpt>
      <trkpt lat="23.049047" lon="120.184584"></trkpt>
      <trkpt lat="23.049164" lon="120.184532"></trkpt>
      <trkpt lat="23.049200" lon="120.184432"></trkpt>
      <trkpt lat="23.049380" lon="120.184276"></trkpt>
      <trkpt lat="23.049675" lon="120.184024"></trkpt>
      <trkpt lat="23.049339" lon="120.183573"></trkpt>
      <trkpt lat="23.049263" lon="120.183470"></trkpt>
      <trkpt lat="23.049019" lon="120.183143"></trkpt>
      <trkpt lat="23.048666" lon="120.182646"></trkpt>
      <trkpt lat="23.049492" lon="120.181922"></trkpt>
      <trkpt lat="23.050327" lon="120.181192"></trkpt>
      <trkpt lat="23.050972" lon="120.180650"></trkpt>
      <trkpt lat="23.051785" lon="120.179930"></trkpt>
      <trkpt lat="23.052643" lon="120.179170"></trkpt>
      <trkpt lat="23.053585" lon="120.178347"></trkpt>
      <trkpt lat="23.053774" lon="120.178177"></trkpt>
      <trkpt lat="23.054302" lon="120.177703"></trkpt>
      <trkpt lat="23.054526" lon="120.177526"></trkpt>
      <trkpt lat="23.054745" lon="120.177406"></trkpt>
      <trkpt lat="23.054861" lon="120.177370"></trkpt>
      <trkpt lat="23.056076" lon="120.177030"></trkpt>
      <trkpt lat="23.056567" lon="120.176889"></trkpt>
      <trkpt lat="23.056727" lon="120.176847"></trkpt>
      <trkpt lat="23.057550" lon="120.176643"></trkpt>
      <trkpt lat="23.058057" lon="120.176551"></trkpt>
      <trkpt lat="23.059512" lon="120.176458"></trkpt>
      <trkpt lat="23.060913" lon="120.176389"></trkpt>
      <trkpt lat="23.060947" lon="120.176388"></trkpt>
      <trkpt lat="23.061210" lon="120.176378"></trkpt>
      <trkpt lat="23.061334" lon="120.176373"></trkpt>
      <trkpt lat="23.061342" lon="120.176234"></trkpt>
      <trkpt lat="23.061777" lon="120.167964"></trkpt>
      <trkpt lat="23.061904" lon="120.166240"></trkpt>
      <trkpt lat="23.061969" lon="120.165193"></trkpt>
      <trkpt lat="23.062178" lon="120.162252"></trkpt>
      <trkpt lat="23.062187" lon="120.162088"></trkpt>
      <trkpt lat="23.062200" lon="120.161917"></trkpt>
      <trkpt lat="23.062411" lon="120.158332"></trkpt>
      <trkpt lat="23.062414" lon="120.158289"></trkpt>
      <trkpt lat="23.062442" lon="120.158019"></trkpt>
      <trkpt lat="23.062469" lon="120.157593"></trkpt>
      <trkpt lat="23.062841" lon="120.151647"></trkpt>
      <trkpt lat="23.062962" lon="120.150399"></trkpt>
      <trkpt lat="23.063097" lon="120.149791"></trkpt>
      <trkpt lat="23.063543" lon="120.148031"></trkpt>
      <trkpt lat="23.064110" lon="120.145902"></trkpt>
      <trkpt lat="23.064120" lon="120.145864"></trkpt>
      <trkpt lat="23.064155" lon="120.145726"></trkpt>
      <trkpt lat="23.064186" lon="120.145630"></trkpt>
      <trkpt lat="23.064238" lon="120.145425"></trkpt>
      <trkpt lat="23.064854" lon="120.142918"></trkpt>
      <trkpt lat="23.064980" lon="120.142428"></trkpt>
      <trkpt lat="23.065576" lon="120.140038"></trkpt>
      <trkpt lat="23.065770" lon="120.139317"></trkpt>
      <trkpt lat="23.066587" lon="120.136306"></trkpt>
      <trkpt lat="23.066769" lon="120.135871"></trkpt>
      <trkpt lat="23.066909" lon="120.135401"></trkpt>
      <trkpt lat="23.067032" lon="120.135095"></trkpt>
      <trkpt lat="23.067165" lon="120.134907"></trkpt>
      <trkpt lat="23.067268" lon="120.134795"></trkpt>
      <trkpt lat="23.067462" lon="120.134654"></trkpt>
      <trkpt lat="23.067509" lon="120.134616"></trkpt>
      <trkpt lat="23.067772" lon="120.134514"></trkpt>
      <trkpt lat="23.067952" lon="120.134466"></trkpt>
      <trkpt lat="23.068464" lon="120.134517"></trkpt>
      <trkpt lat="23.069305" lon="120.134600"></trkpt>
      <trkpt lat="23.069571" lon="120.134636"></trkpt>
      <trkpt lat="23.069868" lon="120.134663"></trkpt>
      <trkpt lat="23.070195" lon="120.134692"></trkpt>
      <trkpt lat="23.072229" lon="120.134873"></trkpt>
      <trkpt lat="23.074204" lon="120.135049"></trkpt>
      <trkpt lat="23.074264" lon="120.135056"></trkpt>
      <trkpt lat="23.076298" lon="120.135274"></trkpt>
      <trkpt lat="23.076961" lon="120.135332"></trkpt>
      <trkpt lat="23.080612" lon="120.135632"></trkpt>
      <trkpt lat="23.081373" lon="120.135693"></trkpt>
      <trkpt lat="23.081666" lon="120.135689"></trkpt>
      <trkpt lat="23.081843" lon="120.135684"></trkpt>
      <trkpt lat="23.082058" lon="120.135623"></trkpt>
      <trkpt lat="23.092975" lon="120.132163"></trkpt>
      <trkpt lat="23.093181" lon="120.132098"></trkpt>
      <trkpt lat="23.093435" lon="120.132016"></trkpt>
      <trkpt lat="23.094053" lon="120.131819"></trkpt>
      <trkpt lat="23.094169" lon="120.131782"></trkpt>
      <trkpt lat="23.094531" lon="120.131667"></trkpt>
      <trkpt lat="23.094580" lon="120.131654"></trkpt>
      <trkpt lat="23.094886" lon="120.131575"></trkpt>
      <trkpt lat="23.095016" lon="120.131552"></trkpt>
      <trkpt lat="23.095171" lon="120.131533"></trkpt>
      <trkpt lat="23.095376" lon="120.131519"></trkpt>
      <trkpt lat="23.095706" lon="120.131521"></trkpt>
      <trkpt lat="23.095873" lon="120.131527"></trkpt>
      <trkpt lat="23.099046" lon="120.131621"></trkpt>
      <trkpt lat="23.102430" lon="120.131702"></trkpt>
      <trkpt lat="23.102766" lon="120.131697"></trkpt>
      <trkpt lat="23.105292" lon="120.131699"></trkpt>
      <trkpt lat="23.105610" lon="120.131694"></trkpt>
      <trkpt lat="23.109058" lon="120.131642"></trkpt>
      <trkpt lat="23.109180" lon="120.131640"></trkpt>
      <trkpt lat="23.109238" lon="120.131640"></trkpt>
      <trkpt lat="23.110824" lon="120.131608"></trkpt>
      <trkpt lat="23.112159" lon="120.131581"></trkpt>
      <trkpt lat="23.113455" lon="120.131555"></trkpt>
      <trkpt lat="23.113565" lon="120.131551"></trkpt>
      <trkpt lat="23.114804" lon="120.131521"></trkpt>
      <trkpt lat="23.115306" lon="120.131497"></trkpt>
      <trkpt lat="23.116650" lon="120.131416"></trkpt>
      <trkpt lat="23.117292" lon="120.131410"></trkpt>
      <trkpt lat="23.117741" lon="120.131426"></trkpt>
      <trkpt lat="23.118277" lon="120.131471"></trkpt>
      <trkpt lat="23.121181" lon="120.131821"></trkpt>
      <trkpt lat="23.123820" lon="120.132134"></trkpt>
      <trkpt lat="23.125618" lon="120.132373"></trkpt>
      <trkpt lat="23.126597" lon="120.132484"></trkpt>
      <trkpt lat="23.127457" lon="120.132639"></trkpt>
      <trkpt lat="23.128597" lon="120.132785"></trkpt>
      <trkpt lat="23.129068" lon="120.132827"></trkpt>
      <trkpt lat="23.129383" lon="120.132866"></trkpt>
      <trkpt lat="23.129437" lon="120.132866"></trkpt>
      <trkpt lat="23.129895" lon="120.132888"></trkpt>
      <trkpt lat="23.129990" lon="120.132897"></trkpt>
      <trkpt lat="23.130837" lon="120.132998"></trkpt>
      <trkpt lat="23.131691" lon="120.133092"></trkpt>
      <trkpt lat="23.132594" lon="120.133161"></trkpt>
      <trkpt lat="23.132817" lon="120.133248"></trkpt>
      <trkpt lat="23.133440" lon="120.133295"></trkpt>
      <trkpt lat="23.133740" lon="120.133351"></trkpt>
      <trkpt lat="23.133930" lon="120.133420"></trkpt>
      <trkpt lat="23.134044" lon="120.133473"></trkpt>
      <trkpt lat="23.134372" lon="120.133645"></trkpt>
      <trkpt lat="23.135563" lon="120.134219"></trkpt>
      <trkpt lat="23.136083" lon="120.134501"></trkpt>
      <trkpt lat="23.136400" lon="120.134616"></trkpt>
      <trkpt lat="23.136561" lon="120.134739"></trkpt>
      <trkpt lat="23.137118" lon="120.135133"></trkpt>
      <trkpt lat="23.137553" lon="120.135415"></trkpt>
      <trkpt lat="23.137738" lon="120.135551"></trkpt>
      <trkpt lat="23.137861" lon="120.135659"></trkpt>
      <trkpt lat="23.138091" lon="120.135899"></trkpt>
      <trkpt lat="23.138471" lon="120.136336"></trkpt>
      <trkpt lat="23.138673" lon="120.136554"></trkpt>
      <trkpt lat="23.139365" lon="120.137369"></trkpt>
      <trkpt lat="23.140172" lon="120.138407"></trkpt>
      <trkpt lat="23.140190" lon="120.138431"></trkpt>
      <trkpt lat="23.140639" lon="120.139007"></trkpt>
      <trkpt lat="23.141081" lon="120.139567"></trkpt>
      <trkpt lat="23.141327" lon="120.139865"></trkpt>
      <trkpt lat="23.141417" lon="120.139982"></trkpt>
      <trkpt lat="23.141635" lon="120.140244"></trkpt>
      <trkpt lat="23.142099" lon="120.140824"></trkpt>
      <trkpt lat="23.142140" lon="120.140880"></trkpt>
      <trkpt lat="23.142465" lon="120.141202"></trkpt>
      <trkpt lat="23.142899" lon="120.141744"></trkpt>
      <trkpt lat="23.143310" lon="120.142317"></trkpt>
      <trkpt lat="23.143461" lon="120.142508"></trkpt>
      <trkpt lat="23.144017" lon="120.143194"></trkpt>
      <trkpt lat="23.144831" lon="120.144203"></trkpt>
      <trkpt lat="23.145150" lon="120.144580"></trkpt>
      <trkpt lat="23.145638" lon="120.145233"></trkpt>
      <trkpt lat="23.146140" lon="120.145880"></trkpt>
      <trkpt lat="23.146603" lon="120.146441"></trkpt>
      <trkpt lat="23.147375" lon="120.147352"></trkpt>
      <trkpt lat="23.147677" lon="120.147804"></trkpt>
      <trkpt lat="23.147948" lon="120.148131"></trkpt>
      <trkpt lat="23.148120" lon="120.148407"></trkpt>
      <trkpt lat="23.148269" lon="120.148655"></trkpt>
      <trkpt lat="23.148546" lon="120.149156"></trkpt>
      <trkpt lat="23.148901" lon="120.149741"></trkpt>
      <trkpt lat="23.149265" lon="120.150419"></trkpt>
      <trkpt lat="23.149546" lon="120.150855"></trkpt>
      <trkpt lat="23.149756" lon="120.151287"></trkpt>
      <trkpt lat="23.149982" lon="120.151687"></trkpt>
      <trkpt lat="23.150142" lon="120.151967"></trkpt>
      <trkpt lat="23.150244" lon="120.152145"></trkpt>
      <trkpt lat="23.150461" lon="120.152623"></trkpt>
      <trkpt lat="23.151428" lon="120.152397"></trkpt>
      <trkpt lat="23.152001" lon="120.152283"></trkpt>
      <trkpt lat="23.152304" lon="120.152222"></trkpt>
      <trkpt lat="23.152619" lon="120.152166"></trkpt>
      <trkpt lat="23.152735" lon="120.152144"></trkpt>
      <trkpt lat="23.153698" lon="120.151982"></trkpt>
      <trkpt lat="23.154275" lon="120.151880"></trkpt>
      <trkpt lat="23.156342" lon="120.151495"></trkpt>
      <trkpt lat="23.156615" lon="120.151449"></trkpt>
      <trkpt lat="23.157188" lon="120.151367"></trkpt>
      <trkpt lat="23.158187" lon="120.151186"></trkpt>
      <trkpt lat="23.159682" lon="120.150914"></trkpt>
      <trkpt lat="23.161479" lon="120.150603"></trkpt>
      <trkpt lat="23.162026" lon="120.150490"></trkpt>
      <trkpt lat="23.162291" lon="120.150457"></trkpt>
      <trkpt lat="23.164514" lon="120.150180"></trkpt>
      <trkpt lat="23.165653" lon="120.150040"></trkpt>
      <trkpt lat="23.168456" lon="120.149705"></trkpt>
      <trkpt lat="23.168923" lon="120.149657"></trkpt>
      <trkpt lat="23.170279" lon="120.149541"></trkpt>
      <trkpt lat="23.170379" lon="120.149529"></trkpt>
      <trkpt lat="23.170876" lon="120.149492"></trkpt>
      <trkpt lat="23.171587" lon="120.149452"></trkpt>
      <trkpt lat="23.172279" lon="120.149415"></trkpt>
      <trkpt lat="23.173202" lon="120.149561"></trkpt>
      <trkpt lat="23.173152" lon="120.149675"></trkpt>
      <trkpt lat="23.173050" lon="120.149888"></trkpt>
      <trkpt lat="23.173015" lon="120.150080"></trkpt>
      <trkpt lat="23.173030" lon="120.150481"></trkpt>
      <trkpt lat="23.173076" lon="120.150746"></trkpt>
      <trkpt lat="23.173083" lon="120.150940"></trkpt>
      <trkpt lat="23.173087" lon="120.151229"></trkpt>
      <trkpt lat="23.173088" lon="120.151340"></trkpt>
      <trkpt lat="23.173092" lon="120.151521"></trkpt>
      <trkpt lat="23.173100" lon="120.151633"></trkpt>
      <trkpt lat="23.173121" lon="120.151704"></trkpt>
      <trkpt lat="23.173221" lon="120.151933"></trkpt>
      <trkpt lat="23.173719" lon="120.153008"></trkpt>
      <trkpt lat="23.173734" lon="120.153035"></trkpt>
      <trkpt lat="23.173765" lon="120.153104"></trkpt>
      <trkpt lat="23.173871" lon="120.153080"></trkpt>
      <trkpt lat="23.173894" lon="120.153075"></trkpt>
      <trkpt lat="23.174509" lon="120.152961"></trkpt>
      <trkpt lat="23.174545" lon="120.152955"></trkpt>
      <trkpt lat="23.174590" lon="120.152947"></trkpt>
      <trkpt lat="23.175707" lon="120.152740"></trkpt>
      <trkpt lat="23.178640" lon="120.152164"></trkpt>
      <trkpt lat="23.179535" lon="120.152000"></trkpt>
      <trkpt lat="23.179624" lon="120.151978"></trkpt>
      <trkpt lat="23.179732" lon="120.152030"></trkpt>
      <trkpt lat="23.180349" lon="120.152414"></trkpt>
      <trkpt lat="23.180692" lon="120.152659"></trkpt>
      <trkpt lat="23.181351" lon="120.153125"></trkpt>
      <trkpt lat="23.181951" lon="120.153555"></trkpt>
      <trkpt lat="23.182251" lon="120.153732"></trkpt>
      <trkpt lat="23.182323" lon="120.153792"></trkpt>
      <trkpt lat="23.183300" lon="120.154533"></trkpt>
      <trkpt lat="23.184744" lon="120.155599"></trkpt>
      <trkpt lat="23.186235" lon="120.156723"></trkpt>
      <trkpt lat="23.186443" lon="120.156880"></trkpt>
      <trkpt lat="23.186889" lon="120.157210"></trkpt>
      <trkpt lat="23.187604" lon="120.157743"></trkpt>
      <trkpt lat="23.188770" lon="120.158628"></trkpt>
      <trkpt lat="23.188869" lon="120.158609"></trkpt>
      <trkpt lat="23.189391" lon="120.158553"></trkpt>
      <trkpt lat="23.190196" lon="120.158503"></trkpt>
      <trkpt lat="23.191410" lon="120.158410"></trkpt>
      <trkpt lat="23.192491" lon="120.158337"></trkpt>
      <trkpt lat="23.193476" lon="120.158272"></trkpt>
      <trkpt lat="23.194530" lon="120.158199"></trkpt>
      <trkpt lat="23.194975" lon="120.158164"></trkpt>
      <trkpt lat="23.195882" lon="120.158167"></trkpt>
      <trkpt lat="23.196559" lon="120.158195"></trkpt>
      <trkpt lat="23.196958" lon="120.158227"></trkpt>
      <trkpt lat="23.197121" lon="120.158258"></trkpt>
      <trkpt lat="23.197620" lon="120.158325"></trkpt>
      <trkpt lat="23.198111" lon="120.158415"></trkpt>
      <trkpt lat="23.198212" lon="120.158417"></trkpt>
      <trkpt lat="23.198272" lon="120.158389"></trkpt>
      <trkpt lat="23.198323" lon="120.158347"></trkpt>
      <trkpt lat="23.198342" lon="120.158326"></trkpt>
      <trkpt lat="23.198377" lon="120.158285"></trkpt>
      <trkpt lat="23.199099" lon="120.157607"></trkpt>
      <trkpt lat="23.199802" lon="120.156945"></trkpt>
      <trkpt lat="23.200147" lon="120.156845"></trkpt>
      <trkpt lat="23.200909" lon="120.156649"></trkpt>
      <trkpt lat="23.201239" lon="120.156541"></trkpt>
      <trkpt lat="23.201320" lon="120.156515"></trkpt>
      <trkpt lat="23.201599" lon="120.156435"></trkpt>
      <trkpt lat="23.201989" lon="120.156314"></trkpt>
      <trkpt lat="23.202188" lon="120.156259"></trkpt>
      <trkpt lat="23.202454" lon="120.156878"></trkpt>
      <trkpt lat="23.202606" lon="120.157233"></trkpt>
      <trkpt lat="23.202764" lon="120.157609"></trkpt>
      <trkpt lat="23.203014" lon="120.158174"></trkpt>
      <trkpt lat="23.203074" lon="120.158390"></trkpt>
      <trkpt lat="23.203514" lon="120.158583"></trkpt>
      <trkpt lat="23.204033" lon="120.158795"></trkpt>
      <trkpt lat="23.205174" lon="120.159274"></trkpt>
      <trkpt lat="23.205290" lon="120.159320"></trkpt>
      <trkpt lat="23.205821" lon="120.159545"></trkpt>
      <trkpt lat="23.206875" lon="120.159980"></trkpt>
      <trkpt lat="23.207902" lon="120.160421"></trkpt>
      <trkpt lat="23.209277" lon="120.161015"></trkpt>
      <trkpt lat="23.209957" lon="120.161298"></trkpt>
      <trkpt lat="23.210991" lon="120.161724"></trkpt>
      <trkpt lat="23.211378" lon="120.161880"></trkpt>
      <trkpt lat="23.212203" lon="120.162222"></trkpt>
      <trkpt lat="23.212822" lon="120.162479"></trkpt>
      <trkpt lat="23.213335" lon="120.162695"></trkpt>
      <trkpt lat="23.213735" lon="120.162857"></trkpt>
      <trkpt lat="23.214958" lon="120.163362"></trkpt>
      <trkpt lat="23.215024" lon="120.163390"></trkpt>
      <trkpt lat="23.215539" lon="120.163602"></trkpt>
      <trkpt lat="23.216387" lon="120.163951"></trkpt>
      <trkpt lat="23.216846" lon="120.164149"></trkpt>
      <trkpt lat="23.217363" lon="120.164374"></trkpt>
      <trkpt lat="23.217992" lon="120.164602"></trkpt>
      <trkpt lat="23.218661" lon="120.164806"></trkpt>
      <trkpt lat="23.218862" lon="120.164835"></trkpt>
      <trkpt lat="23.218923" lon="120.164931"></trkpt>
      <trkpt lat="23.219003" lon="120.165010"></trkpt>
      <trkpt lat="23.219080" lon="120.165056"></trkpt>
      <trkpt lat="23.219197" lon="120.165070"></trkpt>
      <trkpt lat="23.219352" lon="120.165078"></trkpt>
      <trkpt lat="23.219655" lon="120.165061"></trkpt>
      <trkpt lat="23.219813" lon="120.165049"></trkpt>
      <trkpt lat="23.219901" lon="120.165050"></trkpt>
      <trkpt lat="23.219902" lon="120.165153"></trkpt>
      <trkpt lat="23.219916" lon="120.165258"></trkpt>
      <trkpt lat="23.219928" lon="120.166286"></trkpt>
      <trkpt lat="23.219921" lon="120.166559"></trkpt>
      <trkpt lat="23.219936" lon="120.166746"></trkpt>
      <trkpt lat="23.219963" lon="120.166973"></trkpt>
      <trkpt lat="23.219978" lon="120.167062"></trkpt>
      <trkpt lat="23.220001" lon="120.167159"></trkpt>
      <trkpt lat="23.220036" lon="120.167246"></trkpt>
      <trkpt lat="23.220092" lon="120.167323"></trkpt>
      <trkpt lat="23.220259" lon="120.167530"></trkpt>
      <trkpt lat="23.220491" lon="120.167815"></trkpt>
      <trkpt lat="23.220725" lon="120.168088"></trkpt>
      <trkpt lat="23.220940" lon="120.168345"></trkpt>
      <trkpt lat="23.221077" lon="120.168507"></trkpt>
      <trkpt lat="23.222434" lon="120.170148"></trkpt>
      <trkpt lat="23.223954" lon="120.171992"></trkpt>
      <trkpt lat="23.224294" lon="120.172412"></trkpt>
      <trkpt lat="23.224805" lon="120.173028"></trkpt>
      <trkpt lat="23.225008" lon="120.173285"></trkpt>
      <trkpt lat="23.225815" lon="120.174352"></trkpt>
      <trkpt lat="23.225929" lon="120.174432"></trkpt>
      <trkpt lat="23.226049" lon="120.174492"></trkpt>
      <trkpt lat="23.227832" lon="120.175284"></trkpt>
      <trkpt lat="23.227907" lon="120.175321"></trkpt>
      <trkpt lat="23.228056" lon="120.175405"></trkpt>
      <trkpt lat="23.228595" lon="120.175675"></trkpt>
      <trkpt lat="23.228827" lon="120.175795"></trkpt>
      <trkpt lat="23.229007" lon="120.175889"></trkpt>
      <trkpt lat="23.229140" lon="120.175957"></trkpt>
      <trkpt lat="23.229541" lon="120.176149"></trkpt>
      <trkpt lat="23.229764" lon="120.176258"></trkpt>
      <trkpt lat="23.230041" lon="120.176395"></trkpt>
      <trkpt lat="23.230355" lon="120.176556"></trkpt>
      <trkpt lat="23.230662" lon="120.176703"></trkpt>
      <trkpt lat="23.230946" lon="120.176846"></trkpt>
      <trkpt lat="23.231420" lon="120.177072"></trkpt>
      <trkpt lat="23.232013" lon="120.177363"></trkpt>
      <trkpt lat="23.232664" lon="120.177647"></trkpt>
      <trkpt lat="23.232527" lon="120.178329"></trkpt>
      <trkpt lat="23.232450" lon="120.178724"></trkpt>
      <trkpt lat="23.232223" lon="120.179892"></trkpt>
      <trkpt lat="23.232069" lon="120.180677"></trkpt>
      <trkpt lat="23.232057" lon="120.180734"></trkpt>
      <trkpt lat="23.231886" lon="120.181653"></trkpt>
      <trkpt lat="23.231848" lon="120.181860"></trkpt>
      <trkpt lat="23.231750" lon="120.182379"></trkpt>
      <trkpt lat="23.232587" lon="120.182246"></trkpt>
      <trkpt lat="23.232985" lon="120.182348"></trkpt>
      <trkpt lat="23.233014" lon="120.182347"></trkpt>
      <trkpt lat="23.233377" lon="120.182433"></trkpt>
      <trkpt lat="23.233767" lon="120.182528"></trkpt>
      <trkpt lat="23.234207" lon="120.182630"></trkpt>
      <trkpt lat="23.235588" lon="120.182950"></trkpt>
      <trkpt lat="23.236733" lon="120.183224"></trkpt>
      <trkpt lat="23.237308" lon="120.183370"></trkpt>
      <trkpt lat="23.238246" lon="120.183608"></trkpt>
      <trkpt lat="23.239411" lon="120.184798"></trkpt>
      <trkpt lat="23.239451" lon="120.184912"></trkpt>
      <trkpt lat="23.240696" lon="120.186191"></trkpt>
      <trkpt lat="23.240774" lon="120.186278"></trkpt>
      <trkpt lat="23.240806" lon="120.186311"></trkpt>
      <trkpt lat="23.240923" lon="120.186443"></trkpt>
      <trkpt lat="23.242159" lon="120.187717"></trkpt>
      <trkpt lat="23.243246" lon="120.188846"></trkpt>
      <trkpt lat="23.243293" lon="120.188896"></trkpt>
      <trkpt lat="23.243890" lon="120.189533"></trkpt>
      <trkpt lat="23.244111" lon="120.189772"></trkpt>
      <trkpt lat="23.244438" lon="120.190126"></trkpt>
      <trkpt lat="23.244597" lon="120.190253"></trkpt>
      <trkpt lat="23.245965" lon="120.191664"></trkpt>
      <trkpt lat="23.246330" lon="120.192058"></trkpt>
      <trkpt lat="23.247231" lon="120.193017"></trkpt>
      <trkpt lat="23.247648" lon="120.193461"></trkpt>
      <trkpt lat="23.247890" lon="120.193822"></trkpt>
      <trkpt lat="23.247905" lon="120.193860"></trkpt>
      <trkpt lat="23.248023" lon="120.194056"></trkpt>
      <trkpt lat="23.248136" lon="120.194333"></trkpt>
      <trkpt lat="23.248238" lon="120.194586"></trkpt>
      <trkpt lat="23.248664" lon="120.196449"></trkpt>
      <trkpt lat="23.248910" lon="120.197729"></trkpt>
      <trkpt lat="23.249066" lon="120.198516"></trkpt>
      <trkpt lat="23.249163" lon="120.198944"></trkpt>
      <trkpt lat="23.249270" lon="120.199399"></trkpt>
      <trkpt lat="23.249370" lon="120.199580"></trkpt>
      <trkpt lat="23.249731" lon="120.201129"></trkpt>
      <trkpt lat="23.250014" lon="120.201692"></trkpt>
      <trkpt lat="23.250260" lon="120.202000"></trkpt>
      <trkpt lat="23.250490" lon="120.202210"></trkpt>
      <trkpt lat="23.250926" lon="120.202480"></trkpt>
      <trkpt lat="23.251855" lon="120.202856"></trkpt>
      <trkpt lat="23.254373" lon="120.203879"></trkpt>
      <trkpt lat="23.255610" lon="120.204290"></trkpt>
      <trkpt lat="23.255812" lon="120.204369"></trkpt>
      <trkpt lat="23.255991" lon="120.204406"></trkpt>
      <trkpt lat="23.256188" lon="120.204469"></trkpt>
      <trkpt lat="23.256657" lon="120.204540"></trkpt>
      <trkpt lat="23.256707" lon="120.204546"></trkpt>
      <trkpt lat="23.256828" lon="120.204559"></trkpt>
      <trkpt lat="23.257707" lon="120.204700"></trkpt>
      <trkpt lat="23.257796" lon="120.204727"></trkpt>
      <trkpt lat="23.258359" lon="120.204985"></trkpt>
      <trkpt lat="23.258590" lon="120.205085"></trkpt>
      <trkpt lat="23.258746" lon="120.205160"></trkpt>
      <trkpt lat="23.258886" lon="120.205239"></trkpt>
      <trkpt lat="23.259113" lon="120.205381"></trkpt>
      <trkpt lat="23.259599" lon="120.205756"></trkpt>
      <trkpt lat="23.261022" lon="120.207123"></trkpt>
      <trkpt lat="23.261376" lon="120.207485"></trkpt>
      <trkpt lat="23.261425" lon="120.207594"></trkpt>
      <trkpt lat="23.263006" lon="120.209077"></trkpt>
      <trkpt lat="23.264281" lon="120.210327"></trkpt>
      <trkpt lat="23.264416" lon="120.210470"></trkpt>
      <trkpt lat="23.264556" lon="120.210663"></trkpt>
      <trkpt lat="23.264709" lon="120.210948"></trkpt>
      <trkpt lat="23.264775" lon="120.211105"></trkpt>
      <trkpt lat="23.264862" lon="120.211324"></trkpt>
      <trkpt lat="23.265075" lon="120.212070"></trkpt>
      <trkpt lat="23.265200" lon="120.212506"></trkpt>
      <trkpt lat="23.265407" lon="120.213252"></trkpt>
      <trkpt lat="23.265473" lon="120.213494"></trkpt>
      <trkpt lat="23.266264" lon="120.216220"></trkpt>
      <trkpt lat="23.266395" lon="120.216665"></trkpt>
      <trkpt lat="23.266870" lon="120.218229"></trkpt>
      <trkpt lat="23.267085" lon="120.218808"></trkpt>
      <trkpt lat="23.267342" lon="120.219499"></trkpt>
      <trkpt lat="23.267575" lon="120.220036"></trkpt>
      <trkpt lat="23.267766" lon="120.220417"></trkpt>
      <trkpt lat="23.267940" lon="120.220692"></trkpt>
      <trkpt lat="23.268162" lon="120.221023"></trkpt>
      <trkpt lat="23.268394" lon="120.221335"></trkpt>
      <trkpt lat="23.268678" lon="120.221643"></trkpt>
      <trkpt lat="23.268970" lon="120.221933"></trkpt>
      <trkpt lat="23.269558" lon="120.222525"></trkpt>
      <trkpt lat="23.269818" lon="120.222796"></trkpt>
      <trkpt lat="23.270701" lon="120.223661"></trkpt>
      <trkpt lat="23.271465" lon="120.224411"></trkpt>
      <trkpt lat="23.272213" lon="120.225135"></trkpt>
      <trkpt lat="23.272394" lon="120.225308"></trkpt>
      <trkpt lat="23.273413" lon="120.226302"></trkpt>
      <trkpt lat="23.273743" lon="120.226616"></trkpt>
      <trkpt lat="23.274273" lon="120.227133"></trkpt>
      <trkpt lat="23.274500" lon="120.227360"></trkpt>
      <trkpt lat="23.275037" lon="120.227893"></trkpt>
      <trkpt lat="23.275946" lon="120.228774"></trkpt>
      <trkpt lat="23.276300" lon="120.229139"></trkpt>
      <trkpt lat="23.276696" lon="120.229529"></trkpt>
      <trkpt lat="23.276897" lon="120.229660"></trkpt>
      <trkpt lat="23.277269" lon="120.229848"></trkpt>
      <trkpt lat="23.277690" lon="120.229986"></trkpt>
      <trkpt lat="23.277786" lon="120.230012"></trkpt>
      <trkpt lat="23.278347" lon="120.230163"></trkpt>
      <trkpt lat="23.278688" lon="120.230268"></trkpt>
      <trkpt lat="23.278830" lon="120.230327"></trkpt>
      <trkpt lat="23.278970" lon="120.230386"></trkpt>
      <trkpt lat="23.279207" lon="120.230529"></trkpt>
      <trkpt lat="23.279464" lon="120.230728"></trkpt>
      <trkpt lat="23.279670" lon="120.230953"></trkpt>
      <trkpt lat="23.280274" lon="120.231822"></trkpt>
      <trkpt lat="23.280620" lon="120.232348"></trkpt>
      <trkpt lat="23.280928" lon="120.232793"></trkpt>
      <trkpt lat="23.281123" lon="120.233081"></trkpt>
      <trkpt lat="23.281328" lon="120.233337"></trkpt>
      <trkpt lat="23.281546" lon="120.233549"></trkpt>
      <trkpt lat="23.282713" lon="120.234428"></trkpt>
      <trkpt lat="23.283940" lon="120.235310"></trkpt>
      <trkpt lat="23.285410" lon="120.236313"></trkpt>
      <trkpt lat="23.286414" lon="120.237058"></trkpt>
      <trkpt lat="23.286532" lon="120.237147"></trkpt>
      <trkpt lat="23.286865" lon="120.237386"></trkpt>
      <trkpt lat="23.288113" lon="120.238312"></trkpt>
      <trkpt lat="23.288206" lon="120.238376"></trkpt>
      <trkpt lat="23.289031" lon="120.238969"></trkpt>
      <trkpt lat="23.289210" lon="120.239093"></trkpt>
      <trkpt lat="23.290232" lon="120.239829"></trkpt>
      <trkpt lat="23.290379" lon="120.239941"></trkpt>
      <trkpt lat="23.290821" lon="120.240298"></trkpt>
      <trkpt lat="23.291158" lon="120.240558"></trkpt>
      <trkpt lat="23.291402" lon="120.240818"></trkpt>
      <trkpt lat="23.291939" lon="120.241582"></trkpt>
      <trkpt lat="23.292310" lon="120.242077"></trkpt>
      <trkpt lat="23.293028" lon="120.243121"></trkpt>
      <trkpt lat="23.293293" lon="120.243499"></trkpt>
      <trkpt lat="23.293392" lon="120.243657"></trkpt>
      <trkpt lat="23.294020" lon="120.244566"></trkpt>
      <trkpt lat="23.294302" lon="120.244983"></trkpt>
      <trkpt lat="23.294669" lon="120.245511"></trkpt>
      <trkpt lat="23.295516" lon="120.246711"></trkpt>
      <trkpt lat="23.296597" lon="120.248262"></trkpt>
      <trkpt lat="23.297651" lon="120.249753"></trkpt>
      <trkpt lat="23.298187" lon="120.250549"></trkpt>
      <trkpt lat="23.298451" lon="120.250957"></trkpt>
      <trkpt lat="23.299525" lon="120.252486"></trkpt>
      <trkpt lat="23.300641" lon="120.254106"></trkpt>
      <trkpt lat="23.301009" lon="120.254626"></trkpt>
      <trkpt lat="23.302000" lon="120.256086"></trkpt>
      <trkpt lat="23.302990" lon="120.257538"></trkpt>
      <trkpt lat="23.303179" lon="120.257817"></trkpt>
      <trkpt lat="23.304084" lon="120.259134"></trkpt>
      <trkpt lat="23.304170" lon="120.259239"></trkpt>
      <trkpt lat="23.304843" lon="120.260172"></trkpt>
      <trkpt lat="23.305055" lon="120.260387"></trkpt>
      <trkpt lat="23.305082" lon="120.260412"></trkpt>
      <trkpt lat="23.305303" lon="120.260627"></trkpt>
      <trkpt lat="23.305688" lon="120.260916"></trkpt>
      <trkpt lat="23.306612" lon="120.261436"></trkpt>
      <trkpt lat="23.306996" lon="120.261664"></trkpt>
      <trkpt lat="23.307113" lon="120.261739"></trkpt>
      <trkpt lat="23.308484" lon="120.262522"></trkpt>
      <trkpt lat="23.309203" lon="120.262958"></trkpt>
      <trkpt lat="23.310150" lon="120.263514"></trkpt>
      <trkpt lat="23.310963" lon="120.263984"></trkpt>
      <trkpt lat="23.311094" lon="120.264013"></trkpt>
      <trkpt lat="23.312360" lon="120.264724"></trkpt>
      <trkpt lat="23.312425" lon="120.264762"></trkpt>
      <trkpt lat="23.312615" lon="120.264875"></trkpt>
      <trkpt lat="23.312902" lon="120.265045"></trkpt>
      <trkpt lat="23.313645" lon="120.265468"></trkpt>
      <trkpt lat="23.313744" lon="120.265526"></trkpt>
      <trkpt lat="23.314225" lon="120.265851"></trkpt>
      <trkpt lat="23.314564" lon="120.266080"></trkpt>
      <trkpt lat="23.314750" lon="120.266150"></trkpt>
      <trkpt lat="23.316381" lon="120.266759"></trkpt>
      <trkpt lat="23.316687" lon="120.266844"></trkpt>
      <trkpt lat="23.317112" lon="120.266916"></trkpt>
      <trkpt lat="23.317170" lon="120.266931"></trkpt>
      <trkpt lat="23.317353" lon="120.266992"></trkpt>
      <trkpt lat="23.317578" lon="120.267071"></trkpt>
      <trkpt lat="23.317703" lon="120.267132"></trkpt>
      <trkpt lat="23.317786" lon="120.267192"></trkpt>
      <trkpt lat="23.317964" lon="120.267336"></trkpt>
      <trkpt lat="23.318078" lon="120.267423"></trkpt>
      <trkpt lat="23.318170" lon="120.267474"></trkpt>
      <trkpt lat="23.318290" lon="120.267515"></trkpt>
      <trkpt lat="23.318386" lon="120.267539"></trkpt>
      <trkpt lat="23.318643" lon="120.267564"></trkpt>
      <trkpt lat="23.318907" lon="120.267589"></trkpt>
      <trkpt lat="23.319820" lon="120.267689"></trkpt>
      <trkpt lat="23.320059" lon="120.267757"></trkpt>
      <trkpt lat="23.320454" lon="120.267867"></trkpt>
      <trkpt lat="23.320554" lon="120.267896"></trkpt>
      <trkpt lat="23.320751" lon="120.267772"></trkpt>
      <trkpt lat="23.320851" lon="120.267707"></trkpt>
      <trkpt lat="23.320878" lon="120.267398"></trkpt>
      <trkpt lat="23.320889" lon="120.267246"></trkpt>
      <trkpt lat="23.321187" lon="120.267221"></trkpt>
      <trkpt lat="23.321774" lon="120.267171"></trkpt>
      <trkpt lat="23.321795" lon="120.267309"></trkpt>
      <trkpt lat="23.321828" lon="120.267535"></trkpt>
      <trkpt lat="23.321848" lon="120.267640"></trkpt>
      <trkpt lat="23.321902" lon="120.268001"></trkpt>
      <trkpt lat="23.321950" lon="120.268291"></trkpt>
      <trkpt lat="23.322020" lon="120.268680"></trkpt>
      <trkpt lat="23.321882" lon="120.268776"></trkpt>
      <trkpt lat="23.321294" lon="120.269186"></trkpt>
      <trkpt lat="23.321712" lon="120.269966"></trkpt>
      <trkpt lat="23.322010" lon="120.270524"></trkpt>
      <trkpt lat="23.322069" lon="120.270644"></trkpt>
      <trkpt lat="23.322228" lon="120.270833"></trkpt>
      <trkpt lat="23.322724" lon="120.271368"></trkpt>
      <trkpt lat="23.322973" lon="120.271626"></trkpt>
      <trkpt lat="23.323393" lon="120.272074"></trkpt>
      <trkpt lat="23.323419" lon="120.272111"></trkpt>
      <trkpt lat="23.323505" lon="120.272250"></trkpt>
      <trkpt lat="23.323801" lon="120.272900"></trkpt>
      <trkpt lat="23.323991" lon="120.273306"></trkpt>
      <trkpt lat="23.324121" lon="120.273561"></trkpt>
      <trkpt lat="23.324436" lon="120.274150"></trkpt>
      <trkpt lat="23.324485" lon="120.274233"></trkpt>
      <trkpt lat="23.324522" lon="120.274286"></trkpt>
      <trkpt lat="23.324597" lon="120.274379"></trkpt>
      <trkpt lat="23.324740" lon="120.274540"></trkpt>
      <trkpt lat="23.324889" lon="120.274719"></trkpt>
      <trkpt lat="23.325000" lon="120.274926"></trkpt>
      <trkpt lat="23.325100" lon="120.275144"></trkpt>
      <trkpt lat="23.325206" lon="120.275430"></trkpt>
      <trkpt lat="23.325434" lon="120.276139"></trkpt>
      <trkpt lat="23.325954" lon="120.277727"></trkpt>
      <trkpt lat="23.326170" lon="120.278475"></trkpt>
      <trkpt lat="23.326667" lon="120.280092"></trkpt>
      <trkpt lat="23.326923" lon="120.280937"></trkpt>
      <trkpt lat="23.327146" lon="120.281676"></trkpt>
      <trkpt lat="23.328412" lon="120.285897"></trkpt>
      <trkpt lat="23.328856" lon="120.287333"></trkpt>
      <trkpt lat="23.329581" lon="120.287760"></trkpt>
      <trkpt lat="23.331039" lon="120.288709"></trkpt>
      <trkpt lat="23.331480" lon="120.288996"></trkpt>
      <trkpt lat="23.332385" lon="120.289609"></trkpt>
      <trkpt lat="23.332609" lon="120.289742"></trkpt>
      <trkpt lat="23.333183" lon="120.290098"></trkpt>
      <trkpt lat="23.333670" lon="120.290415"></trkpt>
      <trkpt lat="23.333907" lon="120.290570"></trkpt>
      <trkpt lat="23.333968" lon="120.290611"></trkpt>
      <trkpt lat="23.334582" lon="120.291018"></trkpt>
      <trkpt lat="23.335616" lon="120.291678"></trkpt>
      <trkpt lat="23.335771" lon="120.291761"></trkpt>
      <trkpt lat="23.336525" lon="120.292263"></trkpt>
      <trkpt lat="23.337357" lon="120.292821"></trkpt>
      <trkpt lat="23.337532" lon="120.292958"></trkpt>
      <trkpt lat="23.338086" lon="120.293325"></trkpt>
      <trkpt lat="23.339622" lon="120.294620"></trkpt>
      <trkpt lat="23.340376" lon="120.295275"></trkpt>
      <trkpt lat="23.340673" lon="120.295530"></trkpt>
      <trkpt lat="23.340916" lon="120.295739"></trkpt>
      <trkpt lat="23.341017" lon="120.295881"></trkpt>
      <trkpt lat="23.341204" lon="120.296289"></trkpt>
      <trkpt lat="23.341246" lon="120.296450"></trkpt>
      <trkpt lat="23.341274" lon="120.296553"></trkpt>
      <trkpt lat="23.341373" lon="120.296810"></trkpt>
      <trkpt lat="23.341413" lon="120.296912"></trkpt>
      <trkpt lat="23.341490" lon="120.297045"></trkpt>
      <trkpt lat="23.341619" lon="120.297220"></trkpt>
      <trkpt lat="23.341934" lon="120.297689"></trkpt>
      <trkpt lat="23.342068" lon="120.298094"></trkpt>
      <trkpt lat="23.342132" lon="120.298390"></trkpt>
      <trkpt lat="23.342124" lon="120.298457"></trkpt>
      <trkpt lat="23.342119" lon="120.298511"></trkpt>
      <trkpt lat="23.342242" lon="120.298682"></trkpt>
      <trkpt lat="23.342370" lon="120.298867"></trkpt>
      <trkpt lat="23.342491" lon="120.299014"></trkpt>
      <trkpt lat="23.342553" lon="120.299091"></trkpt>
      <trkpt lat="23.342801" lon="120.299335"></trkpt>
      <trkpt lat="23.342842" lon="120.299377"></trkpt>
      <trkpt lat="23.343661" lon="120.300196"></trkpt>
      <trkpt lat="23.344315" lon="120.300846"></trkpt>
      <trkpt lat="23.344469" lon="120.301034"></trkpt>
      <trkpt lat="23.344745" lon="120.301412"></trkpt>
      <trkpt lat="23.344815" lon="120.301509"></trkpt>
      <trkpt lat="23.345109" lon="120.301922"></trkpt>
      <trkpt lat="23.345297" lon="120.302174"></trkpt>
      <trkpt lat="23.345546" lon="120.302502"></trkpt>
      <trkpt lat="23.345837" lon="120.302642"></trkpt>
      <trkpt lat="23.346068" lon="120.302767"></trkpt>
      <trkpt lat="23.346284" lon="120.302813"></trkpt>
      <trkpt lat="23.346485" lon="120.302820"></trkpt>
      <trkpt lat="23.347364" lon="120.303270"></trkpt>
      <trkpt lat="23.348348" lon="120.303774"></trkpt>
      <trkpt lat="23.348483" lon="120.303796"></trkpt>
      <trkpt lat="23.349413" lon="120.304347"></trkpt>
      <trkpt lat="23.350421" lon="120.304930"></trkpt>
      <trkpt lat="23.351609" lon="120.305591"></trkpt>
      <trkpt lat="23.351810" lon="120.305742"></trkpt>
      <trkpt lat="23.352430" lon="120.306370"></trkpt>
      <trkpt lat="23.354005" lon="120.307881"></trkpt>
      <trkpt lat="23.354115" lon="120.308058"></trkpt>
      <trkpt lat="23.354253" lon="120.308294"></trkpt>
      <trkpt lat="23.355105" lon="120.309561"></trkpt>
      <trkpt lat="23.355392" lon="120.309883"></trkpt>
      <trkpt lat="23.355572" lon="120.310220"></trkpt>
      <trkpt lat="23.356011" lon="120.311064"></trkpt>
      <trkpt lat="23.356483" lon="120.311892"></trkpt>
      <trkpt lat="23.357859" lon="120.314435"></trkpt>
      <trkpt lat="23.358799" lon="120.316103"></trkpt>
      <trkpt lat="23.358963" lon="120.316477"></trkpt>
      <trkpt lat="23.359909" lon="120.318212"></trkpt>
      <trkpt lat="23.360907" lon="120.320075"></trkpt>
      <trkpt lat="23.361242" lon="120.320700"></trkpt>
      <trkpt lat="23.361758" lon="120.321663"></trkpt>
      <trkpt lat="23.362904" lon="120.323758"></trkpt>
      <trkpt lat="23.363071" lon="120.324120"></trkpt>
      <trkpt lat="23.363204" lon="120.324370"></trkpt>
      <trkpt lat="23.363561" lon="120.325017"></trkpt>
      <trkpt lat="23.364146" lon="120.326192"></trkpt>
      <trkpt lat="23.364526" lon="120.326869"></trkpt>
      <trkpt lat="23.364849" lon="120.327402"></trkpt>
      <trkpt lat="23.365372" lon="120.328249"></trkpt>
      <trkpt lat="23.365939" lon="120.329182"></trkpt>
      <trkpt lat="23.366212" lon="120.329620"></trkpt>
      <trkpt lat="23.366309" lon="120.329804"></trkpt>
      <trkpt lat="23.366396" lon="120.329965"></trkpt>
      <trkpt lat="23.366573" lon="120.330260"></trkpt>
      <trkpt lat="23.366624" lon="120.330343"></trkpt>
      <trkpt lat="23.366722" lon="120.330501"></trkpt>
      <trkpt lat="23.366964" lon="120.330863"></trkpt>
      <trkpt lat="23.367014" lon="120.330920"></trkpt>
      <trkpt lat="23.367059" lon="120.330956"></trkpt>
      <trkpt lat="23.367123" lon="120.330992"></trkpt>
      <trkpt lat="23.367249" lon="120.331050"></trkpt>
      <trkpt lat="23.367713" lon="120.331250"></trkpt>
      <trkpt lat="23.369306" lon="120.331989"></trkpt>
      <trkpt lat="23.371305" lon="120.332944"></trkpt>
      <trkpt lat="23.371598" lon="120.333065"></trkpt>
      <trkpt lat="23.373257" lon="120.333841"></trkpt>
      <trkpt lat="23.374370" lon="120.334348"></trkpt>
      <trkpt lat="23.374584" lon="120.334446"></trkpt>
      <trkpt lat="23.375438" lon="120.334855"></trkpt>
      <trkpt lat="23.376061" lon="120.335145"></trkpt>
      <trkpt lat="23.376478" lon="120.335344"></trkpt>
      <trkpt lat="23.377035" lon="120.335600"></trkpt>
      <trkpt lat="23.377574" lon="120.335860"></trkpt>
      <trkpt lat="23.377690" lon="120.335927"></trkpt>
      <trkpt lat="23.377802" lon="120.335962"></trkpt>
      <trkpt lat="23.377969" lon="120.335972"></trkpt>
      <trkpt lat="23.378262" lon="120.335940"></trkpt>
      <trkpt lat="23.378636" lon="120.335915"></trkpt>
      <trkpt lat="23.378642" lon="120.335977"></trkpt>
      <trkpt lat="23.378804" lon="120.336577"></trkpt>
      <trkpt lat="23.378830" lon="120.336864"></trkpt>
      <trkpt lat="23.378842" lon="120.336947"></trkpt>
      <trkpt lat="23.379297" lon="120.336858"></trkpt>
      <trkpt lat="23.379619" lon="120.336806"></trkpt>
      <trkpt lat="23.379921" lon="120.336752"></trkpt>
      <trkpt lat="23.379989" lon="120.336740"></trkpt>
      <trkpt lat="23.380266" lon="120.336692"></trkpt>
      <trkpt lat="23.380568" lon="120.337388"></trkpt>
      <trkpt lat="23.380600" lon="120.337479"></trkpt>
      <trkpt lat="23.380647" lon="120.337749"></trkpt>
      <trkpt lat="23.380696" lon="120.338032"></trkpt>
      <trkpt lat="23.381016" lon="120.339754"></trkpt>
      <trkpt lat="23.380287" lon="120.340069"></trkpt>
      <trkpt lat="23.380065" lon="120.340119"></trkpt>
      <trkpt lat="23.379700" lon="120.340178"></trkpt>
      <trkpt lat="23.379656" lon="120.340198"></trkpt>
      <trkpt lat="23.379638" lon="120.340223"></trkpt>
      <trkpt lat="23.379595" lon="120.340413"></trkpt>
      <trkpt lat="23.379556" lon="120.340452"></trkpt>
      <trkpt lat="23.379509" lon="120.340446"></trkpt>
      <trkpt lat="23.379364" lon="120.340383"></trkpt>
      <trkpt lat="23.379277" lon="120.340315"></trkpt>
      <trkpt lat="23.378480" lon="120.340453"></trkpt>
      <trkpt lat="23.378355" lon="120.340453"></trkpt>
      <trkpt lat="23.378109" lon="120.341393"></trkpt>
      <trkpt lat="23.377738" lon="120.342848"></trkpt>
      <trkpt lat="23.377295" lon="120.344539"></trkpt>
      <trkpt lat="23.377243" lon="120.344615"></trkpt>
      <trkpt lat="23.377185" lon="120.344710"></trkpt>
      <trkpt lat="23.376867" lon="120.345157"></trkpt>
      <trkpt lat="23.376657" lon="120.345505"></trkpt>
      <trkpt lat="23.376631" lon="120.345544"></trkpt>
      <trkpt lat="23.376485" lon="120.345752"></trkpt>
      <trkpt lat="23.376108" lon="120.346317"></trkpt>
      <trkpt lat="23.375701" lon="120.346894"></trkpt>
      <trkpt lat="23.375616" lon="120.347031"></trkpt>
      <trkpt lat="23.375104" lon="120.347821"></trkpt>
      <trkpt lat="23.374685" lon="120.348424"></trkpt>
      <trkpt lat="23.374639" lon="120.348491"></trkpt>
      <trkpt lat="23.374244" lon="120.349078"></trkpt>
      <trkpt lat="23.374227" lon="120.349111"></trkpt>
      <trkpt lat="23.373325" lon="120.350472"></trkpt>
      <trkpt lat="23.372932" lon="120.351050"></trkpt>
      <trkpt lat="23.372498" lon="120.351746"></trkpt>
      <trkpt lat="23.371936" lon="120.352627"></trkpt>
      <trkpt lat="23.370922" lon="120.354249"></trkpt>
      <trkpt lat="23.370899" lon="120.354285"></trkpt>
      <trkpt lat="23.370855" lon="120.354346"></trkpt>
      <trkpt lat="23.370805" lon="120.354432"></trkpt>
      <trkpt lat="23.369283" lon="120.356852"></trkpt>
      <trkpt lat="23.369038" lon="120.357248"></trkpt>
      <trkpt lat="23.368969" lon="120.357443"></trkpt>
      <trkpt lat="23.368935" lon="120.357635"></trkpt>
      <trkpt lat="23.368927" lon="120.357815"></trkpt>
      <trkpt lat="23.368973" lon="120.358752"></trkpt>
      <trkpt lat="23.369006" lon="120.359146"></trkpt>
      <trkpt lat="23.369009" lon="120.359191"></trkpt>
      <trkpt lat="23.369029" lon="120.359452"></trkpt>
      <trkpt lat="23.369036" lon="120.359533"></trkpt>
      <trkpt lat="23.369159" lon="120.361148"></trkpt>
      <trkpt lat="23.369188" lon="120.361436"></trkpt>
      <trkpt lat="23.369213" lon="120.361608"></trkpt>
      <trkpt lat="23.369243" lon="120.361738"></trkpt>
      <trkpt lat="23.369332" lon="120.361907"></trkpt>
      <trkpt lat="23.369445" lon="120.362037"></trkpt>
      <trkpt lat="23.369538" lon="120.362104"></trkpt>
      <trkpt lat="23.369683" lon="120.362193"></trkpt>
      <trkpt lat="23.369853" lon="120.362236"></trkpt>
      <trkpt lat="23.370789" lon="120.362527"></trkpt>
      <trkpt lat="23.370931" lon="120.362611"></trkpt>
      <trkpt lat="23.371273" lon="120.362865"></trkpt>
      <trkpt lat="23.371887" lon="120.363300"></trkpt>
      <trkpt lat="23.371980" lon="120.363358"></trkpt>
      <trkpt lat="23.372088" lon="120.363423"></trkpt>
      <trkpt lat="23.372195" lon="120.363449"></trkpt>
      <trkpt lat="23.372486" lon="120.363501"></trkpt>
      <trkpt lat="23.372966" lon="120.363649"></trkpt>
      <trkpt lat="23.373226" lon="120.363753"></trkpt>
      <trkpt lat="23.373365" lon="120.363827"></trkpt>
      <trkpt lat="23.373556" lon="120.363939"></trkpt>
      <trkpt lat="23.373838" lon="120.364137"></trkpt>
      <trkpt lat="23.373942" lon="120.364225"></trkpt>
      <trkpt lat="23.373969" lon="120.364300"></trkpt>
      <trkpt lat="23.373950" lon="120.364415"></trkpt>
      <trkpt lat="23.373876" lon="120.364618"></trkpt>
      <trkpt lat="23.373851" lon="120.364696"></trkpt>
      <trkpt lat="23.373734" lon="120.364612"></trkpt>
      <trkpt lat="23.372745" lon="120.363863"></trkpt>
      <trkpt lat="23.372495" lon="120.363704"></trkpt>
      <trkpt lat="23.372281" lon="120.363621"></trkpt>
      <trkpt lat="23.371989" lon="120.363578"></trkpt>
      <trkpt lat="23.370923" lon="120.363581"></trkpt>
      <trkpt lat="23.370701" lon="120.363556"></trkpt>
      <trkpt lat="23.370453" lon="120.363476"></trkpt>
      <trkpt lat="23.370236" lon="120.363363"></trkpt>
      <trkpt lat="23.369732" lon="120.362969"></trkpt>
      <trkpt lat="23.369591" lon="120.362839"></trkpt>
      <trkpt lat="23.369459" lon="120.362724"></trkpt>
      <trkpt lat="23.368872" lon="120.362223"></trkpt>
      <trkpt lat="23.368699" lon="120.362120"></trkpt>
      <trkpt lat="23.368535" lon="120.362029"></trkpt>
      <trkpt lat="23.368344" lon="120.361944"></trkpt>
      <trkpt lat="23.367965" lon="120.361808"></trkpt>
      <trkpt lat="23.367419" lon="120.361606"></trkpt>
      <trkpt lat="23.367364" lon="120.361589"></trkpt>
      <trkpt lat="23.367408" lon="120.361474"></trkpt>
      <trkpt lat="23.366664" lon="120.361149"></trkpt>
      <trkpt lat="23.366586" lon="120.361104"></trkpt>
      <trkpt lat="23.366266" lon="120.360867"></trkpt>
      <trkpt lat="23.366266" lon="120.360867"></trkpt>
      <trkpt lat="23.366188" lon="120.360854"></trkpt>
      <trkpt lat="23.366132" lon="120.360805"></trkpt>
      <trkpt lat="23.366091" lon="120.360813"></trkpt>
      <trkpt lat="23.366071" lon="120.360831"></trkpt>
      <trkpt lat="23.365970" lon="120.360966"></trkpt>
      <trkpt lat="23.365978" lon="120.361019"></trkpt>
      <trkpt lat="23.365990" lon="120.361134"></trkpt>
      <trkpt lat="23.365969" lon="120.361242"></trkpt>
      <trkpt lat="23.366029" lon="120.361268"></trkpt>
      <trkpt lat="23.366267" lon="120.361355"></trkpt>
      <trkpt lat="23.367265" lon="120.361681"></trkpt>
      <trkpt lat="23.367327" lon="120.361703"></trkpt>
      <trkpt lat="23.367387" lon="120.361726"></trkpt>
      <trkpt lat="23.367681" lon="120.361814"></trkpt>
      <trkpt lat="23.367947" lon="120.361901"></trkpt>
      <trkpt lat="23.368310" lon="120.362032"></trkpt>
      <trkpt lat="23.368512" lon="120.362117"></trkpt>
      <trkpt lat="23.368663" lon="120.362206"></trkpt>
      <trkpt lat="23.368805" lon="120.362339"></trkpt>
      <trkpt lat="23.369391" lon="120.362813"></trkpt>
      <trkpt lat="23.369534" lon="120.362941"></trkpt>
      <trkpt lat="23.369638" lon="120.363019"></trkpt>
      <trkpt lat="23.369688" lon="120.363046"></trkpt>
      <trkpt lat="23.370216" lon="120.363451"></trkpt>
      <trkpt lat="23.370461" lon="120.363574"></trkpt>
      <trkpt lat="23.370684" lon="120.363633"></trkpt>
      <trkpt lat="23.370932" lon="120.363664"></trkpt>
      <trkpt lat="23.371575" lon="120.363674"></trkpt>
      <trkpt lat="23.372007" lon="120.363676"></trkpt>
      <trkpt lat="23.372265" lon="120.363701"></trkpt>
      <trkpt lat="23.372466" lon="120.363781"></trkpt>
      <trkpt lat="23.372667" lon="120.363912"></trkpt>
      <trkpt lat="23.373691" lon="120.364684"></trkpt>
      <trkpt lat="23.373816" lon="120.364777"></trkpt>
      <trkpt lat="23.375638" lon="120.366106"></trkpt>
      <trkpt lat="23.377143" lon="120.367193"></trkpt>
      <trkpt lat="23.380946" lon="120.369857"></trkpt>
      <trkpt lat="23.383325" lon="120.371605"></trkpt>
      <trkpt lat="23.384088" lon="120.372162"></trkpt>
      <trkpt lat="23.384693" lon="120.372585"></trkpt>
      <trkpt lat="23.386723" lon="120.374033"></trkpt>
      <trkpt lat="23.388645" lon="120.375377"></trkpt>
      <trkpt lat="23.391241" lon="120.377279"></trkpt>
      <trkpt lat="23.392006" lon="120.377839"></trkpt>
      <trkpt lat="23.392525" lon="120.378195"></trkpt>
      <trkpt lat="23.393590" lon="120.378961"></trkpt>
      <trkpt lat="23.393940" lon="120.379188"></trkpt>
      <trkpt lat="23.394317" lon="120.379374"></trkpt>
      <trkpt lat="23.394599" lon="120.379453"></trkpt>
      <trkpt lat="23.394923" lon="120.379481"></trkpt>
      <trkpt lat="23.395164" lon="120.379479"></trkpt>
      <trkpt lat="23.395378" lon="120.379482"></trkpt>
      <trkpt lat="23.395838" lon="120.379410"></trkpt>
      <trkpt lat="23.396157" lon="120.379356"></trkpt>
      <trkpt lat="23.396542" lon="120.379282"></trkpt>
      <trkpt lat="23.396929" lon="120.379216"></trkpt>
      <trkpt lat="23.397189" lon="120.379200"></trkpt>
      <trkpt lat="23.397515" lon="120.379212"></trkpt>
      <trkpt lat="23.397879" lon="120.379262"></trkpt>
      <trkpt lat="23.398203" lon="120.379372"></trkpt>
      <trkpt lat="23.398555" lon="120.379551"></trkpt>
      <trkpt lat="23.398826" lon="120.379714"></trkpt>
      <trkpt lat="23.399968" lon="120.380379"></trkpt>
      <trkpt lat="23.401467" lon="120.381279"></trkpt>
      <trkpt lat="23.401953" lon="120.381563"></trkpt>
      <trkpt lat="23.402171" lon="120.381679"></trkpt>
      <trkpt lat="23.402380" lon="120.381801"></trkpt>
      <trkpt lat="23.402589" lon="120.381892"></trkpt>
      <trkpt lat="23.405514" lon="120.382776"></trkpt>
      <trkpt lat="23.409821" lon="120.383959"></trkpt>
      <trkpt lat="23.410150" lon="120.384081"></trkpt>
      <trkpt lat="23.410489" lon="120.384272"></trkpt>
      <trkpt lat="23.410763" lon="120.384412"></trkpt>
      <trkpt lat="23.411238" lon="120.384677"></trkpt>
      <trkpt lat="23.411728" lon="120.384969"></trkpt>
      <trkpt lat="23.412091" lon="120.385212"></trkpt>
      <trkpt lat="23.412925" lon="120.385674"></trkpt>
      <trkpt lat="23.413437" lon="120.385945"></trkpt>
      <trkpt lat="23.413579" lon="120.386025"></trkpt>
      <trkpt lat="23.413639" lon="120.386059"></trkpt>
      <trkpt lat="23.414165" lon="120.386362"></trkpt>
      <trkpt lat="23.414764" lon="120.386785"></trkpt>
      <trkpt lat="23.415765" lon="120.387327"></trkpt>
      <trkpt lat="23.416299" lon="120.387650"></trkpt>
      <trkpt lat="23.416434" lon="120.387706"></trkpt>
      <trkpt lat="23.416765" lon="120.387919"></trkpt>
      <trkpt lat="23.418005" lon="120.388656"></trkpt>
      <trkpt lat="23.418406" lon="120.388892"></trkpt>
      <trkpt lat="23.419121" lon="120.389288"></trkpt>
      <trkpt lat="23.419311" lon="120.389373"></trkpt>
      <trkpt lat="23.420509" lon="120.390109"></trkpt>
      <trkpt lat="23.420744" lon="120.390251"></trkpt>
      <trkpt lat="23.421337" lon="120.390611"></trkpt>
      <trkpt lat="23.422341" lon="120.391266"></trkpt>
      <trkpt lat="23.423446" lon="120.391940"></trkpt>
      <trkpt lat="23.423671" lon="120.392076"></trkpt>
      <trkpt lat="23.425593" lon="120.393190"></trkpt>
      <trkpt lat="23.426562" lon="120.393791"></trkpt>
      <trkpt lat="23.426633" lon="120.393827"></trkpt>
      <trkpt lat="23.426780" lon="120.393926"></trkpt>
      <trkpt lat="23.426846" lon="120.393962"></trkpt>
      <trkpt lat="23.428623" lon="120.394957"></trkpt>
      <trkpt lat="23.429403" lon="120.395438"></trkpt>
      <trkpt lat="23.429621" lon="120.395614"></trkpt>
      <trkpt lat="23.430289" lon="120.396189"></trkpt>
      <trkpt lat="23.430801" lon="120.396537"></trkpt>
      <trkpt lat="23.431340" lon="120.396899"></trkpt>
      <trkpt lat="23.431623" lon="120.397074"></trkpt>
      <trkpt lat="23.432911" lon="120.397892"></trkpt>
      <trkpt lat="23.433019" lon="120.397959"></trkpt>
      <trkpt lat="23.433092" lon="120.397848"></trkpt>
      <trkpt lat="23.433018" lon="120.397803"></trkpt>
      <trkpt lat="23.432951" lon="120.397757"></trkpt>
      <trkpt lat="23.431940" lon="120.397112"></trkpt>
      <trkpt lat="23.431720" lon="120.396972"></trkpt>
      <trkpt lat="23.431415" lon="120.396777"></trkpt>
      <trkpt lat="23.431340" lon="120.396899"></trkpt>
      <trkpt lat="23.431623" lon="120.397074"></trkpt>
      <trkpt lat="23.432911" lon="120.397892"></trkpt>
      <trkpt lat="23.433019" lon="120.397959"></trkpt>
      <trkpt lat="23.433102" lon="120.398014"></trkpt>
      <trkpt lat="23.433369" lon="120.398211"></trkpt>
      <trkpt lat="23.433453" lon="120.398278"></trkpt>
      <trkpt lat="23.433935" lon="120.398661"></trkpt>
      <trkpt lat="23.435204" lon="120.399756"></trkpt>
      <trkpt lat="23.436324" lon="120.400690"></trkpt>
      <trkpt lat="23.436356" lon="120.400716"></trkpt>
      <trkpt lat="23.437859" lon="120.402028"></trkpt>
      <trkpt lat="23.437947" lon="120.402101"></trkpt>
      <trkpt lat="23.438039" lon="120.402183"></trkpt>
      <trkpt lat="23.439485" lon="120.403458"></trkpt>
      <trkpt lat="23.441375" lon="120.405125"></trkpt>
      <trkpt lat="23.441552" lon="120.405267"></trkpt>
      <trkpt lat="23.442805" lon="120.406361"></trkpt>
      <trkpt lat="23.444895" lon="120.408117"></trkpt>
      <trkpt lat="23.449226" lon="120.411832"></trkpt>
      <trkpt lat="23.449435" lon="120.412022"></trkpt>
      <trkpt lat="23.449534" lon="120.412096"></trkpt>
      <trkpt lat="23.451659" lon="120.413918"></trkpt>
      <trkpt lat="23.452061" lon="120.414263"></trkpt>
      <trkpt lat="23.452130" lon="120.414323"></trkpt>
      <trkpt lat="23.452174" lon="120.414360"></trkpt>
      <trkpt lat="23.452938" lon="120.415016"></trkpt>
      <trkpt lat="23.453379" lon="120.415457"></trkpt>
      <trkpt lat="23.454909" lon="120.416752"></trkpt>
      <trkpt lat="23.454921" lon="120.416761"></trkpt>
      <trkpt lat="23.455269" lon="120.417080"></trkpt>
      <trkpt lat="23.456400" lon="120.418059"></trkpt>
      <trkpt lat="23.456527" lon="120.418175"></trkpt>
      <trkpt lat="23.456596" lon="120.418233"></trkpt>
      <trkpt lat="23.459259" lon="120.420499"></trkpt>
      <trkpt lat="23.460466" lon="120.421529"></trkpt>
      <trkpt lat="23.460915" lon="120.421911"></trkpt>
      <trkpt lat="23.461555" lon="120.422430"></trkpt>
      <trkpt lat="23.462417" lon="120.423196"></trkpt>
      <trkpt lat="23.462493" lon="120.423275"></trkpt>
      <trkpt lat="23.462648" lon="120.423400"></trkpt>
      <trkpt lat="23.464281" lon="120.424815"></trkpt>
      <trkpt lat="23.464420" lon="120.424936"></trkpt>
      <trkpt lat="23.464552" lon="120.425046"></trkpt>
      <trkpt lat="23.465412" lon="120.425761"></trkpt>
      <trkpt lat="23.465479" lon="120.425818"></trkpt>
      <trkpt lat="23.465782" lon="120.426061"></trkpt>
      <trkpt lat="23.465817" lon="120.426095"></trkpt>
      <trkpt lat="23.465860" lon="120.426137"></trkpt>
      <trkpt lat="23.466006" lon="120.426244"></trkpt>
      <trkpt lat="23.466061" lon="120.426304"></trkpt>
      <trkpt lat="23.466241" lon="120.426455"></trkpt>
      <trkpt lat="23.466426" lon="120.426575"></trkpt>
      <trkpt lat="23.466485" lon="120.426625"></trkpt>
      <trkpt lat="23.467245" lon="120.427313"></trkpt>
      <trkpt lat="23.467286" lon="120.427348"></trkpt>
      <trkpt lat="23.468634" lon="120.428502"></trkpt>
      <trkpt lat="23.468847" lon="120.428673"></trkpt>
      <trkpt lat="23.470925" lon="120.430482"></trkpt>
      <trkpt lat="23.471034" lon="120.430576"></trkpt>
      <trkpt lat="23.471110" lon="120.430644"></trkpt>
      <trkpt lat="23.471166" lon="120.430695"></trkpt>
      <trkpt lat="23.473240" lon="120.432435"></trkpt>
      <trkpt lat="23.473630" lon="120.432807"></trkpt>
      <trkpt lat="23.473956" lon="120.433092"></trkpt>
      <trkpt lat="23.474581" lon="120.433669"></trkpt>
      <trkpt lat="23.475050" lon="120.434110"></trkpt>
      <trkpt lat="23.475142" lon="120.434185"></trkpt>
      <trkpt lat="23.475225" lon="120.434270"></trkpt>
      <trkpt lat="23.475248" lon="120.434294"></trkpt>
      <trkpt lat="23.475375" lon="120.434433"></trkpt>
      <trkpt lat="23.475566" lon="120.434602"></trkpt>
      <trkpt lat="23.475497" lon="120.434702"></trkpt>
      <trkpt lat="23.475393" lon="120.434837"></trkpt>
      <trkpt lat="23.475319" lon="120.434927"></trkpt>
      <trkpt lat="23.475111" lon="120.435209"></trkpt>
      <trkpt lat="23.475016" lon="120.435374"></trkpt>
      <trkpt lat="23.474928" lon="120.435596"></trkpt>
      <trkpt lat="23.474880" lon="120.435754"></trkpt>
      <trkpt lat="23.474846" lon="120.435906"></trkpt>
      <trkpt lat="23.474820" lon="120.436135"></trkpt>
      <trkpt lat="23.474822" lon="120.436313"></trkpt>
      <trkpt lat="23.474840" lon="120.436601"></trkpt>
      <trkpt lat="23.474895" lon="120.437280"></trkpt>
      <trkpt lat="23.474915" lon="120.437617"></trkpt>
      <trkpt lat="23.474923" lon="120.437942"></trkpt>
      <trkpt lat="23.474979" lon="120.438791"></trkpt>
      <trkpt lat="23.474985" lon="120.438867"></trkpt>
      <trkpt lat="23.474992" lon="120.438946"></trkpt>
      <trkpt lat="23.475001" lon="120.439248"></trkpt>
      <trkpt lat="23.475012" lon="120.439359"></trkpt>
      <trkpt lat="23.475068" lon="120.439580"></trkpt>
      <trkpt lat="23.475111" lon="120.439663"></trkpt>
      <trkpt lat="23.475141" lon="120.440138"></trkpt>
      <trkpt lat="23.475203" lon="120.440812"></trkpt>
      <trkpt lat="23.475236" lon="120.441186"></trkpt>
      <trkpt lat="23.475343" lon="120.442214"></trkpt>
      <trkpt lat="23.475444" lon="120.443387"></trkpt>
      <trkpt lat="23.475479" lon="120.443792"></trkpt>
      <trkpt lat="23.475497" lon="120.444456"></trkpt>
      <trkpt lat="23.475499" lon="120.444542"></trkpt>
      <trkpt lat="23.475512" lon="120.444641"></trkpt>
      <trkpt lat="23.475629" lon="120.445522"></trkpt>
      <trkpt lat="23.475681" lon="120.446124"></trkpt>
      <trkpt lat="23.475708" lon="120.446441"></trkpt>
      <trkpt lat="23.475725" lon="120.446633"></trkpt>
      <trkpt lat="23.475737" lon="120.446763"></trkpt>
      <trkpt lat="23.475831" lon="120.447751"></trkpt>
      <trkpt lat="23.475880" lon="120.448275"></trkpt>
      <trkpt lat="23.475937" lon="120.448879"></trkpt>
      <trkpt lat="23.475987" lon="120.449844"></trkpt>
      <trkpt lat="23.475993" lon="120.449933"></trkpt>
      <trkpt lat="23.476001" lon="120.450021"></trkpt>
      <trkpt lat="23.476010" lon="120.450138"></trkpt>
      <trkpt lat="23.476014" lon="120.450169"></trkpt>
      <trkpt lat="23.476126" lon="120.451529"></trkpt>
      <trkpt lat="23.476130" lon="120.451580"></trkpt>
      <trkpt lat="23.476136" lon="120.451643"></trkpt>
      <trkpt lat="23.476218" lon="120.452488"></trkpt>
      <trkpt lat="23.476224" lon="120.452551"></trkpt>
      <trkpt lat="23.476229" lon="120.452614"></trkpt>
      <trkpt lat="23.476266" lon="120.453055"></trkpt>
      <trkpt lat="23.476299" lon="120.453449"></trkpt>
      <trkpt lat="23.476307" lon="120.453593"></trkpt>
      <trkpt lat="23.476147" lon="120.453609"></trkpt>
      <trkpt lat="23.475963" lon="120.453630"></trkpt>
      <trkpt lat="23.475308" lon="120.453704"></trkpt>
      <trkpt lat="23.474937" lon="120.453743"></trkpt>
      <trkpt lat="23.474399" lon="120.453797"></trkpt>
      <trkpt lat="23.474356" lon="120.453801"></trkpt>
      <trkpt lat="23.474233" lon="120.453812"></trkpt>
      <trkpt lat="23.474097" lon="120.453820"></trkpt>
      <trkpt lat="23.473975" lon="120.453740"></trkpt>
      <trkpt lat="23.473927" lon="120.453729"></trkpt>
      <trkpt lat="23.473089" lon="120.453825"></trkpt>
    </trkseg>
  </trk>
</gpx>
